"Profile","Id","Path","Slice Name","Alias(s)","Label","Min","Max","Must Support?","Is Modifier?","Is Summary?","Type(s)","Short","Definition","Comments","Requirements","Default Value","Meaning When Missing","Fixed Value","Pattern","Example","Minimum Value","Maximum Value","Maximum Length","Binding Strength","Binding Description","Binding Value Set","Code","Slicing Discriminator","Slicing Description","Slicing Ordered","Slicing Rules","Base Path","Base Min","Base Max","Condition(s)","Constraint(s)"
"getimagingoutcome-request","getimagingoutcome-request","getimagingoutcome-request","","","",0,*,"","","","null {[]} {[]}
","GetImagingOutcome — Begäran","Logisk modell för tjänstekontraktet GetImagingOutcome 1.0
(RIV-TA urn:riv:clinicalprocess:healthcond:actoutcome:GetImagingOutcomeResponder:1).
Representerar begärans (request) parametrar enligt fältreglerna i TKB 3.1.10, avsnitt 7.4.","","","","","","","","","",,,,,"",,,,"Base",0,*,"","getimagingoutcome-request-sourcesystem-if-carecontact:sourceSystemHSAId ska anges om careContactId angivits. {careContactId.exists() implies sourceSystemHSAId.exists()}
"
"getimagingoutcome-request","getimagingoutcome-request.careUnitHSAId","getimagingoutcome-request.careUnitHSAId","","","",0,*,"","","","Identifier {[]} {[]}
","Filtrering på PDL-enhet vilket motsvarar careUnitHSAId i healthcareProfessionalType.","Filtrering på PDL-enhet vilket motsvarar careUnitHSAId i healthcareProfessionalType.
RIV-TA-typ: HSAIdType. Kardinalitet i TKB: 0..*.","","","","","","","","","",,,,,"",,,,"getimagingoutcome-request.careUnitHSAId",0,*,"",""
"getimagingoutcome-request","getimagingoutcome-request.patientId","getimagingoutcome-request.patientId","","","",1,1,"","","","Identifier {[]} {[]}
","Id för patienten","Id för patienten. / id sätts till patientens identifierare. Anges med 12 tecken utan avskiljare. / Type sätts till OID för typ av identifierare. / För personnummer ska Skatteverkets personnummer (1.2.752.129.2.1.3.1). / För samordningsnummer ska Skatteverkets samordningsnummer (1.2.752.129.2.1.3.3). / För reservnummer används lokalt definierade reservnummet, exempelvis SLL reservnummer (1.2.752.97.3.1.3)
RIV-TA-typ: PersonIdType. Kardinalitet i TKB: 1..1.","","","","","","","","","",,,,,"",,,,"getimagingoutcome-request.patientId",1,1,"",""
"getimagingoutcome-request","getimagingoutcome-request.datePeriod","getimagingoutcome-request.datePeriod","","","",0,1,"","","","Period {[]} {[]}
","Begränsar sökningen till det angivna intervallet","Begränsar sökningen till det angivna intervallet. Begränsningen innebär att endast poster returneras där datumintervallet, som bildas av tidpunkterna authorTime, resultTime samt remissens authorTime i svaret, helt eller delvis överlappar med det angivna sökintervallet, dvs. / det bildade intervallets startdatum ligger inom sökintervallets start- och slutdatum / det bildade intervallets slutdatum ligger inom sökintervallets start- och slutdatum / det bildade intervallets startdatum ligger före sökintervallets startdatum och slutdatum ligger efter sökintervallets slutdatum / Notera att sökintervallet beskrivs som ett datumintervall. Vid jämförelse konverteras datapostens tidpunkter till datum.
RIV-TA-typ: DatePeriodType. Kardinalitet i TKB: 0..1.
Delelement enligt TKB:
- start (string, 1..1): Startdatum. Format ÅÅÅÅMMDD.
- end (string, 1..1): Slutdatum. Format ÅÅÅÅMMDD.","","","","","","","","","",,,,,"",,,,"getimagingoutcome-request.datePeriod",0,1,"",""
"getimagingoutcome-request","getimagingoutcome-request.sourceSystemHSAId","getimagingoutcome-request.sourceSystemHSAId","","","",0,1,"","","","Identifier {[]} {[]}
","Begränsar sökningen till dokument som är skapad i det angivna källsystemet","Begränsar sökningen till dokument som är skapad i det angivna källsystemet. Tjänsteproducenten förväntas enbart returnera poster som tillhör efterfrågat källsystem. / Värdet på detta fält måste överensstämma med värdet på logicalAddress i anropets tekniska kuvertering (ex. SOAP-header). / Det innebär i praktiken att aggregerande tjänster inte används när detta fält anges. / Ska anges om careContactId angivits. / Ska anges vid begäran på reservnummer. / Om sourceSystemHSAId och logicalAddress är olika ska ett svar endast innehålla en resultType med result.resultCode satt till ERROR samt result.errorCode satt till INVALID_REQUEST / Om careContactId är satt och sourceSystemHSAId är tomt ska ett svar endast innehålla en resultType med  result.resultCode satt till ERROR samt result.errorCode satt till INVALID_REQUEST.
RIV-TA-typ: HSAIdType. Kardinalitet i TKB: 0..1.","","","","","","","","","",,,,,"",,,,"getimagingoutcome-request.sourceSystemHSAId",0,1,"",""
"getimagingoutcome-request","getimagingoutcome-request.careContactId","getimagingoutcome-request.careContactId","","","",0,*,"","","","string {[]} {[]}
","Begränsar sökningen till den hälso-och sjukvårdskontakt som föranlett den information som omfattas av dokument","Begränsar sökningen till den hälso-och sjukvårdskontakt som föranlett den information som omfattas av dokumentet. Identiteten är unik inom källsystemet.
RIV-TA-typ: string. Kardinalitet i TKB: 0..*.","","","","","","","","","",,,,,"",,,,"getimagingoutcome-request.careContactId",0,*,"",""
"getimagingoutcome","getimagingoutcome","getimagingoutcome","","","",0,*,"","","","null {[]} {[]}
","GetImagingOutcome","Logisk modell för tjänstekontraktet GetImagingOutcome 1.0
(RIV-TA urn:riv:clinicalprocess:healthcond:actoutcome:GetImagingOutcomeResponder:1).
Representerar svarets (response) informationsstruktur enligt fältreglerna i TKB 3.1.10, avsnitt 7.4.","","","","","","","","","",,,,,"",,,,"Base",0,*,"",""
"getimagingoutcome","getimagingoutcome.imagingOutcome","getimagingoutcome.imagingOutcome","","","",0,*,"","","","BackboneElement {[]} {[]}
","De Bild-resultat(dokument) som matchar begäran.","De Bild-resultat(dokument) som matchar begäran.
RIV-TA-typ: ImagingOutcomeType. Kardinalitet i TKB: 0..*.","","","","","","","","","",,,,,"",,,,"getimagingoutcome.imagingOutcome",0,*,"","ele-1:All FHIR elements must have a @value or children {hasValue() or (children().count() > id.count())}
"
"getimagingoutcome","getimagingoutcome.imagingOutcome.id","getimagingoutcome.imagingOutcome.id","","","",0,1,"","","","string {[]} {[]}
","Unique id for inter-element referencing","Unique id for the element within a resource (for internal references). This may be any string value that does not contain spaces.","","","","","","","","","",,,,,"",,,,"Element.id",0,1,"",""
"getimagingoutcome","getimagingoutcome.imagingOutcome.extension","getimagingoutcome.imagingOutcome.extension","","extensions
user content","",0,*,"","","","Extension {[]} {[]}
","Additional content defined by implementations","May be used to represent additional information that is not part of the basic definition of the element. To make the use of extensions safe and manageable, there is a strict set of governance  applied to the definition and use of extensions. Though any implementer can define an extension, there is a set of requirements that SHALL be met as part of the definition of the extension.","There can be no stigma associated with the use of extensions by any application, project, or standard - regardless of the institution or jurisdiction that uses or defines the extensions.  The use of extensions is what allows the FHIR specification to retain a core level of simplicity for everyone.","","","","","","","","",,,,,"","value:url}
","Extensions are always sliced by (at least) url",,"open","Element.extension",0,*,"","ele-1:All FHIR elements must have a @value or children {hasValue() or (children().count() > id.count())}
ext-1:Must have either extensions or value[x], not both {extension.exists() != value.exists()}"
"getimagingoutcome","getimagingoutcome.imagingOutcome.modifierExtension","getimagingoutcome.imagingOutcome.modifierExtension","","extensions
user contentmodifiers","",0,*,"","Y","Y","Extension {[]} {[]}
","Extensions that cannot be ignored even if unrecognized","May be used to represent additional information that is not part of the basic definition of the element and that modifies the understanding of the element in which it is contained and/or the understanding of the containing element's descendants. Usually modifier elements provide negation or qualification. To make the use of extensions safe and manageable, there is a strict set of governance applied to the definition and use of extensions. Though any implementer can define an extension, there is a set of requirements that SHALL be met as part of the definition of the extension. Applications processing a resource are required to check for modifier extensions.

Modifier extensions SHALL NOT change the meaning of any elements on Resource or DomainResource (including cannot change the meaning of modifierExtension itself).","There can be no stigma associated with the use of extensions by any application, project, or standard - regardless of the institution or jurisdiction that uses or defines the extensions.  The use of extensions is what allows the FHIR specification to retain a core level of simplicity for everyone.","Modifier extensions allow for extensions that *cannot* be safely ignored to be clearly distinguished from the vast majority of extensions which can be safely ignored.  This promotes interoperability by eliminating the need for implementers to prohibit the presence of extensions. For further information, see the [definition of modifier extensions](http://hl7.org/fhir/R4/extensibility.html#modifierExtension).","","","","","","","",,,,,"",,,,"BackboneElement.modifierExtension",0,*,"","ele-1:All FHIR elements must have a @value or children {hasValue() or (children().count() > id.count())}
ext-1:Must have either extensions or value[x], not both {extension.exists() != value.exists()}"
"getimagingoutcome","getimagingoutcome.imagingOutcome.imagingOutcomeHeader","getimagingoutcome.imagingOutcome.imagingOutcomeHeader","","","",1,1,"","","","BackboneElement {[]} {[]}
","Innehåller basinformation om dokumentet","Innehåller basinformation om dokumentet
RIV-TA-typ: PatientSummaryHeaderType. Kardinalitet i TKB: 1..1.","","","","","","","","","",,,,,"",,,,"getimagingoutcome.imagingOutcome.imagingOutcomeHeader",1,1,"","ele-1:All FHIR elements must have a @value or children {hasValue() or (children().count() > id.count())}
"
"getimagingoutcome","getimagingoutcome.imagingOutcome.imagingOutcomeHeader.id","getimagingoutcome.imagingOutcome.imagingOutcomeHeader.id","","","",0,1,"","","","string {[]} {[]}
","Unique id for inter-element referencing","Unique id for the element within a resource (for internal references). This may be any string value that does not contain spaces.","","","","","","","","","",,,,,"",,,,"Element.id",0,1,"",""
"getimagingoutcome","getimagingoutcome.imagingOutcome.imagingOutcomeHeader.extension","getimagingoutcome.imagingOutcome.imagingOutcomeHeader.extension","","extensions
user content","",0,*,"","","","Extension {[]} {[]}
","Additional content defined by implementations","May be used to represent additional information that is not part of the basic definition of the element. To make the use of extensions safe and manageable, there is a strict set of governance  applied to the definition and use of extensions. Though any implementer can define an extension, there is a set of requirements that SHALL be met as part of the definition of the extension.","There can be no stigma associated with the use of extensions by any application, project, or standard - regardless of the institution or jurisdiction that uses or defines the extensions.  The use of extensions is what allows the FHIR specification to retain a core level of simplicity for everyone.","","","","","","","","",,,,,"","value:url}
","Extensions are always sliced by (at least) url",,"open","Element.extension",0,*,"","ele-1:All FHIR elements must have a @value or children {hasValue() or (children().count() > id.count())}
ext-1:Must have either extensions or value[x], not both {extension.exists() != value.exists()}"
"getimagingoutcome","getimagingoutcome.imagingOutcome.imagingOutcomeHeader.modifierExtension","getimagingoutcome.imagingOutcome.imagingOutcomeHeader.modifierExtension","","extensions
user contentmodifiers","",0,*,"","Y","Y","Extension {[]} {[]}
","Extensions that cannot be ignored even if unrecognized","May be used to represent additional information that is not part of the basic definition of the element and that modifies the understanding of the element in which it is contained and/or the understanding of the containing element's descendants. Usually modifier elements provide negation or qualification. To make the use of extensions safe and manageable, there is a strict set of governance applied to the definition and use of extensions. Though any implementer can define an extension, there is a set of requirements that SHALL be met as part of the definition of the extension. Applications processing a resource are required to check for modifier extensions.

Modifier extensions SHALL NOT change the meaning of any elements on Resource or DomainResource (including cannot change the meaning of modifierExtension itself).","There can be no stigma associated with the use of extensions by any application, project, or standard - regardless of the institution or jurisdiction that uses or defines the extensions.  The use of extensions is what allows the FHIR specification to retain a core level of simplicity for everyone.","Modifier extensions allow for extensions that *cannot* be safely ignored to be clearly distinguished from the vast majority of extensions which can be safely ignored.  This promotes interoperability by eliminating the need for implementers to prohibit the presence of extensions. For further information, see the [definition of modifier extensions](http://hl7.org/fhir/R4/extensibility.html#modifierExtension).","","","","","","","",,,,,"",,,,"BackboneElement.modifierExtension",0,*,"","ele-1:All FHIR elements must have a @value or children {hasValue() or (children().count() > id.count())}
ext-1:Must have either extensions or value[x], not both {extension.exists() != value.exists()}"
"getimagingoutcome","getimagingoutcome.imagingOutcome.imagingOutcomeHeader.documentId","getimagingoutcome.imagingOutcome.imagingOutcomeHeader.documentId","","","",1,1,"","","","string {[]} {[]}
","Dokumentets identitet som är unik inom källsystemet","Dokumentets identitet som är unik inom källsystemet. / Identifieraren ska vara konsistent och beständigt mellan olika majorversioner av ett kontrakt. Ett exempel på detta är att en vårdkontakt ska ha samma identifierare i majorversion 3 och 4 av ett tjänstekontrakt för att läsa vårdkontakter. / Identifieraren ska vara konsistent och beständigt mellan olika kontrakt. Ett exempel på detta är att samma remiss-identitet ska användas i ett tjänstekontrakt för att läsa remisser, samt tjänstekontraktet som läser remissvar som refererar till den ursprungliga remissen.
RIV-TA-typ: string. Kardinalitet i TKB: 1..1.","","","","","","","","","",,,,,"",,,,"getimagingoutcome.imagingOutcome.imagingOutcomeHeader.documentId",1,1,"",""
"getimagingoutcome","getimagingoutcome.imagingOutcome.imagingOutcomeHeader.sourceSystemHSAId","getimagingoutcome.imagingOutcome.imagingOutcomeHeader.sourceSystemHSAId","","","",1,1,"","","","Identifier {[]} {[]}
","HSA-id för det system som dokumentet är skapat i.","HSA-id för det system som dokumentet är skapat i.
RIV-TA-typ: HSAIdType. Kardinalitet i TKB: 1..1.","","","","","","","","","",,,,,"",,,,"getimagingoutcome.imagingOutcome.imagingOutcomeHeader.sourceSystemHSAId",1,1,"",""
"getimagingoutcome","getimagingoutcome.imagingOutcome.imagingOutcomeHeader.documentTitle","getimagingoutcome.imagingOutcome.imagingOutcomeHeader.documentTitle","","","",0,1,"","","","string {[]} {[]}
","Titel som beskriver den information som sänds i dokumentet.","Titel som beskriver den information som sänds i dokumentet.
RIV-TA-typ: string. Kardinalitet i TKB: 0..1.","","","","","","","","","",,,,,"",,,,"getimagingoutcome.imagingOutcome.imagingOutcomeHeader.documentTitle",0,1,"",""
"getimagingoutcome","getimagingoutcome.imagingOutcome.imagingOutcomeHeader.documentTime","getimagingoutcome.imagingOutcome.imagingOutcomeHeader.documentTime","","","",0,1,"","","","instant {[]} {[]}
","Händelsetidpunkt, om sådan finns","Händelsetidpunkt, om sådan finns. Tidpunkten bör vara då undersökningen gjordes inte när bilden skapades (t.ex. skannad bild).
RIV-TA-typ: TimeStampType. Kardinalitet i TKB: 0..1.","","","","","","","","","",,,,,"",,,,"getimagingoutcome.imagingOutcome.imagingOutcomeHeader.documentTime",0,1,"",""
"getimagingoutcome","getimagingoutcome.imagingOutcome.imagingOutcomeHeader.patientId","getimagingoutcome.imagingOutcome.imagingOutcomeHeader.patientId","","","",1,1,"","","","Identifier {[]} {[]}
","Identifierare för patient.","Identifierare för patient.
RIV-TA-typ: PersonIdType. Kardinalitet i TKB: 1..1.
Delelement enligt TKB:
- id (string, 1..1): Identiteten enligt den identitetstyp (type) som angivits. Anges med 12 tecken utan bindestreck.
- type (string, 1..1): OID för typ av identifierare. För personnummer ska Skatteverkets personnummer (1.2.752.129.2.1.3.1). För samordningsnummer ska Skatteverkets samordningsnummer (1.2.752.129.2.1.3.3). För reservnummer används lokalt definierade reservnummer, exempelvis SLL reservnummer (1.2.752.97.3.1.3)","","","","","","","","","",,,,,"",,,,"getimagingoutcome.imagingOutcome.imagingOutcomeHeader.patientId",1,1,"",""
"getimagingoutcome","getimagingoutcome.imagingOutcome.imagingOutcomeHeader.accountableHealthcareProfessional","getimagingoutcome.imagingOutcome.imagingOutcomeHeader.accountableHealthcareProfessional","","","",1,1,"","","","BackboneElement {[]} {[]}
","Ansvarig hälso- och sjukvårdsperson","Ansvarig hälso- och sjukvårdsperson. Ansvarig för undersökningsresultatet. Avser person som är ansvarig för det samlade dokumentet.
RIV-TA-typ: HealthcareProfessionalType. Kardinalitet i TKB: 1..1.","","","","","","","","","",,,,,"",,,,"getimagingoutcome.imagingOutcome.imagingOutcomeHeader.accountableHealthcareProfessional",1,1,"","ele-1:All FHIR elements must have a @value or children {hasValue() or (children().count() > id.count())}
"
"getimagingoutcome","getimagingoutcome.imagingOutcome.imagingOutcomeHeader.accountableHealthcareProfessional.id","getimagingoutcome.imagingOutcome.imagingOutcomeHeader.accountableHealthcareProfessional.id","","","",0,1,"","","","string {[]} {[]}
","Unique id for inter-element referencing","Unique id for the element within a resource (for internal references). This may be any string value that does not contain spaces.","","","","","","","","","",,,,,"",,,,"Element.id",0,1,"",""
"getimagingoutcome","getimagingoutcome.imagingOutcome.imagingOutcomeHeader.accountableHealthcareProfessional.extension","getimagingoutcome.imagingOutcome.imagingOutcomeHeader.accountableHealthcareProfessional.extension","","extensions
user content","",0,*,"","","","Extension {[]} {[]}
","Additional content defined by implementations","May be used to represent additional information that is not part of the basic definition of the element. To make the use of extensions safe and manageable, there is a strict set of governance  applied to the definition and use of extensions. Though any implementer can define an extension, there is a set of requirements that SHALL be met as part of the definition of the extension.","There can be no stigma associated with the use of extensions by any application, project, or standard - regardless of the institution or jurisdiction that uses or defines the extensions.  The use of extensions is what allows the FHIR specification to retain a core level of simplicity for everyone.","","","","","","","","",,,,,"","value:url}
","Extensions are always sliced by (at least) url",,"open","Element.extension",0,*,"","ele-1:All FHIR elements must have a @value or children {hasValue() or (children().count() > id.count())}
ext-1:Must have either extensions or value[x], not both {extension.exists() != value.exists()}"
"getimagingoutcome","getimagingoutcome.imagingOutcome.imagingOutcomeHeader.accountableHealthcareProfessional.modifierExtension","getimagingoutcome.imagingOutcome.imagingOutcomeHeader.accountableHealthcareProfessional.modifierExtension","","extensions
user contentmodifiers","",0,*,"","Y","Y","Extension {[]} {[]}
","Extensions that cannot be ignored even if unrecognized","May be used to represent additional information that is not part of the basic definition of the element and that modifies the understanding of the element in which it is contained and/or the understanding of the containing element's descendants. Usually modifier elements provide negation or qualification. To make the use of extensions safe and manageable, there is a strict set of governance applied to the definition and use of extensions. Though any implementer can define an extension, there is a set of requirements that SHALL be met as part of the definition of the extension. Applications processing a resource are required to check for modifier extensions.

Modifier extensions SHALL NOT change the meaning of any elements on Resource or DomainResource (including cannot change the meaning of modifierExtension itself).","There can be no stigma associated with the use of extensions by any application, project, or standard - regardless of the institution or jurisdiction that uses or defines the extensions.  The use of extensions is what allows the FHIR specification to retain a core level of simplicity for everyone.","Modifier extensions allow for extensions that *cannot* be safely ignored to be clearly distinguished from the vast majority of extensions which can be safely ignored.  This promotes interoperability by eliminating the need for implementers to prohibit the presence of extensions. For further information, see the [definition of modifier extensions](http://hl7.org/fhir/R4/extensibility.html#modifierExtension).","","","","","","","",,,,,"",,,,"BackboneElement.modifierExtension",0,*,"","ele-1:All FHIR elements must have a @value or children {hasValue() or (children().count() > id.count())}
ext-1:Must have either extensions or value[x], not both {extension.exists() != value.exists()}"
"getimagingoutcome","getimagingoutcome.imagingOutcome.imagingOutcomeHeader.accountableHealthcareProfessional.authorTime","getimagingoutcome.imagingOutcome.imagingOutcomeHeader.accountableHealthcareProfessional.authorTime","","","",1,1,"","","","instant {[]} {[]}
","Tidpunkt då dokumentet skapades","Tidpunkt då dokumentet skapades. Det är den senaste tidpunkten då informationen uppdaterats i systemet som ska finnas här i de fall informationen har ändrats efter det att den skapades. Registreringstidpunkt i NPÖ riv-spec 2.2.0 avsnitt 5.3
RIV-TA-typ: TimeStampType. Kardinalitet i TKB: 1..1.","","","","","","","","","",,,,,"",,,,"getimagingoutcome.imagingOutcome.imagingOutcomeHeader.accountableHealthcareProfessional.authorTime",1,1,"",""
"getimagingoutcome","getimagingoutcome.imagingOutcome.imagingOutcomeHeader.accountableHealthcareProfessional.healthcareProfessionalHSAId","getimagingoutcome.imagingOutcome.imagingOutcomeHeader.accountableHealthcareProfessional.healthcareProfessionalHSAId","","","",0,1,"","","","Identifier {[]} {[]}
","HSA-id för hälso-och sjukvårdspersonal","HSA-id för hälso-och sjukvårdspersonal. Ska anges om tillgänglig.
RIV-TA-typ: HSAIdType. Kardinalitet i TKB: 0..1.","","","","","","","","","",,,,,"",,,,"getimagingoutcome.imagingOutcome.imagingOutcomeHeader.accountableHealthcareProfessional.healthcareProfessionalHSAId",0,1,"",""
"getimagingoutcome","getimagingoutcome.imagingOutcome.imagingOutcomeHeader.accountableHealthcareProfessional.healthcareProfessionalName","getimagingoutcome.imagingOutcome.imagingOutcomeHeader.accountableHealthcareProfessional.healthcareProfessionalName","","","",0,1,"","","","string {[]} {[]}
","Namn på hälso-och sjukvårdspersonal","Namn på hälso-och sjukvårdspersonal. Om tillgängligt ska detta anges.
RIV-TA-typ: string. Kardinalitet i TKB: 0..1.","","","","","","","","","",,,,,"",,,,"getimagingoutcome.imagingOutcome.imagingOutcomeHeader.accountableHealthcareProfessional.healthcareProfessionalName",0,1,"",""
"getimagingoutcome","getimagingoutcome.imagingOutcome.imagingOutcomeHeader.accountableHealthcareProfessional.healthcareProfessionalRoleCode","getimagingoutcome.imagingOutcome.imagingOutcomeHeader.accountableHealthcareProfessional.healthcareProfessionalRoleCode","","","",0,1,"","","","CodeableConcept {[]} {[]}
","Information om ansvarige personens befattning","Information om ansvarige personens befattning. Om möjligt ska KV Befattning (OID 1.2.752.129.2.2.1.4), se referens [R 5]. Om kodverk saknas anges befattning i originalText.
RIV-TA-typ: CVType. Kardinalitet i TKB: 0..1.
Delelement enligt TKB:
- code (string, 0..1): Befattningskod. Om code anges ska också codeSystem  samt displayName anges.
- codeSystem (string, 0..1): Kodsystem för befattningskod. Om codeSystem anges ska också code samt displayName anges.
- codeSystemName (string, 0..1): Namn på kodsystem för befattningskod.
- codeSystemVersion (string, 0..1): Version på kodsystem för befattningskod.
- displayName (string, 0..1): Befattningskoden i klartext. Om separat displayName inte finns i producerande system ska samma värde som i code anges.
- originalText (string, 0..1): Om befattning är beskriven i ett lokalt kodverk utan OID, eller när kod helt saknas, kan en beskrivande text anges i originalText. / Om originalText anges ska inget annat värde i healthcareProfessionalRoleCode anges.","","","","","","","","","",,,,,"",,,,"getimagingoutcome.imagingOutcome.imagingOutcomeHeader.accountableHealthcareProfessional.healthcareProfessionalRoleCode",0,1,"",""
"getimagingoutcome","getimagingoutcome.imagingOutcome.imagingOutcomeHeader.accountableHealthcareProfessional.healthcareProfessionalOrgUnit","getimagingoutcome.imagingOutcome.imagingOutcomeHeader.accountableHealthcareProfessional.healthcareProfessionalOrgUnit","","","",0,1,"","","","BackboneElement {[]} {[]}
","Den organisation som angiven hälso-och sjukvårdsperson är uppdragstagare på","Den organisation som angiven hälso-och sjukvårdsperson är uppdragstagare på. Om tillgängligt ska detta anges.
RIV-TA-typ: OrgUnitType. Kardinalitet i TKB: 0..1.","","","","","","","","","",,,,,"",,,,"getimagingoutcome.imagingOutcome.imagingOutcomeHeader.accountableHealthcareProfessional.healthcareProfessionalOrgUnit",0,1,"","ele-1:All FHIR elements must have a @value or children {hasValue() or (children().count() > id.count())}
"
"getimagingoutcome","getimagingoutcome.imagingOutcome.imagingOutcomeHeader.accountableHealthcareProfessional.healthcareProfessionalOrgUnit.id","getimagingoutcome.imagingOutcome.imagingOutcomeHeader.accountableHealthcareProfessional.healthcareProfessionalOrgUnit.id","","","",0,1,"","","","string {[]} {[]}
","Unique id for inter-element referencing","Unique id for the element within a resource (for internal references). This may be any string value that does not contain spaces.","","","","","","","","","",,,,,"",,,,"Element.id",0,1,"",""
"getimagingoutcome","getimagingoutcome.imagingOutcome.imagingOutcomeHeader.accountableHealthcareProfessional.healthcareProfessionalOrgUnit.extension","getimagingoutcome.imagingOutcome.imagingOutcomeHeader.accountableHealthcareProfessional.healthcareProfessionalOrgUnit.extension","","extensions
user content","",0,*,"","","","Extension {[]} {[]}
","Additional content defined by implementations","May be used to represent additional information that is not part of the basic definition of the element. To make the use of extensions safe and manageable, there is a strict set of governance  applied to the definition and use of extensions. Though any implementer can define an extension, there is a set of requirements that SHALL be met as part of the definition of the extension.","There can be no stigma associated with the use of extensions by any application, project, or standard - regardless of the institution or jurisdiction that uses or defines the extensions.  The use of extensions is what allows the FHIR specification to retain a core level of simplicity for everyone.","","","","","","","","",,,,,"","value:url}
","Extensions are always sliced by (at least) url",,"open","Element.extension",0,*,"","ele-1:All FHIR elements must have a @value or children {hasValue() or (children().count() > id.count())}
ext-1:Must have either extensions or value[x], not both {extension.exists() != value.exists()}"
"getimagingoutcome","getimagingoutcome.imagingOutcome.imagingOutcomeHeader.accountableHealthcareProfessional.healthcareProfessionalOrgUnit.modifierExtension","getimagingoutcome.imagingOutcome.imagingOutcomeHeader.accountableHealthcareProfessional.healthcareProfessionalOrgUnit.modifierExtension","","extensions
user contentmodifiers","",0,*,"","Y","Y","Extension {[]} {[]}
","Extensions that cannot be ignored even if unrecognized","May be used to represent additional information that is not part of the basic definition of the element and that modifies the understanding of the element in which it is contained and/or the understanding of the containing element's descendants. Usually modifier elements provide negation or qualification. To make the use of extensions safe and manageable, there is a strict set of governance applied to the definition and use of extensions. Though any implementer can define an extension, there is a set of requirements that SHALL be met as part of the definition of the extension. Applications processing a resource are required to check for modifier extensions.

Modifier extensions SHALL NOT change the meaning of any elements on Resource or DomainResource (including cannot change the meaning of modifierExtension itself).","There can be no stigma associated with the use of extensions by any application, project, or standard - regardless of the institution or jurisdiction that uses or defines the extensions.  The use of extensions is what allows the FHIR specification to retain a core level of simplicity for everyone.","Modifier extensions allow for extensions that *cannot* be safely ignored to be clearly distinguished from the vast majority of extensions which can be safely ignored.  This promotes interoperability by eliminating the need for implementers to prohibit the presence of extensions. For further information, see the [definition of modifier extensions](http://hl7.org/fhir/R4/extensibility.html#modifierExtension).","","","","","","","",,,,,"",,,,"BackboneElement.modifierExtension",0,*,"","ele-1:All FHIR elements must have a @value or children {hasValue() or (children().count() > id.count())}
ext-1:Must have either extensions or value[x], not both {extension.exists() != value.exists()}"
"getimagingoutcome","getimagingoutcome.imagingOutcome.imagingOutcomeHeader.accountableHealthcareProfessional.healthcareProfessionalOrgUnit.orgUnitHSAId","getimagingoutcome.imagingOutcome.imagingOutcomeHeader.accountableHealthcareProfessional.healthcareProfessionalOrgUnit.orgUnitHSAId","","","",0,1,"","","","Identifier {[]} {[]}
","HSA-id för organisationsenhet","HSA-id för organisationsenhet. Om tillgängligt ska detta anges. (Enligt NPÖ riv-spec 2.2.0 avsnitt 4.1.6 beslutsregel: I de fall då HSA-id inte finns tillgängligt i systemet kan Orgnr + lokalt id anges.)
RIV-TA-typ: HSAIdType. Kardinalitet i TKB: 0..1.","","","","","","","","","",,,,,"",,,,"getimagingoutcome.imagingOutcome.imagingOutcomeHeader.accountableHealthcareProfessional.healthcareProfessionalOrgUnit.orgUnitHSAId",0,1,"",""
"getimagingoutcome","getimagingoutcome.imagingOutcome.imagingOutcomeHeader.accountableHealthcareProfessional.healthcareProfessionalOrgUnit.orgUnitName","getimagingoutcome.imagingOutcome.imagingOutcomeHeader.accountableHealthcareProfessional.healthcareProfessionalOrgUnit.orgUnitName","","","",0,1,"","","","string {[]} {[]}
","Namn på organisationsenhet","Namn på organisationsenhet. Om tillgängligt ska detta anges.
RIV-TA-typ: string. Kardinalitet i TKB: 0..1.","","","","","","","","","",,,,,"",,,,"getimagingoutcome.imagingOutcome.imagingOutcomeHeader.accountableHealthcareProfessional.healthcareProfessionalOrgUnit.orgUnitName",0,1,"",""
"getimagingoutcome","getimagingoutcome.imagingOutcome.imagingOutcomeHeader.accountableHealthcareProfessional.healthcareProfessionalOrgUnit.orgUnitTelecom","getimagingoutcome.imagingOutcome.imagingOutcomeHeader.accountableHealthcareProfessional.healthcareProfessionalOrgUnit.orgUnitTelecom","","","",0,1,"","","","string {[]} {[]}
","Telefon till organisationsenhet.","Telefon till organisationsenhet.
RIV-TA-typ: string. Kardinalitet i TKB: 0..1.","","","","","","","","","",,,,,"",,,,"getimagingoutcome.imagingOutcome.imagingOutcomeHeader.accountableHealthcareProfessional.healthcareProfessionalOrgUnit.orgUnitTelecom",0,1,"",""
"getimagingoutcome","getimagingoutcome.imagingOutcome.imagingOutcomeHeader.accountableHealthcareProfessional.healthcareProfessionalOrgUnit.orgUnitEmail","getimagingoutcome.imagingOutcome.imagingOutcomeHeader.accountableHealthcareProfessional.healthcareProfessionalOrgUnit.orgUnitEmail","","","",0,1,"","","","string {[]} {[]}
","Epost till organisationsenhet.","Epost till organisationsenhet.
RIV-TA-typ: string. Kardinalitet i TKB: 0..1.","","","","","","","","","",,,,,"",,,,"getimagingoutcome.imagingOutcome.imagingOutcomeHeader.accountableHealthcareProfessional.healthcareProfessionalOrgUnit.orgUnitEmail",0,1,"",""
"getimagingoutcome","getimagingoutcome.imagingOutcome.imagingOutcomeHeader.accountableHealthcareProfessional.healthcareProfessionalOrgUnit.orgUnitAddress","getimagingoutcome.imagingOutcome.imagingOutcomeHeader.accountableHealthcareProfessional.healthcareProfessionalOrgUnit.orgUnitAddress","","","",0,1,"","","","string {[]} {[]}
","Postadress till organisationsenhet","Postadress till organisationsenhet. Skrivs på ett så naturligt sätt som möjligt, exempelvis: / ”Storgatan 12 / 468 91 Lilleby”
RIV-TA-typ: string. Kardinalitet i TKB: 0..1.","","","","","","","","","",,,,,"",,,,"getimagingoutcome.imagingOutcome.imagingOutcomeHeader.accountableHealthcareProfessional.healthcareProfessionalOrgUnit.orgUnitAddress",0,1,"",""
"getimagingoutcome","getimagingoutcome.imagingOutcome.imagingOutcomeHeader.accountableHealthcareProfessional.healthcareProfessionalOrgUnit.orgUnitLocation","getimagingoutcome.imagingOutcome.imagingOutcomeHeader.accountableHealthcareProfessional.healthcareProfessionalOrgUnit.orgUnitLocation","","","",0,1,"","","","string {[]} {[]}
","Text som anger namnet på plats eller ort för organisationens fysiska placering.","Text som anger namnet på plats eller ort för organisationens fysiska placering.
RIV-TA-typ: string. Kardinalitet i TKB: 0..1.","","","","","","","","","",,,,,"",,,,"getimagingoutcome.imagingOutcome.imagingOutcomeHeader.accountableHealthcareProfessional.healthcareProfessionalOrgUnit.orgUnitLocation",0,1,"",""
"getimagingoutcome","getimagingoutcome.imagingOutcome.imagingOutcomeHeader.accountableHealthcareProfessional.healthcareProfessionalCareUnitHSAId","getimagingoutcome.imagingOutcome.imagingOutcomeHeader.accountableHealthcareProfessional.healthcareProfessionalCareUnitHSAId","","","",0,1,"","","","Identifier {[]} {[]}
","HSA-id för informationsägande vårdenhet (pdl-ansvar)","HSA-id för informationsägande vårdenhet (pdl-ansvar). Ska anges om tillgänglig. [Regel 2]
RIV-TA-typ: HSAIdType. Kardinalitet i TKB: 0..1.","","","","","","","","","",,,,,"",,,,"getimagingoutcome.imagingOutcome.imagingOutcomeHeader.accountableHealthcareProfessional.healthcareProfessionalCareUnitHSAId",0,1,"",""
"getimagingoutcome","getimagingoutcome.imagingOutcome.imagingOutcomeHeader.accountableHealthcareProfessional.healthcareProfessionalCareGiverHSAId","getimagingoutcome.imagingOutcome.imagingOutcomeHeader.accountableHealthcareProfessional.healthcareProfessionalCareGiverHSAId","","","",0,1,"","","","Identifier {[]} {[]}
","HSA-id för informationsägande vårdgivare (pdl-ansvar)","HSA-id för informationsägande vårdgivare (pdl-ansvar). Ska anges om tillgänglig. [Regel 2]
RIV-TA-typ: HSAIdType. Kardinalitet i TKB: 0..1.","","","","","","","","","",,,,,"",,,,"getimagingoutcome.imagingOutcome.imagingOutcomeHeader.accountableHealthcareProfessional.healthcareProfessionalCareGiverHSAId",0,1,"",""
"getimagingoutcome","getimagingoutcome.imagingOutcome.imagingOutcomeHeader.legalAuthenticator","getimagingoutcome.imagingOutcome.imagingOutcomeHeader.legalAuthenticator","","","",0,1,"","","","BackboneElement {[]} {[]}
","Information om vem som signerat informationen i dokumentet","Information om vem som signerat informationen i dokumentet. Det är normalt radiologen som signerar bilddiagnostiska svar. Signering = signering av remissvar. Vidimering anges i attributet attested i bodyn.
RIV-TA-typ: LegalAuthenticatorType. Kardinalitet i TKB: 0..1.","","","","","","","","","",,,,,"",,,,"getimagingoutcome.imagingOutcome.imagingOutcomeHeader.legalAuthenticator",0,1,"","ele-1:All FHIR elements must have a @value or children {hasValue() or (children().count() > id.count())}
"
"getimagingoutcome","getimagingoutcome.imagingOutcome.imagingOutcomeHeader.legalAuthenticator.id","getimagingoutcome.imagingOutcome.imagingOutcomeHeader.legalAuthenticator.id","","","",0,1,"","","","string {[]} {[]}
","Unique id for inter-element referencing","Unique id for the element within a resource (for internal references). This may be any string value that does not contain spaces.","","","","","","","","","",,,,,"",,,,"Element.id",0,1,"",""
"getimagingoutcome","getimagingoutcome.imagingOutcome.imagingOutcomeHeader.legalAuthenticator.extension","getimagingoutcome.imagingOutcome.imagingOutcomeHeader.legalAuthenticator.extension","","extensions
user content","",0,*,"","","","Extension {[]} {[]}
","Additional content defined by implementations","May be used to represent additional information that is not part of the basic definition of the element. To make the use of extensions safe and manageable, there is a strict set of governance  applied to the definition and use of extensions. Though any implementer can define an extension, there is a set of requirements that SHALL be met as part of the definition of the extension.","There can be no stigma associated with the use of extensions by any application, project, or standard - regardless of the institution or jurisdiction that uses or defines the extensions.  The use of extensions is what allows the FHIR specification to retain a core level of simplicity for everyone.","","","","","","","","",,,,,"","value:url}
","Extensions are always sliced by (at least) url",,"open","Element.extension",0,*,"","ele-1:All FHIR elements must have a @value or children {hasValue() or (children().count() > id.count())}
ext-1:Must have either extensions or value[x], not both {extension.exists() != value.exists()}"
"getimagingoutcome","getimagingoutcome.imagingOutcome.imagingOutcomeHeader.legalAuthenticator.modifierExtension","getimagingoutcome.imagingOutcome.imagingOutcomeHeader.legalAuthenticator.modifierExtension","","extensions
user contentmodifiers","",0,*,"","Y","Y","Extension {[]} {[]}
","Extensions that cannot be ignored even if unrecognized","May be used to represent additional information that is not part of the basic definition of the element and that modifies the understanding of the element in which it is contained and/or the understanding of the containing element's descendants. Usually modifier elements provide negation or qualification. To make the use of extensions safe and manageable, there is a strict set of governance applied to the definition and use of extensions. Though any implementer can define an extension, there is a set of requirements that SHALL be met as part of the definition of the extension. Applications processing a resource are required to check for modifier extensions.

Modifier extensions SHALL NOT change the meaning of any elements on Resource or DomainResource (including cannot change the meaning of modifierExtension itself).","There can be no stigma associated with the use of extensions by any application, project, or standard - regardless of the institution or jurisdiction that uses or defines the extensions.  The use of extensions is what allows the FHIR specification to retain a core level of simplicity for everyone.","Modifier extensions allow for extensions that *cannot* be safely ignored to be clearly distinguished from the vast majority of extensions which can be safely ignored.  This promotes interoperability by eliminating the need for implementers to prohibit the presence of extensions. For further information, see the [definition of modifier extensions](http://hl7.org/fhir/R4/extensibility.html#modifierExtension).","","","","","","","",,,,,"",,,,"BackboneElement.modifierExtension",0,*,"","ele-1:All FHIR elements must have a @value or children {hasValue() or (children().count() > id.count())}
ext-1:Must have either extensions or value[x], not both {extension.exists() != value.exists()}"
"getimagingoutcome","getimagingoutcome.imagingOutcome.imagingOutcomeHeader.legalAuthenticator.signatureTime","getimagingoutcome.imagingOutcome.imagingOutcomeHeader.legalAuthenticator.signatureTime","","","",1,1,"","","","instant {[]} {[]}
","Tidpunkt för signering.","Tidpunkt för signering.
RIV-TA-typ: TimeStampType. Kardinalitet i TKB: 1..1.","","","","","","","","","",,,,,"",,,,"getimagingoutcome.imagingOutcome.imagingOutcomeHeader.legalAuthenticator.signatureTime",1,1,"",""
"getimagingoutcome","getimagingoutcome.imagingOutcome.imagingOutcomeHeader.legalAuthenticator.legalAuthenticatorHSAId","getimagingoutcome.imagingOutcome.imagingOutcomeHeader.legalAuthenticator.legalAuthenticatorHSAId","","","",0,1,"","","","Identifier {[]} {[]}
","HSA-id för person som signerat dokumentet","HSA-id för person som signerat dokumentet. HSA-id för hälso-och sjukvårdspersonal. Ska anges om tillgänglig
RIV-TA-typ: HSAIdType. Kardinalitet i TKB: 0..1.","","","","","","","","","",,,,,"",,,,"getimagingoutcome.imagingOutcome.imagingOutcomeHeader.legalAuthenticator.legalAuthenticatorHSAId",0,1,"",""
"getimagingoutcome","getimagingoutcome.imagingOutcome.imagingOutcomeHeader.legalAuthenticator.legalAuthenticatorName","getimagingoutcome.imagingOutcome.imagingOutcomeHeader.legalAuthenticator.legalAuthenticatorName","","","",0,1,"","","","string {[]} {[]}
","Namnen i klartext för signerande person.","Namnen i klartext för signerande person.
RIV-TA-typ: string. Kardinalitet i TKB: 0..1.","","","","","","","","","",,,,,"",,,,"getimagingoutcome.imagingOutcome.imagingOutcomeHeader.legalAuthenticator.legalAuthenticatorName",0,1,"",""
"getimagingoutcome","getimagingoutcome.imagingOutcome.imagingOutcomeHeader.legalAuthenticator.legalAuthenticatorRoleCode","getimagingoutcome.imagingOutcome.imagingOutcomeHeader.legalAuthenticator.legalAuthenticatorRoleCode","","","",0,0,"","","","string {[]} {[]}
","Ska ej anges","Ska ej anges
RIV-TA-typ: (ej angiven). Kardinalitet i TKB: 0..0.","","","","","","","","","",,,,,"",,,,"getimagingoutcome.imagingOutcome.imagingOutcomeHeader.legalAuthenticator.legalAuthenticatorRoleCode",0,0,"",""
"getimagingoutcome","getimagingoutcome.imagingOutcome.imagingOutcomeHeader.approvedForPatient","getimagingoutcome.imagingOutcome.imagingOutcomeHeader.approvedForPatient","","","",1,1,"","","","boolean {[]} {[]}
","Anger om information får delas till patient","Anger om information får delas till patient. Värdet sätts i sådant fall till true, i annat fall till false.
RIV-TA-typ: boolean. Kardinalitet i TKB: 1..1.","","","","","","","","","",,,,,"",,,,"getimagingoutcome.imagingOutcome.imagingOutcomeHeader.approvedForPatient",1,1,"",""
"getimagingoutcome","getimagingoutcome.imagingOutcome.imagingOutcomeHeader.careContactId","getimagingoutcome.imagingOutcome.imagingOutcomeHeader.careContactId","","","",0,1,"","","","string {[]} {[]}
","Identitetet för den hälso-och sjukvårdskontakt som föranlett den information som omfattas av dokumentet","Identitetet för den hälso-och sjukvårdskontakt som föranlett den information som omfattas av dokumentet. Identiteten är unik inom källsystemet
RIV-TA-typ: string. Kardinalitet i TKB: 0..1.","","","","","","","","","",,,,,"",,,,"getimagingoutcome.imagingOutcome.imagingOutcomeHeader.careContactId",0,1,"",""
"getimagingoutcome","getimagingoutcome.imagingOutcome.imagingOutcomeHeader.nullified","getimagingoutcome.imagingOutcome.imagingOutcomeHeader.nullified","","","",0,1,"","","","boolean {[]} {[]}
","Anger om dokumentet makulerats i källsystemet","Anger om dokumentet makulerats i källsystemet. Sätts i så fall till true annars false. Används bl.a. i statistik-/rapportuttag med hjälp av tjänstekontrakten.
RIV-TA-typ: boolean. Kardinalitet i TKB: 0..1.","","","","","","","","","",,,,,"",,,,"getimagingoutcome.imagingOutcome.imagingOutcomeHeader.nullified",0,1,"",""
"getimagingoutcome","getimagingoutcome.imagingOutcome.imagingOutcomeHeader.nullifiedReason","getimagingoutcome.imagingOutcome.imagingOutcomeHeader.nullifiedReason","","","",0,1,"","","","string {[]} {[]}
","Anger orsak till makulering","Anger orsak till makulering
RIV-TA-typ: string. Kardinalitet i TKB: 0..1.","","","","","","","","","",,,,,"",,,,"getimagingoutcome.imagingOutcome.imagingOutcomeHeader.nullifiedReason",0,1,"",""
"getimagingoutcome","getimagingoutcome.imagingOutcome.imagingOutcomeBody","getimagingoutcome.imagingOutcome.imagingOutcomeBody","","","",1,1,"","","","BackboneElement {[]} {[]}
","imagingOutcomeBody","RIV-TA-typ: ImagingOutcomeBodyType. Kardinalitet i TKB: 1..1.","","","","","","","","","",,,,,"",,,,"getimagingoutcome.imagingOutcome.imagingOutcomeBody",1,1,"","ele-1:All FHIR elements must have a @value or children {hasValue() or (children().count() > id.count())}
"
"getimagingoutcome","getimagingoutcome.imagingOutcome.imagingOutcomeBody.id","getimagingoutcome.imagingOutcome.imagingOutcomeBody.id","","","",0,1,"","","","string {[]} {[]}
","Unique id for inter-element referencing","Unique id for the element within a resource (for internal references). This may be any string value that does not contain spaces.","","","","","","","","","",,,,,"",,,,"Element.id",0,1,"",""
"getimagingoutcome","getimagingoutcome.imagingOutcome.imagingOutcomeBody.extension","getimagingoutcome.imagingOutcome.imagingOutcomeBody.extension","","extensions
user content","",0,*,"","","","Extension {[]} {[]}
","Additional content defined by implementations","May be used to represent additional information that is not part of the basic definition of the element. To make the use of extensions safe and manageable, there is a strict set of governance  applied to the definition and use of extensions. Though any implementer can define an extension, there is a set of requirements that SHALL be met as part of the definition of the extension.","There can be no stigma associated with the use of extensions by any application, project, or standard - regardless of the institution or jurisdiction that uses or defines the extensions.  The use of extensions is what allows the FHIR specification to retain a core level of simplicity for everyone.","","","","","","","","",,,,,"","value:url}
","Extensions are always sliced by (at least) url",,"open","Element.extension",0,*,"","ele-1:All FHIR elements must have a @value or children {hasValue() or (children().count() > id.count())}
ext-1:Must have either extensions or value[x], not both {extension.exists() != value.exists()}"
"getimagingoutcome","getimagingoutcome.imagingOutcome.imagingOutcomeBody.modifierExtension","getimagingoutcome.imagingOutcome.imagingOutcomeBody.modifierExtension","","extensions
user contentmodifiers","",0,*,"","Y","Y","Extension {[]} {[]}
","Extensions that cannot be ignored even if unrecognized","May be used to represent additional information that is not part of the basic definition of the element and that modifies the understanding of the element in which it is contained and/or the understanding of the containing element's descendants. Usually modifier elements provide negation or qualification. To make the use of extensions safe and manageable, there is a strict set of governance applied to the definition and use of extensions. Though any implementer can define an extension, there is a set of requirements that SHALL be met as part of the definition of the extension. Applications processing a resource are required to check for modifier extensions.

Modifier extensions SHALL NOT change the meaning of any elements on Resource or DomainResource (including cannot change the meaning of modifierExtension itself).","There can be no stigma associated with the use of extensions by any application, project, or standard - regardless of the institution or jurisdiction that uses or defines the extensions.  The use of extensions is what allows the FHIR specification to retain a core level of simplicity for everyone.","Modifier extensions allow for extensions that *cannot* be safely ignored to be clearly distinguished from the vast majority of extensions which can be safely ignored.  This promotes interoperability by eliminating the need for implementers to prohibit the presence of extensions. For further information, see the [definition of modifier extensions](http://hl7.org/fhir/R4/extensibility.html#modifierExtension).","","","","","","","",,,,,"",,,,"BackboneElement.modifierExtension",0,*,"","ele-1:All FHIR elements must have a @value or children {hasValue() or (children().count() > id.count())}
ext-1:Must have either extensions or value[x], not both {extension.exists() != value.exists()}"
"getimagingoutcome","getimagingoutcome.imagingOutcome.imagingOutcomeBody.examinationSpeciality","getimagingoutcome.imagingOutcome.imagingOutcomeBody.examinationSpeciality","","","",0,1,"","","","CodeableConcept {[]} {[]}
","Undersökningstyp","Undersökningstyp. Bör anges med kod enligt SNOMED. / Text som beskriver vilken specialitet som utlåtandet gäller.Exempel: / Typen av specialitet som anlitats anges i text Exempel: Patologi, Klinisk fysiologi, Logopedi
RIV-TA-typ: CVType. Kardinalitet i TKB: 0..1.","","","","","","","","","",,,,,"",,,,"getimagingoutcome.imagingOutcome.imagingOutcomeBody.examinationSpeciality",0,1,"",""
"getimagingoutcome","getimagingoutcome.imagingOutcome.imagingOutcomeBody.typeOfResult","getimagingoutcome.imagingOutcome.imagingOutcomeBody.typeOfResult","","","",1,1,"","","","code {[]} {[]}
","Svarstyp","Svarstyp. / PREL = Preliminärsvar, denna typ är ny och finns ej i NPÖ:s riv-specifikation. / DEF = Definitivsvar, ett svar som har kommit tillbaka till beställaren från utföraren. / TILL = Tilläggssvar, kan avse två typer av svar: / Det fynd som gjorts enligt beställd undersökning, och som beskrivs i definitivsvaret, var så intressant att ytterligare undersökningar gjorts och svaret således behöver kompletteras. / Slutsvaret behöver av någon anledning korrigeras, och skickas således i ett tilläggssvar. / DEF sätts som förvalt värde. Den senaste statusen är den som ska skickas med.
RIV-TA-typ: TypeOfResultCodeEnum. Kardinalitet i TKB: 1..1.","","","","","","","","","",,"required","","https://fhir.inera.se/ig/clinicalprocess-healthcond-actoutcome/ValueSet/typeofresultcode-vs","",,,,"getimagingoutcome.imagingOutcome.imagingOutcomeBody.typeOfResult",1,1,"",""
"getimagingoutcome","getimagingoutcome.imagingOutcome.imagingOutcomeBody.resultTime","getimagingoutcome.imagingOutcome.imagingOutcomeBody.resultTime","","","",1,1,"","","","instant {[]} {[]}
","Svarstidpunkt","Svarstidpunkt. Tidpunkt då svar skickas till framställaren av vårdbegäran.
RIV-TA-typ: TimeStampType. Kardinalitet i TKB: 1..1.","","","","","","","","","",,,,,"",,,,"getimagingoutcome.imagingOutcome.imagingOutcomeBody.resultTime",1,1,"",""
"getimagingoutcome","getimagingoutcome.imagingOutcome.imagingOutcomeBody.resultReport","getimagingoutcome.imagingOutcome.imagingOutcomeBody.resultReport","","","",1,1,"","","","string {[]} {[]}
","Text som beskriver det sammanfattade utlåtandet kring undersökningsresultatet","Text som beskriver det sammanfattade utlåtandet kring undersökningsresultatet
RIV-TA-typ: string. Kardinalitet i TKB: 1..1.","","","","","","","","","",,,,,"",,,,"getimagingoutcome.imagingOutcome.imagingOutcomeBody.resultReport",1,1,"",""
"getimagingoutcome","getimagingoutcome.imagingOutcome.imagingOutcomeBody.resultComment","getimagingoutcome.imagingOutcome.imagingOutcomeBody.resultComment","","","",0,1,"","","","string {[]} {[]}
","Kommentar till det sammanfattande utlåtandet","Kommentar till det sammanfattande utlåtandet
RIV-TA-typ: string. Kardinalitet i TKB: 0..1.","","","","","","","","","",,,,,"",,,,"getimagingoutcome.imagingOutcome.imagingOutcomeBody.resultComment",0,1,"",""
"getimagingoutcome","getimagingoutcome.imagingOutcome.imagingOutcomeBody.radiationDose","getimagingoutcome.imagingOutcome.imagingOutcomeBody.radiationDose","","","",0,*,"","","","Quantity {[]} {[]}
","Ett dosvärde som härrör till undersökningen","Ett dosvärde som härrör till undersökningen. / Dosen kan anges på flera olika sätt (t.ex. som effektiv dos i Sv) eller som KAP. Den totala dosen som härrör till underökningen är summan av alla redovisade radiationDose. Enheten ska vara SI-enhet (eller kombination av sådana). (För KAP ska värdet räknas om till Gy*m² istället för Gy*cm².)
RIV-TA-typ: PQType. Kardinalitet i TKB: 0..*.","","","","","","","","","",,,,,"",,,,"getimagingoutcome.imagingOutcome.imagingOutcomeBody.radiationDose",0,*,"",""
"getimagingoutcome","getimagingoutcome.imagingOutcome.imagingOutcomeBody.patientData","getimagingoutcome.imagingOutcome.imagingOutcomeBody.patientData","","","",0,1,"","","","BackboneElement {[]} {[]}
","Ytterligare information om patienten med relevans för bedömningen","Ytterligare information om patienten med relevans för bedömningen. Kan typiskt anges i samband med givande av strukturerad bild-information enligt nedan
RIV-TA-typ: PatientDataType. Kardinalitet i TKB: 0..1.","","","","","","","","","",,,,,"",,,,"getimagingoutcome.imagingOutcome.imagingOutcomeBody.patientData",0,1,"","ele-1:All FHIR elements must have a @value or children {hasValue() or (children().count() > id.count())}
"
"getimagingoutcome","getimagingoutcome.imagingOutcome.imagingOutcomeBody.patientData.id","getimagingoutcome.imagingOutcome.imagingOutcomeBody.patientData.id","","","",0,1,"","","","string {[]} {[]}
","Unique id for inter-element referencing","Unique id for the element within a resource (for internal references). This may be any string value that does not contain spaces.","","","","","","","","","",,,,,"",,,,"Element.id",0,1,"",""
"getimagingoutcome","getimagingoutcome.imagingOutcome.imagingOutcomeBody.patientData.extension","getimagingoutcome.imagingOutcome.imagingOutcomeBody.patientData.extension","","extensions
user content","",0,*,"","","","Extension {[]} {[]}
","Additional content defined by implementations","May be used to represent additional information that is not part of the basic definition of the element. To make the use of extensions safe and manageable, there is a strict set of governance  applied to the definition and use of extensions. Though any implementer can define an extension, there is a set of requirements that SHALL be met as part of the definition of the extension.","There can be no stigma associated with the use of extensions by any application, project, or standard - regardless of the institution or jurisdiction that uses or defines the extensions.  The use of extensions is what allows the FHIR specification to retain a core level of simplicity for everyone.","","","","","","","","",,,,,"","value:url}
","Extensions are always sliced by (at least) url",,"open","Element.extension",0,*,"","ele-1:All FHIR elements must have a @value or children {hasValue() or (children().count() > id.count())}
ext-1:Must have either extensions or value[x], not both {extension.exists() != value.exists()}"
"getimagingoutcome","getimagingoutcome.imagingOutcome.imagingOutcomeBody.patientData.modifierExtension","getimagingoutcome.imagingOutcome.imagingOutcomeBody.patientData.modifierExtension","","extensions
user contentmodifiers","",0,*,"","Y","Y","Extension {[]} {[]}
","Extensions that cannot be ignored even if unrecognized","May be used to represent additional information that is not part of the basic definition of the element and that modifies the understanding of the element in which it is contained and/or the understanding of the containing element's descendants. Usually modifier elements provide negation or qualification. To make the use of extensions safe and manageable, there is a strict set of governance applied to the definition and use of extensions. Though any implementer can define an extension, there is a set of requirements that SHALL be met as part of the definition of the extension. Applications processing a resource are required to check for modifier extensions.

Modifier extensions SHALL NOT change the meaning of any elements on Resource or DomainResource (including cannot change the meaning of modifierExtension itself).","There can be no stigma associated with the use of extensions by any application, project, or standard - regardless of the institution or jurisdiction that uses or defines the extensions.  The use of extensions is what allows the FHIR specification to retain a core level of simplicity for everyone.","Modifier extensions allow for extensions that *cannot* be safely ignored to be clearly distinguished from the vast majority of extensions which can be safely ignored.  This promotes interoperability by eliminating the need for implementers to prohibit the presence of extensions. For further information, see the [definition of modifier extensions](http://hl7.org/fhir/R4/extensibility.html#modifierExtension).","","","","","","","",,,,,"",,,,"BackboneElement.modifierExtension",0,*,"","ele-1:All FHIR elements must have a @value or children {hasValue() or (children().count() > id.count())}
ext-1:Must have either extensions or value[x], not both {extension.exists() != value.exists()}"
"getimagingoutcome","getimagingoutcome.imagingOutcome.imagingOutcomeBody.patientData.patientWeight","getimagingoutcome.imagingOutcome.imagingOutcomeBody.patientData.patientWeight","","","",0,1,"","","","Quantity {[]} {[]}
","Patientens vikt i kgvid undersökningstillfället.","Patientens vikt i kgvid undersökningstillfället.
RIV-TA-typ: PQType. Kardinalitet i TKB: 0..1.","","","","","","","","","",,,,,"",,,,"getimagingoutcome.imagingOutcome.imagingOutcomeBody.patientData.patientWeight",0,1,"",""
"getimagingoutcome","getimagingoutcome.imagingOutcome.imagingOutcomeBody.patientData.patientLength","getimagingoutcome.imagingOutcome.imagingOutcomeBody.patientData.patientLength","","","",0,1,"","","","Quantity {[]} {[]}
","Patientens längd i cm vid undersökningstillfället.","Patientens längd i cm vid undersökningstillfället.
RIV-TA-typ: PQType. Kardinalitet i TKB: 0..1.","","","","","","","","","",,,,,"",,,,"getimagingoutcome.imagingOutcome.imagingOutcomeBody.patientData.patientLength",0,1,"",""
"getimagingoutcome","getimagingoutcome.imagingOutcome.imagingOutcomeBody.imageRecording","getimagingoutcome.imagingOutcome.imagingOutcomeBody.imageRecording","","","",0,*,"","","","BackboneElement {[]} {[]}
","Beskrivning av bild-tagning(ar)","Beskrivning av bild-tagning(ar). Bild(er) tas som en eller flera tagningar (noll tillåts i fall då tillgång till bild saknas, utan endast (remiss och) sammanfattande utlåtande finns). / En bildtagning kan i sin tur ha flera bilder
RIV-TA-typ: ImageRecordingType. Kardinalitet i TKB: 0..*.","","","","","","","","","",,,,,"",,,,"getimagingoutcome.imagingOutcome.imagingOutcomeBody.imageRecording",0,*,"","ele-1:All FHIR elements must have a @value or children {hasValue() or (children().count() > id.count())}
"
"getimagingoutcome","getimagingoutcome.imagingOutcome.imagingOutcomeBody.imageRecording.id","getimagingoutcome.imagingOutcome.imagingOutcomeBody.imageRecording.id","","","",0,1,"","","","string {[]} {[]}
","Unique id for inter-element referencing","Unique id for the element within a resource (for internal references). This may be any string value that does not contain spaces.","","","","","","","","","",,,,,"",,,,"Element.id",0,1,"",""
"getimagingoutcome","getimagingoutcome.imagingOutcome.imagingOutcomeBody.imageRecording.extension","getimagingoutcome.imagingOutcome.imagingOutcomeBody.imageRecording.extension","","extensions
user content","",0,*,"","","","Extension {[]} {[]}
","Additional content defined by implementations","May be used to represent additional information that is not part of the basic definition of the element. To make the use of extensions safe and manageable, there is a strict set of governance  applied to the definition and use of extensions. Though any implementer can define an extension, there is a set of requirements that SHALL be met as part of the definition of the extension.","There can be no stigma associated with the use of extensions by any application, project, or standard - regardless of the institution or jurisdiction that uses or defines the extensions.  The use of extensions is what allows the FHIR specification to retain a core level of simplicity for everyone.","","","","","","","","",,,,,"","value:url}
","Extensions are always sliced by (at least) url",,"open","Element.extension",0,*,"","ele-1:All FHIR elements must have a @value or children {hasValue() or (children().count() > id.count())}
ext-1:Must have either extensions or value[x], not both {extension.exists() != value.exists()}"
"getimagingoutcome","getimagingoutcome.imagingOutcome.imagingOutcomeBody.imageRecording.modifierExtension","getimagingoutcome.imagingOutcome.imagingOutcomeBody.imageRecording.modifierExtension","","extensions
user contentmodifiers","",0,*,"","Y","Y","Extension {[]} {[]}
","Extensions that cannot be ignored even if unrecognized","May be used to represent additional information that is not part of the basic definition of the element and that modifies the understanding of the element in which it is contained and/or the understanding of the containing element's descendants. Usually modifier elements provide negation or qualification. To make the use of extensions safe and manageable, there is a strict set of governance applied to the definition and use of extensions. Though any implementer can define an extension, there is a set of requirements that SHALL be met as part of the definition of the extension. Applications processing a resource are required to check for modifier extensions.

Modifier extensions SHALL NOT change the meaning of any elements on Resource or DomainResource (including cannot change the meaning of modifierExtension itself).","There can be no stigma associated with the use of extensions by any application, project, or standard - regardless of the institution or jurisdiction that uses or defines the extensions.  The use of extensions is what allows the FHIR specification to retain a core level of simplicity for everyone.","Modifier extensions allow for extensions that *cannot* be safely ignored to be clearly distinguished from the vast majority of extensions which can be safely ignored.  This promotes interoperability by eliminating the need for implementers to prohibit the presence of extensions. For further information, see the [definition of modifier extensions](http://hl7.org/fhir/R4/extensibility.html#modifierExtension).","","","","","","","",,,,,"",,,,"BackboneElement.modifierExtension",0,*,"","ele-1:All FHIR elements must have a @value or children {hasValue() or (children().count() > id.count())}
ext-1:Must have either extensions or value[x], not both {extension.exists() != value.exists()}"
"getimagingoutcome","getimagingoutcome.imagingOutcome.imagingOutcomeBody.imageRecording.recordingId","getimagingoutcome.imagingOutcome.imagingOutcomeBody.imageRecording.recordingId","","","",0,1,"","","","Identifier {[]} {[]}
","Id för Bild-tagningen som är unikt inom källsystemet.","Id för Bild-tagningen som är unikt inom källsystemet.
RIV-TA-typ: IIType. Kardinalitet i TKB: 0..1.","","","","","","","","","",,,,,"",,,,"getimagingoutcome.imagingOutcome.imagingOutcomeBody.imageRecording.recordingId",0,1,"",""
"getimagingoutcome","getimagingoutcome.imagingOutcome.imagingOutcomeBody.imageRecording.examinationActivity","getimagingoutcome.imagingOutcome.imagingOutcomeBody.imageRecording.examinationActivity","","","",1,1,"","","","CodeableConcept {[]} {[]}
","Åtgärdskod för utförd typ av Bild","Åtgärdskod för utförd typ av Bild. KRÅ91-kod eller i förekommande fall annat kodverk. Om inget gemensamt kodverk används, anges åtgärdsbeskrivning i originalText. (not. I npö rivspec saknas angivande av typ av övrig bilddiagnostik vilket är en brist eftersom uppföljning av olika slags bilder görs)
RIV-TA-typ: CVType. Kardinalitet i TKB: 1..1.","","","","","","","","","",,,,,"",,,,"getimagingoutcome.imagingOutcome.imagingOutcomeBody.imageRecording.examinationActivity",1,1,"",""
"getimagingoutcome","getimagingoutcome.imagingOutcome.imagingOutcomeBody.imageRecording.examinationTimePeriod","getimagingoutcome.imagingOutcome.imagingOutcomeBody.imageRecording.examinationTimePeriod","","","",1,1,"","","","Period {[]} {[]}
","Tidpunkt då Bild-insamlingen startar och slutar","Tidpunkt då Bild-insamlingen startar och slutar
RIV-TA-typ: TimePeriodType. Kardinalitet i TKB: 1..1.","","","","","","","","","",,,,,"",,,,"getimagingoutcome.imagingOutcome.imagingOutcomeBody.imageRecording.examinationTimePeriod",1,1,"",""
"getimagingoutcome","getimagingoutcome.imagingOutcome.imagingOutcomeBody.imageRecording.examinationStatus","getimagingoutcome.imagingOutcome.imagingOutcomeBody.imageRecording.examinationStatus","","","",0,1,"","","","code {[]} {[]}
","Text som anger åtgärdens status","Text som anger åtgärdens status. Kommer från KV åtgärdsstatus i V-TIM 1.0. Tillåtna värden är: Initierad, Planerad (bevakad), Tidbokad, Uppskjuten, Annullerad, Pågående, Avvakta, Avbruten, Avklarad, Inaktuell, Makulerad.
RIV-TA-typ: ExaminationStatusCodeEnum. Kardinalitet i TKB: 0..1.","","","","","","","","","",,"required","","https://fhir.inera.se/ig/clinicalprocess-healthcond-actoutcome/ValueSet/examinationstatuscode-vs","",,,,"getimagingoutcome.imagingOutcome.imagingOutcomeBody.imageRecording.examinationStatus",0,1,"",""
"getimagingoutcome","getimagingoutcome.imagingOutcome.imagingOutcomeBody.imageRecording.examinationUnit","getimagingoutcome.imagingOutcome.imagingOutcomeBody.imageRecording.examinationUnit","","","",0,1,"","","","string {[]} {[]}
","Text som anger vilken typ av labenhet som undersökningsresultatet härrör från","Text som anger vilken typ av labenhet som undersökningsresultatet härrör från. T ex MR-lab, CT inom bild. (not. Generaliserad från npö riv-spec för b&f undersökningar)
RIV-TA-typ: string. Kardinalitet i TKB: 0..1.","","","","","","","","","",,,,,"",,,,"getimagingoutcome.imagingOutcome.imagingOutcomeBody.imageRecording.examinationUnit",0,1,"",""
"getimagingoutcome","getimagingoutcome.imagingOutcome.imagingOutcomeBody.imageRecording.accountableHealthcareProfessional","getimagingoutcome.imagingOutcome.imagingOutcomeBody.imageRecording.accountableHealthcareProfessional","","","",0,1,"","","","BackboneElement {[]} {[]}
","Hälso- och sjukvårdsperson som är ansvarig för informationen som härstammar från insamlingstillfället","Hälso- och sjukvårdsperson som är ansvarig för informationen som härstammar från insamlingstillfället. Den person som har den fysiska kontakten med patienten vid insamlandet av data.
RIV-TA-typ: HealthcareProfessionalType. Kardinalitet i TKB: 0..1.","","","","","","","","","",,,,,"",,,,"getimagingoutcome.imagingOutcome.imagingOutcomeBody.imageRecording.accountableHealthcareProfessional",0,1,"","ele-1:All FHIR elements must have a @value or children {hasValue() or (children().count() > id.count())}
"
"getimagingoutcome","getimagingoutcome.imagingOutcome.imagingOutcomeBody.imageRecording.accountableHealthcareProfessional.id","getimagingoutcome.imagingOutcome.imagingOutcomeBody.imageRecording.accountableHealthcareProfessional.id","","","",0,1,"","","","string {[]} {[]}
","Unique id for inter-element referencing","Unique id for the element within a resource (for internal references). This may be any string value that does not contain spaces.","","","","","","","","","",,,,,"",,,,"Element.id",0,1,"",""
"getimagingoutcome","getimagingoutcome.imagingOutcome.imagingOutcomeBody.imageRecording.accountableHealthcareProfessional.extension","getimagingoutcome.imagingOutcome.imagingOutcomeBody.imageRecording.accountableHealthcareProfessional.extension","","extensions
user content","",0,*,"","","","Extension {[]} {[]}
","Additional content defined by implementations","May be used to represent additional information that is not part of the basic definition of the element. To make the use of extensions safe and manageable, there is a strict set of governance  applied to the definition and use of extensions. Though any implementer can define an extension, there is a set of requirements that SHALL be met as part of the definition of the extension.","There can be no stigma associated with the use of extensions by any application, project, or standard - regardless of the institution or jurisdiction that uses or defines the extensions.  The use of extensions is what allows the FHIR specification to retain a core level of simplicity for everyone.","","","","","","","","",,,,,"","value:url}
","Extensions are always sliced by (at least) url",,"open","Element.extension",0,*,"","ele-1:All FHIR elements must have a @value or children {hasValue() or (children().count() > id.count())}
ext-1:Must have either extensions or value[x], not both {extension.exists() != value.exists()}"
"getimagingoutcome","getimagingoutcome.imagingOutcome.imagingOutcomeBody.imageRecording.accountableHealthcareProfessional.modifierExtension","getimagingoutcome.imagingOutcome.imagingOutcomeBody.imageRecording.accountableHealthcareProfessional.modifierExtension","","extensions
user contentmodifiers","",0,*,"","Y","Y","Extension {[]} {[]}
","Extensions that cannot be ignored even if unrecognized","May be used to represent additional information that is not part of the basic definition of the element and that modifies the understanding of the element in which it is contained and/or the understanding of the containing element's descendants. Usually modifier elements provide negation or qualification. To make the use of extensions safe and manageable, there is a strict set of governance applied to the definition and use of extensions. Though any implementer can define an extension, there is a set of requirements that SHALL be met as part of the definition of the extension. Applications processing a resource are required to check for modifier extensions.

Modifier extensions SHALL NOT change the meaning of any elements on Resource or DomainResource (including cannot change the meaning of modifierExtension itself).","There can be no stigma associated with the use of extensions by any application, project, or standard - regardless of the institution or jurisdiction that uses or defines the extensions.  The use of extensions is what allows the FHIR specification to retain a core level of simplicity for everyone.","Modifier extensions allow for extensions that *cannot* be safely ignored to be clearly distinguished from the vast majority of extensions which can be safely ignored.  This promotes interoperability by eliminating the need for implementers to prohibit the presence of extensions. For further information, see the [definition of modifier extensions](http://hl7.org/fhir/R4/extensibility.html#modifierExtension).","","","","","","","",,,,,"",,,,"BackboneElement.modifierExtension",0,*,"","ele-1:All FHIR elements must have a @value or children {hasValue() or (children().count() > id.count())}
ext-1:Must have either extensions or value[x], not both {extension.exists() != value.exists()}"
"getimagingoutcome","getimagingoutcome.imagingOutcome.imagingOutcomeBody.imageRecording.accountableHealthcareProfessional.authorTime","getimagingoutcome.imagingOutcome.imagingOutcomeBody.imageRecording.accountableHealthcareProfessional.authorTime","","","",1,1,"","","","instant {[]} {[]}
","Tidpunkt då dokumentet skapades","Tidpunkt då dokumentet skapades. Det är den senaste tidpunkten då informationen uppdaterats i systemet som ska finnas här i de fall informationen har ändrats efter det att den skapades. Registreringstidpunkt i NPÖ riv-spec 2.2.0 avsnitt 5.3 / Attributet sätts till detsamma som examinationTimePeriod.end, eller .start i de fall som inget .end finns
RIV-TA-typ: TimeStampType. Kardinalitet i TKB: 1..1.","","","","","","","","","",,,,,"",,,,"getimagingoutcome.imagingOutcome.imagingOutcomeBody.imageRecording.accountableHealthcareProfessional.authorTime",1,1,"",""
"getimagingoutcome","getimagingoutcome.imagingOutcome.imagingOutcomeBody.imageRecording.accountableHealthcareProfessional.healthcareProfessionalHSAId","getimagingoutcome.imagingOutcome.imagingOutcomeBody.imageRecording.accountableHealthcareProfessional.healthcareProfessionalHSAId","","","",0,1,"","","","Identifier {[]} {[]}
","HSA-id för hälso-och sjukvårdspersonal","HSA-id för hälso-och sjukvårdspersonal. Ska anges om tillgänglig.
RIV-TA-typ: HSAIdType. Kardinalitet i TKB: 0..1.","","","","","","","","","",,,,,"",,,,"getimagingoutcome.imagingOutcome.imagingOutcomeBody.imageRecording.accountableHealthcareProfessional.healthcareProfessionalHSAId",0,1,"",""
"getimagingoutcome","getimagingoutcome.imagingOutcome.imagingOutcomeBody.imageRecording.accountableHealthcareProfessional.healthcareProfessionalName","getimagingoutcome.imagingOutcome.imagingOutcomeBody.imageRecording.accountableHealthcareProfessional.healthcareProfessionalName","","","",0,1,"","","","string {[]} {[]}
","Namn på hälso-och sjukvårdspersonal","Namn på hälso-och sjukvårdspersonal. Om tillgängligt ska detta anges.
RIV-TA-typ: string. Kardinalitet i TKB: 0..1.","","","","","","","","","",,,,,"",,,,"getimagingoutcome.imagingOutcome.imagingOutcomeBody.imageRecording.accountableHealthcareProfessional.healthcareProfessionalName",0,1,"",""
"getimagingoutcome","getimagingoutcome.imagingOutcome.imagingOutcomeBody.imageRecording.accountableHealthcareProfessional.healthcareProfessionalRoleCode","getimagingoutcome.imagingOutcome.imagingOutcomeBody.imageRecording.accountableHealthcareProfessional.healthcareProfessionalRoleCode","","","",0,1,"","","","CodeableConcept {[]} {[]}
","Information om ansvarige personens befattning","Information om ansvarige personens befattning. Om möjligt ska KV Befattning (OID 1.2.752.129.2.2.1.4), se referens [R 5]. / Om kodverk saknas anges befattning i originalText.
RIV-TA-typ: CVType. Kardinalitet i TKB: 0..1.
Delelement enligt TKB:
- code (string, 0..1): Befattningskod. Om code anges ska också codeSystem  samt displayName anges.
- codeSystem (string, 0..1): Kodsystem för befattningskod. Om codeSystem anges ska också code samt displayName anges.
- codeSystemName (string, 0..1): Namn på kodsystem för befattningskod.
- codeSystemVersion (string, 0..1): Version på kodsystem för befattningskod.
- displayName (string, 0..1): Befattningskoden i klartext. Om separat displayName inte finns i producerande system ska samma värde som i code anges.
- originalText (string, 0..1): Om befattning är beskriven i ett lokalt kodverk utan OID, eller när kod helt saknas, kan en beskrivande text anges i originalText. / Om originalText anges ska inget annat värde i healthcareProfessionalRoleCode anges.","","","","","","","","","",,,,,"",,,,"getimagingoutcome.imagingOutcome.imagingOutcomeBody.imageRecording.accountableHealthcareProfessional.healthcareProfessionalRoleCode",0,1,"",""
"getimagingoutcome","getimagingoutcome.imagingOutcome.imagingOutcomeBody.imageRecording.accountableHealthcareProfessional.healthcareProfessionalOrgUnit","getimagingoutcome.imagingOutcome.imagingOutcomeBody.imageRecording.accountableHealthcareProfessional.healthcareProfessionalOrgUnit","","","",0,1,"","","","BackboneElement {[]} {[]}
","Den organisation som angiven hälso-och sjukvårdsperson är uppdragstagare på","Den organisation som angiven hälso-och sjukvårdsperson är uppdragstagare på. Om tillgängligt ska detta anges.
RIV-TA-typ: OrgUnitType. Kardinalitet i TKB: 0..1.","","","","","","","","","",,,,,"",,,,"getimagingoutcome.imagingOutcome.imagingOutcomeBody.imageRecording.accountableHealthcareProfessional.healthcareProfessionalOrgUnit",0,1,"","ele-1:All FHIR elements must have a @value or children {hasValue() or (children().count() > id.count())}
"
"getimagingoutcome","getimagingoutcome.imagingOutcome.imagingOutcomeBody.imageRecording.accountableHealthcareProfessional.healthcareProfessionalOrgUnit.id","getimagingoutcome.imagingOutcome.imagingOutcomeBody.imageRecording.accountableHealthcareProfessional.healthcareProfessionalOrgUnit.id","","","",0,1,"","","","string {[]} {[]}
","Unique id for inter-element referencing","Unique id for the element within a resource (for internal references). This may be any string value that does not contain spaces.","","","","","","","","","",,,,,"",,,,"Element.id",0,1,"",""
"getimagingoutcome","getimagingoutcome.imagingOutcome.imagingOutcomeBody.imageRecording.accountableHealthcareProfessional.healthcareProfessionalOrgUnit.extension","getimagingoutcome.imagingOutcome.imagingOutcomeBody.imageRecording.accountableHealthcareProfessional.healthcareProfessionalOrgUnit.extension","","extensions
user content","",0,*,"","","","Extension {[]} {[]}
","Additional content defined by implementations","May be used to represent additional information that is not part of the basic definition of the element. To make the use of extensions safe and manageable, there is a strict set of governance  applied to the definition and use of extensions. Though any implementer can define an extension, there is a set of requirements that SHALL be met as part of the definition of the extension.","There can be no stigma associated with the use of extensions by any application, project, or standard - regardless of the institution or jurisdiction that uses or defines the extensions.  The use of extensions is what allows the FHIR specification to retain a core level of simplicity for everyone.","","","","","","","","",,,,,"","value:url}
","Extensions are always sliced by (at least) url",,"open","Element.extension",0,*,"","ele-1:All FHIR elements must have a @value or children {hasValue() or (children().count() > id.count())}
ext-1:Must have either extensions or value[x], not both {extension.exists() != value.exists()}"
"getimagingoutcome","getimagingoutcome.imagingOutcome.imagingOutcomeBody.imageRecording.accountableHealthcareProfessional.healthcareProfessionalOrgUnit.modifierExtension","getimagingoutcome.imagingOutcome.imagingOutcomeBody.imageRecording.accountableHealthcareProfessional.healthcareProfessionalOrgUnit.modifierExtension","","extensions
user contentmodifiers","",0,*,"","Y","Y","Extension {[]} {[]}
","Extensions that cannot be ignored even if unrecognized","May be used to represent additional information that is not part of the basic definition of the element and that modifies the understanding of the element in which it is contained and/or the understanding of the containing element's descendants. Usually modifier elements provide negation or qualification. To make the use of extensions safe and manageable, there is a strict set of governance applied to the definition and use of extensions. Though any implementer can define an extension, there is a set of requirements that SHALL be met as part of the definition of the extension. Applications processing a resource are required to check for modifier extensions.

Modifier extensions SHALL NOT change the meaning of any elements on Resource or DomainResource (including cannot change the meaning of modifierExtension itself).","There can be no stigma associated with the use of extensions by any application, project, or standard - regardless of the institution or jurisdiction that uses or defines the extensions.  The use of extensions is what allows the FHIR specification to retain a core level of simplicity for everyone.","Modifier extensions allow for extensions that *cannot* be safely ignored to be clearly distinguished from the vast majority of extensions which can be safely ignored.  This promotes interoperability by eliminating the need for implementers to prohibit the presence of extensions. For further information, see the [definition of modifier extensions](http://hl7.org/fhir/R4/extensibility.html#modifierExtension).","","","","","","","",,,,,"",,,,"BackboneElement.modifierExtension",0,*,"","ele-1:All FHIR elements must have a @value or children {hasValue() or (children().count() > id.count())}
ext-1:Must have either extensions or value[x], not both {extension.exists() != value.exists()}"
"getimagingoutcome","getimagingoutcome.imagingOutcome.imagingOutcomeBody.imageRecording.accountableHealthcareProfessional.healthcareProfessionalOrgUnit.orgUnitHSAId","getimagingoutcome.imagingOutcome.imagingOutcomeBody.imageRecording.accountableHealthcareProfessional.healthcareProfessionalOrgUnit.orgUnitHSAId","","","",0,1,"","","","Identifier {[]} {[]}
","HSA-id för organisationsenhet","HSA-id för organisationsenhet. Om tillgängligt ska detta anges. (Enligt NPÖ riv-spec 2.2.0 avsnitt 4.1.6 beslutsregel: I de fall då HSA-id inte finns tillgängligt i systemet kan Orgnr + lokalt id anges.)
RIV-TA-typ: HSAIdType. Kardinalitet i TKB: 0..1.","","","","","","","","","",,,,,"",,,,"getimagingoutcome.imagingOutcome.imagingOutcomeBody.imageRecording.accountableHealthcareProfessional.healthcareProfessionalOrgUnit.orgUnitHSAId",0,1,"",""
"getimagingoutcome","getimagingoutcome.imagingOutcome.imagingOutcomeBody.imageRecording.accountableHealthcareProfessional.healthcareProfessionalOrgUnit.orgUnitName","getimagingoutcome.imagingOutcome.imagingOutcomeBody.imageRecording.accountableHealthcareProfessional.healthcareProfessionalOrgUnit.orgUnitName","","","",0,1,"","","","string {[]} {[]}
","Namn på organisationsenhet","Namn på organisationsenhet. Om tillgängligt ska detta anges.
RIV-TA-typ: string. Kardinalitet i TKB: 0..1.","","","","","","","","","",,,,,"",,,,"getimagingoutcome.imagingOutcome.imagingOutcomeBody.imageRecording.accountableHealthcareProfessional.healthcareProfessionalOrgUnit.orgUnitName",0,1,"",""
"getimagingoutcome","getimagingoutcome.imagingOutcome.imagingOutcomeBody.imageRecording.accountableHealthcareProfessional.healthcareProfessionalOrgUnit.orgUnitTelecom","getimagingoutcome.imagingOutcome.imagingOutcomeBody.imageRecording.accountableHealthcareProfessional.healthcareProfessionalOrgUnit.orgUnitTelecom","","","",0,1,"","","","string {[]} {[]}
","Telefon till organisationsenhet.","Telefon till organisationsenhet.
RIV-TA-typ: string. Kardinalitet i TKB: 0..1.","","","","","","","","","",,,,,"",,,,"getimagingoutcome.imagingOutcome.imagingOutcomeBody.imageRecording.accountableHealthcareProfessional.healthcareProfessionalOrgUnit.orgUnitTelecom",0,1,"",""
"getimagingoutcome","getimagingoutcome.imagingOutcome.imagingOutcomeBody.imageRecording.accountableHealthcareProfessional.healthcareProfessionalOrgUnit.orgUnitEmail","getimagingoutcome.imagingOutcome.imagingOutcomeBody.imageRecording.accountableHealthcareProfessional.healthcareProfessionalOrgUnit.orgUnitEmail","","","",0,1,"","","","string {[]} {[]}
","Epost till organisationsenhet.","Epost till organisationsenhet.
RIV-TA-typ: string. Kardinalitet i TKB: 0..1.","","","","","","","","","",,,,,"",,,,"getimagingoutcome.imagingOutcome.imagingOutcomeBody.imageRecording.accountableHealthcareProfessional.healthcareProfessionalOrgUnit.orgUnitEmail",0,1,"",""
"getimagingoutcome","getimagingoutcome.imagingOutcome.imagingOutcomeBody.imageRecording.accountableHealthcareProfessional.healthcareProfessionalOrgUnit.orgUnitAddress","getimagingoutcome.imagingOutcome.imagingOutcomeBody.imageRecording.accountableHealthcareProfessional.healthcareProfessionalOrgUnit.orgUnitAddress","","","",0,1,"","","","string {[]} {[]}
","Postadress till organisationsenhet","Postadress till organisationsenhet. Skrivs på ett så naturligt sätt som möjligt, exempelvis: / ”Storgatan 12 / 468 91 Lilleby”
RIV-TA-typ: string. Kardinalitet i TKB: 0..1.","","","","","","","","","",,,,,"",,,,"getimagingoutcome.imagingOutcome.imagingOutcomeBody.imageRecording.accountableHealthcareProfessional.healthcareProfessionalOrgUnit.orgUnitAddress",0,1,"",""
"getimagingoutcome","getimagingoutcome.imagingOutcome.imagingOutcomeBody.imageRecording.accountableHealthcareProfessional.healthcareProfessionalOrgUnit.orgUnitLocation","getimagingoutcome.imagingOutcome.imagingOutcomeBody.imageRecording.accountableHealthcareProfessional.healthcareProfessionalOrgUnit.orgUnitLocation","","","",0,1,"","","","string {[]} {[]}
","Text som anger namnet på plats eller ort för organisationens fysiska placering.","Text som anger namnet på plats eller ort för organisationens fysiska placering.
RIV-TA-typ: string. Kardinalitet i TKB: 0..1.","","","","","","","","","",,,,,"",,,,"getimagingoutcome.imagingOutcome.imagingOutcomeBody.imageRecording.accountableHealthcareProfessional.healthcareProfessionalOrgUnit.orgUnitLocation",0,1,"",""
"getimagingoutcome","getimagingoutcome.imagingOutcome.imagingOutcomeBody.imageRecording.accountableHealthcareProfessional.healthcareProfessionalCareUnitHSAId","getimagingoutcome.imagingOutcome.imagingOutcomeBody.imageRecording.accountableHealthcareProfessional.healthcareProfessionalCareUnitHSAId","","","",0,0,"","","","string {[]} {[]}
","Ska ej anges","Ska ej anges
RIV-TA-typ: (ej angiven). Kardinalitet i TKB: 0..0.","","","","","","","","","",,,,,"",,,,"getimagingoutcome.imagingOutcome.imagingOutcomeBody.imageRecording.accountableHealthcareProfessional.healthcareProfessionalCareUnitHSAId",0,0,"",""
"getimagingoutcome","getimagingoutcome.imagingOutcome.imagingOutcomeBody.imageRecording.accountableHealthcareProfessional.healthcareProfessionalCareGiverHSAId","getimagingoutcome.imagingOutcome.imagingOutcomeBody.imageRecording.accountableHealthcareProfessional.healthcareProfessionalCareGiverHSAId","","","",0,0,"","","","string {[]} {[]}
","Ska ej anges","Ska ej anges
RIV-TA-typ: (ej angiven). Kardinalitet i TKB: 0..0.","","","","","","","","","",,,,,"",,,,"getimagingoutcome.imagingOutcome.imagingOutcomeBody.imageRecording.accountableHealthcareProfessional.healthcareProfessionalCareGiverHSAId",0,0,"",""
"getimagingoutcome","getimagingoutcome.imagingOutcome.imagingOutcomeBody.imageRecording.numberOfImages","getimagingoutcome.imagingOutcome.imagingOutcomeBody.imageRecording.numberOfImages","","","",0,1,"","","","integer {[]} {[]}
","Det totala antalet bilder i bildtagningen","Det totala antalet bilder i bildtagningen
RIV-TA-typ: int. Kardinalitet i TKB: 0..1.","","","","","","","","","",,,,,"",,,,"getimagingoutcome.imagingOutcome.imagingOutcomeBody.imageRecording.numberOfImages",0,1,"",""
"getimagingoutcome","getimagingoutcome.imagingOutcome.imagingOutcomeBody.imageRecording.modalityData","getimagingoutcome.imagingOutcome.imagingOutcomeBody.imageRecording.modalityData","","","",0,1,"","","","BackboneElement {[]} {[]}
","Information om bild-utrustningen som använts","Information om bild-utrustningen som använts
RIV-TA-typ: ModalityDataType. Kardinalitet i TKB: 0..1.","","","","","","","","","",,,,,"",,,,"getimagingoutcome.imagingOutcome.imagingOutcomeBody.imageRecording.modalityData",0,1,"","ele-1:All FHIR elements must have a @value or children {hasValue() or (children().count() > id.count())}
"
"getimagingoutcome","getimagingoutcome.imagingOutcome.imagingOutcomeBody.imageRecording.modalityData.id","getimagingoutcome.imagingOutcome.imagingOutcomeBody.imageRecording.modalityData.id","","","",0,1,"","","","string {[]} {[]}
","Unique id for inter-element referencing","Unique id for the element within a resource (for internal references). This may be any string value that does not contain spaces.","","","","","","","","","",,,,,"",,,,"Element.id",0,1,"",""
"getimagingoutcome","getimagingoutcome.imagingOutcome.imagingOutcomeBody.imageRecording.modalityData.extension","getimagingoutcome.imagingOutcome.imagingOutcomeBody.imageRecording.modalityData.extension","","extensions
user content","",0,*,"","","","Extension {[]} {[]}
","Additional content defined by implementations","May be used to represent additional information that is not part of the basic definition of the element. To make the use of extensions safe and manageable, there is a strict set of governance  applied to the definition and use of extensions. Though any implementer can define an extension, there is a set of requirements that SHALL be met as part of the definition of the extension.","There can be no stigma associated with the use of extensions by any application, project, or standard - regardless of the institution or jurisdiction that uses or defines the extensions.  The use of extensions is what allows the FHIR specification to retain a core level of simplicity for everyone.","","","","","","","","",,,,,"","value:url}
","Extensions are always sliced by (at least) url",,"open","Element.extension",0,*,"","ele-1:All FHIR elements must have a @value or children {hasValue() or (children().count() > id.count())}
ext-1:Must have either extensions or value[x], not both {extension.exists() != value.exists()}"
"getimagingoutcome","getimagingoutcome.imagingOutcome.imagingOutcomeBody.imageRecording.modalityData.modifierExtension","getimagingoutcome.imagingOutcome.imagingOutcomeBody.imageRecording.modalityData.modifierExtension","","extensions
user contentmodifiers","",0,*,"","Y","Y","Extension {[]} {[]}
","Extensions that cannot be ignored even if unrecognized","May be used to represent additional information that is not part of the basic definition of the element and that modifies the understanding of the element in which it is contained and/or the understanding of the containing element's descendants. Usually modifier elements provide negation or qualification. To make the use of extensions safe and manageable, there is a strict set of governance applied to the definition and use of extensions. Though any implementer can define an extension, there is a set of requirements that SHALL be met as part of the definition of the extension. Applications processing a resource are required to check for modifier extensions.

Modifier extensions SHALL NOT change the meaning of any elements on Resource or DomainResource (including cannot change the meaning of modifierExtension itself).","There can be no stigma associated with the use of extensions by any application, project, or standard - regardless of the institution or jurisdiction that uses or defines the extensions.  The use of extensions is what allows the FHIR specification to retain a core level of simplicity for everyone.","Modifier extensions allow for extensions that *cannot* be safely ignored to be clearly distinguished from the vast majority of extensions which can be safely ignored.  This promotes interoperability by eliminating the need for implementers to prohibit the presence of extensions. For further information, see the [definition of modifier extensions](http://hl7.org/fhir/R4/extensibility.html#modifierExtension).","","","","","","","",,,,,"",,,,"BackboneElement.modifierExtension",0,*,"","ele-1:All FHIR elements must have a @value or children {hasValue() or (children().count() > id.count())}
ext-1:Must have either extensions or value[x], not both {extension.exists() != value.exists()}"
"getimagingoutcome","getimagingoutcome.imagingOutcome.imagingOutcomeBody.imageRecording.modalityData.typeOfModality","getimagingoutcome.imagingOutcome.imagingOutcomeBody.imageRecording.modalityData.typeOfModality","","","",0,1,"","","","string {[]} {[]}
","Modalitetstyp för bildfångande utrustning.","Modalitetstyp för bildfångande utrustning.
RIV-TA-typ: string. Kardinalitet i TKB: 0..1.","","","","","","","","","",,,,,"",,,,"getimagingoutcome.imagingOutcome.imagingOutcomeBody.imageRecording.modalityData.typeOfModality",0,1,"",""
"getimagingoutcome","getimagingoutcome.imagingOutcome.imagingOutcomeBody.imageRecording.modalityData.manufacturer","getimagingoutcome.imagingOutcome.imagingOutcomeBody.imageRecording.modalityData.manufacturer","","","",0,1,"","","","string {[]} {[]}
","Producerande utrustnings tillverkare.","Producerande utrustnings tillverkare.
RIV-TA-typ: string. Kardinalitet i TKB: 0..1.","","","","","","","","","",,,,,"",,,,"getimagingoutcome.imagingOutcome.imagingOutcomeBody.imageRecording.modalityData.manufacturer",0,1,"",""
"getimagingoutcome","getimagingoutcome.imagingOutcome.imagingOutcomeBody.imageRecording.modalityData.modelName","getimagingoutcome.imagingOutcome.imagingOutcomeBody.imageRecording.modalityData.modelName","","","",0,1,"","","","string {[]} {[]}
","Producerande utrustnings modellnamn.","Producerande utrustnings modellnamn.
RIV-TA-typ: string. Kardinalitet i TKB: 0..1.","","","","","","","","","",,,,,"",,,,"getimagingoutcome.imagingOutcome.imagingOutcomeBody.imageRecording.modalityData.modelName",0,1,"",""
"getimagingoutcome","getimagingoutcome.imagingOutcome.imagingOutcomeBody.imageRecording.modalityData.equipmentId","getimagingoutcome.imagingOutcome.imagingOutcomeBody.imageRecording.modalityData.equipmentId","","","",0,1,"","","","string {[]} {[]}
","Identifierare för utrustningen","Identifierare för utrustningen. Kan tex vara serienummer eller inventarienummer.
RIV-TA-typ: string. Kardinalitet i TKB: 0..1.","","","","","","","","","",,,,,"",,,,"getimagingoutcome.imagingOutcome.imagingOutcomeBody.imageRecording.modalityData.equipmentId",0,1,"",""
"getimagingoutcome","getimagingoutcome.imagingOutcome.imagingOutcomeBody.imageRecording.modalityData.softwareVersion","getimagingoutcome.imagingOutcome.imagingOutcomeBody.imageRecording.modalityData.softwareVersion","","","",0,1,"","","","string {[]} {[]}
","Text som anger tillverkarens version av den bildproducerande mjukvaran","Text som anger tillverkarens version av den bildproducerande mjukvaran
RIV-TA-typ: string. Kardinalitet i TKB: 0..1.","","","","","","","","","",,,,,"",,,,"getimagingoutcome.imagingOutcome.imagingOutcomeBody.imageRecording.modalityData.softwareVersion",0,1,"",""
"getimagingoutcome","getimagingoutcome.imagingOutcome.imagingOutcomeBody.imageRecording.modalityData.lineFilter","getimagingoutcome.imagingOutcome.imagingOutcomeBody.imageRecording.modalityData.lineFilter","","","",0,0,"","","","string {[]} {[]}
","Ska ej anges.","Ska ej anges.
RIV-TA-typ: (ej angiven). Kardinalitet i TKB: 0..0.","","","","","","","","","",,,,,"",,,,"getimagingoutcome.imagingOutcome.imagingOutcomeBody.imageRecording.modalityData.lineFilter",0,0,"",""
"getimagingoutcome","getimagingoutcome.imagingOutcome.imagingOutcomeBody.imageRecording.imageDicomData","getimagingoutcome.imagingOutcome.imagingOutcomeBody.imageRecording.imageDicomData","","","",0,*,"","","","BackboneElement {[]} {[]}
","DICOM-objekt","DICOM-objekt. För att ge renderbar data som kan visas på det sätt som användaren önskar (med hjälp av en viewer/renderare) ges möjligheten att skicka med binärdata eller en URI till ett DICOM-objekt i någon av SOP-klasserna för Bild. / Både imageDicomData och ImageStaticData kan, och om möjligt bör anges för att underlätta för konsument.
RIV-TA-typ: DicomDataType. Kardinalitet i TKB: 0..*.","","","","","","","","","",,,,,"",,,,"getimagingoutcome.imagingOutcome.imagingOutcomeBody.imageRecording.imageDicomData",0,*,"","ele-1:All FHIR elements must have a @value or children {hasValue() or (children().count() > id.count())}
"
"getimagingoutcome","getimagingoutcome.imagingOutcome.imagingOutcomeBody.imageRecording.imageDicomData.id","getimagingoutcome.imagingOutcome.imagingOutcomeBody.imageRecording.imageDicomData.id","","","",0,1,"","","","string {[]} {[]}
","Unique id for inter-element referencing","Unique id for the element within a resource (for internal references). This may be any string value that does not contain spaces.","","","","","","","","","",,,,,"",,,,"Element.id",0,1,"",""
"getimagingoutcome","getimagingoutcome.imagingOutcome.imagingOutcomeBody.imageRecording.imageDicomData.extension","getimagingoutcome.imagingOutcome.imagingOutcomeBody.imageRecording.imageDicomData.extension","","extensions
user content","",0,*,"","","","Extension {[]} {[]}
","Additional content defined by implementations","May be used to represent additional information that is not part of the basic definition of the element. To make the use of extensions safe and manageable, there is a strict set of governance  applied to the definition and use of extensions. Though any implementer can define an extension, there is a set of requirements that SHALL be met as part of the definition of the extension.","There can be no stigma associated with the use of extensions by any application, project, or standard - regardless of the institution or jurisdiction that uses or defines the extensions.  The use of extensions is what allows the FHIR specification to retain a core level of simplicity for everyone.","","","","","","","","",,,,,"","value:url}
","Extensions are always sliced by (at least) url",,"open","Element.extension",0,*,"","ele-1:All FHIR elements must have a @value or children {hasValue() or (children().count() > id.count())}
ext-1:Must have either extensions or value[x], not both {extension.exists() != value.exists()}"
"getimagingoutcome","getimagingoutcome.imagingOutcome.imagingOutcomeBody.imageRecording.imageDicomData.modifierExtension","getimagingoutcome.imagingOutcome.imagingOutcomeBody.imageRecording.imageDicomData.modifierExtension","","extensions
user contentmodifiers","",0,*,"","Y","Y","Extension {[]} {[]}
","Extensions that cannot be ignored even if unrecognized","May be used to represent additional information that is not part of the basic definition of the element and that modifies the understanding of the element in which it is contained and/or the understanding of the containing element's descendants. Usually modifier elements provide negation or qualification. To make the use of extensions safe and manageable, there is a strict set of governance applied to the definition and use of extensions. Though any implementer can define an extension, there is a set of requirements that SHALL be met as part of the definition of the extension. Applications processing a resource are required to check for modifier extensions.

Modifier extensions SHALL NOT change the meaning of any elements on Resource or DomainResource (including cannot change the meaning of modifierExtension itself).","There can be no stigma associated with the use of extensions by any application, project, or standard - regardless of the institution or jurisdiction that uses or defines the extensions.  The use of extensions is what allows the FHIR specification to retain a core level of simplicity for everyone.","Modifier extensions allow for extensions that *cannot* be safely ignored to be clearly distinguished from the vast majority of extensions which can be safely ignored.  This promotes interoperability by eliminating the need for implementers to prohibit the presence of extensions. For further information, see the [definition of modifier extensions](http://hl7.org/fhir/R4/extensibility.html#modifierExtension).","","","","","","","",,,,,"",,,,"BackboneElement.modifierExtension",0,*,"","ele-1:All FHIR elements must have a @value or children {hasValue() or (children().count() > id.count())}
ext-1:Must have either extensions or value[x], not both {extension.exists() != value.exists()}"
"getimagingoutcome","getimagingoutcome.imagingOutcome.imagingOutcomeBody.imageRecording.imageDicomData.dicomSOP","getimagingoutcome.imagingOutcome.imagingOutcomeBody.imageRecording.imageDicomData.dicomSOP","","","",1,1,"","","","Identifier {[]} {[]}
","SOP UID för DICOM-objektet","SOP UID för DICOM-objektet. Beskriver vilken information som kan förväntas i datan (jmf. mediaType nedan för statisk bild). / T.ex. 1.2.840.10008.5.1.4.1.1.1.1 för digital x-ray for presentation
RIV-TA-typ: IIType. Kardinalitet i TKB: 1..1.","","","","","","","","","",,,,,"",,,,"getimagingoutcome.imagingOutcome.imagingOutcomeBody.imageRecording.imageDicomData.dicomSOP",1,1,"",""
"getimagingoutcome","getimagingoutcome.imagingOutcome.imagingOutcomeBody.imageRecording.imageDicomData.dicomValue","getimagingoutcome.imagingOutcome.imagingOutcomeBody.imageRecording.imageDicomData.dicomValue","","","",0,1,"","","","base64Binary {[]} {[]}
","Binärdata som representerar objektet","Binärdata som representerar objektet. Ett och endast ett av DicomValue och DicomReference ska anges.
RIV-TA-typ: base64Binary. Kardinalitet i TKB: 0..1.","","","","","","","","","",,,,,"",,,,"getimagingoutcome.imagingOutcome.imagingOutcomeBody.imageRecording.imageDicomData.dicomValue",0,1,"",""
"getimagingoutcome","getimagingoutcome.imagingOutcome.imagingOutcomeBody.imageRecording.imageDicomData.dicomReference","getimagingoutcome.imagingOutcome.imagingOutcomeBody.imageRecording.imageDicomData.dicomReference","","","",0,1,"","","","uri {[]} {[]}
","Referens till externt DICOM-objekt med åtkomst enligt WADO","Referens till externt DICOM-objekt med åtkomst enligt WADO. En tillverkarspecifik länk som är möjlig att via en säker anslutning visa i en webklient
RIV-TA-typ: anyURI. Kardinalitet i TKB: 0..1.","","","","","","","","","",,,,,"",,,,"getimagingoutcome.imagingOutcome.imagingOutcomeBody.imageRecording.imageDicomData.dicomReference",0,1,"",""
"getimagingoutcome","getimagingoutcome.imagingOutcome.imagingOutcomeBody.imageRecording.imageStructuredData","getimagingoutcome.imagingOutcome.imagingOutcomeBody.imageRecording.imageStructuredData","","","",0,*,"","","","BackboneElement {[]} {[]}
","Strukturerad mätdata för bild-tagningen med statiskt bildobjekt eller referens till bildfil.","Strukturerad mätdata för bild-tagningen med statiskt bildobjekt eller referens till bildfil.
RIV-TA-typ: ImageStructuredDataType. Kardinalitet i TKB: 0..*.","","","","","","","","","",,,,,"",,,,"getimagingoutcome.imagingOutcome.imagingOutcomeBody.imageRecording.imageStructuredData",0,*,"","ele-1:All FHIR elements must have a @value or children {hasValue() or (children().count() > id.count())}
"
"getimagingoutcome","getimagingoutcome.imagingOutcome.imagingOutcomeBody.imageRecording.imageStructuredData.id","getimagingoutcome.imagingOutcome.imagingOutcomeBody.imageRecording.imageStructuredData.id","","","",0,1,"","","","string {[]} {[]}
","Unique id for inter-element referencing","Unique id for the element within a resource (for internal references). This may be any string value that does not contain spaces.","","","","","","","","","",,,,,"",,,,"Element.id",0,1,"",""
"getimagingoutcome","getimagingoutcome.imagingOutcome.imagingOutcomeBody.imageRecording.imageStructuredData.extension","getimagingoutcome.imagingOutcome.imagingOutcomeBody.imageRecording.imageStructuredData.extension","","extensions
user content","",0,*,"","","","Extension {[]} {[]}
","Additional content defined by implementations","May be used to represent additional information that is not part of the basic definition of the element. To make the use of extensions safe and manageable, there is a strict set of governance  applied to the definition and use of extensions. Though any implementer can define an extension, there is a set of requirements that SHALL be met as part of the definition of the extension.","There can be no stigma associated with the use of extensions by any application, project, or standard - regardless of the institution or jurisdiction that uses or defines the extensions.  The use of extensions is what allows the FHIR specification to retain a core level of simplicity for everyone.","","","","","","","","",,,,,"","value:url}
","Extensions are always sliced by (at least) url",,"open","Element.extension",0,*,"","ele-1:All FHIR elements must have a @value or children {hasValue() or (children().count() > id.count())}
ext-1:Must have either extensions or value[x], not both {extension.exists() != value.exists()}"
"getimagingoutcome","getimagingoutcome.imagingOutcome.imagingOutcomeBody.imageRecording.imageStructuredData.modifierExtension","getimagingoutcome.imagingOutcome.imagingOutcomeBody.imageRecording.imageStructuredData.modifierExtension","","extensions
user contentmodifiers","",0,*,"","Y","Y","Extension {[]} {[]}
","Extensions that cannot be ignored even if unrecognized","May be used to represent additional information that is not part of the basic definition of the element and that modifies the understanding of the element in which it is contained and/or the understanding of the containing element's descendants. Usually modifier elements provide negation or qualification. To make the use of extensions safe and manageable, there is a strict set of governance applied to the definition and use of extensions. Though any implementer can define an extension, there is a set of requirements that SHALL be met as part of the definition of the extension. Applications processing a resource are required to check for modifier extensions.

Modifier extensions SHALL NOT change the meaning of any elements on Resource or DomainResource (including cannot change the meaning of modifierExtension itself).","There can be no stigma associated with the use of extensions by any application, project, or standard - regardless of the institution or jurisdiction that uses or defines the extensions.  The use of extensions is what allows the FHIR specification to retain a core level of simplicity for everyone.","Modifier extensions allow for extensions that *cannot* be safely ignored to be clearly distinguished from the vast majority of extensions which can be safely ignored.  This promotes interoperability by eliminating the need for implementers to prohibit the presence of extensions. For further information, see the [definition of modifier extensions](http://hl7.org/fhir/R4/extensibility.html#modifierExtension).","","","","","","","",,,,,"",,,,"BackboneElement.modifierExtension",0,*,"","ele-1:All FHIR elements must have a @value or children {hasValue() or (children().count() > id.count())}
ext-1:Must have either extensions or value[x], not both {extension.exists() != value.exists()}"
"getimagingoutcome","getimagingoutcome.imagingOutcome.imagingOutcomeBody.imageRecording.imageStructuredData.aperture","getimagingoutcome.imagingOutcome.imagingOutcomeBody.imageRecording.imageStructuredData.aperture","","","",0,1,"","","","Quantity {[]} {[]}
","Anges som f/(enhetslöst).","Anges som f/(enhetslöst).
RIV-TA-typ: PQType. Kardinalitet i TKB: 0..1.","","","","","","","","","",,,,,"",,,,"getimagingoutcome.imagingOutcome.imagingOutcomeBody.imageRecording.imageStructuredData.aperture",0,1,"",""
"getimagingoutcome","getimagingoutcome.imagingOutcome.imagingOutcomeBody.imageRecording.imageStructuredData.exposureTime","getimagingoutcome.imagingOutcome.imagingOutcomeBody.imageRecording.imageStructuredData.exposureTime","","","",0,1,"","","","Quantity {[]} {[]}
","I sekunder","I sekunder
RIV-TA-typ: PQType. Kardinalitet i TKB: 0..1.","","","","","","","","","",,,,,"",,,,"getimagingoutcome.imagingOutcome.imagingOutcomeBody.imageRecording.imageStructuredData.exposureTime",0,1,"",""
"getimagingoutcome","getimagingoutcome.imagingOutcome.imagingOutcomeBody.imageRecording.imageStructuredData.imageCreationTime","getimagingoutcome.imagingOutcome.imagingOutcomeBody.imageRecording.imageStructuredData.imageCreationTime","","","",0,1,"","","","instant {[]} {[]}
","Tid då bilden skapats.","Tid då bilden skapats.
RIV-TA-typ: TimeStampType. Kardinalitet i TKB: 0..1.","","","","","","","","","",,,,,"",,,,"getimagingoutcome.imagingOutcome.imagingOutcomeBody.imageRecording.imageStructuredData.imageCreationTime",0,1,"",""
"getimagingoutcome","getimagingoutcome.imagingOutcome.imagingOutcomeBody.imageRecording.imageStructuredData.bodyPartExamined","getimagingoutcome.imagingOutcome.imagingOutcomeBody.imageRecording.imageStructuredData.bodyPartExamined","","","",0,1,"","","","CodeableConcept {[]} {[]}
","Kroppsdel","Kroppsdel. Bör anges med kod ur SNOMED CT (OID: 1.2.752.116.2.1.1). Om kodverk saknas kan kroppsdel anges i originalText.
RIV-TA-typ: CVType. Kardinalitet i TKB: 0..1.","","","","","","","","","",,,,,"",,,,"getimagingoutcome.imagingOutcome.imagingOutcomeBody.imageRecording.imageStructuredData.bodyPartExamined",0,1,"",""
"getimagingoutcome","getimagingoutcome.imagingOutcome.imagingOutcomeBody.imageRecording.imageStructuredData.contrastAgentUsed","getimagingoutcome.imagingOutcome.imagingOutcomeBody.imageRecording.imageStructuredData.contrastAgentUsed","","","",0,1,"","","","string {[]} {[]}
","Kontrast som använts vid bildtagningen.","Kontrast som använts vid bildtagningen.
RIV-TA-typ: string. Kardinalitet i TKB: 0..1.","","","","","","","","","",,,,,"",,,,"getimagingoutcome.imagingOutcome.imagingOutcomeBody.imageRecording.imageStructuredData.contrastAgentUsed",0,1,"",""
"getimagingoutcome","getimagingoutcome.imagingOutcome.imagingOutcomeBody.imageRecording.imageStructuredData.magneticFieldStrength","getimagingoutcome.imagingOutcome.imagingOutcomeBody.imageRecording.imageStructuredData.magneticFieldStrength","","","",0,1,"","","","Quantity {[]} {[]}
","Magnetisk fältsyrka i T.","Magnetisk fältsyrka i T.
RIV-TA-typ: PQType. Kardinalitet i TKB: 0..1.","","","","","","","","","",,,,,"",,,,"getimagingoutcome.imagingOutcome.imagingOutcomeBody.imageRecording.imageStructuredData.magneticFieldStrength",0,1,"",""
"getimagingoutcome","getimagingoutcome.imagingOutcome.imagingOutcomeBody.imageRecording.imageStructuredData.copyright","getimagingoutcome.imagingOutcome.imagingOutcomeBody.imageRecording.imageStructuredData.copyright","","","",0,1,"","","","string {[]} {[]}
","Copyright-ägare av bilden","Copyright-ägare av bilden
RIV-TA-typ: string. Kardinalitet i TKB: 0..1.","","","","","","","","","",,,,,"",,,,"getimagingoutcome.imagingOutcome.imagingOutcomeBody.imageRecording.imageStructuredData.copyright",0,1,"",""
"getimagingoutcome","getimagingoutcome.imagingOutcome.imagingOutcomeBody.imageRecording.imageStructuredData.imageData","getimagingoutcome.imagingOutcome.imagingOutcomeBody.imageRecording.imageStructuredData.imageData","","","",1,1,"","","","BackboneElement {[]} {[]}
","Möjlighet att svara med en bild i något av de tillåtna formaten enligt HL7 multimediatyper (inkl","Möjlighet att svara med en bild i något av de tillåtna formaten enligt HL7 multimediatyper (inkl. PDF).
RIV-TA-typ: ImageDataType. Kardinalitet i TKB: 1..1.","","","","","","","","","",,,,,"",,,,"getimagingoutcome.imagingOutcome.imagingOutcomeBody.imageRecording.imageStructuredData.imageData",1,1,"","getimagingoutcome-imagedata-value-xor-reference:imageData: ett och endast ett av value och reference ska anges. {imageDataValue.exists() xor reference.exists()}
ele-1:All FHIR elements must have a @value or children {hasValue() or (children().count() > id.count())}"
"getimagingoutcome","getimagingoutcome.imagingOutcome.imagingOutcomeBody.imageRecording.imageStructuredData.imageData.id","getimagingoutcome.imagingOutcome.imagingOutcomeBody.imageRecording.imageStructuredData.imageData.id","","","",0,1,"","","","string {[]} {[]}
","Unique id for inter-element referencing","Unique id for the element within a resource (for internal references). This may be any string value that does not contain spaces.","","","","","","","","","",,,,,"",,,,"Element.id",0,1,"",""
"getimagingoutcome","getimagingoutcome.imagingOutcome.imagingOutcomeBody.imageRecording.imageStructuredData.imageData.extension","getimagingoutcome.imagingOutcome.imagingOutcomeBody.imageRecording.imageStructuredData.imageData.extension","","extensions
user content","",0,*,"","","","Extension {[]} {[]}
","Additional content defined by implementations","May be used to represent additional information that is not part of the basic definition of the element. To make the use of extensions safe and manageable, there is a strict set of governance  applied to the definition and use of extensions. Though any implementer can define an extension, there is a set of requirements that SHALL be met as part of the definition of the extension.","There can be no stigma associated with the use of extensions by any application, project, or standard - regardless of the institution or jurisdiction that uses or defines the extensions.  The use of extensions is what allows the FHIR specification to retain a core level of simplicity for everyone.","","","","","","","","",,,,,"","value:url}
","Extensions are always sliced by (at least) url",,"open","Element.extension",0,*,"","ele-1:All FHIR elements must have a @value or children {hasValue() or (children().count() > id.count())}
ext-1:Must have either extensions or value[x], not both {extension.exists() != value.exists()}"
"getimagingoutcome","getimagingoutcome.imagingOutcome.imagingOutcomeBody.imageRecording.imageStructuredData.imageData.modifierExtension","getimagingoutcome.imagingOutcome.imagingOutcomeBody.imageRecording.imageStructuredData.imageData.modifierExtension","","extensions
user contentmodifiers","",0,*,"","Y","Y","Extension {[]} {[]}
","Extensions that cannot be ignored even if unrecognized","May be used to represent additional information that is not part of the basic definition of the element and that modifies the understanding of the element in which it is contained and/or the understanding of the containing element's descendants. Usually modifier elements provide negation or qualification. To make the use of extensions safe and manageable, there is a strict set of governance applied to the definition and use of extensions. Though any implementer can define an extension, there is a set of requirements that SHALL be met as part of the definition of the extension. Applications processing a resource are required to check for modifier extensions.

Modifier extensions SHALL NOT change the meaning of any elements on Resource or DomainResource (including cannot change the meaning of modifierExtension itself).","There can be no stigma associated with the use of extensions by any application, project, or standard - regardless of the institution or jurisdiction that uses or defines the extensions.  The use of extensions is what allows the FHIR specification to retain a core level of simplicity for everyone.","Modifier extensions allow for extensions that *cannot* be safely ignored to be clearly distinguished from the vast majority of extensions which can be safely ignored.  This promotes interoperability by eliminating the need for implementers to prohibit the presence of extensions. For further information, see the [definition of modifier extensions](http://hl7.org/fhir/R4/extensibility.html#modifierExtension).","","","","","","","",,,,,"",,,,"BackboneElement.modifierExtension",0,*,"","ele-1:All FHIR elements must have a @value or children {hasValue() or (children().count() > id.count())}
ext-1:Must have either extensions or value[x], not both {extension.exists() != value.exists()}"
"getimagingoutcome","getimagingoutcome.imagingOutcome.imagingOutcomeBody.imageRecording.imageStructuredData.imageData.mediaType","getimagingoutcome.imagingOutcome.imagingOutcomeBody.imageRecording.imageStructuredData.imageData.mediaType","","","",1,1,"","","","code {[]} {[]}
","Mediatyper enligt HL7 MediaType.","Mediatyper enligt HL7 MediaType.
RIV-TA-typ: MediaTypeEnum. Kardinalitet i TKB: 1..1.","","","","","","","","","",,"required","","https://fhir.inera.se/ig/clinicalprocess-healthcond-actoutcome/ValueSet/mediatype-vs","",,,,"getimagingoutcome.imagingOutcome.imagingOutcomeBody.imageRecording.imageStructuredData.imageData.mediaType",1,1,"",""
"getimagingoutcome","getimagingoutcome.imagingOutcome.imagingOutcomeBody.imageRecording.imageStructuredData.imageData.imageDataValue","getimagingoutcome.imagingOutcome.imagingOutcomeBody.imageRecording.imageStructuredData.imageData.imageDataValue","","","",0,1,"","","","base64Binary {[]} {[]}
","Value är binärdata som representerar objektet (RIV-TA: value)","Value är binärdata som representerar objektet. Ett och endast ett av value och reference ska anges.
RIV-TA-typ: base64Binary. Kardinalitet i TKB: 0..1.","","","","","","","","","",,,,,"",,,,"getimagingoutcome.imagingOutcome.imagingOutcomeBody.imageRecording.imageStructuredData.imageData.imageDataValue",0,1,"",""
"getimagingoutcome","getimagingoutcome.imagingOutcome.imagingOutcomeBody.imageRecording.imageStructuredData.imageData.reference","getimagingoutcome.imagingOutcome.imagingOutcomeBody.imageRecording.imageStructuredData.imageData.reference","","","",0,1,"","","","uri {[]} {[]}
","Referens till extern bild i form av en URL","Referens till extern bild i form av en URL. Ett och endast ett av value och reference ska anges. En tillverkarspecifik länk som är möjlig att via en säker anslutning visa i en webklient
RIV-TA-typ: anyURI. Kardinalitet i TKB: 0..1.","","","","","","","","","",,,,,"",,,,"getimagingoutcome.imagingOutcome.imagingOutcomeBody.imageRecording.imageStructuredData.imageData.reference",0,1,"",""
"getimagingoutcome","getimagingoutcome.imagingOutcome.imagingOutcomeBody.imageRecording.imageStructuredData.imageData.burnedInaAnnotations","getimagingoutcome.imagingOutcome.imagingOutcomeBody.imageRecording.imageStructuredData.imageData.burnedInaAnnotations","","","",0,1,"","","","boolean {[]} {[]}
","True om patientdata finns i pixelinformationen. (TKB: burnedInAnnotations)","True om patientdata finns i pixelinformationen.
RIV-TA-typ: boolean. Kardinalitet i TKB: 0..1.","","","","","","","","","",,,,,"",,,,"getimagingoutcome.imagingOutcome.imagingOutcomeBody.imageRecording.imageStructuredData.imageData.burnedInaAnnotations",0,1,"",""
"getimagingoutcome","getimagingoutcome.imagingOutcome.imagingOutcomeBody.referral","getimagingoutcome.imagingOutcome.imagingOutcomeBody.referral","","","",0,1,"","","","BackboneElement {[]} {[]}
","Information om den vårdbegäran(remiss) som ligger till grund för undersökningen och dess svar","Information om den vårdbegäran(remiss) som ligger till grund för undersökningen och dess svar. Måste vara valfri eftersom tagning av Bild inte alltid remitteras
RIV-TA-typ: ReferralType. Kardinalitet i TKB: 0..1.","","","","","","","","","",,,,,"",,,,"getimagingoutcome.imagingOutcome.imagingOutcomeBody.referral",0,1,"","ele-1:All FHIR elements must have a @value or children {hasValue() or (children().count() > id.count())}
"
"getimagingoutcome","getimagingoutcome.imagingOutcome.imagingOutcomeBody.referral.id","getimagingoutcome.imagingOutcome.imagingOutcomeBody.referral.id","","","",0,1,"","","","string {[]} {[]}
","Unique id for inter-element referencing","Unique id for the element within a resource (for internal references). This may be any string value that does not contain spaces.","","","","","","","","","",,,,,"",,,,"Element.id",0,1,"",""
"getimagingoutcome","getimagingoutcome.imagingOutcome.imagingOutcomeBody.referral.extension","getimagingoutcome.imagingOutcome.imagingOutcomeBody.referral.extension","","extensions
user content","",0,*,"","","","Extension {[]} {[]}
","Additional content defined by implementations","May be used to represent additional information that is not part of the basic definition of the element. To make the use of extensions safe and manageable, there is a strict set of governance  applied to the definition and use of extensions. Though any implementer can define an extension, there is a set of requirements that SHALL be met as part of the definition of the extension.","There can be no stigma associated with the use of extensions by any application, project, or standard - regardless of the institution or jurisdiction that uses or defines the extensions.  The use of extensions is what allows the FHIR specification to retain a core level of simplicity for everyone.","","","","","","","","",,,,,"","value:url}
","Extensions are always sliced by (at least) url",,"open","Element.extension",0,*,"","ele-1:All FHIR elements must have a @value or children {hasValue() or (children().count() > id.count())}
ext-1:Must have either extensions or value[x], not both {extension.exists() != value.exists()}"
"getimagingoutcome","getimagingoutcome.imagingOutcome.imagingOutcomeBody.referral.modifierExtension","getimagingoutcome.imagingOutcome.imagingOutcomeBody.referral.modifierExtension","","extensions
user contentmodifiers","",0,*,"","Y","Y","Extension {[]} {[]}
","Extensions that cannot be ignored even if unrecognized","May be used to represent additional information that is not part of the basic definition of the element and that modifies the understanding of the element in which it is contained and/or the understanding of the containing element's descendants. Usually modifier elements provide negation or qualification. To make the use of extensions safe and manageable, there is a strict set of governance applied to the definition and use of extensions. Though any implementer can define an extension, there is a set of requirements that SHALL be met as part of the definition of the extension. Applications processing a resource are required to check for modifier extensions.

Modifier extensions SHALL NOT change the meaning of any elements on Resource or DomainResource (including cannot change the meaning of modifierExtension itself).","There can be no stigma associated with the use of extensions by any application, project, or standard - regardless of the institution or jurisdiction that uses or defines the extensions.  The use of extensions is what allows the FHIR specification to retain a core level of simplicity for everyone.","Modifier extensions allow for extensions that *cannot* be safely ignored to be clearly distinguished from the vast majority of extensions which can be safely ignored.  This promotes interoperability by eliminating the need for implementers to prohibit the presence of extensions. For further information, see the [definition of modifier extensions](http://hl7.org/fhir/R4/extensibility.html#modifierExtension).","","","","","","","",,,,,"",,,,"BackboneElement.modifierExtension",0,*,"","ele-1:All FHIR elements must have a @value or children {hasValue() or (children().count() > id.count())}
ext-1:Must have either extensions or value[x], not both {extension.exists() != value.exists()}"
"getimagingoutcome","getimagingoutcome.imagingOutcome.imagingOutcomeBody.referral.referralId","getimagingoutcome.imagingOutcome.imagingOutcomeBody.referral.referralId","","","",1,1,"","","","string {[]} {[]}
","Remissens identitet som är unik inom det lokala avsändande systemet","Remissens identitet som är unik inom det lokala avsändande systemet. Motsvarar vårdbegäran-id
RIV-TA-typ: string. Kardinalitet i TKB: 1..1.","","","","","","","","","",,,,,"",,,,"getimagingoutcome.imagingOutcome.imagingOutcomeBody.referral.referralId",1,1,"",""
"getimagingoutcome","getimagingoutcome.imagingOutcome.imagingOutcomeBody.referral.referralReason","getimagingoutcome.imagingOutcome.imagingOutcomeBody.referral.referralReason","","","",0,1,"","","","string {[]} {[]}
","Text som anger frågeställningen","Text som anger frågeställningen
RIV-TA-typ: string. Kardinalitet i TKB: 0..1.","","","","","","","","","",,,,,"",,,,"getimagingoutcome.imagingOutcome.imagingOutcomeBody.referral.referralReason",0,1,"",""
"getimagingoutcome","getimagingoutcome.imagingOutcome.imagingOutcomeBody.referral.anamnesis","getimagingoutcome.imagingOutcome.imagingOutcomeBody.referral.anamnesis","","","",0,1,"","","","string {[]} {[]}
","Text som anger bakgrund till frågeställningen","Text som anger bakgrund till frågeställningen
RIV-TA-typ: string. Kardinalitet i TKB: 0..1.","","","","","","","","","",,,,,"",,,,"getimagingoutcome.imagingOutcome.imagingOutcomeBody.referral.anamnesis",0,1,"",""
"getimagingoutcome","getimagingoutcome.imagingOutcome.imagingOutcomeBody.referral.careContactId","getimagingoutcome.imagingOutcome.imagingOutcomeBody.referral.careContactId","","","",0,1,"","","","string {[]} {[]}
","Identitet för den hälso-och sjukvårdskontakt som föranlett vårdbegäran","Identitet för den hälso-och sjukvårdskontakt som föranlett vårdbegäran. Identiteten är unik inom producernade system.
RIV-TA-typ: string. Kardinalitet i TKB: 0..1.","","","","","","","","","",,,,,"",,,,"getimagingoutcome.imagingOutcome.imagingOutcomeBody.referral.careContactId",0,1,"",""
"getimagingoutcome","getimagingoutcome.imagingOutcome.imagingOutcomeBody.referral.accountableHealthcareProfessional","getimagingoutcome.imagingOutcome.imagingOutcomeBody.referral.accountableHealthcareProfessional","","","",1,1,"","","","BackboneElement {[]} {[]}
","Information om den hälso-och sjukvårdspersonal som framställt vårdbegäran, nedan kallad remittent.","Information om den hälso-och sjukvårdspersonal som framställt vårdbegäran, nedan kallad remittent.
RIV-TA-typ: HealthcareProfessionalType. Kardinalitet i TKB: 1..1.","","","","","","","","","",,,,,"",,,,"getimagingoutcome.imagingOutcome.imagingOutcomeBody.referral.accountableHealthcareProfessional",1,1,"","ele-1:All FHIR elements must have a @value or children {hasValue() or (children().count() > id.count())}
"
"getimagingoutcome","getimagingoutcome.imagingOutcome.imagingOutcomeBody.referral.accountableHealthcareProfessional.id","getimagingoutcome.imagingOutcome.imagingOutcomeBody.referral.accountableHealthcareProfessional.id","","","",0,1,"","","","string {[]} {[]}
","Unique id for inter-element referencing","Unique id for the element within a resource (for internal references). This may be any string value that does not contain spaces.","","","","","","","","","",,,,,"",,,,"Element.id",0,1,"",""
"getimagingoutcome","getimagingoutcome.imagingOutcome.imagingOutcomeBody.referral.accountableHealthcareProfessional.extension","getimagingoutcome.imagingOutcome.imagingOutcomeBody.referral.accountableHealthcareProfessional.extension","","extensions
user content","",0,*,"","","","Extension {[]} {[]}
","Additional content defined by implementations","May be used to represent additional information that is not part of the basic definition of the element. To make the use of extensions safe and manageable, there is a strict set of governance  applied to the definition and use of extensions. Though any implementer can define an extension, there is a set of requirements that SHALL be met as part of the definition of the extension.","There can be no stigma associated with the use of extensions by any application, project, or standard - regardless of the institution or jurisdiction that uses or defines the extensions.  The use of extensions is what allows the FHIR specification to retain a core level of simplicity for everyone.","","","","","","","","",,,,,"","value:url}
","Extensions are always sliced by (at least) url",,"open","Element.extension",0,*,"","ele-1:All FHIR elements must have a @value or children {hasValue() or (children().count() > id.count())}
ext-1:Must have either extensions or value[x], not both {extension.exists() != value.exists()}"
"getimagingoutcome","getimagingoutcome.imagingOutcome.imagingOutcomeBody.referral.accountableHealthcareProfessional.modifierExtension","getimagingoutcome.imagingOutcome.imagingOutcomeBody.referral.accountableHealthcareProfessional.modifierExtension","","extensions
user contentmodifiers","",0,*,"","Y","Y","Extension {[]} {[]}
","Extensions that cannot be ignored even if unrecognized","May be used to represent additional information that is not part of the basic definition of the element and that modifies the understanding of the element in which it is contained and/or the understanding of the containing element's descendants. Usually modifier elements provide negation or qualification. To make the use of extensions safe and manageable, there is a strict set of governance applied to the definition and use of extensions. Though any implementer can define an extension, there is a set of requirements that SHALL be met as part of the definition of the extension. Applications processing a resource are required to check for modifier extensions.

Modifier extensions SHALL NOT change the meaning of any elements on Resource or DomainResource (including cannot change the meaning of modifierExtension itself).","There can be no stigma associated with the use of extensions by any application, project, or standard - regardless of the institution or jurisdiction that uses or defines the extensions.  The use of extensions is what allows the FHIR specification to retain a core level of simplicity for everyone.","Modifier extensions allow for extensions that *cannot* be safely ignored to be clearly distinguished from the vast majority of extensions which can be safely ignored.  This promotes interoperability by eliminating the need for implementers to prohibit the presence of extensions. For further information, see the [definition of modifier extensions](http://hl7.org/fhir/R4/extensibility.html#modifierExtension).","","","","","","","",,,,,"",,,,"BackboneElement.modifierExtension",0,*,"","ele-1:All FHIR elements must have a @value or children {hasValue() or (children().count() > id.count())}
ext-1:Must have either extensions or value[x], not both {extension.exists() != value.exists()}"
"getimagingoutcome","getimagingoutcome.imagingOutcome.imagingOutcomeBody.referral.accountableHealthcareProfessional.authorTime","getimagingoutcome.imagingOutcome.imagingOutcomeBody.referral.accountableHealthcareProfessional.authorTime","","","",1,1,"","","","instant {[]} {[]}
","Tid då vårdbegäran framställdes","Tid då vårdbegäran framställdes
RIV-TA-typ: TimeStampType. Kardinalitet i TKB: 1..1.","","","","","","","","","",,,,,"",,,,"getimagingoutcome.imagingOutcome.imagingOutcomeBody.referral.accountableHealthcareProfessional.authorTime",1,1,"",""
"getimagingoutcome","getimagingoutcome.imagingOutcome.imagingOutcomeBody.referral.accountableHealthcareProfessional.healthcareProfessionalHSAId","getimagingoutcome.imagingOutcome.imagingOutcomeBody.referral.accountableHealthcareProfessional.healthcareProfessionalHSAId","","","",0,1,"","","","Identifier {[]} {[]}
","Remittentens HSA-id (TKB: healthcareProfessionalHSAid)","Remittentens HSA-id. HSA-id för hälso-och sjukvårdspersonal. Ska anges om tillgänglig.
RIV-TA-typ: HSAIdType. Kardinalitet i TKB: 0..1.","","","","","","","","","",,,,,"",,,,"getimagingoutcome.imagingOutcome.imagingOutcomeBody.referral.accountableHealthcareProfessional.healthcareProfessionalHSAId",0,1,"",""
"getimagingoutcome","getimagingoutcome.imagingOutcome.imagingOutcomeBody.referral.accountableHealthcareProfessional.healthcareProfessionalName","getimagingoutcome.imagingOutcome.imagingOutcomeBody.referral.accountableHealthcareProfessional.healthcareProfessionalName","","","",0,1,"","","","string {[]} {[]}
","Namn på remittenten","Namn på remittenten. Om tillgängligt ska detta anges.
RIV-TA-typ: string. Kardinalitet i TKB: 0..1.","","","","","","","","","",,,,,"",,,,"getimagingoutcome.imagingOutcome.imagingOutcomeBody.referral.accountableHealthcareProfessional.healthcareProfessionalName",0,1,"",""
"getimagingoutcome","getimagingoutcome.imagingOutcome.imagingOutcomeBody.referral.accountableHealthcareProfessional.healthcareProfessionalRoleCode","getimagingoutcome.imagingOutcome.imagingOutcomeBody.referral.accountableHealthcareProfessional.healthcareProfessionalRoleCode","","","",0,1,"","","","CodeableConcept {[]} {[]}
","Information om remittentens befattning","Information om remittentens befattning. Om möjligt ska KV Befattning (OID 1.2.752.129.2.2.1.4) användas. Om kodverk saknas anges befattning i originalText.
RIV-TA-typ: CVType. Kardinalitet i TKB: 0..1.
Delelement enligt TKB:
- code (string, 0..1): Befattningskod. Om code anges ska också codeSystem  samt displayName anges.
- codeSystem (string, 0..1): Kodsystem för befattningskod. Om codeSystem anges ska också code samt displayName anges.
- displayName (string, 0..1): Befattningskoden i klartext. Om separat displayName inte finns i producerande system ska samma värde som i code anges.
- codeSystemName (string, 0..1): Namn på kodsystem för befattningskod.
- codeSystemVersion (string, 0..1): Version på kodsystem för befattningskod.
- originalText (string, 0..1): Om befattning är beskriven i ett lokalt kodverk utan OID, eller när kod helt saknas, kan en beskrivande text anges i originalText.","","","","","","","","","",,,,,"",,,,"getimagingoutcome.imagingOutcome.imagingOutcomeBody.referral.accountableHealthcareProfessional.healthcareProfessionalRoleCode",0,1,"",""
"getimagingoutcome","getimagingoutcome.imagingOutcome.imagingOutcomeBody.referral.accountableHealthcareProfessional.healthcareProfessionalOrgUnit","getimagingoutcome.imagingOutcome.imagingOutcomeBody.referral.accountableHealthcareProfessional.healthcareProfessionalOrgUnit","","","",1,1,"","","","BackboneElement {[]} {[]}
","Den organisation som remittenten är uppdragstagare på","Den organisation som remittenten är uppdragstagare på
RIV-TA-typ: OrgUnitType. Kardinalitet i TKB: 1..1.","","","","","","","","","",,,,,"",,,,"getimagingoutcome.imagingOutcome.imagingOutcomeBody.referral.accountableHealthcareProfessional.healthcareProfessionalOrgUnit",1,1,"","ele-1:All FHIR elements must have a @value or children {hasValue() or (children().count() > id.count())}
"
"getimagingoutcome","getimagingoutcome.imagingOutcome.imagingOutcomeBody.referral.accountableHealthcareProfessional.healthcareProfessionalOrgUnit.id","getimagingoutcome.imagingOutcome.imagingOutcomeBody.referral.accountableHealthcareProfessional.healthcareProfessionalOrgUnit.id","","","",0,1,"","","","string {[]} {[]}
","Unique id for inter-element referencing","Unique id for the element within a resource (for internal references). This may be any string value that does not contain spaces.","","","","","","","","","",,,,,"",,,,"Element.id",0,1,"",""
"getimagingoutcome","getimagingoutcome.imagingOutcome.imagingOutcomeBody.referral.accountableHealthcareProfessional.healthcareProfessionalOrgUnit.extension","getimagingoutcome.imagingOutcome.imagingOutcomeBody.referral.accountableHealthcareProfessional.healthcareProfessionalOrgUnit.extension","","extensions
user content","",0,*,"","","","Extension {[]} {[]}
","Additional content defined by implementations","May be used to represent additional information that is not part of the basic definition of the element. To make the use of extensions safe and manageable, there is a strict set of governance  applied to the definition and use of extensions. Though any implementer can define an extension, there is a set of requirements that SHALL be met as part of the definition of the extension.","There can be no stigma associated with the use of extensions by any application, project, or standard - regardless of the institution or jurisdiction that uses or defines the extensions.  The use of extensions is what allows the FHIR specification to retain a core level of simplicity for everyone.","","","","","","","","",,,,,"","value:url}
","Extensions are always sliced by (at least) url",,"open","Element.extension",0,*,"","ele-1:All FHIR elements must have a @value or children {hasValue() or (children().count() > id.count())}
ext-1:Must have either extensions or value[x], not both {extension.exists() != value.exists()}"
"getimagingoutcome","getimagingoutcome.imagingOutcome.imagingOutcomeBody.referral.accountableHealthcareProfessional.healthcareProfessionalOrgUnit.modifierExtension","getimagingoutcome.imagingOutcome.imagingOutcomeBody.referral.accountableHealthcareProfessional.healthcareProfessionalOrgUnit.modifierExtension","","extensions
user contentmodifiers","",0,*,"","Y","Y","Extension {[]} {[]}
","Extensions that cannot be ignored even if unrecognized","May be used to represent additional information that is not part of the basic definition of the element and that modifies the understanding of the element in which it is contained and/or the understanding of the containing element's descendants. Usually modifier elements provide negation or qualification. To make the use of extensions safe and manageable, there is a strict set of governance applied to the definition and use of extensions. Though any implementer can define an extension, there is a set of requirements that SHALL be met as part of the definition of the extension. Applications processing a resource are required to check for modifier extensions.

Modifier extensions SHALL NOT change the meaning of any elements on Resource or DomainResource (including cannot change the meaning of modifierExtension itself).","There can be no stigma associated with the use of extensions by any application, project, or standard - regardless of the institution or jurisdiction that uses or defines the extensions.  The use of extensions is what allows the FHIR specification to retain a core level of simplicity for everyone.","Modifier extensions allow for extensions that *cannot* be safely ignored to be clearly distinguished from the vast majority of extensions which can be safely ignored.  This promotes interoperability by eliminating the need for implementers to prohibit the presence of extensions. For further information, see the [definition of modifier extensions](http://hl7.org/fhir/R4/extensibility.html#modifierExtension).","","","","","","","",,,,,"",,,,"BackboneElement.modifierExtension",0,*,"","ele-1:All FHIR elements must have a @value or children {hasValue() or (children().count() > id.count())}
ext-1:Must have either extensions or value[x], not both {extension.exists() != value.exists()}"
"getimagingoutcome","getimagingoutcome.imagingOutcome.imagingOutcomeBody.referral.accountableHealthcareProfessional.healthcareProfessionalOrgUnit.orgUnitHSAId","getimagingoutcome.imagingOutcome.imagingOutcomeBody.referral.accountableHealthcareProfessional.healthcareProfessionalOrgUnit.orgUnitHSAId","","","",1,1,"","","","Identifier {[]} {[]}
","HSA-id för organisationsenhet","HSA-id för organisationsenhet. (Enligt NPÖ riv-spec 2.2.0 avsnitt 4.1.6 beslutsregel: I de fall då HSA-id inte finns tillgängligt i systemet kan Orgnr + lokalt id anges.)
RIV-TA-typ: HSAIdType. Kardinalitet i TKB: 1..1.","","","","","","","","","",,,,,"",,,,"getimagingoutcome.imagingOutcome.imagingOutcomeBody.referral.accountableHealthcareProfessional.healthcareProfessionalOrgUnit.orgUnitHSAId",1,1,"",""
"getimagingoutcome","getimagingoutcome.imagingOutcome.imagingOutcomeBody.referral.accountableHealthcareProfessional.healthcareProfessionalOrgUnit.orgUnitName","getimagingoutcome.imagingOutcome.imagingOutcomeBody.referral.accountableHealthcareProfessional.healthcareProfessionalOrgUnit.orgUnitName","","","",1,1,"","","","string {[]} {[]}
","Namnet på den organisation som remittenten är uppdragstagare på","Namnet på den organisation som remittenten är uppdragstagare på
RIV-TA-typ: string. Kardinalitet i TKB: 1..1.","","","","","","","","","",,,,,"",,,,"getimagingoutcome.imagingOutcome.imagingOutcomeBody.referral.accountableHealthcareProfessional.healthcareProfessionalOrgUnit.orgUnitName",1,1,"",""
"getimagingoutcome","getimagingoutcome.imagingOutcome.imagingOutcomeBody.referral.accountableHealthcareProfessional.healthcareProfessionalOrgUnit.orgUnitTelecom","getimagingoutcome.imagingOutcome.imagingOutcomeBody.referral.accountableHealthcareProfessional.healthcareProfessionalOrgUnit.orgUnitTelecom","","","",0,1,"","","","string {[]} {[]}
","Telefon till organisationsenhet","Telefon till organisationsenhet
RIV-TA-typ: string. Kardinalitet i TKB: 0..1.","","","","","","","","","",,,,,"",,,,"getimagingoutcome.imagingOutcome.imagingOutcomeBody.referral.accountableHealthcareProfessional.healthcareProfessionalOrgUnit.orgUnitTelecom",0,1,"",""
"getimagingoutcome","getimagingoutcome.imagingOutcome.imagingOutcomeBody.referral.accountableHealthcareProfessional.healthcareProfessionalOrgUnit.orgUnitEmail","getimagingoutcome.imagingOutcome.imagingOutcomeBody.referral.accountableHealthcareProfessional.healthcareProfessionalOrgUnit.orgUnitEmail","","","",0,1,"","","","string {[]} {[]}
","Epost till enhet","Epost till enhet
RIV-TA-typ: string. Kardinalitet i TKB: 0..1.","","","","","","","","","",,,,,"",,,,"getimagingoutcome.imagingOutcome.imagingOutcomeBody.referral.accountableHealthcareProfessional.healthcareProfessionalOrgUnit.orgUnitEmail",0,1,"",""
"getimagingoutcome","getimagingoutcome.imagingOutcome.imagingOutcomeBody.referral.accountableHealthcareProfessional.healthcareProfessionalOrgUnit.orgUnitAddress","getimagingoutcome.imagingOutcome.imagingOutcomeBody.referral.accountableHealthcareProfessional.healthcareProfessionalOrgUnit.orgUnitAddress","","","",0,1,"","","","string {[]} {[]}
","Postadress för den organisation som remittenten är uppdragstagare på","Postadress för den organisation som remittenten är uppdragstagare på
RIV-TA-typ: string. Kardinalitet i TKB: 0..1.","","","","","","","","","",,,,,"",,,,"getimagingoutcome.imagingOutcome.imagingOutcomeBody.referral.accountableHealthcareProfessional.healthcareProfessionalOrgUnit.orgUnitAddress",0,1,"",""
"getimagingoutcome","getimagingoutcome.imagingOutcome.imagingOutcomeBody.referral.accountableHealthcareProfessional.healthcareProfessionalOrgUnit.orgUnitLocation","getimagingoutcome.imagingOutcome.imagingOutcomeBody.referral.accountableHealthcareProfessional.healthcareProfessionalOrgUnit.orgUnitLocation","","","",0,1,"","","","string {[]} {[]}
","Text som anger namnet på plats eller ort för organisationens fysiska placering","Text som anger namnet på plats eller ort för organisationens fysiska placering
RIV-TA-typ: string. Kardinalitet i TKB: 0..1.","","","","","","","","","",,,,,"",,,,"getimagingoutcome.imagingOutcome.imagingOutcomeBody.referral.accountableHealthcareProfessional.healthcareProfessionalOrgUnit.orgUnitLocation",0,1,"",""
"getimagingoutcome","getimagingoutcome.imagingOutcome.imagingOutcomeBody.referral.accountableHealthcareProfessional.healthcareProfessionalCareUnitHSAId","getimagingoutcome.imagingOutcome.imagingOutcomeBody.referral.accountableHealthcareProfessional.healthcareProfessionalCareUnitHSAId","","","",0,0,"","","","string {[]} {[]}
","Ska ej anges.","Ska ej anges.
RIV-TA-typ: (ej angiven). Kardinalitet i TKB: 0..0.","","","","","","","","","",,,,,"",,,,"getimagingoutcome.imagingOutcome.imagingOutcomeBody.referral.accountableHealthcareProfessional.healthcareProfessionalCareUnitHSAId",0,0,"",""
"getimagingoutcome","getimagingoutcome.imagingOutcome.imagingOutcomeBody.referral.accountableHealthcareProfessional.healthcareProfessionalCareGiverHSAId","getimagingoutcome.imagingOutcome.imagingOutcomeBody.referral.accountableHealthcareProfessional.healthcareProfessionalCareGiverHSAId","","","",0,0,"","","","string {[]} {[]}
","Ska ej anges.","Ska ej anges.
RIV-TA-typ: (ej angiven). Kardinalitet i TKB: 0..0.","","","","","","","","","",,,,,"",,,,"getimagingoutcome.imagingOutcome.imagingOutcomeBody.referral.accountableHealthcareProfessional.healthcareProfessionalCareGiverHSAId",0,0,"",""
"getimagingoutcome","getimagingoutcome.imagingOutcome.imagingOutcomeBody.referral.attested","getimagingoutcome.imagingOutcome.imagingOutcomeBody.referral.attested","","","",0,1,"","","","BackboneElement {[]} {[]}
","Information om den som vidimerat mottaget svar på vårdbegäran","Information om den som vidimerat mottaget svar på vårdbegäran
RIV-TA-typ: LegalAuthenticatorType. Kardinalitet i TKB: 0..1.","","","","","","","","","",,,,,"",,,,"getimagingoutcome.imagingOutcome.imagingOutcomeBody.referral.attested",0,1,"","ele-1:All FHIR elements must have a @value or children {hasValue() or (children().count() > id.count())}
"
"getimagingoutcome","getimagingoutcome.imagingOutcome.imagingOutcomeBody.referral.attested.id","getimagingoutcome.imagingOutcome.imagingOutcomeBody.referral.attested.id","","","",0,1,"","","","string {[]} {[]}
","Unique id for inter-element referencing","Unique id for the element within a resource (for internal references). This may be any string value that does not contain spaces.","","","","","","","","","",,,,,"",,,,"Element.id",0,1,"",""
"getimagingoutcome","getimagingoutcome.imagingOutcome.imagingOutcomeBody.referral.attested.extension","getimagingoutcome.imagingOutcome.imagingOutcomeBody.referral.attested.extension","","extensions
user content","",0,*,"","","","Extension {[]} {[]}
","Additional content defined by implementations","May be used to represent additional information that is not part of the basic definition of the element. To make the use of extensions safe and manageable, there is a strict set of governance  applied to the definition and use of extensions. Though any implementer can define an extension, there is a set of requirements that SHALL be met as part of the definition of the extension.","There can be no stigma associated with the use of extensions by any application, project, or standard - regardless of the institution or jurisdiction that uses or defines the extensions.  The use of extensions is what allows the FHIR specification to retain a core level of simplicity for everyone.","","","","","","","","",,,,,"","value:url}
","Extensions are always sliced by (at least) url",,"open","Element.extension",0,*,"","ele-1:All FHIR elements must have a @value or children {hasValue() or (children().count() > id.count())}
ext-1:Must have either extensions or value[x], not both {extension.exists() != value.exists()}"
"getimagingoutcome","getimagingoutcome.imagingOutcome.imagingOutcomeBody.referral.attested.modifierExtension","getimagingoutcome.imagingOutcome.imagingOutcomeBody.referral.attested.modifierExtension","","extensions
user contentmodifiers","",0,*,"","Y","Y","Extension {[]} {[]}
","Extensions that cannot be ignored even if unrecognized","May be used to represent additional information that is not part of the basic definition of the element and that modifies the understanding of the element in which it is contained and/or the understanding of the containing element's descendants. Usually modifier elements provide negation or qualification. To make the use of extensions safe and manageable, there is a strict set of governance applied to the definition and use of extensions. Though any implementer can define an extension, there is a set of requirements that SHALL be met as part of the definition of the extension. Applications processing a resource are required to check for modifier extensions.

Modifier extensions SHALL NOT change the meaning of any elements on Resource or DomainResource (including cannot change the meaning of modifierExtension itself).","There can be no stigma associated with the use of extensions by any application, project, or standard - regardless of the institution or jurisdiction that uses or defines the extensions.  The use of extensions is what allows the FHIR specification to retain a core level of simplicity for everyone.","Modifier extensions allow for extensions that *cannot* be safely ignored to be clearly distinguished from the vast majority of extensions which can be safely ignored.  This promotes interoperability by eliminating the need for implementers to prohibit the presence of extensions. For further information, see the [definition of modifier extensions](http://hl7.org/fhir/R4/extensibility.html#modifierExtension).","","","","","","","",,,,,"",,,,"BackboneElement.modifierExtension",0,*,"","ele-1:All FHIR elements must have a @value or children {hasValue() or (children().count() > id.count())}
ext-1:Must have either extensions or value[x], not both {extension.exists() != value.exists()}"
"getimagingoutcome","getimagingoutcome.imagingOutcome.imagingOutcomeBody.referral.attested.signatureTime","getimagingoutcome.imagingOutcome.imagingOutcomeBody.referral.attested.signatureTime","","","",1,1,"","","","instant {[]} {[]}
","Tidpunkt för vidimering.","Tidpunkt för vidimering.
RIV-TA-typ: TimeStampType. Kardinalitet i TKB: 1..1.","","","","","","","","","",,,,,"",,,,"getimagingoutcome.imagingOutcome.imagingOutcomeBody.referral.attested.signatureTime",1,1,"",""
"getimagingoutcome","getimagingoutcome.imagingOutcome.imagingOutcomeBody.referral.attested.legalAuthenticatorHSAId","getimagingoutcome.imagingOutcome.imagingOutcomeBody.referral.attested.legalAuthenticatorHSAId","","","",0,1,"","","","Identifier {[]} {[]}
","HSA-id för person som vidimerat dokumentet","HSA-id för person som vidimerat dokumentet. HSA-id för hälso-och sjukvårdspersonal. Ska anges om tillgänglig.
RIV-TA-typ: HSAIdType. Kardinalitet i TKB: 0..1.","","","","","","","","","",,,,,"",,,,"getimagingoutcome.imagingOutcome.imagingOutcomeBody.referral.attested.legalAuthenticatorHSAId",0,1,"",""
"getimagingoutcome","getimagingoutcome.imagingOutcome.imagingOutcomeBody.referral.attested.legalAuthenticatorName","getimagingoutcome.imagingOutcome.imagingOutcomeBody.referral.attested.legalAuthenticatorName","","","",0,1,"","","","string {[]} {[]}
","Namnen i klartext för vidimerande person.","Namnen i klartext för vidimerande person.
RIV-TA-typ: string. Kardinalitet i TKB: 0..1.","","","","","","","","","",,,,,"",,,,"getimagingoutcome.imagingOutcome.imagingOutcomeBody.referral.attested.legalAuthenticatorName",0,1,"",""
"getimagingoutcome","getimagingoutcome.imagingOutcome.imagingOutcomeBody.referral.attested.legalAuthenticatorRoleCode","getimagingoutcome.imagingOutcome.imagingOutcomeBody.referral.attested.legalAuthenticatorRoleCode","","","",0,0,"","","","string {[]} {[]}
","Ska ej anges","Ska ej anges
RIV-TA-typ: (ej angiven). Kardinalitet i TKB: 0..0.","","","","","","","","","",,,,,"",,,,"getimagingoutcome.imagingOutcome.imagingOutcomeBody.referral.attested.legalAuthenticatorRoleCode",0,0,"",""
"getimagingoutcome","getimagingoutcome.result","getimagingoutcome.result","","","",1,1,"","","","BackboneElement {[]} {[]}
","Innehåller information om begäran gick bra eller ej.","Innehåller information om begäran gick bra eller ej.
RIV-TA-typ: ResultType. Kardinalitet i TKB: 1..1.","","","","","","","","","",,,,,"",,,,"getimagingoutcome.result",1,1,"","ele-1:All FHIR elements must have a @value or children {hasValue() or (children().count() > id.count())}
"
"getimagingoutcome","getimagingoutcome.result.id","getimagingoutcome.result.id","","","",0,1,"","","","string {[]} {[]}
","Unique id for inter-element referencing","Unique id for the element within a resource (for internal references). This may be any string value that does not contain spaces.","","","","","","","","","",,,,,"",,,,"Element.id",0,1,"",""
"getimagingoutcome","getimagingoutcome.result.extension","getimagingoutcome.result.extension","","extensions
user content","",0,*,"","","","Extension {[]} {[]}
","Additional content defined by implementations","May be used to represent additional information that is not part of the basic definition of the element. To make the use of extensions safe and manageable, there is a strict set of governance  applied to the definition and use of extensions. Though any implementer can define an extension, there is a set of requirements that SHALL be met as part of the definition of the extension.","There can be no stigma associated with the use of extensions by any application, project, or standard - regardless of the institution or jurisdiction that uses or defines the extensions.  The use of extensions is what allows the FHIR specification to retain a core level of simplicity for everyone.","","","","","","","","",,,,,"","value:url}
","Extensions are always sliced by (at least) url",,"open","Element.extension",0,*,"","ele-1:All FHIR elements must have a @value or children {hasValue() or (children().count() > id.count())}
ext-1:Must have either extensions or value[x], not both {extension.exists() != value.exists()}"
"getimagingoutcome","getimagingoutcome.result.modifierExtension","getimagingoutcome.result.modifierExtension","","extensions
user contentmodifiers","",0,*,"","Y","Y","Extension {[]} {[]}
","Extensions that cannot be ignored even if unrecognized","May be used to represent additional information that is not part of the basic definition of the element and that modifies the understanding of the element in which it is contained and/or the understanding of the containing element's descendants. Usually modifier elements provide negation or qualification. To make the use of extensions safe and manageable, there is a strict set of governance applied to the definition and use of extensions. Though any implementer can define an extension, there is a set of requirements that SHALL be met as part of the definition of the extension. Applications processing a resource are required to check for modifier extensions.

Modifier extensions SHALL NOT change the meaning of any elements on Resource or DomainResource (including cannot change the meaning of modifierExtension itself).","There can be no stigma associated with the use of extensions by any application, project, or standard - regardless of the institution or jurisdiction that uses or defines the extensions.  The use of extensions is what allows the FHIR specification to retain a core level of simplicity for everyone.","Modifier extensions allow for extensions that *cannot* be safely ignored to be clearly distinguished from the vast majority of extensions which can be safely ignored.  This promotes interoperability by eliminating the need for implementers to prohibit the presence of extensions. For further information, see the [definition of modifier extensions](http://hl7.org/fhir/R4/extensibility.html#modifierExtension).","","","","","","","",,,,,"",,,,"BackboneElement.modifierExtension",0,*,"","ele-1:All FHIR elements must have a @value or children {hasValue() or (children().count() > id.count())}
ext-1:Must have either extensions or value[x], not both {extension.exists() != value.exists()}"
"getimagingoutcome","getimagingoutcome.result.resultCode","getimagingoutcome.result.resultCode","","","",1,1,"","","","code {[]} {[]}
","Kan endast vara OK, INFO eller ERROR.","Kan endast vara OK, INFO eller ERROR.
RIV-TA-typ: ResultCodeEnum. Kardinalitet i TKB: 1..1.","","","","","","","","","",,"required","","https://fhir.inera.se/ig/clinicalprocess-healthcond-actoutcome/ValueSet/resultcode-vs","",,,,"getimagingoutcome.result.resultCode",1,1,"",""
"getimagingoutcome","getimagingoutcome.result.errorCode","getimagingoutcome.result.errorCode","","","",0,1,"","","","code {[]} {[]}
","Sätts endast om resultCode är ERROR, se kapitel 4.4 för mer information.","Sätts endast om resultCode är ERROR, se kapitel 4.4 för mer information.
RIV-TA-typ: ErrorCodeEnum. Kardinalitet i TKB: 0..1.","","","","","","","","","",,"required","","https://fhir.inera.se/ig/clinicalprocess-healthcond-actoutcome/ValueSet/errorcode-vs","",,,,"getimagingoutcome.result.errorCode",0,1,"",""
"getimagingoutcome","getimagingoutcome.result.subCode","getimagingoutcome.result.subCode","","","",0,1,"","","","string {[]} {[]}
","Inga subkoder är specificerade. (TKB: subcode)","Inga subkoder är specificerade.
RIV-TA-typ: string. Kardinalitet i TKB: 0..1.","","","","","","","","","",,,,,"",,,,"getimagingoutcome.result.subCode",0,1,"",""
"getimagingoutcome","getimagingoutcome.result.logId","getimagingoutcome.result.logId","","","",1,1,"","","","string {[]} {[]}
","En UUID som kan användas vid felanmälan för att användas vid felsökning av producent.","En UUID som kan användas vid felanmälan för att användas vid felsökning av producent.
RIV-TA-typ: string. Kardinalitet i TKB: 1..1.","","","","","","","","","",,,,,"",,,,"getimagingoutcome.result.logId",1,1,"",""
"getimagingoutcome","getimagingoutcome.result.message","getimagingoutcome.result.message","","","",0,1,"","","","string {[]} {[]}
","En beskrivande text som kan visas för användaren.","En beskrivande text som kan visas för användaren.
RIV-TA-typ: string. Kardinalitet i TKB: 0..1.","","","","","","","","","",,,,,"",,,,"getimagingoutcome.result.message",0,1,"",""
"getlaboratoryorderoutcome-request","getlaboratoryorderoutcome-request","getlaboratoryorderoutcome-request","","","",0,*,"","","","null {[]} {[]}
","GetLaboratoryOrderOutcome — Begäran","Logisk modell för tjänstekontraktet GetLaboratoryOrderOutcome 3.1
(RIV-TA urn:riv:clinicalprocess:healthcond:actoutcome:GetLaboratoryOrderOutcomeResponder:3).
Representerar begärans (request) parametrar enligt fältreglerna i TKB 3.1.10, avsnitt 7.3.","","","","","","","","","",,,,,"",,,,"Base",0,*,"","getlaboratoryorderoutcome-request-sourcesystem-if-carecontact:sourceSystemHSAId ska anges om careContactId angivits. {careContactId.exists() implies sourceSystemHSAId.exists()}
"
"getlaboratoryorderoutcome-request","getlaboratoryorderoutcome-request.careUnitHSAId","getlaboratoryorderoutcome-request.careUnitHSAId","","","",0,*,"","","","Identifier {[]} {[]}
","Filtrering på Vårdenhet vilket motsvarar healthcareProfessionalCareUnitHSAId i accountableHealthcareProfession","Filtrering på Vårdenhet vilket motsvarar healthcareProfessionalCareUnitHSAId i accountableHealthcareProfessional.
RIV-TA-typ: HSAIdType. Kardinalitet i TKB: 0..*.","","","","","","","","","",,,,,"",,,,"getlaboratoryorderoutcome-request.careUnitHSAId",0,*,"",""
"getlaboratoryorderoutcome-request","getlaboratoryorderoutcome-request.patientId","getlaboratoryorderoutcome-request.patientId","","","",1,1,"","","","Identifier {[]} {[]}
","Id för patienten där fältet id sätts till patientens identifierare","Id för patienten där fältet id sätts till patientens identifierare. Anges med 12 tecken utan avskiljare. / Fältet type sätts till OID för typ av identifierare. / 1) För personnummer ska Skatteverkets OID för personnummer (1.2.752.129.2.1.3.1) användas. / 2) För samordningsnummer ska Skatteverkets OID för samordningsnummer (1.2.752.129.2.1.3.3) användas. / 3) Tjänsteproducenter ska även stödja sökning på reservnummer med hjälp av att ange lokalt definierade OID’ar för reservnummer, exempelvis SLL reservnummer (1.2.752.97.3.1.3). / OBS reservnummer kan ej användas tillsammans med EI och aggregerande tjänster då dessa komponenter idag inte är anpassade för att stödja typ av id, inga uppdateringar till EI ska göras av en tjänsteproducent för reservnummer. / En tjänstekonsument som vill begära mha reservnummer måste därmed använda sig av systemadressering och ha vetskap om vilken reservnummer-OID som gäller vid anrop mot en specifik tjänsteproducent.
RIV-TA-typ: PersonIdType. Kardinalitet i TKB: 1..1.","","","","","","","","","",,,,,"",,,,"getlaboratoryorderoutcome-request.patientId",1,1,"",""
"getlaboratoryorderoutcome-request","getlaboratoryorderoutcome-request.datePeriod","getlaboratoryorderoutcome-request.datePeriod","","","",0,1,"","","","Period {[]} {[]}
","Begränsar sökningen till det angivna intervallet","Begränsar sökningen till det angivna intervallet. Begränsningen innebär att endast poster returneras där datumintervallet, som bildas av tidsattributen analysisTime ligger inom sökintervallets start- och slutdatumet. / Notera att sökintervallet beskrivs som ett datumintervall. Vid jämförelse konverteras datapostens tidpunkter till datum. / Om svaret omfattar analyser på flera prover tagna vid olika tidpunkter räcker det om någon av dessa ligger inom sökintervallet.
RIV-TA-typ: DatePeriodType. Kardinalitet i TKB: 0..1.
Delelement enligt TKB:
- start (string, 1..1): Startdatum. Format ÅÅÅÅMMDD.
- end (string, 1..1): Slutdatum. Format ÅÅÅÅMMDD.","","","","","","","","","",,,,,"",,,,"getlaboratoryorderoutcome-request.datePeriod",0,1,"",""
"getlaboratoryorderoutcome-request","getlaboratoryorderoutcome-request.sourceSystemHSAId","getlaboratoryorderoutcome-request.sourceSystemHSAId","","","",0,1,"","","","Identifier {[]} {[]}
","Begränsar sökningen till laboratoriesvar som är skapad i det angivna källsystemet","Begränsar sökningen till laboratoriesvar som är skapad i det angivna källsystemet. Tjänsteproducenten förväntas enbart returnera poster som tillhör efterfrågat källsystem. / Värdet på detta fält måste överensstämma med värdet på logicalAddress i anropets tekniska kuvertering (ex. SOAP-header). / Det innebär i praktiken att aggregerande tjänster inte används när detta fält anges. / Ska anges om careContactId angivits. / Ska anges vid begäran på reservnummer. / Om sourceSystemHSAId och logicalAddress är olika ska ett svar endast innehålla en resultType med result.resultCode satt till ERROR samt result.errorCode satt till INVALID_REQUEST / Om careContactId är satt och sourceSystemHSAId är tomt ska ett svar endast innehålla en resultType med  result.resultCode satt till ERROR samt result.errorCode satt till INVALID_REQUEST.
RIV-TA-typ: HSAIdType. Kardinalitet i TKB: 0..1.","","","","","","","","","",,,,,"",,,,"getlaboratoryorderoutcome-request.sourceSystemHSAId",0,1,"",""
"getlaboratoryorderoutcome-request","getlaboratoryorderoutcome-request.careContactId","getlaboratoryorderoutcome-request.careContactId","","","",0,*,"","","","string {[]} {[]}
","Begränsar sökningen till hälso-och sjukvårdskontakt där den vårdbegäran som låg till grund för laboratoriesvar","Begränsar sökningen till hälso-och sjukvårdskontakt där den vårdbegäran som låg till grund för laboratoriesvaret skapades.
RIV-TA-typ: string. Kardinalitet i TKB: 0..*.","","","","","","","","","",,,,,"",,,,"getlaboratoryorderoutcome-request.careContactId",0,*,"",""
"getlaboratoryorderoutcome","getlaboratoryorderoutcome","getlaboratoryorderoutcome","","","",0,*,"","","","null {[]} {[]}
","GetLaboratoryOrderOutcome","Logisk modell för tjänstekontraktet GetLaboratoryOrderOutcome 3.1
(RIV-TA urn:riv:clinicalprocess:healthcond:actoutcome:GetLaboratoryOrderOutcomeResponder:3).
Representerar svarets (response) informationsstruktur enligt fältreglerna i TKB 3.1.10, avsnitt 7.3.","","","","","","","","","",,,,,"",,,,"Base",0,*,"",""
"getlaboratoryorderoutcome","getlaboratoryorderoutcome.laboratoryOrderOutcome","getlaboratoryorderoutcome.laboratoryOrderOutcome","","","",0,*,"","","","BackboneElement {[]} {[]}
","Returnerar en patients laboratoriesvar.","Returnerar en patients laboratoriesvar.
RIV-TA-typ: LaboratoryOrderOutcomeType. Kardinalitet i TKB: 0..*.","","","","","","","","","",,,,,"",,,,"getlaboratoryorderoutcome.laboratoryOrderOutcome",0,*,"","ele-1:All FHIR elements must have a @value or children {hasValue() or (children().count() > id.count())}
"
"getlaboratoryorderoutcome","getlaboratoryorderoutcome.laboratoryOrderOutcome.id","getlaboratoryorderoutcome.laboratoryOrderOutcome.id","","","",0,1,"","","","string {[]} {[]}
","Unique id for inter-element referencing","Unique id for the element within a resource (for internal references). This may be any string value that does not contain spaces.","","","","","","","","","",,,,,"",,,,"Element.id",0,1,"",""
"getlaboratoryorderoutcome","getlaboratoryorderoutcome.laboratoryOrderOutcome.extension","getlaboratoryorderoutcome.laboratoryOrderOutcome.extension","","extensions
user content","",0,*,"","","","Extension {[]} {[]}
","Additional content defined by implementations","May be used to represent additional information that is not part of the basic definition of the element. To make the use of extensions safe and manageable, there is a strict set of governance  applied to the definition and use of extensions. Though any implementer can define an extension, there is a set of requirements that SHALL be met as part of the definition of the extension.","There can be no stigma associated with the use of extensions by any application, project, or standard - regardless of the institution or jurisdiction that uses or defines the extensions.  The use of extensions is what allows the FHIR specification to retain a core level of simplicity for everyone.","","","","","","","","",,,,,"","value:url}
","Extensions are always sliced by (at least) url",,"open","Element.extension",0,*,"","ele-1:All FHIR elements must have a @value or children {hasValue() or (children().count() > id.count())}
ext-1:Must have either extensions or value[x], not both {extension.exists() != value.exists()}"
"getlaboratoryorderoutcome","getlaboratoryorderoutcome.laboratoryOrderOutcome.modifierExtension","getlaboratoryorderoutcome.laboratoryOrderOutcome.modifierExtension","","extensions
user contentmodifiers","",0,*,"","Y","Y","Extension {[]} {[]}
","Extensions that cannot be ignored even if unrecognized","May be used to represent additional information that is not part of the basic definition of the element and that modifies the understanding of the element in which it is contained and/or the understanding of the containing element's descendants. Usually modifier elements provide negation or qualification. To make the use of extensions safe and manageable, there is a strict set of governance applied to the definition and use of extensions. Though any implementer can define an extension, there is a set of requirements that SHALL be met as part of the definition of the extension. Applications processing a resource are required to check for modifier extensions.

Modifier extensions SHALL NOT change the meaning of any elements on Resource or DomainResource (including cannot change the meaning of modifierExtension itself).","There can be no stigma associated with the use of extensions by any application, project, or standard - regardless of the institution or jurisdiction that uses or defines the extensions.  The use of extensions is what allows the FHIR specification to retain a core level of simplicity for everyone.","Modifier extensions allow for extensions that *cannot* be safely ignored to be clearly distinguished from the vast majority of extensions which can be safely ignored.  This promotes interoperability by eliminating the need for implementers to prohibit the presence of extensions. For further information, see the [definition of modifier extensions](http://hl7.org/fhir/R4/extensibility.html#modifierExtension).","","","","","","","",,,,,"",,,,"BackboneElement.modifierExtension",0,*,"","ele-1:All FHIR elements must have a @value or children {hasValue() or (children().count() > id.count())}
ext-1:Must have either extensions or value[x], not both {extension.exists() != value.exists()}"
"getlaboratoryorderoutcome","getlaboratoryorderoutcome.laboratoryOrderOutcome.laboratoryOrderOutcomeHeader","getlaboratoryorderoutcome.laboratoryOrderOutcome.laboratoryOrderOutcomeHeader","","","",1,1,"","","","BackboneElement {[]} {[]}
","Innehåller basinformation om dokumentet","Innehåller basinformation om dokumentet
RIV-TA-typ: PatientSummaryHeaderType. Kardinalitet i TKB: 1..1.","","","","","","","","","",,,,,"",,,,"getlaboratoryorderoutcome.laboratoryOrderOutcome.laboratoryOrderOutcomeHeader",1,1,"","ele-1:All FHIR elements must have a @value or children {hasValue() or (children().count() > id.count())}
"
"getlaboratoryorderoutcome","getlaboratoryorderoutcome.laboratoryOrderOutcome.laboratoryOrderOutcomeHeader.id","getlaboratoryorderoutcome.laboratoryOrderOutcome.laboratoryOrderOutcomeHeader.id","","","",0,1,"","","","string {[]} {[]}
","Unique id for inter-element referencing","Unique id for the element within a resource (for internal references). This may be any string value that does not contain spaces.","","","","","","","","","",,,,,"",,,,"Element.id",0,1,"",""
"getlaboratoryorderoutcome","getlaboratoryorderoutcome.laboratoryOrderOutcome.laboratoryOrderOutcomeHeader.extension","getlaboratoryorderoutcome.laboratoryOrderOutcome.laboratoryOrderOutcomeHeader.extension","","extensions
user content","",0,*,"","","","Extension {[]} {[]}
","Additional content defined by implementations","May be used to represent additional information that is not part of the basic definition of the element. To make the use of extensions safe and manageable, there is a strict set of governance  applied to the definition and use of extensions. Though any implementer can define an extension, there is a set of requirements that SHALL be met as part of the definition of the extension.","There can be no stigma associated with the use of extensions by any application, project, or standard - regardless of the institution or jurisdiction that uses or defines the extensions.  The use of extensions is what allows the FHIR specification to retain a core level of simplicity for everyone.","","","","","","","","",,,,,"","value:url}
","Extensions are always sliced by (at least) url",,"open","Element.extension",0,*,"","ele-1:All FHIR elements must have a @value or children {hasValue() or (children().count() > id.count())}
ext-1:Must have either extensions or value[x], not both {extension.exists() != value.exists()}"
"getlaboratoryorderoutcome","getlaboratoryorderoutcome.laboratoryOrderOutcome.laboratoryOrderOutcomeHeader.modifierExtension","getlaboratoryorderoutcome.laboratoryOrderOutcome.laboratoryOrderOutcomeHeader.modifierExtension","","extensions
user contentmodifiers","",0,*,"","Y","Y","Extension {[]} {[]}
","Extensions that cannot be ignored even if unrecognized","May be used to represent additional information that is not part of the basic definition of the element and that modifies the understanding of the element in which it is contained and/or the understanding of the containing element's descendants. Usually modifier elements provide negation or qualification. To make the use of extensions safe and manageable, there is a strict set of governance applied to the definition and use of extensions. Though any implementer can define an extension, there is a set of requirements that SHALL be met as part of the definition of the extension. Applications processing a resource are required to check for modifier extensions.

Modifier extensions SHALL NOT change the meaning of any elements on Resource or DomainResource (including cannot change the meaning of modifierExtension itself).","There can be no stigma associated with the use of extensions by any application, project, or standard - regardless of the institution or jurisdiction that uses or defines the extensions.  The use of extensions is what allows the FHIR specification to retain a core level of simplicity for everyone.","Modifier extensions allow for extensions that *cannot* be safely ignored to be clearly distinguished from the vast majority of extensions which can be safely ignored.  This promotes interoperability by eliminating the need for implementers to prohibit the presence of extensions. For further information, see the [definition of modifier extensions](http://hl7.org/fhir/R4/extensibility.html#modifierExtension).","","","","","","","",,,,,"",,,,"BackboneElement.modifierExtension",0,*,"","ele-1:All FHIR elements must have a @value or children {hasValue() or (children().count() > id.count())}
ext-1:Must have either extensions or value[x], not both {extension.exists() != value.exists()}"
"getlaboratoryorderoutcome","getlaboratoryorderoutcome.laboratoryOrderOutcome.laboratoryOrderOutcomeHeader.documentId","getlaboratoryorderoutcome.laboratoryOrderOutcome.laboratoryOrderOutcomeHeader.documentId","","","",1,1,"","","","string {[]} {[]}
","Unik identifierare för undersökningsresultatet","Unik identifierare för undersökningsresultatet. Identitet ska vara unik inom källsystemet / Identifieraren ska vara konsistent och beständigt mellan olika majorversioner av ett kontrakt. Ett exempel på detta är att en vårdkontakt ska ha samma identifierare i majorversion 3 och 4 av ett tjänstekontrakt för att läsa vårdkontakter. / Identifieraren ska vara konsistent och beständigt mellan olika kontrakt. Ett exempel på detta är att samma remiss-identitet ska användas i ett tjänstekontrakt för att läsa remisser, samt tjänstekontraktet som läser remissvar som refererar till den ursprungliga remissen.
RIV-TA-typ: string. Kardinalitet i TKB: 1..1.","","","","","","","","","",,,,,"",,,,"getlaboratoryorderoutcome.laboratoryOrderOutcome.laboratoryOrderOutcomeHeader.documentId",1,1,"",""
"getlaboratoryorderoutcome","getlaboratoryorderoutcome.laboratoryOrderOutcome.laboratoryOrderOutcomeHeader.sourceSystemHSAId","getlaboratoryorderoutcome.laboratoryOrderOutcome.laboratoryOrderOutcomeHeader.sourceSystemHSAId","","","",1,1,"","","","Identifier {[]} {[]}
","HSAid för det system som dokumentet är skapat i.","HSAid för det system som dokumentet är skapat i.
RIV-TA-typ: HSAIdType. Kardinalitet i TKB: 1..1.","","","","","","","","","",,,,,"",,,,"getlaboratoryorderoutcome.laboratoryOrderOutcome.laboratoryOrderOutcomeHeader.sourceSystemHSAId",1,1,"",""
"getlaboratoryorderoutcome","getlaboratoryorderoutcome.laboratoryOrderOutcome.laboratoryOrderOutcomeHeader.documentTitle","getlaboratoryorderoutcome.laboratoryOrderOutcome.laboratoryOrderOutcomeHeader.documentTitle","","","",0,0,"","","","string {[]} {[]}
","Ska ej anges.","Ska ej anges.
RIV-TA-typ: (ej angiven). Kardinalitet i TKB: 0..0.","","","","","","","","","",,,,,"",,,,"getlaboratoryorderoutcome.laboratoryOrderOutcome.laboratoryOrderOutcomeHeader.documentTitle",0,0,"",""
"getlaboratoryorderoutcome","getlaboratoryorderoutcome.laboratoryOrderOutcome.laboratoryOrderOutcomeHeader.documentTime","getlaboratoryorderoutcome.laboratoryOrderOutcome.laboratoryOrderOutcomeHeader.documentTime","","","",1,1,"","","","instant {[]} {[]}
","Tidpunkten då laboratoriesvaret inkom till beställarens vårdinformationssystem","Tidpunkten då laboratoriesvaret inkom till beställarens vårdinformationssystem
RIV-TA-typ: TimeStampType. Kardinalitet i TKB: 1..1.","","","","","","","","","",,,,,"",,,,"getlaboratoryorderoutcome.laboratoryOrderOutcome.laboratoryOrderOutcomeHeader.documentTime",1,1,"",""
"getlaboratoryorderoutcome","getlaboratoryorderoutcome.laboratoryOrderOutcome.laboratoryOrderOutcomeHeader.patientId","getlaboratoryorderoutcome.laboratoryOrderOutcome.laboratoryOrderOutcomeHeader.patientId","","","",1,1,"","","","Identifier {[]} {[]}
","Id för patienten.","Id för patienten.
RIV-TA-typ: PersonIdType. Kardinalitet i TKB: 1..1.
Delelement enligt TKB:
- id (string, 1..1): Sätts till patientens identifierare. Anges med 12 tecken utan avskiljare.
- type (string, 1..1): Type sätts till OID för typ av identifierare. / För personnummer ska Skatteverkets personnummer (1.2.752.129.2.1.3.1). / För samordningsnummer ska Skatteverkets samordningsnummer (1.2.752.129.2.1.3.3). / För reservnummer används lokalt definierade reservnummet, exempelvis SLL reservnummer (1.2.752.97.3.1.3)","","","","","","","","","",,,,,"",,,,"getlaboratoryorderoutcome.laboratoryOrderOutcome.laboratoryOrderOutcomeHeader.patientId",1,1,"",""
"getlaboratoryorderoutcome","getlaboratoryorderoutcome.laboratoryOrderOutcome.laboratoryOrderOutcomeHeader.accountableHealthcareProfessional","getlaboratoryorderoutcome.laboratoryOrderOutcome.laboratoryOrderOutcomeHeader.accountableHealthcareProfessional","","","",1,1,"","","","BackboneElement {[]} {[]}
","Information om den hälso- och sjukvårdsperson som framställt vårdbegäran som ligger till grund för svaret, ned","Information om den hälso- och sjukvårdsperson som framställt vårdbegäran som ligger till grund för svaret, nedan kallad författare.
RIV-TA-typ: HealthcareProfessionalType. Kardinalitet i TKB: 1..1.","","","","","","","","","",,,,,"",,,,"getlaboratoryorderoutcome.laboratoryOrderOutcome.laboratoryOrderOutcomeHeader.accountableHealthcareProfessional",1,1,"","ele-1:All FHIR elements must have a @value or children {hasValue() or (children().count() > id.count())}
"
"getlaboratoryorderoutcome","getlaboratoryorderoutcome.laboratoryOrderOutcome.laboratoryOrderOutcomeHeader.accountableHealthcareProfessional.id","getlaboratoryorderoutcome.laboratoryOrderOutcome.laboratoryOrderOutcomeHeader.accountableHealthcareProfessional.id","","","",0,1,"","","","string {[]} {[]}
","Unique id for inter-element referencing","Unique id for the element within a resource (for internal references). This may be any string value that does not contain spaces.","","","","","","","","","",,,,,"",,,,"Element.id",0,1,"",""
"getlaboratoryorderoutcome","getlaboratoryorderoutcome.laboratoryOrderOutcome.laboratoryOrderOutcomeHeader.accountableHealthcareProfessional.extension","getlaboratoryorderoutcome.laboratoryOrderOutcome.laboratoryOrderOutcomeHeader.accountableHealthcareProfessional.extension","","extensions
user content","",0,*,"","","","Extension {[]} {[]}
","Additional content defined by implementations","May be used to represent additional information that is not part of the basic definition of the element. To make the use of extensions safe and manageable, there is a strict set of governance  applied to the definition and use of extensions. Though any implementer can define an extension, there is a set of requirements that SHALL be met as part of the definition of the extension.","There can be no stigma associated with the use of extensions by any application, project, or standard - regardless of the institution or jurisdiction that uses or defines the extensions.  The use of extensions is what allows the FHIR specification to retain a core level of simplicity for everyone.","","","","","","","","",,,,,"","value:url}
","Extensions are always sliced by (at least) url",,"open","Element.extension",0,*,"","ele-1:All FHIR elements must have a @value or children {hasValue() or (children().count() > id.count())}
ext-1:Must have either extensions or value[x], not both {extension.exists() != value.exists()}"
"getlaboratoryorderoutcome","getlaboratoryorderoutcome.laboratoryOrderOutcome.laboratoryOrderOutcomeHeader.accountableHealthcareProfessional.modifierExtension","getlaboratoryorderoutcome.laboratoryOrderOutcome.laboratoryOrderOutcomeHeader.accountableHealthcareProfessional.modifierExtension","","extensions
user contentmodifiers","",0,*,"","Y","Y","Extension {[]} {[]}
","Extensions that cannot be ignored even if unrecognized","May be used to represent additional information that is not part of the basic definition of the element and that modifies the understanding of the element in which it is contained and/or the understanding of the containing element's descendants. Usually modifier elements provide negation or qualification. To make the use of extensions safe and manageable, there is a strict set of governance applied to the definition and use of extensions. Though any implementer can define an extension, there is a set of requirements that SHALL be met as part of the definition of the extension. Applications processing a resource are required to check for modifier extensions.

Modifier extensions SHALL NOT change the meaning of any elements on Resource or DomainResource (including cannot change the meaning of modifierExtension itself).","There can be no stigma associated with the use of extensions by any application, project, or standard - regardless of the institution or jurisdiction that uses or defines the extensions.  The use of extensions is what allows the FHIR specification to retain a core level of simplicity for everyone.","Modifier extensions allow for extensions that *cannot* be safely ignored to be clearly distinguished from the vast majority of extensions which can be safely ignored.  This promotes interoperability by eliminating the need for implementers to prohibit the presence of extensions. For further information, see the [definition of modifier extensions](http://hl7.org/fhir/R4/extensibility.html#modifierExtension).","","","","","","","",,,,,"",,,,"BackboneElement.modifierExtension",0,*,"","ele-1:All FHIR elements must have a @value or children {hasValue() or (children().count() > id.count())}
ext-1:Must have either extensions or value[x], not both {extension.exists() != value.exists()}"
"getlaboratoryorderoutcome","getlaboratoryorderoutcome.laboratoryOrderOutcome.laboratoryOrderOutcomeHeader.accountableHealthcareProfessional.authorTime","getlaboratoryorderoutcome.laboratoryOrderOutcome.laboratoryOrderOutcomeHeader.accountableHealthcareProfessional.authorTime","","","",1,1,"","","","instant {[]} {[]}
","Tidpunkt vid vilken laboratoriesvaret skapades eller senast uppdaterades i laboratoriesystemet.","Tidpunkt vid vilken laboratoriesvaret skapades eller senast uppdaterades i laboratoriesystemet.
RIV-TA-typ: TimeStampType. Kardinalitet i TKB: 1..1.","","","","","","","","","",,,,,"",,,,"getlaboratoryorderoutcome.laboratoryOrderOutcome.laboratoryOrderOutcomeHeader.accountableHealthcareProfessional.authorTime",1,1,"",""
"getlaboratoryorderoutcome","getlaboratoryorderoutcome.laboratoryOrderOutcome.laboratoryOrderOutcomeHeader.accountableHealthcareProfessional.healthcareProfessionalHSAId","getlaboratoryorderoutcome.laboratoryOrderOutcome.laboratoryOrderOutcomeHeader.accountableHealthcareProfessional.healthcareProfessionalHSAId","","","",0,1,"","","","Identifier {[]} {[]}
","Författarens HSA-id","Författarens HSA-id
RIV-TA-typ: HSAIdType. Kardinalitet i TKB: 0..1.","","","","","","","","","",,,,,"",,,,"getlaboratoryorderoutcome.laboratoryOrderOutcome.laboratoryOrderOutcomeHeader.accountableHealthcareProfessional.healthcareProfessionalHSAId",0,1,"",""
"getlaboratoryorderoutcome","getlaboratoryorderoutcome.laboratoryOrderOutcome.laboratoryOrderOutcomeHeader.accountableHealthcareProfessional.healthcareProfessionalName","getlaboratoryorderoutcome.laboratoryOrderOutcome.laboratoryOrderOutcomeHeader.accountableHealthcareProfessional.healthcareProfessionalName","","","",0,1,"","","","string {[]} {[]}
","Namn på författaren","Namn på författaren. Om tillgängligt ska detta anges.
RIV-TA-typ: string. Kardinalitet i TKB: 0..1.","","","","","","","","","",,,,,"",,,,"getlaboratoryorderoutcome.laboratoryOrderOutcome.laboratoryOrderOutcomeHeader.accountableHealthcareProfessional.healthcareProfessionalName",0,1,"",""
"getlaboratoryorderoutcome","getlaboratoryorderoutcome.laboratoryOrderOutcome.laboratoryOrderOutcomeHeader.accountableHealthcareProfessional.healthcareProfessionalRoleCode","getlaboratoryorderoutcome.laboratoryOrderOutcome.laboratoryOrderOutcomeHeader.accountableHealthcareProfessional.healthcareProfessionalRoleCode","","","",0,1,"","","","CodeableConcept {[]} {[]}
","Information om personens befattning","Information om personens befattning. Om möjligt ska KV Befattning (OID 1.2.752.129.2.2.1.4), se referens [R 5]. Om kodverk saknas anges befattning i originalText.
RIV-TA-typ: CVType. Kardinalitet i TKB: 0..1.
Delelement enligt TKB:
- code (string, 0..1): Befattningskod. Om code anges ska också codeSystem samt displayName anges.
- codeSystem (string, 0..1): Kodsystem för befattningskod. Om codeSystem anges ska också code samt displayName anges.
- codeSystemName (string, 0..1): Namn på kodsystem för befattningskod.
- codeSystemVersion (string, 0..1): Version på kodsystem för befattningskod.
- displayName (string, 0..1): Befattningskoden i klartext. Om separat displayName inte finns i producerande system ska samma värde som i code anges.
- originalText (string, 0..1): Om befattning är beskriven i ett lokalt kodverk utan OID, eller när kod helt saknas, kan en beskrivande text anges i originalText. Om originalText anges ska inget annat värde i healthcareProfessionalRoleCode anges.","","","","","","","","","",,,,,"",,,,"getlaboratoryorderoutcome.laboratoryOrderOutcome.laboratoryOrderOutcomeHeader.accountableHealthcareProfessional.healthcareProfessionalRoleCode",0,1,"",""
"getlaboratoryorderoutcome","getlaboratoryorderoutcome.laboratoryOrderOutcome.laboratoryOrderOutcomeHeader.accountableHealthcareProfessional.healthcareProfessionalOrgUnit","getlaboratoryorderoutcome.laboratoryOrderOutcome.laboratoryOrderOutcomeHeader.accountableHealthcareProfessional.healthcareProfessionalOrgUnit","","","",1,1,"","","","BackboneElement {[]} {[]}
","Den organisation som författaren är uppdragstagare på","Den organisation som författaren är uppdragstagare på
RIV-TA-typ: OrgUnitType. Kardinalitet i TKB: 1..1.","","","","","","","","","",,,,,"",,,,"getlaboratoryorderoutcome.laboratoryOrderOutcome.laboratoryOrderOutcomeHeader.accountableHealthcareProfessional.healthcareProfessionalOrgUnit",1,1,"","ele-1:All FHIR elements must have a @value or children {hasValue() or (children().count() > id.count())}
"
"getlaboratoryorderoutcome","getlaboratoryorderoutcome.laboratoryOrderOutcome.laboratoryOrderOutcomeHeader.accountableHealthcareProfessional.healthcareProfessionalOrgUnit.id","getlaboratoryorderoutcome.laboratoryOrderOutcome.laboratoryOrderOutcomeHeader.accountableHealthcareProfessional.healthcareProfessionalOrgUnit.id","","","",0,1,"","","","string {[]} {[]}
","Unique id for inter-element referencing","Unique id for the element within a resource (for internal references). This may be any string value that does not contain spaces.","","","","","","","","","",,,,,"",,,,"Element.id",0,1,"",""
"getlaboratoryorderoutcome","getlaboratoryorderoutcome.laboratoryOrderOutcome.laboratoryOrderOutcomeHeader.accountableHealthcareProfessional.healthcareProfessionalOrgUnit.extension","getlaboratoryorderoutcome.laboratoryOrderOutcome.laboratoryOrderOutcomeHeader.accountableHealthcareProfessional.healthcareProfessionalOrgUnit.extension","","extensions
user content","",0,*,"","","","Extension {[]} {[]}
","Additional content defined by implementations","May be used to represent additional information that is not part of the basic definition of the element. To make the use of extensions safe and manageable, there is a strict set of governance  applied to the definition and use of extensions. Though any implementer can define an extension, there is a set of requirements that SHALL be met as part of the definition of the extension.","There can be no stigma associated with the use of extensions by any application, project, or standard - regardless of the institution or jurisdiction that uses or defines the extensions.  The use of extensions is what allows the FHIR specification to retain a core level of simplicity for everyone.","","","","","","","","",,,,,"","value:url}
","Extensions are always sliced by (at least) url",,"open","Element.extension",0,*,"","ele-1:All FHIR elements must have a @value or children {hasValue() or (children().count() > id.count())}
ext-1:Must have either extensions or value[x], not both {extension.exists() != value.exists()}"
"getlaboratoryorderoutcome","getlaboratoryorderoutcome.laboratoryOrderOutcome.laboratoryOrderOutcomeHeader.accountableHealthcareProfessional.healthcareProfessionalOrgUnit.modifierExtension","getlaboratoryorderoutcome.laboratoryOrderOutcome.laboratoryOrderOutcomeHeader.accountableHealthcareProfessional.healthcareProfessionalOrgUnit.modifierExtension","","extensions
user contentmodifiers","",0,*,"","Y","Y","Extension {[]} {[]}
","Extensions that cannot be ignored even if unrecognized","May be used to represent additional information that is not part of the basic definition of the element and that modifies the understanding of the element in which it is contained and/or the understanding of the containing element's descendants. Usually modifier elements provide negation or qualification. To make the use of extensions safe and manageable, there is a strict set of governance applied to the definition and use of extensions. Though any implementer can define an extension, there is a set of requirements that SHALL be met as part of the definition of the extension. Applications processing a resource are required to check for modifier extensions.

Modifier extensions SHALL NOT change the meaning of any elements on Resource or DomainResource (including cannot change the meaning of modifierExtension itself).","There can be no stigma associated with the use of extensions by any application, project, or standard - regardless of the institution or jurisdiction that uses or defines the extensions.  The use of extensions is what allows the FHIR specification to retain a core level of simplicity for everyone.","Modifier extensions allow for extensions that *cannot* be safely ignored to be clearly distinguished from the vast majority of extensions which can be safely ignored.  This promotes interoperability by eliminating the need for implementers to prohibit the presence of extensions. For further information, see the [definition of modifier extensions](http://hl7.org/fhir/R4/extensibility.html#modifierExtension).","","","","","","","",,,,,"",,,,"BackboneElement.modifierExtension",0,*,"","ele-1:All FHIR elements must have a @value or children {hasValue() or (children().count() > id.count())}
ext-1:Must have either extensions or value[x], not both {extension.exists() != value.exists()}"
"getlaboratoryorderoutcome","getlaboratoryorderoutcome.laboratoryOrderOutcome.laboratoryOrderOutcomeHeader.accountableHealthcareProfessional.healthcareProfessionalOrgUnit.orgUnitHSAId","getlaboratoryorderoutcome.laboratoryOrderOutcome.laboratoryOrderOutcomeHeader.accountableHealthcareProfessional.healthcareProfessionalOrgUnit.orgUnitHSAId","","","",1,1,"","","","Identifier {[]} {[]}
","HSA-id för organisationsenhet.","HSA-id för organisationsenhet.
RIV-TA-typ: HSAIdType. Kardinalitet i TKB: 1..1.","","","","","","","","","",,,,,"",,,,"getlaboratoryorderoutcome.laboratoryOrderOutcome.laboratoryOrderOutcomeHeader.accountableHealthcareProfessional.healthcareProfessionalOrgUnit.orgUnitHSAId",1,1,"",""
"getlaboratoryorderoutcome","getlaboratoryorderoutcome.laboratoryOrderOutcome.laboratoryOrderOutcomeHeader.accountableHealthcareProfessional.healthcareProfessionalOrgUnit.orgUnitName","getlaboratoryorderoutcome.laboratoryOrderOutcome.laboratoryOrderOutcomeHeader.accountableHealthcareProfessional.healthcareProfessionalOrgUnit.orgUnitName","","","",1,1,"","","","string {[]} {[]}
","Namnet på den organisation som författaren är uppdragstagare på (TKB: orgUnitname)","Namnet på den organisation som författaren är uppdragstagare på
RIV-TA-typ: string. Kardinalitet i TKB: 1..1.","","","","","","","","","",,,,,"",,,,"getlaboratoryorderoutcome.laboratoryOrderOutcome.laboratoryOrderOutcomeHeader.accountableHealthcareProfessional.healthcareProfessionalOrgUnit.orgUnitName",1,1,"",""
"getlaboratoryorderoutcome","getlaboratoryorderoutcome.laboratoryOrderOutcome.laboratoryOrderOutcomeHeader.accountableHealthcareProfessional.healthcareProfessionalOrgUnit.orgUnitTelecom","getlaboratoryorderoutcome.laboratoryOrderOutcome.laboratoryOrderOutcomeHeader.accountableHealthcareProfessional.healthcareProfessionalOrgUnit.orgUnitTelecom","","","",0,1,"","","","string {[]} {[]}
","Telefon till organisationsenhet","Telefon till organisationsenhet
RIV-TA-typ: string. Kardinalitet i TKB: 0..1.","","","","","","","","","",,,,,"",,,,"getlaboratoryorderoutcome.laboratoryOrderOutcome.laboratoryOrderOutcomeHeader.accountableHealthcareProfessional.healthcareProfessionalOrgUnit.orgUnitTelecom",0,1,"",""
"getlaboratoryorderoutcome","getlaboratoryorderoutcome.laboratoryOrderOutcome.laboratoryOrderOutcomeHeader.accountableHealthcareProfessional.healthcareProfessionalOrgUnit.orgUnitEmail","getlaboratoryorderoutcome.laboratoryOrderOutcome.laboratoryOrderOutcomeHeader.accountableHealthcareProfessional.healthcareProfessionalOrgUnit.orgUnitEmail","","","",0,1,"","","","string {[]} {[]}
","Epost till enhet","Epost till enhet
RIV-TA-typ: string. Kardinalitet i TKB: 0..1.","","","","","","","","","",,,,,"",,,,"getlaboratoryorderoutcome.laboratoryOrderOutcome.laboratoryOrderOutcomeHeader.accountableHealthcareProfessional.healthcareProfessionalOrgUnit.orgUnitEmail",0,1,"",""
"getlaboratoryorderoutcome","getlaboratoryorderoutcome.laboratoryOrderOutcome.laboratoryOrderOutcomeHeader.accountableHealthcareProfessional.healthcareProfessionalOrgUnit.orgUnitAddress","getlaboratoryorderoutcome.laboratoryOrderOutcome.laboratoryOrderOutcomeHeader.accountableHealthcareProfessional.healthcareProfessionalOrgUnit.orgUnitAddress","","","",0,1,"","","","string {[]} {[]}
","Postadress för den organisation som författaren är uppdragstagare på","Postadress för den organisation som författaren är uppdragstagare på. Skrivs på ett så naturligt sätt som möjligt, exempelvis: / ”Storgatan 12 / 468 91 Lilleby”
RIV-TA-typ: string. Kardinalitet i TKB: 0..1.","","","","","","","","","",,,,,"",,,,"getlaboratoryorderoutcome.laboratoryOrderOutcome.laboratoryOrderOutcomeHeader.accountableHealthcareProfessional.healthcareProfessionalOrgUnit.orgUnitAddress",0,1,"",""
"getlaboratoryorderoutcome","getlaboratoryorderoutcome.laboratoryOrderOutcome.laboratoryOrderOutcomeHeader.accountableHealthcareProfessional.healthcareProfessionalOrgUnit.orgUnitLocation","getlaboratoryorderoutcome.laboratoryOrderOutcome.laboratoryOrderOutcomeHeader.accountableHealthcareProfessional.healthcareProfessionalOrgUnit.orgUnitLocation","","","",0,1,"","","","string {[]} {[]}
","Text som anger namnet påplats eller ort för organisationens fysiska placering","Text som anger namnet påplats eller ort för organisationens fysiska placering
RIV-TA-typ: string. Kardinalitet i TKB: 0..1.","","","","","","","","","",,,,,"",,,,"getlaboratoryorderoutcome.laboratoryOrderOutcome.laboratoryOrderOutcomeHeader.accountableHealthcareProfessional.healthcareProfessionalOrgUnit.orgUnitLocation",0,1,"",""
"getlaboratoryorderoutcome","getlaboratoryorderoutcome.laboratoryOrderOutcome.laboratoryOrderOutcomeHeader.accountableHealthcareProfessional.healthcareProfessionalCareUnitHSAId","getlaboratoryorderoutcome.laboratoryOrderOutcome.laboratoryOrderOutcomeHeader.accountableHealthcareProfessional.healthcareProfessionalCareUnitHSAId","","","",0,1,"","","","Identifier {[]} {[]}
","HSA-id för Vårdenhet","HSA-id för Vårdenhet. Ska anges om tillgänglig. [Regel 1]
RIV-TA-typ: HSAIdType. Kardinalitet i TKB: 0..1.","","","","","","","","","",,,,,"",,,,"getlaboratoryorderoutcome.laboratoryOrderOutcome.laboratoryOrderOutcomeHeader.accountableHealthcareProfessional.healthcareProfessionalCareUnitHSAId",0,1,"",""
"getlaboratoryorderoutcome","getlaboratoryorderoutcome.laboratoryOrderOutcome.laboratoryOrderOutcomeHeader.accountableHealthcareProfessional.healthcareProfessionalCareGiverHSAId","getlaboratoryorderoutcome.laboratoryOrderOutcome.laboratoryOrderOutcomeHeader.accountableHealthcareProfessional.healthcareProfessionalCareGiverHSAId","","","",0,1,"","","","Identifier {[]} {[]}
","HSA-id för vårdgivaren, som är vårdgivare för den enhet som författaren är uppdragstagare för","HSA-id för vårdgivaren, som är vårdgivare för den enhet som författaren är uppdragstagare för. Ska anges om tillgänglig. [Regel 1]
RIV-TA-typ: HSAIdType. Kardinalitet i TKB: 0..1.","","","","","","","","","",,,,,"",,,,"getlaboratoryorderoutcome.laboratoryOrderOutcome.laboratoryOrderOutcomeHeader.accountableHealthcareProfessional.healthcareProfessionalCareGiverHSAId",0,1,"",""
"getlaboratoryorderoutcome","getlaboratoryorderoutcome.laboratoryOrderOutcome.laboratoryOrderOutcomeHeader.legalAuthenticator","getlaboratoryorderoutcome.laboratoryOrderOutcome.laboratoryOrderOutcomeHeader.legalAuthenticator","","","",0,1,"","","","BackboneElement {[]} {[]}
","Information om vem som signerat informationen i dokumentet","Information om vem som signerat informationen i dokumentet. Det är normalt laboratorieläkeren som signerar laboratoriesvar. / Signering = signering av remissvar. Vidimering anges i attributet attested i bodyn.
RIV-TA-typ: LegalAuthenticatorType. Kardinalitet i TKB: 0..1.","","","","","","","","","",,,,,"",,,,"getlaboratoryorderoutcome.laboratoryOrderOutcome.laboratoryOrderOutcomeHeader.legalAuthenticator",0,1,"","ele-1:All FHIR elements must have a @value or children {hasValue() or (children().count() > id.count())}
"
"getlaboratoryorderoutcome","getlaboratoryorderoutcome.laboratoryOrderOutcome.laboratoryOrderOutcomeHeader.legalAuthenticator.id","getlaboratoryorderoutcome.laboratoryOrderOutcome.laboratoryOrderOutcomeHeader.legalAuthenticator.id","","","",0,1,"","","","string {[]} {[]}
","Unique id for inter-element referencing","Unique id for the element within a resource (for internal references). This may be any string value that does not contain spaces.","","","","","","","","","",,,,,"",,,,"Element.id",0,1,"",""
"getlaboratoryorderoutcome","getlaboratoryorderoutcome.laboratoryOrderOutcome.laboratoryOrderOutcomeHeader.legalAuthenticator.extension","getlaboratoryorderoutcome.laboratoryOrderOutcome.laboratoryOrderOutcomeHeader.legalAuthenticator.extension","","extensions
user content","",0,*,"","","","Extension {[]} {[]}
","Additional content defined by implementations","May be used to represent additional information that is not part of the basic definition of the element. To make the use of extensions safe and manageable, there is a strict set of governance  applied to the definition and use of extensions. Though any implementer can define an extension, there is a set of requirements that SHALL be met as part of the definition of the extension.","There can be no stigma associated with the use of extensions by any application, project, or standard - regardless of the institution or jurisdiction that uses or defines the extensions.  The use of extensions is what allows the FHIR specification to retain a core level of simplicity for everyone.","","","","","","","","",,,,,"","value:url}
","Extensions are always sliced by (at least) url",,"open","Element.extension",0,*,"","ele-1:All FHIR elements must have a @value or children {hasValue() or (children().count() > id.count())}
ext-1:Must have either extensions or value[x], not both {extension.exists() != value.exists()}"
"getlaboratoryorderoutcome","getlaboratoryorderoutcome.laboratoryOrderOutcome.laboratoryOrderOutcomeHeader.legalAuthenticator.modifierExtension","getlaboratoryorderoutcome.laboratoryOrderOutcome.laboratoryOrderOutcomeHeader.legalAuthenticator.modifierExtension","","extensions
user contentmodifiers","",0,*,"","Y","Y","Extension {[]} {[]}
","Extensions that cannot be ignored even if unrecognized","May be used to represent additional information that is not part of the basic definition of the element and that modifies the understanding of the element in which it is contained and/or the understanding of the containing element's descendants. Usually modifier elements provide negation or qualification. To make the use of extensions safe and manageable, there is a strict set of governance applied to the definition and use of extensions. Though any implementer can define an extension, there is a set of requirements that SHALL be met as part of the definition of the extension. Applications processing a resource are required to check for modifier extensions.

Modifier extensions SHALL NOT change the meaning of any elements on Resource or DomainResource (including cannot change the meaning of modifierExtension itself).","There can be no stigma associated with the use of extensions by any application, project, or standard - regardless of the institution or jurisdiction that uses or defines the extensions.  The use of extensions is what allows the FHIR specification to retain a core level of simplicity for everyone.","Modifier extensions allow for extensions that *cannot* be safely ignored to be clearly distinguished from the vast majority of extensions which can be safely ignored.  This promotes interoperability by eliminating the need for implementers to prohibit the presence of extensions. For further information, see the [definition of modifier extensions](http://hl7.org/fhir/R4/extensibility.html#modifierExtension).","","","","","","","",,,,,"",,,,"BackboneElement.modifierExtension",0,*,"","ele-1:All FHIR elements must have a @value or children {hasValue() or (children().count() > id.count())}
ext-1:Must have either extensions or value[x], not both {extension.exists() != value.exists()}"
"getlaboratoryorderoutcome","getlaboratoryorderoutcome.laboratoryOrderOutcome.laboratoryOrderOutcomeHeader.legalAuthenticator.signatureTime","getlaboratoryorderoutcome.laboratoryOrderOutcome.laboratoryOrderOutcomeHeader.legalAuthenticator.signatureTime","","","",1,1,"","","","instant {[]} {[]}
","Tidpunkt för signering av svaret.","Tidpunkt för signering av svaret.
RIV-TA-typ: TimeStampType. Kardinalitet i TKB: 1..1.","","","","","","","","","",,,,,"",,,,"getlaboratoryorderoutcome.laboratoryOrderOutcome.laboratoryOrderOutcomeHeader.legalAuthenticator.signatureTime",1,1,"",""
"getlaboratoryorderoutcome","getlaboratoryorderoutcome.laboratoryOrderOutcome.laboratoryOrderOutcomeHeader.legalAuthenticator.legalAuthenticatorHSAId","getlaboratoryorderoutcome.laboratoryOrderOutcome.laboratoryOrderOutcomeHeader.legalAuthenticator.legalAuthenticatorHSAId","","","",0,1,"","","","Identifier {[]} {[]}
","HSA-id för person som signerat dokumentet","HSA-id för person som signerat dokumentet
RIV-TA-typ: HSAIdType. Kardinalitet i TKB: 0..1.","","","","","","","","","",,,,,"",,,,"getlaboratoryorderoutcome.laboratoryOrderOutcome.laboratoryOrderOutcomeHeader.legalAuthenticator.legalAuthenticatorHSAId",0,1,"",""
"getlaboratoryorderoutcome","getlaboratoryorderoutcome.laboratoryOrderOutcome.laboratoryOrderOutcomeHeader.legalAuthenticator.legalAuthenticatorName","getlaboratoryorderoutcome.laboratoryOrderOutcome.laboratoryOrderOutcomeHeader.legalAuthenticator.legalAuthenticatorName","","","",0,1,"","","","string {[]} {[]}
","Namnen i klartext för signerande person.","Namnen i klartext för signerande person.
RIV-TA-typ: string. Kardinalitet i TKB: 0..1.","","","","","","","","","",,,,,"",,,,"getlaboratoryorderoutcome.laboratoryOrderOutcome.laboratoryOrderOutcomeHeader.legalAuthenticator.legalAuthenticatorName",0,1,"",""
"getlaboratoryorderoutcome","getlaboratoryorderoutcome.laboratoryOrderOutcome.laboratoryOrderOutcomeHeader.legalAuthenticator.legalAuthenticatorRoleCode","getlaboratoryorderoutcome.laboratoryOrderOutcome.laboratoryOrderOutcomeHeader.legalAuthenticator.legalAuthenticatorRoleCode","","","",0,0,"","","","string {[]} {[]}
","Ska ej anges.","Ska ej anges.
RIV-TA-typ: (ej angiven). Kardinalitet i TKB: 0..0.","","","","","","","","","",,,,,"",,,,"getlaboratoryorderoutcome.laboratoryOrderOutcome.laboratoryOrderOutcomeHeader.legalAuthenticator.legalAuthenticatorRoleCode",0,0,"",""
"getlaboratoryorderoutcome","getlaboratoryorderoutcome.laboratoryOrderOutcome.laboratoryOrderOutcomeHeader.approvedForPatient","getlaboratoryorderoutcome.laboratoryOrderOutcome.laboratoryOrderOutcomeHeader.approvedForPatient","","","",1,1,"","","","boolean {[]} {[]}
","Anger om information får delas till patient","Anger om information får delas till patient. Värdet sätts i sådant fall till true, i annat fall till false.
RIV-TA-typ: boolean. Kardinalitet i TKB: 1..1.","","","","","","","","","",,,,,"",,,,"getlaboratoryorderoutcome.laboratoryOrderOutcome.laboratoryOrderOutcomeHeader.approvedForPatient",1,1,"",""
"getlaboratoryorderoutcome","getlaboratoryorderoutcome.laboratoryOrderOutcome.laboratoryOrderOutcomeHeader.careContactId","getlaboratoryorderoutcome.laboratoryOrderOutcome.laboratoryOrderOutcomeHeader.careContactId","","","",0,1,"","","","string {[]} {[]}
","Identitetet för den hälso-och sjukvårdskontakt som föranlett den information som omfattas av dokumentet","Identitetet för den hälso-och sjukvårdskontakt som föranlett den information som omfattas av dokumentet. Identiteten är unik inom källsystemet.
RIV-TA-typ: string. Kardinalitet i TKB: 0..1.","","","","","","","","","",,,,,"",,,,"getlaboratoryorderoutcome.laboratoryOrderOutcome.laboratoryOrderOutcomeHeader.careContactId",0,1,"",""
"getlaboratoryorderoutcome","getlaboratoryorderoutcome.laboratoryOrderOutcome.laboratoryOrderOutcomeHeader.nullified","getlaboratoryorderoutcome.laboratoryOrderOutcome.laboratoryOrderOutcomeHeader.nullified","","","",0,0,"","","","string {[]} {[]}
","Ska ej anges.","Ska ej anges.
RIV-TA-typ: (ej angiven). Kardinalitet i TKB: 0..0.","","","","","","","","","",,,,,"",,,,"getlaboratoryorderoutcome.laboratoryOrderOutcome.laboratoryOrderOutcomeHeader.nullified",0,0,"",""
"getlaboratoryorderoutcome","getlaboratoryorderoutcome.laboratoryOrderOutcome.laboratoryOrderOutcomeHeader.nullifiedReason","getlaboratoryorderoutcome.laboratoryOrderOutcome.laboratoryOrderOutcomeHeader.nullifiedReason","","","",0,0,"","","","string {[]} {[]}
","Ska ej anges.","Ska ej anges.
RIV-TA-typ: (ej angiven). Kardinalitet i TKB: 0..0.","","","","","","","","","",,,,,"",,,,"getlaboratoryorderoutcome.laboratoryOrderOutcome.laboratoryOrderOutcomeHeader.nullifiedReason",0,0,"",""
"getlaboratoryorderoutcome","getlaboratoryorderoutcome.laboratoryOrderOutcome.laboratoryOrderOutcomeBody","getlaboratoryorderoutcome.laboratoryOrderOutcome.laboratoryOrderOutcomeBody","","","",1,1,"","","","BackboneElement {[]} {[]}
","laboratoryOrderOutcomeBody","RIV-TA-typ: LaboratoryOrderOutcomeBodyType. Kardinalitet i TKB: 1..1.","","","","","","","","","",,,,,"",,,,"getlaboratoryorderoutcome.laboratoryOrderOutcome.laboratoryOrderOutcomeBody",1,1,"","ele-1:All FHIR elements must have a @value or children {hasValue() or (children().count() > id.count())}
"
"getlaboratoryorderoutcome","getlaboratoryorderoutcome.laboratoryOrderOutcome.laboratoryOrderOutcomeBody.id","getlaboratoryorderoutcome.laboratoryOrderOutcome.laboratoryOrderOutcomeBody.id","","","",0,1,"","","","string {[]} {[]}
","Unique id for inter-element referencing","Unique id for the element within a resource (for internal references). This may be any string value that does not contain spaces.","","","","","","","","","",,,,,"",,,,"Element.id",0,1,"",""
"getlaboratoryorderoutcome","getlaboratoryorderoutcome.laboratoryOrderOutcome.laboratoryOrderOutcomeBody.extension","getlaboratoryorderoutcome.laboratoryOrderOutcome.laboratoryOrderOutcomeBody.extension","","extensions
user content","",0,*,"","","","Extension {[]} {[]}
","Additional content defined by implementations","May be used to represent additional information that is not part of the basic definition of the element. To make the use of extensions safe and manageable, there is a strict set of governance  applied to the definition and use of extensions. Though any implementer can define an extension, there is a set of requirements that SHALL be met as part of the definition of the extension.","There can be no stigma associated with the use of extensions by any application, project, or standard - regardless of the institution or jurisdiction that uses or defines the extensions.  The use of extensions is what allows the FHIR specification to retain a core level of simplicity for everyone.","","","","","","","","",,,,,"","value:url}
","Extensions are always sliced by (at least) url",,"open","Element.extension",0,*,"","ele-1:All FHIR elements must have a @value or children {hasValue() or (children().count() > id.count())}
ext-1:Must have either extensions or value[x], not both {extension.exists() != value.exists()}"
"getlaboratoryorderoutcome","getlaboratoryorderoutcome.laboratoryOrderOutcome.laboratoryOrderOutcomeBody.modifierExtension","getlaboratoryorderoutcome.laboratoryOrderOutcome.laboratoryOrderOutcomeBody.modifierExtension","","extensions
user contentmodifiers","",0,*,"","Y","Y","Extension {[]} {[]}
","Extensions that cannot be ignored even if unrecognized","May be used to represent additional information that is not part of the basic definition of the element and that modifies the understanding of the element in which it is contained and/or the understanding of the containing element's descendants. Usually modifier elements provide negation or qualification. To make the use of extensions safe and manageable, there is a strict set of governance applied to the definition and use of extensions. Though any implementer can define an extension, there is a set of requirements that SHALL be met as part of the definition of the extension. Applications processing a resource are required to check for modifier extensions.

Modifier extensions SHALL NOT change the meaning of any elements on Resource or DomainResource (including cannot change the meaning of modifierExtension itself).","There can be no stigma associated with the use of extensions by any application, project, or standard - regardless of the institution or jurisdiction that uses or defines the extensions.  The use of extensions is what allows the FHIR specification to retain a core level of simplicity for everyone.","Modifier extensions allow for extensions that *cannot* be safely ignored to be clearly distinguished from the vast majority of extensions which can be safely ignored.  This promotes interoperability by eliminating the need for implementers to prohibit the presence of extensions. For further information, see the [definition of modifier extensions](http://hl7.org/fhir/R4/extensibility.html#modifierExtension).","","","","","","","",,,,,"",,,,"BackboneElement.modifierExtension",0,*,"","ele-1:All FHIR elements must have a @value or children {hasValue() or (children().count() > id.count())}
ext-1:Must have either extensions or value[x], not both {extension.exists() != value.exists()}"
"getlaboratoryorderoutcome","getlaboratoryorderoutcome.laboratoryOrderOutcome.laboratoryOrderOutcomeBody.resultType","getlaboratoryorderoutcome.laboratoryOrderOutcome.laboratoryOrderOutcomeBody.resultType","","","",1,1,"","","","string {[]} {[]}
","Text som anger vilken typ av svar som avses","Text som anger vilken typ av svar som avses. / DEF = Definitivsvar / TILL = Tilläggssvar / Den senaste statusen är den som ska skickas med.
RIV-TA-typ: string. Kardinalitet i TKB: 1..1.","","","","","","","","","",,,,,"",,,,"getlaboratoryorderoutcome.laboratoryOrderOutcome.laboratoryOrderOutcomeBody.resultType",1,1,"",""
"getlaboratoryorderoutcome","getlaboratoryorderoutcome.laboratoryOrderOutcome.laboratoryOrderOutcomeBody.registrationTime","getlaboratoryorderoutcome.laboratoryOrderOutcome.laboratoryOrderOutcomeBody.registrationTime","","","",1,1,"","","","instant {[]} {[]}
","Tidpunkt då informationen om undersökningsresultatet lagrades i källsystemet.Det är den senaste tidpunkten då","Tidpunkt då informationen om undersökningsresultatet lagrades i källsystemet.Det är den senaste tidpunkten då informationen uppdaterats i systemet som ska finnas här i de fall informationen har ändrats efter det att den skapades.
RIV-TA-typ: TimeStampType. Kardinalitet i TKB: 1..1.","","","","","","","","","",,,,,"",,,,"getlaboratoryorderoutcome.laboratoryOrderOutcome.laboratoryOrderOutcomeBody.registrationTime",1,1,"",""
"getlaboratoryorderoutcome","getlaboratoryorderoutcome.laboratoryOrderOutcome.laboratoryOrderOutcomeBody.discipline","getlaboratoryorderoutcome.laboratoryOrderOutcome.laboratoryOrderOutcomeBody.discipline","","","",1,1,"","","","string {[]} {[]}
","Text som anger vilken typ av labenhet som undersökningsresultatet härrör från","Text som anger vilken typ av labenhet som undersökningsresultatet härrör från. / Tillåtet värde är ""Klinisk kemi""
RIV-TA-typ: string. Kardinalitet i TKB: 1..1.","","","","","","","","","",,,,,"",,,,"getlaboratoryorderoutcome.laboratoryOrderOutcome.laboratoryOrderOutcomeBody.discipline",1,1,"",""
"getlaboratoryorderoutcome","getlaboratoryorderoutcome.laboratoryOrderOutcome.laboratoryOrderOutcomeBody.resultReport","getlaboratoryorderoutcome.laboratoryOrderOutcome.laboratoryOrderOutcomeBody.resultReport","","","",0,1,"","","","string {[]} {[]}
","Text som beskriver det sammanfattande utlåtandet kring undersökningsresultatet","Text som beskriver det sammanfattande utlåtandet kring undersökningsresultatet
RIV-TA-typ: string. Kardinalitet i TKB: 0..1.","","","","","","","","","",,,,,"",,,,"getlaboratoryorderoutcome.laboratoryOrderOutcome.laboratoryOrderOutcomeBody.resultReport",0,1,"",""
"getlaboratoryorderoutcome","getlaboratoryorderoutcome.laboratoryOrderOutcome.laboratoryOrderOutcomeBody.resultComment","getlaboratoryorderoutcome.laboratoryOrderOutcome.laboratoryOrderOutcomeBody.resultComment","","","",0,1,"","","","string {[]} {[]}
","Text som innehåller en kommentar avseende hela det lämnade svaret","Text som innehåller en kommentar avseende hela det lämnade svaret
RIV-TA-typ: string. Kardinalitet i TKB: 0..1.","","","","","","","","","",,,,,"",,,,"getlaboratoryorderoutcome.laboratoryOrderOutcome.laboratoryOrderOutcomeBody.resultComment",0,1,"",""
"getlaboratoryorderoutcome","getlaboratoryorderoutcome.laboratoryOrderOutcome.laboratoryOrderOutcomeBody.accountableHealthcareProfessional","getlaboratoryorderoutcome.laboratoryOrderOutcome.laboratoryOrderOutcomeBody.accountableHealthcareProfessional","","","",0,1,"","","","BackboneElement {[]} {[]}
","Information om den hälso-och sjukvårdspersonal som är ansvarig (”ansvarig labbläkare”) för undersökningsresult","Information om den hälso-och sjukvårdspersonal som är ansvarig (”ansvarig labbläkare”) för undersökningsresultatet (svaret).
RIV-TA-typ: HealthcareProfessionalType. Kardinalitet i TKB: 0..1.","","","","","","","","","",,,,,"",,,,"getlaboratoryorderoutcome.laboratoryOrderOutcome.laboratoryOrderOutcomeBody.accountableHealthcareProfessional",0,1,"","ele-1:All FHIR elements must have a @value or children {hasValue() or (children().count() > id.count())}
"
"getlaboratoryorderoutcome","getlaboratoryorderoutcome.laboratoryOrderOutcome.laboratoryOrderOutcomeBody.accountableHealthcareProfessional.id","getlaboratoryorderoutcome.laboratoryOrderOutcome.laboratoryOrderOutcomeBody.accountableHealthcareProfessional.id","","","",0,1,"","","","string {[]} {[]}
","Unique id for inter-element referencing","Unique id for the element within a resource (for internal references). This may be any string value that does not contain spaces.","","","","","","","","","",,,,,"",,,,"Element.id",0,1,"",""
"getlaboratoryorderoutcome","getlaboratoryorderoutcome.laboratoryOrderOutcome.laboratoryOrderOutcomeBody.accountableHealthcareProfessional.extension","getlaboratoryorderoutcome.laboratoryOrderOutcome.laboratoryOrderOutcomeBody.accountableHealthcareProfessional.extension","","extensions
user content","",0,*,"","","","Extension {[]} {[]}
","Additional content defined by implementations","May be used to represent additional information that is not part of the basic definition of the element. To make the use of extensions safe and manageable, there is a strict set of governance  applied to the definition and use of extensions. Though any implementer can define an extension, there is a set of requirements that SHALL be met as part of the definition of the extension.","There can be no stigma associated with the use of extensions by any application, project, or standard - regardless of the institution or jurisdiction that uses or defines the extensions.  The use of extensions is what allows the FHIR specification to retain a core level of simplicity for everyone.","","","","","","","","",,,,,"","value:url}
","Extensions are always sliced by (at least) url",,"open","Element.extension",0,*,"","ele-1:All FHIR elements must have a @value or children {hasValue() or (children().count() > id.count())}
ext-1:Must have either extensions or value[x], not both {extension.exists() != value.exists()}"
"getlaboratoryorderoutcome","getlaboratoryorderoutcome.laboratoryOrderOutcome.laboratoryOrderOutcomeBody.accountableHealthcareProfessional.modifierExtension","getlaboratoryorderoutcome.laboratoryOrderOutcome.laboratoryOrderOutcomeBody.accountableHealthcareProfessional.modifierExtension","","extensions
user contentmodifiers","",0,*,"","Y","Y","Extension {[]} {[]}
","Extensions that cannot be ignored even if unrecognized","May be used to represent additional information that is not part of the basic definition of the element and that modifies the understanding of the element in which it is contained and/or the understanding of the containing element's descendants. Usually modifier elements provide negation or qualification. To make the use of extensions safe and manageable, there is a strict set of governance applied to the definition and use of extensions. Though any implementer can define an extension, there is a set of requirements that SHALL be met as part of the definition of the extension. Applications processing a resource are required to check for modifier extensions.

Modifier extensions SHALL NOT change the meaning of any elements on Resource or DomainResource (including cannot change the meaning of modifierExtension itself).","There can be no stigma associated with the use of extensions by any application, project, or standard - regardless of the institution or jurisdiction that uses or defines the extensions.  The use of extensions is what allows the FHIR specification to retain a core level of simplicity for everyone.","Modifier extensions allow for extensions that *cannot* be safely ignored to be clearly distinguished from the vast majority of extensions which can be safely ignored.  This promotes interoperability by eliminating the need for implementers to prohibit the presence of extensions. For further information, see the [definition of modifier extensions](http://hl7.org/fhir/R4/extensibility.html#modifierExtension).","","","","","","","",,,,,"",,,,"BackboneElement.modifierExtension",0,*,"","ele-1:All FHIR elements must have a @value or children {hasValue() or (children().count() > id.count())}
ext-1:Must have either extensions or value[x], not both {extension.exists() != value.exists()}"
"getlaboratoryorderoutcome","getlaboratoryorderoutcome.laboratoryOrderOutcome.laboratoryOrderOutcomeBody.accountableHealthcareProfessional.authorTime","getlaboratoryorderoutcome.laboratoryOrderOutcome.laboratoryOrderOutcomeBody.accountableHealthcareProfessional.authorTime","","","",1,1,"","","","instant {[]} {[]}
","Tidpunkt då svaret skickas från laboratoriesystemet.","Tidpunkt då svaret skickas från laboratoriesystemet.
RIV-TA-typ: TimeStampType. Kardinalitet i TKB: 1..1.","","","","","","","","","",,,,,"",,,,"getlaboratoryorderoutcome.laboratoryOrderOutcome.laboratoryOrderOutcomeBody.accountableHealthcareProfessional.authorTime",1,1,"",""
"getlaboratoryorderoutcome","getlaboratoryorderoutcome.laboratoryOrderOutcome.laboratoryOrderOutcomeBody.accountableHealthcareProfessional.healthcareProfessionalHSAId","getlaboratoryorderoutcome.laboratoryOrderOutcome.laboratoryOrderOutcomeBody.accountableHealthcareProfessional.healthcareProfessionalHSAId","","","",0,1,"","","","Identifier {[]} {[]}
","hälso-och sjukvårdspersonens HSA-id","hälso-och sjukvårdspersonens HSA-id
RIV-TA-typ: HSAIdType. Kardinalitet i TKB: 0..1.","","","","","","","","","",,,,,"",,,,"getlaboratoryorderoutcome.laboratoryOrderOutcome.laboratoryOrderOutcomeBody.accountableHealthcareProfessional.healthcareProfessionalHSAId",0,1,"",""
"getlaboratoryorderoutcome","getlaboratoryorderoutcome.laboratoryOrderOutcome.laboratoryOrderOutcomeBody.accountableHealthcareProfessional.healthcareProfessionalName","getlaboratoryorderoutcome.laboratoryOrderOutcome.laboratoryOrderOutcomeBody.accountableHealthcareProfessional.healthcareProfessionalName","","","",0,1,"","","","string {[]} {[]}
","Namn på ansvarig hälso-och sjukvårdsperson","Namn på ansvarig hälso-och sjukvårdsperson. Om tillgängligt ska detta anges.
RIV-TA-typ: string. Kardinalitet i TKB: 0..1.","","","","","","","","","",,,,,"",,,,"getlaboratoryorderoutcome.laboratoryOrderOutcome.laboratoryOrderOutcomeBody.accountableHealthcareProfessional.healthcareProfessionalName",0,1,"",""
"getlaboratoryorderoutcome","getlaboratoryorderoutcome.laboratoryOrderOutcome.laboratoryOrderOutcomeBody.accountableHealthcareProfessional.healthcareProfessionalRoleCode","getlaboratoryorderoutcome.laboratoryOrderOutcome.laboratoryOrderOutcomeBody.accountableHealthcareProfessional.healthcareProfessionalRoleCode","","","",0,1,"","","","CodeableConcept {[]} {[]}
","Information om personens befattning","Information om personens befattning. Om möjligt ska KV Befattning (OID 1.2.752.129.2.2.1.4), se referens [R 5]. Om kodverk saknas anges befattning i originalText.
RIV-TA-typ: CVType. Kardinalitet i TKB: 0..1.
Delelement enligt TKB:
- code (string, 0..1): Befattningskod. Om code anges ska också codeSystem samt displayName anges.
- codeSystem (string, 0..1): Kodsystem för befattningskod. Om codeSystem anges ska också code samt displayName anges.
- codeSystemName (string, 0..1): Namn på kodsystem för befattningskod.
- codeSystemVersion (string, 0..1): Version på kodsystem för befattningskod.
- displayName (string, 0..1): Befattningskoden i klartext. Om separat displayName inte finns i producerande system ska samma värde som i code anges. Om displayName anges ska även code samt codeSystem anges.
- originalText (string, 0..1): Om befattning är beskriven i ett lokalt kodverk utan OID, eller när kod helt saknas, kan en beskrivande text anges i originalText. Om originalText anges ska inget annat värde i healthcareProfessionalRoleCode anges.","","","","","","","","","",,,,,"",,,,"getlaboratoryorderoutcome.laboratoryOrderOutcome.laboratoryOrderOutcomeBody.accountableHealthcareProfessional.healthcareProfessionalRoleCode",0,1,"",""
"getlaboratoryorderoutcome","getlaboratoryorderoutcome.laboratoryOrderOutcome.laboratoryOrderOutcomeBody.accountableHealthcareProfessional.healthcareProfessionalOrgUnit","getlaboratoryorderoutcome.laboratoryOrderOutcome.laboratoryOrderOutcomeBody.accountableHealthcareProfessional.healthcareProfessionalOrgUnit","","","",1,1,"","","","BackboneElement {[]} {[]}
","Den enhet som hälso-och sjukvårdspersonen är uppdragstagare på","Den enhet som hälso-och sjukvårdspersonen är uppdragstagare på
RIV-TA-typ: OrgUnitType. Kardinalitet i TKB: 1..1.","","","","","","","","","",,,,,"",,,,"getlaboratoryorderoutcome.laboratoryOrderOutcome.laboratoryOrderOutcomeBody.accountableHealthcareProfessional.healthcareProfessionalOrgUnit",1,1,"","ele-1:All FHIR elements must have a @value or children {hasValue() or (children().count() > id.count())}
"
"getlaboratoryorderoutcome","getlaboratoryorderoutcome.laboratoryOrderOutcome.laboratoryOrderOutcomeBody.accountableHealthcareProfessional.healthcareProfessionalOrgUnit.id","getlaboratoryorderoutcome.laboratoryOrderOutcome.laboratoryOrderOutcomeBody.accountableHealthcareProfessional.healthcareProfessionalOrgUnit.id","","","",0,1,"","","","string {[]} {[]}
","Unique id for inter-element referencing","Unique id for the element within a resource (for internal references). This may be any string value that does not contain spaces.","","","","","","","","","",,,,,"",,,,"Element.id",0,1,"",""
"getlaboratoryorderoutcome","getlaboratoryorderoutcome.laboratoryOrderOutcome.laboratoryOrderOutcomeBody.accountableHealthcareProfessional.healthcareProfessionalOrgUnit.extension","getlaboratoryorderoutcome.laboratoryOrderOutcome.laboratoryOrderOutcomeBody.accountableHealthcareProfessional.healthcareProfessionalOrgUnit.extension","","extensions
user content","",0,*,"","","","Extension {[]} {[]}
","Additional content defined by implementations","May be used to represent additional information that is not part of the basic definition of the element. To make the use of extensions safe and manageable, there is a strict set of governance  applied to the definition and use of extensions. Though any implementer can define an extension, there is a set of requirements that SHALL be met as part of the definition of the extension.","There can be no stigma associated with the use of extensions by any application, project, or standard - regardless of the institution or jurisdiction that uses or defines the extensions.  The use of extensions is what allows the FHIR specification to retain a core level of simplicity for everyone.","","","","","","","","",,,,,"","value:url}
","Extensions are always sliced by (at least) url",,"open","Element.extension",0,*,"","ele-1:All FHIR elements must have a @value or children {hasValue() or (children().count() > id.count())}
ext-1:Must have either extensions or value[x], not both {extension.exists() != value.exists()}"
"getlaboratoryorderoutcome","getlaboratoryorderoutcome.laboratoryOrderOutcome.laboratoryOrderOutcomeBody.accountableHealthcareProfessional.healthcareProfessionalOrgUnit.modifierExtension","getlaboratoryorderoutcome.laboratoryOrderOutcome.laboratoryOrderOutcomeBody.accountableHealthcareProfessional.healthcareProfessionalOrgUnit.modifierExtension","","extensions
user contentmodifiers","",0,*,"","Y","Y","Extension {[]} {[]}
","Extensions that cannot be ignored even if unrecognized","May be used to represent additional information that is not part of the basic definition of the element and that modifies the understanding of the element in which it is contained and/or the understanding of the containing element's descendants. Usually modifier elements provide negation or qualification. To make the use of extensions safe and manageable, there is a strict set of governance applied to the definition and use of extensions. Though any implementer can define an extension, there is a set of requirements that SHALL be met as part of the definition of the extension. Applications processing a resource are required to check for modifier extensions.

Modifier extensions SHALL NOT change the meaning of any elements on Resource or DomainResource (including cannot change the meaning of modifierExtension itself).","There can be no stigma associated with the use of extensions by any application, project, or standard - regardless of the institution or jurisdiction that uses or defines the extensions.  The use of extensions is what allows the FHIR specification to retain a core level of simplicity for everyone.","Modifier extensions allow for extensions that *cannot* be safely ignored to be clearly distinguished from the vast majority of extensions which can be safely ignored.  This promotes interoperability by eliminating the need for implementers to prohibit the presence of extensions. For further information, see the [definition of modifier extensions](http://hl7.org/fhir/R4/extensibility.html#modifierExtension).","","","","","","","",,,,,"",,,,"BackboneElement.modifierExtension",0,*,"","ele-1:All FHIR elements must have a @value or children {hasValue() or (children().count() > id.count())}
ext-1:Must have either extensions or value[x], not both {extension.exists() != value.exists()}"
"getlaboratoryorderoutcome","getlaboratoryorderoutcome.laboratoryOrderOutcome.laboratoryOrderOutcomeBody.accountableHealthcareProfessional.healthcareProfessionalOrgUnit.orgUnitHSAId","getlaboratoryorderoutcome.laboratoryOrderOutcome.laboratoryOrderOutcomeBody.accountableHealthcareProfessional.healthcareProfessionalOrgUnit.orgUnitHSAId","","","",1,1,"","","","Identifier {[]} {[]}
","HSA-id för organisationsenhet.","HSA-id för organisationsenhet.
RIV-TA-typ: HDAIdType. Kardinalitet i TKB: 1..1.","","","","","","","","","",,,,,"",,,,"getlaboratoryorderoutcome.laboratoryOrderOutcome.laboratoryOrderOutcomeBody.accountableHealthcareProfessional.healthcareProfessionalOrgUnit.orgUnitHSAId",1,1,"",""
"getlaboratoryorderoutcome","getlaboratoryorderoutcome.laboratoryOrderOutcome.laboratoryOrderOutcomeBody.accountableHealthcareProfessional.healthcareProfessionalOrgUnit.orgUnitName","getlaboratoryorderoutcome.laboratoryOrderOutcome.laboratoryOrderOutcomeBody.accountableHealthcareProfessional.healthcareProfessionalOrgUnit.orgUnitName","","","",1,1,"","","","string {[]} {[]}
","Namnet på den organisation som författaren är uppdragstagare på","Namnet på den organisation som författaren är uppdragstagare på
RIV-TA-typ: string. Kardinalitet i TKB: 1..1.","","","","","","","","","",,,,,"",,,,"getlaboratoryorderoutcome.laboratoryOrderOutcome.laboratoryOrderOutcomeBody.accountableHealthcareProfessional.healthcareProfessionalOrgUnit.orgUnitName",1,1,"",""
"getlaboratoryorderoutcome","getlaboratoryorderoutcome.laboratoryOrderOutcome.laboratoryOrderOutcomeBody.accountableHealthcareProfessional.healthcareProfessionalOrgUnit.orgUnitTelecom","getlaboratoryorderoutcome.laboratoryOrderOutcome.laboratoryOrderOutcomeBody.accountableHealthcareProfessional.healthcareProfessionalOrgUnit.orgUnitTelecom","","","",0,1,"","","","string {[]} {[]}
","Telefon till organisationsenhet","Telefon till organisationsenhet
RIV-TA-typ: string. Kardinalitet i TKB: 0..1.","","","","","","","","","",,,,,"",,,,"getlaboratoryorderoutcome.laboratoryOrderOutcome.laboratoryOrderOutcomeBody.accountableHealthcareProfessional.healthcareProfessionalOrgUnit.orgUnitTelecom",0,1,"",""
"getlaboratoryorderoutcome","getlaboratoryorderoutcome.laboratoryOrderOutcome.laboratoryOrderOutcomeBody.accountableHealthcareProfessional.healthcareProfessionalOrgUnit.orgUnitEmail","getlaboratoryorderoutcome.laboratoryOrderOutcome.laboratoryOrderOutcomeBody.accountableHealthcareProfessional.healthcareProfessionalOrgUnit.orgUnitEmail","","","",0,1,"","","","string {[]} {[]}
","Epost till enhet","Epost till enhet
RIV-TA-typ: string. Kardinalitet i TKB: 0..1.","","","","","","","","","",,,,,"",,,,"getlaboratoryorderoutcome.laboratoryOrderOutcome.laboratoryOrderOutcomeBody.accountableHealthcareProfessional.healthcareProfessionalOrgUnit.orgUnitEmail",0,1,"",""
"getlaboratoryorderoutcome","getlaboratoryorderoutcome.laboratoryOrderOutcome.laboratoryOrderOutcomeBody.accountableHealthcareProfessional.healthcareProfessionalOrgUnit.orgUnitAddress","getlaboratoryorderoutcome.laboratoryOrderOutcome.laboratoryOrderOutcomeBody.accountableHealthcareProfessional.healthcareProfessionalOrgUnit.orgUnitAddress","","","",0,1,"","","","string {[]} {[]}
","Postadress för den organisation som författaren är uppdragstagare på","Postadress för den organisation som författaren är uppdragstagare på
RIV-TA-typ: string. Kardinalitet i TKB: 0..1.","","","","","","","","","",,,,,"",,,,"getlaboratoryorderoutcome.laboratoryOrderOutcome.laboratoryOrderOutcomeBody.accountableHealthcareProfessional.healthcareProfessionalOrgUnit.orgUnitAddress",0,1,"",""
"getlaboratoryorderoutcome","getlaboratoryorderoutcome.laboratoryOrderOutcome.laboratoryOrderOutcomeBody.accountableHealthcareProfessional.healthcareProfessionalOrgUnit.orgUnitLocation","getlaboratoryorderoutcome.laboratoryOrderOutcome.laboratoryOrderOutcomeBody.accountableHealthcareProfessional.healthcareProfessionalOrgUnit.orgUnitLocation","","","",0,1,"","","","string {[]} {[]}
","Text som anger namnet på plats eller ort för organisationens fysiska placering","Text som anger namnet på plats eller ort för organisationens fysiska placering
RIV-TA-typ: string. Kardinalitet i TKB: 0..1.","","","","","","","","","",,,,,"",,,,"getlaboratoryorderoutcome.laboratoryOrderOutcome.laboratoryOrderOutcomeBody.accountableHealthcareProfessional.healthcareProfessionalOrgUnit.orgUnitLocation",0,1,"",""
"getlaboratoryorderoutcome","getlaboratoryorderoutcome.laboratoryOrderOutcome.laboratoryOrderOutcomeBody.accountableHealthcareProfessional.healthcareProfessionalCareUnitHSAId","getlaboratoryorderoutcome.laboratoryOrderOutcome.laboratoryOrderOutcomeBody.accountableHealthcareProfessional.healthcareProfessionalCareUnitHSAId","","","",0,0,"","","","string {[]} {[]}
","Ska ej anges.","Ska ej anges.
RIV-TA-typ: (ej angiven). Kardinalitet i TKB: 0..0.","","","","","","","","","",,,,,"",,,,"getlaboratoryorderoutcome.laboratoryOrderOutcome.laboratoryOrderOutcomeBody.accountableHealthcareProfessional.healthcareProfessionalCareUnitHSAId",0,0,"",""
"getlaboratoryorderoutcome","getlaboratoryorderoutcome.laboratoryOrderOutcome.laboratoryOrderOutcomeBody.accountableHealthcareProfessional.healthcareProfessionalCareGiverHSAId","getlaboratoryorderoutcome.laboratoryOrderOutcome.laboratoryOrderOutcomeBody.accountableHealthcareProfessional.healthcareProfessionalCareGiverHSAId","","","",0,0,"","","","string {[]} {[]}
","Ska ej anges.","Ska ej anges.
RIV-TA-typ: (ej angiven). Kardinalitet i TKB: 0..0.","","","","","","","","","",,,,,"",,,,"getlaboratoryorderoutcome.laboratoryOrderOutcome.laboratoryOrderOutcomeBody.accountableHealthcareProfessional.healthcareProfessionalCareGiverHSAId",0,0,"",""
"getlaboratoryorderoutcome","getlaboratoryorderoutcome.laboratoryOrderOutcome.laboratoryOrderOutcomeBody.analysis","getlaboratoryorderoutcome.laboratoryOrderOutcome.laboratoryOrderOutcomeBody.analysis","","","",0,*,"","","","BackboneElement {[]} {[]}
","Information om analystjänster som ligger till grund för ett undersökningsresultat","Information om analystjänster som ligger till grund för ett undersökningsresultat
RIV-TA-typ: AnalysisType. Kardinalitet i TKB: 0..*.","","","","","","","","","",,,,,"",,,,"getlaboratoryorderoutcome.laboratoryOrderOutcome.laboratoryOrderOutcomeBody.analysis",0,*,"","ele-1:All FHIR elements must have a @value or children {hasValue() or (children().count() > id.count())}
"
"getlaboratoryorderoutcome","getlaboratoryorderoutcome.laboratoryOrderOutcome.laboratoryOrderOutcomeBody.analysis.id","getlaboratoryorderoutcome.laboratoryOrderOutcome.laboratoryOrderOutcomeBody.analysis.id","","","",0,1,"","","","string {[]} {[]}
","Unique id for inter-element referencing","Unique id for the element within a resource (for internal references). This may be any string value that does not contain spaces.","","","","","","","","","",,,,,"",,,,"Element.id",0,1,"",""
"getlaboratoryorderoutcome","getlaboratoryorderoutcome.laboratoryOrderOutcome.laboratoryOrderOutcomeBody.analysis.extension","getlaboratoryorderoutcome.laboratoryOrderOutcome.laboratoryOrderOutcomeBody.analysis.extension","","extensions
user content","",0,*,"","","","Extension {[]} {[]}
","Additional content defined by implementations","May be used to represent additional information that is not part of the basic definition of the element. To make the use of extensions safe and manageable, there is a strict set of governance  applied to the definition and use of extensions. Though any implementer can define an extension, there is a set of requirements that SHALL be met as part of the definition of the extension.","There can be no stigma associated with the use of extensions by any application, project, or standard - regardless of the institution or jurisdiction that uses or defines the extensions.  The use of extensions is what allows the FHIR specification to retain a core level of simplicity for everyone.","","","","","","","","",,,,,"","value:url}
","Extensions are always sliced by (at least) url",,"open","Element.extension",0,*,"","ele-1:All FHIR elements must have a @value or children {hasValue() or (children().count() > id.count())}
ext-1:Must have either extensions or value[x], not both {extension.exists() != value.exists()}"
"getlaboratoryorderoutcome","getlaboratoryorderoutcome.laboratoryOrderOutcome.laboratoryOrderOutcomeBody.analysis.modifierExtension","getlaboratoryorderoutcome.laboratoryOrderOutcome.laboratoryOrderOutcomeBody.analysis.modifierExtension","","extensions
user contentmodifiers","",0,*,"","Y","Y","Extension {[]} {[]}
","Extensions that cannot be ignored even if unrecognized","May be used to represent additional information that is not part of the basic definition of the element and that modifies the understanding of the element in which it is contained and/or the understanding of the containing element's descendants. Usually modifier elements provide negation or qualification. To make the use of extensions safe and manageable, there is a strict set of governance applied to the definition and use of extensions. Though any implementer can define an extension, there is a set of requirements that SHALL be met as part of the definition of the extension. Applications processing a resource are required to check for modifier extensions.

Modifier extensions SHALL NOT change the meaning of any elements on Resource or DomainResource (including cannot change the meaning of modifierExtension itself).","There can be no stigma associated with the use of extensions by any application, project, or standard - regardless of the institution or jurisdiction that uses or defines the extensions.  The use of extensions is what allows the FHIR specification to retain a core level of simplicity for everyone.","Modifier extensions allow for extensions that *cannot* be safely ignored to be clearly distinguished from the vast majority of extensions which can be safely ignored.  This promotes interoperability by eliminating the need for implementers to prohibit the presence of extensions. For further information, see the [definition of modifier extensions](http://hl7.org/fhir/R4/extensibility.html#modifierExtension).","","","","","","","",,,,,"",,,,"BackboneElement.modifierExtension",0,*,"","ele-1:All FHIR elements must have a @value or children {hasValue() or (children().count() > id.count())}
ext-1:Must have either extensions or value[x], not both {extension.exists() != value.exists()}"
"getlaboratoryorderoutcome","getlaboratoryorderoutcome.laboratoryOrderOutcome.laboratoryOrderOutcomeBody.analysis.analysisId","getlaboratoryorderoutcome.laboratoryOrderOutcome.laboratoryOrderOutcomeBody.analysis.analysisId","","","",1,1,"","","","Identifier {[]} {[]}
","Unik identifierare för analystjänsten","Unik identifierare för analystjänsten
RIV-TA-typ: IIType. Kardinalitet i TKB: 1..1.
Delelement enligt TKB:
- root (string, 1..1): En unik identifierare i form av en UID som garanterar global unikhet för instansidentifieraren. Root kan enskilt utgöra hela den unika identifieraren.
- extension (string, 0..1): En textsträng som tillsammans med root bildar en unik identifierare.","","","","","","","","","",,,,,"",,,,"getlaboratoryorderoutcome.laboratoryOrderOutcome.laboratoryOrderOutcomeBody.analysis.analysisId",1,1,"",""
"getlaboratoryorderoutcome","getlaboratoryorderoutcome.laboratoryOrderOutcome.laboratoryOrderOutcomeBody.analysis.analysisTime","getlaboratoryorderoutcome.laboratoryOrderOutcome.laboratoryOrderOutcomeBody.analysis.analysisTime","","","",0,1,"","","","Period {[]} {[]}
","Tidsangivelse för åtgärdens utförande","Tidsangivelse för åtgärdens utförande. Här anges tiden för provtagningen. / Om start eller end saknas, ska det vid tidsurval tolkas som att båda är satta till samma tidpunkt.
RIV-TA-typ: TimePeriodType. Kardinalitet i TKB: 0..1.
Delelement enligt TKB:
- start (TimeStampType, 0..1): Periodens starttid. Minst ett av start och end ska anges.
- end (TimeStampType, 0..1): Periodens sluttid. Minst ett av start och end ska anges.","","","","","","","","","",,,,,"",,,,"getlaboratoryorderoutcome.laboratoryOrderOutcome.laboratoryOrderOutcomeBody.analysis.analysisTime",0,1,"",""
"getlaboratoryorderoutcome","getlaboratoryorderoutcome.laboratoryOrderOutcome.laboratoryOrderOutcomeBody.analysis.analysisCode","getlaboratoryorderoutcome.laboratoryOrderOutcome.laboratoryOrderOutcomeBody.analysis.analysisCode","","","",0,1,"","","","CodeableConcept {[]} {[]}
","Kod och klartext som anger vilken åtgärd som avses, enligt kodverket NPU","Kod och klartext som anger vilken åtgärd som avses, enligt kodverket NPU. Ett av attributen analysisCode och analysisText ska anges.
RIV-TA-typ: CVType. Kardinalitet i TKB: 0..1.
Delelement enligt TKB:
- code (string, 1..1): Kod från kodsystemet NPU.
- codeSystem (string, 1..1): OID för NPU-kodsystemet (1.2.752.108.1).
- displayName (string, 1..1): Kodens klartext.","","","","","","","","","",,,,,"",,,,"getlaboratoryorderoutcome.laboratoryOrderOutcome.laboratoryOrderOutcomeBody.analysis.analysisCode",0,1,"",""
"getlaboratoryorderoutcome","getlaboratoryorderoutcome.laboratoryOrderOutcome.laboratoryOrderOutcomeBody.analysis.analysisText","getlaboratoryorderoutcome.laboratoryOrderOutcome.laboratoryOrderOutcomeBody.analysis.analysisText","","","",0,1,"","","","string {[]} {[]}
","Text som anger vilken åtgärd som avses, om analysen ej finns kodad enligt NPU","Text som anger vilken åtgärd som avses, om analysen ej finns kodad enligt NPU. Attributet åtgärdskod text används endast för svar som ej kan kodas enligt NPU. I åtgärdskod text anges endast analysens namn i klartext, dvs inga lokala koder. Ett av attributen analysisCode och analysisText ska anges.
RIV-TA-typ: string. Kardinalitet i TKB: 0..1.","","","","","","","","","",,,,,"",,,,"getlaboratoryorderoutcome.laboratoryOrderOutcome.laboratoryOrderOutcomeBody.analysis.analysisText",0,1,"",""
"getlaboratoryorderoutcome","getlaboratoryorderoutcome.laboratoryOrderOutcome.laboratoryOrderOutcomeBody.analysis.analysisStatus","getlaboratoryorderoutcome.laboratoryOrderOutcome.laboratoryOrderOutcomeBody.analysis.analysisStatus","","","",0,1,"","","","string {[]} {[]}
","Text som anger åtgärdens status","Text som anger åtgärdens status. Då det är möjligt ska KV åtgärdsstatus följas. Exempel från KV åtgärdsstatus: / Planerad, Pågående, Avklarad
RIV-TA-typ: string. Kardinalitet i TKB: 0..1.","","","","","","","","","",,,,,"",,,,"getlaboratoryorderoutcome.laboratoryOrderOutcome.laboratoryOrderOutcomeBody.analysis.analysisStatus",0,1,"",""
"getlaboratoryorderoutcome","getlaboratoryorderoutcome.laboratoryOrderOutcome.laboratoryOrderOutcomeBody.analysis.analysisComment","getlaboratoryorderoutcome.laboratoryOrderOutcome.laboratoryOrderOutcomeBody.analysis.analysisComment","","","",0,1,"","","","string {[]} {[]}
","Text som innehåller en kommentar som avser den utförda analysen.","Text som innehåller en kommentar som avser den utförda analysen.
RIV-TA-typ: string. Kardinalitet i TKB: 0..1.","","","","","","","","","",,,,,"",,,,"getlaboratoryorderoutcome.laboratoryOrderOutcome.laboratoryOrderOutcomeBody.analysis.analysisComment",0,1,"",""
"getlaboratoryorderoutcome","getlaboratoryorderoutcome.laboratoryOrderOutcome.laboratoryOrderOutcomeBody.analysis.specimen","getlaboratoryorderoutcome.laboratoryOrderOutcome.laboratoryOrderOutcomeBody.analysis.specimen","","","",0,1,"","","","string {[]} {[]}
","Text som beskriver vilket typ av material som användes vid analysen","Text som beskriver vilket typ av material som användes vid analysen. Ange provmaterial i klartext. Exempel: Plasma / Både provmaterial och lokalisation bör anges i klartext när så är lämpligt för aktuell undersökning. Exempel: Var höger fot"".
RIV-TA-typ: string. Kardinalitet i TKB: 0..1.","","","","","","","","","",,,,,"",,,,"getlaboratoryorderoutcome.laboratoryOrderOutcome.laboratoryOrderOutcomeBody.analysis.specimen",0,1,"",""
"getlaboratoryorderoutcome","getlaboratoryorderoutcome.laboratoryOrderOutcome.laboratoryOrderOutcomeBody.analysis.method","getlaboratoryorderoutcome.laboratoryOrderOutcome.laboratoryOrderOutcomeBody.analysis.method","","","",0,1,"","","","string {[]} {[]}
","Text som beskriver den metod som använts i analystjänsten.","Text som beskriver den metod som använts i analystjänsten.
RIV-TA-typ: string. Kardinalitet i TKB: 0..1.","","","","","","","","","",,,,,"",,,,"getlaboratoryorderoutcome.laboratoryOrderOutcome.laboratoryOrderOutcomeBody.analysis.method",0,1,"",""
"getlaboratoryorderoutcome","getlaboratoryorderoutcome.laboratoryOrderOutcome.laboratoryOrderOutcomeBody.analysis.relationToAnalysis","getlaboratoryorderoutcome.laboratoryOrderOutcome.laboratoryOrderOutcomeBody.analysis.relationToAnalysis","","","",0,*,"","","","BackboneElement {[]} {[]}
","Anger samband med annan utförd analystjänst.","Anger samband med annan utförd analystjänst.
RIV-TA-typ: RelationToAnalysisType. Kardinalitet i TKB: 0..*.","","","","","","","","","",,,,,"",,,,"getlaboratoryorderoutcome.laboratoryOrderOutcome.laboratoryOrderOutcomeBody.analysis.relationToAnalysis",0,*,"","ele-1:All FHIR elements must have a @value or children {hasValue() or (children().count() > id.count())}
"
"getlaboratoryorderoutcome","getlaboratoryorderoutcome.laboratoryOrderOutcome.laboratoryOrderOutcomeBody.analysis.relationToAnalysis.id","getlaboratoryorderoutcome.laboratoryOrderOutcome.laboratoryOrderOutcomeBody.analysis.relationToAnalysis.id","","","",0,1,"","","","string {[]} {[]}
","Unique id for inter-element referencing","Unique id for the element within a resource (for internal references). This may be any string value that does not contain spaces.","","","","","","","","","",,,,,"",,,,"Element.id",0,1,"",""
"getlaboratoryorderoutcome","getlaboratoryorderoutcome.laboratoryOrderOutcome.laboratoryOrderOutcomeBody.analysis.relationToAnalysis.extension","getlaboratoryorderoutcome.laboratoryOrderOutcome.laboratoryOrderOutcomeBody.analysis.relationToAnalysis.extension","","extensions
user content","",0,*,"","","","Extension {[]} {[]}
","Additional content defined by implementations","May be used to represent additional information that is not part of the basic definition of the element. To make the use of extensions safe and manageable, there is a strict set of governance  applied to the definition and use of extensions. Though any implementer can define an extension, there is a set of requirements that SHALL be met as part of the definition of the extension.","There can be no stigma associated with the use of extensions by any application, project, or standard - regardless of the institution or jurisdiction that uses or defines the extensions.  The use of extensions is what allows the FHIR specification to retain a core level of simplicity for everyone.","","","","","","","","",,,,,"","value:url}
","Extensions are always sliced by (at least) url",,"open","Element.extension",0,*,"","ele-1:All FHIR elements must have a @value or children {hasValue() or (children().count() > id.count())}
ext-1:Must have either extensions or value[x], not both {extension.exists() != value.exists()}"
"getlaboratoryorderoutcome","getlaboratoryorderoutcome.laboratoryOrderOutcome.laboratoryOrderOutcomeBody.analysis.relationToAnalysis.modifierExtension","getlaboratoryorderoutcome.laboratoryOrderOutcome.laboratoryOrderOutcomeBody.analysis.relationToAnalysis.modifierExtension","","extensions
user contentmodifiers","",0,*,"","Y","Y","Extension {[]} {[]}
","Extensions that cannot be ignored even if unrecognized","May be used to represent additional information that is not part of the basic definition of the element and that modifies the understanding of the element in which it is contained and/or the understanding of the containing element's descendants. Usually modifier elements provide negation or qualification. To make the use of extensions safe and manageable, there is a strict set of governance applied to the definition and use of extensions. Though any implementer can define an extension, there is a set of requirements that SHALL be met as part of the definition of the extension. Applications processing a resource are required to check for modifier extensions.

Modifier extensions SHALL NOT change the meaning of any elements on Resource or DomainResource (including cannot change the meaning of modifierExtension itself).","There can be no stigma associated with the use of extensions by any application, project, or standard - regardless of the institution or jurisdiction that uses or defines the extensions.  The use of extensions is what allows the FHIR specification to retain a core level of simplicity for everyone.","Modifier extensions allow for extensions that *cannot* be safely ignored to be clearly distinguished from the vast majority of extensions which can be safely ignored.  This promotes interoperability by eliminating the need for implementers to prohibit the presence of extensions. For further information, see the [definition of modifier extensions](http://hl7.org/fhir/R4/extensibility.html#modifierExtension).","","","","","","","",,,,,"",,,,"BackboneElement.modifierExtension",0,*,"","ele-1:All FHIR elements must have a @value or children {hasValue() or (children().count() > id.count())}
ext-1:Must have either extensions or value[x], not both {extension.exists() != value.exists()}"
"getlaboratoryorderoutcome","getlaboratoryorderoutcome.laboratoryOrderOutcome.laboratoryOrderOutcomeBody.analysis.relationToAnalysis.analysisId","getlaboratoryorderoutcome.laboratoryOrderOutcome.laboratoryOrderOutcomeBody.analysis.relationToAnalysis.analysisId","","","",1,1,"","","","Identifier {[]} {[]}
","Unik identifierare för analystjänsten.","Unik identifierare för analystjänsten.
RIV-TA-typ: IIType. Kardinalitet i TKB: 1..1.
Delelement enligt TKB:
- root (string, 1..1): En unik identifierare i form av en UID som garanterar global unikhet för instansidentifieraren. Root kan enskilt utgöra hela den unika identifieraren.
- extension (string, 0..1): En textsträng som tillsammans med root bildar en unik identifierare.","","","","","","","","","",,,,,"",,,,"getlaboratoryorderoutcome.laboratoryOrderOutcome.laboratoryOrderOutcomeBody.analysis.relationToAnalysis.analysisId",1,1,"",""
"getlaboratoryorderoutcome","getlaboratoryorderoutcome.laboratoryOrderOutcome.laboratoryOrderOutcomeBody.analysis.analysisOutcome","getlaboratoryorderoutcome.laboratoryOrderOutcome.laboratoryOrderOutcomeBody.analysis.analysisOutcome","","","",0,1,"","","","BackboneElement {[]} {[]}
","Information om ett resultatet/utfallet av en analystjänst.","Information om ett resultatet/utfallet av en analystjänst.
RIV-TA-typ: AnalysisOutcomeType. Kardinalitet i TKB: 0..1.","","","","","","","","","",,,,,"",,,,"getlaboratoryorderoutcome.laboratoryOrderOutcome.laboratoryOrderOutcomeBody.analysis.analysisOutcome",0,1,"","ele-1:All FHIR elements must have a @value or children {hasValue() or (children().count() > id.count())}
"
"getlaboratoryorderoutcome","getlaboratoryorderoutcome.laboratoryOrderOutcome.laboratoryOrderOutcomeBody.analysis.analysisOutcome.id","getlaboratoryorderoutcome.laboratoryOrderOutcome.laboratoryOrderOutcomeBody.analysis.analysisOutcome.id","","","",0,1,"","","","string {[]} {[]}
","Unique id for inter-element referencing","Unique id for the element within a resource (for internal references). This may be any string value that does not contain spaces.","","","","","","","","","",,,,,"",,,,"Element.id",0,1,"",""
"getlaboratoryorderoutcome","getlaboratoryorderoutcome.laboratoryOrderOutcome.laboratoryOrderOutcomeBody.analysis.analysisOutcome.extension","getlaboratoryorderoutcome.laboratoryOrderOutcome.laboratoryOrderOutcomeBody.analysis.analysisOutcome.extension","","extensions
user content","",0,*,"","","","Extension {[]} {[]}
","Additional content defined by implementations","May be used to represent additional information that is not part of the basic definition of the element. To make the use of extensions safe and manageable, there is a strict set of governance  applied to the definition and use of extensions. Though any implementer can define an extension, there is a set of requirements that SHALL be met as part of the definition of the extension.","There can be no stigma associated with the use of extensions by any application, project, or standard - regardless of the institution or jurisdiction that uses or defines the extensions.  The use of extensions is what allows the FHIR specification to retain a core level of simplicity for everyone.","","","","","","","","",,,,,"","value:url}
","Extensions are always sliced by (at least) url",,"open","Element.extension",0,*,"","ele-1:All FHIR elements must have a @value or children {hasValue() or (children().count() > id.count())}
ext-1:Must have either extensions or value[x], not both {extension.exists() != value.exists()}"
"getlaboratoryorderoutcome","getlaboratoryorderoutcome.laboratoryOrderOutcome.laboratoryOrderOutcomeBody.analysis.analysisOutcome.modifierExtension","getlaboratoryorderoutcome.laboratoryOrderOutcome.laboratoryOrderOutcomeBody.analysis.analysisOutcome.modifierExtension","","extensions
user contentmodifiers","",0,*,"","Y","Y","Extension {[]} {[]}
","Extensions that cannot be ignored even if unrecognized","May be used to represent additional information that is not part of the basic definition of the element and that modifies the understanding of the element in which it is contained and/or the understanding of the containing element's descendants. Usually modifier elements provide negation or qualification. To make the use of extensions safe and manageable, there is a strict set of governance applied to the definition and use of extensions. Though any implementer can define an extension, there is a set of requirements that SHALL be met as part of the definition of the extension. Applications processing a resource are required to check for modifier extensions.

Modifier extensions SHALL NOT change the meaning of any elements on Resource or DomainResource (including cannot change the meaning of modifierExtension itself).","There can be no stigma associated with the use of extensions by any application, project, or standard - regardless of the institution or jurisdiction that uses or defines the extensions.  The use of extensions is what allows the FHIR specification to retain a core level of simplicity for everyone.","Modifier extensions allow for extensions that *cannot* be safely ignored to be clearly distinguished from the vast majority of extensions which can be safely ignored.  This promotes interoperability by eliminating the need for implementers to prohibit the presence of extensions. For further information, see the [definition of modifier extensions](http://hl7.org/fhir/R4/extensibility.html#modifierExtension).","","","","","","","",,,,,"",,,,"BackboneElement.modifierExtension",0,*,"","ele-1:All FHIR elements must have a @value or children {hasValue() or (children().count() > id.count())}
ext-1:Must have either extensions or value[x], not both {extension.exists() != value.exists()}"
"getlaboratoryorderoutcome","getlaboratoryorderoutcome.laboratoryOrderOutcome.laboratoryOrderOutcomeBody.analysis.analysisOutcome.outcomeValue","getlaboratoryorderoutcome.laboratoryOrderOutcome.laboratoryOrderOutcomeBody.analysis.analysisOutcome.outcomeValue","","","",1,1,"","","","string {[]} {[]}
","Det specifika värdet för resultatet/utfallet.","Det specifika värdet för resultatet/utfallet.
RIV-TA-typ: string. Kardinalitet i TKB: 1..1.","","","","","","","","","",,,,,"",,,,"getlaboratoryorderoutcome.laboratoryOrderOutcome.laboratoryOrderOutcomeBody.analysis.analysisOutcome.outcomeValue",1,1,"",""
"getlaboratoryorderoutcome","getlaboratoryorderoutcome.laboratoryOrderOutcome.laboratoryOrderOutcomeBody.analysis.analysisOutcome.outcomeUnit","getlaboratoryorderoutcome.laboratoryOrderOutcome.laboratoryOrderOutcomeBody.analysis.analysisOutcome.outcomeUnit","","","",0,1,"","","","string {[]} {[]}
","Text som anger i förekommande fall enheten för det angivna värdet","Text som anger i förekommande fall enheten för det angivna värdet
RIV-TA-typ: string. Kardinalitet i TKB: 0..1.","","","","","","","","","",,,,,"",,,,"getlaboratoryorderoutcome.laboratoryOrderOutcome.laboratoryOrderOutcomeBody.analysis.analysisOutcome.outcomeUnit",0,1,"",""
"getlaboratoryorderoutcome","getlaboratoryorderoutcome.laboratoryOrderOutcome.laboratoryOrderOutcomeBody.analysis.analysisOutcome.observationTime","getlaboratoryorderoutcome.laboratoryOrderOutcome.laboratoryOrderOutcomeBody.analysis.analysisOutcome.observationTime","","","",0,1,"","","","instant {[]} {[]}
","Tidpunkt då iakttagelsen av resultatet gjordes","Tidpunkt då iakttagelsen av resultatet gjordes
RIV-TA-typ: TimeStampType. Kardinalitet i TKB: 0..1.","","","","","","","","","",,,,,"",,,,"getlaboratoryorderoutcome.laboratoryOrderOutcome.laboratoryOrderOutcomeBody.analysis.analysisOutcome.observationTime",0,1,"",""
"getlaboratoryorderoutcome","getlaboratoryorderoutcome.laboratoryOrderOutcome.laboratoryOrderOutcomeBody.analysis.analysisOutcome.pathologicalFlag","getlaboratoryorderoutcome.laboratoryOrderOutcome.laboratoryOrderOutcomeBody.analysis.analysisOutcome.pathologicalFlag","","","",1,1,"","","","boolean {[]} {[]}
","Kod som anger om resultatet ligger utanför referensintervall","Kod som anger om resultatet ligger utanför referensintervall. Sant = Ja, resultatet ligger utanför referens-intervall / Falskt = Nej, resultatet ligger inte utanför referens-intervall.
RIV-TA-typ: boolean. Kardinalitet i TKB: 1..1.","","","","","","","","","",,,,,"",,,,"getlaboratoryorderoutcome.laboratoryOrderOutcome.laboratoryOrderOutcomeBody.analysis.analysisOutcome.pathologicalFlag",1,1,"",""
"getlaboratoryorderoutcome","getlaboratoryorderoutcome.laboratoryOrderOutcome.laboratoryOrderOutcomeBody.analysis.analysisOutcome.outcomeDescription","getlaboratoryorderoutcome.laboratoryOrderOutcome.laboratoryOrderOutcomeBody.analysis.analysisOutcome.outcomeDescription","","","",0,1,"","","","string {[]} {[]}
","Text som innehåller en kommentar avseende resultatet/utfallet.","Text som innehåller en kommentar avseende resultatet/utfallet.
RIV-TA-typ: string. Kardinalitet i TKB: 0..1.","","","","","","","","","",,,,,"",,,,"getlaboratoryorderoutcome.laboratoryOrderOutcome.laboratoryOrderOutcomeBody.analysis.analysisOutcome.outcomeDescription",0,1,"",""
"getlaboratoryorderoutcome","getlaboratoryorderoutcome.laboratoryOrderOutcome.laboratoryOrderOutcomeBody.analysis.analysisOutcome.referenceInterval","getlaboratoryorderoutcome.laboratoryOrderOutcome.laboratoryOrderOutcomeBody.analysis.analysisOutcome.referenceInterval","","","",0,1,"","","","string {[]} {[]}
","Text som innehåller det referensintervall som använts i analysen.","Text som innehåller det referensintervall som använts i analysen.
RIV-TA-typ: string. Kardinalitet i TKB: 0..1.","","","","","","","","","",,,,,"",,,,"getlaboratoryorderoutcome.laboratoryOrderOutcome.laboratoryOrderOutcomeBody.analysis.analysisOutcome.referenceInterval",0,1,"",""
"getlaboratoryorderoutcome","getlaboratoryorderoutcome.laboratoryOrderOutcome.laboratoryOrderOutcomeBody.analysis.analysisOutcome.referencePopulation","getlaboratoryorderoutcome.laboratoryOrderOutcome.laboratoryOrderOutcomeBody.analysis.analysisOutcome.referencePopulation","","","",0,1,"","","","string {[]} {[]}
","Text som beskriver den population som referensintervallet gäller för.","Text som beskriver den population som referensintervallet gäller för.
RIV-TA-typ: string. Kardinalitet i TKB: 0..1.","","","","","","","","","",,,,,"",,,,"getlaboratoryorderoutcome.laboratoryOrderOutcome.laboratoryOrderOutcomeBody.analysis.analysisOutcome.referencePopulation",0,1,"",""
"getlaboratoryorderoutcome","getlaboratoryorderoutcome.laboratoryOrderOutcome.laboratoryOrderOutcomeBody.analysis.attested","getlaboratoryorderoutcome.laboratoryOrderOutcome.laboratoryOrderOutcomeBody.analysis.attested","","","",0,1,"","","","BackboneElement {[]} {[]}
","Information om vidimering av enskild analys med tillhörande resultat","Information om vidimering av enskild analys med tillhörande resultat. Finns attested är analysen vidimerad. Med vidimerad menas att information om analysen har lästs och den som läst har tagit ansvar.
RIV-TA-typ: AttestedType. Kardinalitet i TKB: 0..1.","","","","","","","","","",,,,,"",,,,"getlaboratoryorderoutcome.laboratoryOrderOutcome.laboratoryOrderOutcomeBody.analysis.attested",0,1,"","ele-1:All FHIR elements must have a @value or children {hasValue() or (children().count() > id.count())}
"
"getlaboratoryorderoutcome","getlaboratoryorderoutcome.laboratoryOrderOutcome.laboratoryOrderOutcomeBody.analysis.attested.id","getlaboratoryorderoutcome.laboratoryOrderOutcome.laboratoryOrderOutcomeBody.analysis.attested.id","","","",0,1,"","","","string {[]} {[]}
","Unique id for inter-element referencing","Unique id for the element within a resource (for internal references). This may be any string value that does not contain spaces.","","","","","","","","","",,,,,"",,,,"Element.id",0,1,"",""
"getlaboratoryorderoutcome","getlaboratoryorderoutcome.laboratoryOrderOutcome.laboratoryOrderOutcomeBody.analysis.attested.extension","getlaboratoryorderoutcome.laboratoryOrderOutcome.laboratoryOrderOutcomeBody.analysis.attested.extension","","extensions
user content","",0,*,"","","","Extension {[]} {[]}
","Additional content defined by implementations","May be used to represent additional information that is not part of the basic definition of the element. To make the use of extensions safe and manageable, there is a strict set of governance  applied to the definition and use of extensions. Though any implementer can define an extension, there is a set of requirements that SHALL be met as part of the definition of the extension.","There can be no stigma associated with the use of extensions by any application, project, or standard - regardless of the institution or jurisdiction that uses or defines the extensions.  The use of extensions is what allows the FHIR specification to retain a core level of simplicity for everyone.","","","","","","","","",,,,,"","value:url}
","Extensions are always sliced by (at least) url",,"open","Element.extension",0,*,"","ele-1:All FHIR elements must have a @value or children {hasValue() or (children().count() > id.count())}
ext-1:Must have either extensions or value[x], not both {extension.exists() != value.exists()}"
"getlaboratoryorderoutcome","getlaboratoryorderoutcome.laboratoryOrderOutcome.laboratoryOrderOutcomeBody.analysis.attested.modifierExtension","getlaboratoryorderoutcome.laboratoryOrderOutcome.laboratoryOrderOutcomeBody.analysis.attested.modifierExtension","","extensions
user contentmodifiers","",0,*,"","Y","Y","Extension {[]} {[]}
","Extensions that cannot be ignored even if unrecognized","May be used to represent additional information that is not part of the basic definition of the element and that modifies the understanding of the element in which it is contained and/or the understanding of the containing element's descendants. Usually modifier elements provide negation or qualification. To make the use of extensions safe and manageable, there is a strict set of governance applied to the definition and use of extensions. Though any implementer can define an extension, there is a set of requirements that SHALL be met as part of the definition of the extension. Applications processing a resource are required to check for modifier extensions.

Modifier extensions SHALL NOT change the meaning of any elements on Resource or DomainResource (including cannot change the meaning of modifierExtension itself).","There can be no stigma associated with the use of extensions by any application, project, or standard - regardless of the institution or jurisdiction that uses or defines the extensions.  The use of extensions is what allows the FHIR specification to retain a core level of simplicity for everyone.","Modifier extensions allow for extensions that *cannot* be safely ignored to be clearly distinguished from the vast majority of extensions which can be safely ignored.  This promotes interoperability by eliminating the need for implementers to prohibit the presence of extensions. For further information, see the [definition of modifier extensions](http://hl7.org/fhir/R4/extensibility.html#modifierExtension).","","","","","","","",,,,,"",,,,"BackboneElement.modifierExtension",0,*,"","ele-1:All FHIR elements must have a @value or children {hasValue() or (children().count() > id.count())}
ext-1:Must have either extensions or value[x], not both {extension.exists() != value.exists()}"
"getlaboratoryorderoutcome","getlaboratoryorderoutcome.laboratoryOrderOutcome.laboratoryOrderOutcomeBody.analysis.attested.attestedTime","getlaboratoryorderoutcome.laboratoryOrderOutcome.laboratoryOrderOutcomeBody.analysis.attested.attestedTime","","","",1,1,"","","","instant {[]} {[]}
","Tidpunkten för vidimering","Tidpunkten för vidimering
RIV-TA-typ: TimeStampType. Kardinalitet i TKB: 1..1.","","","","","","","","","",,,,,"",,,,"getlaboratoryorderoutcome.laboratoryOrderOutcome.laboratoryOrderOutcomeBody.analysis.attested.attestedTime",1,1,"",""
"getlaboratoryorderoutcome","getlaboratoryorderoutcome.laboratoryOrderOutcome.laboratoryOrderOutcomeBody.analysis.attested.attesterHSAId","getlaboratoryorderoutcome.laboratoryOrderOutcome.laboratoryOrderOutcomeBody.analysis.attested.attesterHSAId","","","",0,1,"","","","Identifier {[]} {[]}
","HSA-id för person som vidimerat","HSA-id för person som vidimerat
RIV-TA-typ: HSAIdType. Kardinalitet i TKB: 0..1.","","","","","","","","","",,,,,"",,,,"getlaboratoryorderoutcome.laboratoryOrderOutcome.laboratoryOrderOutcomeBody.analysis.attested.attesterHSAId",0,1,"",""
"getlaboratoryorderoutcome","getlaboratoryorderoutcome.laboratoryOrderOutcome.laboratoryOrderOutcomeBody.analysis.attested.attesterName","getlaboratoryorderoutcome.laboratoryOrderOutcome.laboratoryOrderOutcomeBody.analysis.attested.attesterName","","","",0,1,"","","","string {[]} {[]}
","Namn på person som vidimerat","Namn på person som vidimerat
RIV-TA-typ: string. Kardinalitet i TKB: 0..1.","","","","","","","","","",,,,,"",,,,"getlaboratoryorderoutcome.laboratoryOrderOutcome.laboratoryOrderOutcomeBody.analysis.attested.attesterName",0,1,"",""
"getlaboratoryorderoutcome","getlaboratoryorderoutcome.laboratoryOrderOutcome.laboratoryOrderOutcomeBody.order","getlaboratoryorderoutcome.laboratoryOrderOutcome.laboratoryOrderOutcomeBody.order","","","",1,1,"","","","BackboneElement {[]} {[]}
","Information om en vårdbegäran som ligger till grund för svaret","Information om en vårdbegäran som ligger till grund för svaret
RIV-TA-typ: OrderType. Kardinalitet i TKB: 1..1.","","","","","","","","","",,,,,"",,,,"getlaboratoryorderoutcome.laboratoryOrderOutcome.laboratoryOrderOutcomeBody.order",1,1,"","ele-1:All FHIR elements must have a @value or children {hasValue() or (children().count() > id.count())}
"
"getlaboratoryorderoutcome","getlaboratoryorderoutcome.laboratoryOrderOutcome.laboratoryOrderOutcomeBody.order.id","getlaboratoryorderoutcome.laboratoryOrderOutcome.laboratoryOrderOutcomeBody.order.id","","","",0,1,"","","","string {[]} {[]}
","Unique id for inter-element referencing","Unique id for the element within a resource (for internal references). This may be any string value that does not contain spaces.","","","","","","","","","",,,,,"",,,,"Element.id",0,1,"",""
"getlaboratoryorderoutcome","getlaboratoryorderoutcome.laboratoryOrderOutcome.laboratoryOrderOutcomeBody.order.extension","getlaboratoryorderoutcome.laboratoryOrderOutcome.laboratoryOrderOutcomeBody.order.extension","","extensions
user content","",0,*,"","","","Extension {[]} {[]}
","Additional content defined by implementations","May be used to represent additional information that is not part of the basic definition of the element. To make the use of extensions safe and manageable, there is a strict set of governance  applied to the definition and use of extensions. Though any implementer can define an extension, there is a set of requirements that SHALL be met as part of the definition of the extension.","There can be no stigma associated with the use of extensions by any application, project, or standard - regardless of the institution or jurisdiction that uses or defines the extensions.  The use of extensions is what allows the FHIR specification to retain a core level of simplicity for everyone.","","","","","","","","",,,,,"","value:url}
","Extensions are always sliced by (at least) url",,"open","Element.extension",0,*,"","ele-1:All FHIR elements must have a @value or children {hasValue() or (children().count() > id.count())}
ext-1:Must have either extensions or value[x], not both {extension.exists() != value.exists()}"
"getlaboratoryorderoutcome","getlaboratoryorderoutcome.laboratoryOrderOutcome.laboratoryOrderOutcomeBody.order.modifierExtension","getlaboratoryorderoutcome.laboratoryOrderOutcome.laboratoryOrderOutcomeBody.order.modifierExtension","","extensions
user contentmodifiers","",0,*,"","Y","Y","Extension {[]} {[]}
","Extensions that cannot be ignored even if unrecognized","May be used to represent additional information that is not part of the basic definition of the element and that modifies the understanding of the element in which it is contained and/or the understanding of the containing element's descendants. Usually modifier elements provide negation or qualification. To make the use of extensions safe and manageable, there is a strict set of governance applied to the definition and use of extensions. Though any implementer can define an extension, there is a set of requirements that SHALL be met as part of the definition of the extension. Applications processing a resource are required to check for modifier extensions.

Modifier extensions SHALL NOT change the meaning of any elements on Resource or DomainResource (including cannot change the meaning of modifierExtension itself).","There can be no stigma associated with the use of extensions by any application, project, or standard - regardless of the institution or jurisdiction that uses or defines the extensions.  The use of extensions is what allows the FHIR specification to retain a core level of simplicity for everyone.","Modifier extensions allow for extensions that *cannot* be safely ignored to be clearly distinguished from the vast majority of extensions which can be safely ignored.  This promotes interoperability by eliminating the need for implementers to prohibit the presence of extensions. For further information, see the [definition of modifier extensions](http://hl7.org/fhir/R4/extensibility.html#modifierExtension).","","","","","","","",,,,,"",,,,"BackboneElement.modifierExtension",0,*,"","ele-1:All FHIR elements must have a @value or children {hasValue() or (children().count() > id.count())}
ext-1:Must have either extensions or value[x], not both {extension.exists() != value.exists()}"
"getlaboratoryorderoutcome","getlaboratoryorderoutcome.laboratoryOrderOutcome.laboratoryOrderOutcomeBody.order.orderId","getlaboratoryorderoutcome.laboratoryOrderOutcome.laboratoryOrderOutcomeBody.order.orderId","","","",1,1,"","","","string {[]} {[]}
","Unik identifierare för laboratorieremiss","Unik identifierare för laboratorieremiss. Om laboratorieremiss (och således även unik identifierare) saknas, exempelvis då analys utförts på vårdavdelning anges en tom sträng.
RIV-TA-typ: string. Kardinalitet i TKB: 1..1.","","","","","","","","","",,,,,"",,,,"getlaboratoryorderoutcome.laboratoryOrderOutcome.laboratoryOrderOutcomeBody.order.orderId",1,1,"",""
"getlaboratoryorderoutcome","getlaboratoryorderoutcome.laboratoryOrderOutcome.laboratoryOrderOutcomeBody.order.orderReason","getlaboratoryorderoutcome.laboratoryOrderOutcome.laboratoryOrderOutcomeBody.order.orderReason","","","",0,1,"","","","string {[]} {[]}
","Text som anger aktuell frågeställning.","Text som anger aktuell frågeställning.
RIV-TA-typ: string. Kardinalitet i TKB: 0..1.","","","","","","","","","",,,,,"",,,,"getlaboratoryorderoutcome.laboratoryOrderOutcome.laboratoryOrderOutcomeBody.order.orderReason",0,1,"",""
"getlaboratoryorderoutcome","getlaboratoryorderoutcome.result","getlaboratoryorderoutcome.result","","","",1,1,"","","","BackboneElement {[]} {[]}
","Innehåller information om begäran gick bra eller ej.","Innehåller information om begäran gick bra eller ej.
RIV-TA-typ: ResultType. Kardinalitet i TKB: 1..1.","","","","","","","","","",,,,,"",,,,"getlaboratoryorderoutcome.result",1,1,"","ele-1:All FHIR elements must have a @value or children {hasValue() or (children().count() > id.count())}
"
"getlaboratoryorderoutcome","getlaboratoryorderoutcome.result.id","getlaboratoryorderoutcome.result.id","","","",0,1,"","","","string {[]} {[]}
","Unique id for inter-element referencing","Unique id for the element within a resource (for internal references). This may be any string value that does not contain spaces.","","","","","","","","","",,,,,"",,,,"Element.id",0,1,"",""
"getlaboratoryorderoutcome","getlaboratoryorderoutcome.result.extension","getlaboratoryorderoutcome.result.extension","","extensions
user content","",0,*,"","","","Extension {[]} {[]}
","Additional content defined by implementations","May be used to represent additional information that is not part of the basic definition of the element. To make the use of extensions safe and manageable, there is a strict set of governance  applied to the definition and use of extensions. Though any implementer can define an extension, there is a set of requirements that SHALL be met as part of the definition of the extension.","There can be no stigma associated with the use of extensions by any application, project, or standard - regardless of the institution or jurisdiction that uses or defines the extensions.  The use of extensions is what allows the FHIR specification to retain a core level of simplicity for everyone.","","","","","","","","",,,,,"","value:url}
","Extensions are always sliced by (at least) url",,"open","Element.extension",0,*,"","ele-1:All FHIR elements must have a @value or children {hasValue() or (children().count() > id.count())}
ext-1:Must have either extensions or value[x], not both {extension.exists() != value.exists()}"
"getlaboratoryorderoutcome","getlaboratoryorderoutcome.result.modifierExtension","getlaboratoryorderoutcome.result.modifierExtension","","extensions
user contentmodifiers","",0,*,"","Y","Y","Extension {[]} {[]}
","Extensions that cannot be ignored even if unrecognized","May be used to represent additional information that is not part of the basic definition of the element and that modifies the understanding of the element in which it is contained and/or the understanding of the containing element's descendants. Usually modifier elements provide negation or qualification. To make the use of extensions safe and manageable, there is a strict set of governance applied to the definition and use of extensions. Though any implementer can define an extension, there is a set of requirements that SHALL be met as part of the definition of the extension. Applications processing a resource are required to check for modifier extensions.

Modifier extensions SHALL NOT change the meaning of any elements on Resource or DomainResource (including cannot change the meaning of modifierExtension itself).","There can be no stigma associated with the use of extensions by any application, project, or standard - regardless of the institution or jurisdiction that uses or defines the extensions.  The use of extensions is what allows the FHIR specification to retain a core level of simplicity for everyone.","Modifier extensions allow for extensions that *cannot* be safely ignored to be clearly distinguished from the vast majority of extensions which can be safely ignored.  This promotes interoperability by eliminating the need for implementers to prohibit the presence of extensions. For further information, see the [definition of modifier extensions](http://hl7.org/fhir/R4/extensibility.html#modifierExtension).","","","","","","","",,,,,"",,,,"BackboneElement.modifierExtension",0,*,"","ele-1:All FHIR elements must have a @value or children {hasValue() or (children().count() > id.count())}
ext-1:Must have either extensions or value[x], not both {extension.exists() != value.exists()}"
"getlaboratoryorderoutcome","getlaboratoryorderoutcome.result.resultCode","getlaboratoryorderoutcome.result.resultCode","","","",1,1,"","","","code {[]} {[]}
","Kan endast vara OK, INFO eller ERROR.","Kan endast vara OK, INFO eller ERROR.
RIV-TA-typ: ResultCodeEnum. Kardinalitet i TKB: 1..1.","","","","","","","","","",,"required","","https://fhir.inera.se/ig/clinicalprocess-healthcond-actoutcome/ValueSet/resultcode-vs","",,,,"getlaboratoryorderoutcome.result.resultCode",1,1,"",""
"getlaboratoryorderoutcome","getlaboratoryorderoutcome.result.errorCode","getlaboratoryorderoutcome.result.errorCode","","","",0,1,"","","","code {[]} {[]}
","Sätts endast om resultCode är ERROR, se kapitel 4.4 för mer information.","Sätts endast om resultCode är ERROR, se kapitel 4.4 för mer information.
RIV-TA-typ: ErrorCodeEnum. Kardinalitet i TKB: 0..1.","","","","","","","","","",,"required","","https://fhir.inera.se/ig/clinicalprocess-healthcond-actoutcome/ValueSet/errorcode-vs","",,,,"getlaboratoryorderoutcome.result.errorCode",0,1,"",""
"getlaboratoryorderoutcome","getlaboratoryorderoutcome.result.subCode","getlaboratoryorderoutcome.result.subCode","","","",0,1,"","","","string {[]} {[]}
","Inga subkoder är specificerade. (TKB: subcode)","Inga subkoder är specificerade.
RIV-TA-typ: string. Kardinalitet i TKB: 0..1.","","","","","","","","","",,,,,"",,,,"getlaboratoryorderoutcome.result.subCode",0,1,"",""
"getlaboratoryorderoutcome","getlaboratoryorderoutcome.result.logId","getlaboratoryorderoutcome.result.logId","","","",1,1,"","","","string {[]} {[]}
","En UUID som kan användas vid felanmälan för att användas vid felsökning av producent.","En UUID som kan användas vid felanmälan för att användas vid felsökning av producent.
RIV-TA-typ: string. Kardinalitet i TKB: 1..1.","","","","","","","","","",,,,,"",,,,"getlaboratoryorderoutcome.result.logId",1,1,"",""
"getlaboratoryorderoutcome","getlaboratoryorderoutcome.result.message","getlaboratoryorderoutcome.result.message","","","",0,1,"","","","string {[]} {[]}
","En beskrivande text som kan visas för användaren.","En beskrivande text som kan visas för användaren.
RIV-TA-typ: string. Kardinalitet i TKB: 0..1.","","","","","","","","","",,,,,"",,,,"getlaboratoryorderoutcome.result.message",0,1,"",""
"getmaternitymedicalhistory-request","getmaternitymedicalhistory-request","getmaternitymedicalhistory-request","","","",0,*,"","","","null {[]} {[]}
","GetMaternityMedicalHistory — Begäran","Logisk modell för tjänstekontraktet GetMaternityMedicalHistory 2.0
(RIV-TA urn:riv:clinicalprocess:healthcond:actoutcome:GetMaternityMedicalHistoryResponder:2).
Representerar begärans (request) parametrar enligt fältreglerna i TKB 3.1.10, avsnitt 7.2.","","","","","","","","","",,,,,"",,,,"Base",0,*,"","getmaternitymedicalhistory-request-sourcesystem-if-carecontact:sourceSystemHSAId ska anges om careContactId angivits. {careContactId.exists() implies sourceSystemHSAId.exists()}
"
"getmaternitymedicalhistory-request","getmaternitymedicalhistory-request.careUnitHSAid","getmaternitymedicalhistory-request.careUnitHSAid","","","",0,*,"","","","Identifier {[]} {[]}
","Filtrering på Vårdenhet vilket motsvarar healthcareProfessionalCareUnitHSAId i accountableHealthcareProfession","Filtrering på Vårdenhet vilket motsvarar healthcareProfessionalCareUnitHSAId i accountableHealthcareProfessional.
RIV-TA-typ: HSAIdType. Kardinalitet i TKB: 0..*.","","","","","","","","","",,,,,"",,,,"getmaternitymedicalhistory-request.careUnitHSAid",0,*,"",""
"getmaternitymedicalhistory-request","getmaternitymedicalhistory-request.patientId","getmaternitymedicalhistory-request.patientId","","","",1,1,"","","","Identifier {[]} {[]}
","Id för patienten där fältet id sätts till patientens identifierare","Id för patienten där fältet id sätts till patientens identifierare. Anges med 12 tecken utan avskiljare. / Fältet type sätts till OID för typ av identifierare. / 1) För personnummer ska Skatteverkets OID för personnummer (1.2.752.129.2.1.3.1) användas. / 2) För samordningsnummer ska Skatteverkets OID för samordningsnummer (1.2.752.129.2.1.3.3) användas. / 3) Tjänsteproducenter ska även stödja sökning på reservnummer med hjälp av att ange lokalt definierade OID’ar för reservnummer, exempelvis SLL reservnummer (1.2.752.97.3.1.3). / OBS reservnummer kan ej användas tillsammans med EI och aggregerande tjänster då dessa komponenter idag inte är anpassade för att stödja typ av id, inga uppdateringar till EI ska göras av en tjänsteproducent för reservnummer. / En tjänstekonsument som vill begära mha reservnummer måste därmed använda sig av systemadressering och ha vetskap om vilken reservnummer-OID som gäller vid anrop mot en specifik tjänsteproducent.
RIV-TA-typ: PersonIdType. Kardinalitet i TKB: 1..1.","","","","","","","","","",,,,,"",,,,"getmaternitymedicalhistory-request.patientId",1,1,"",""
"getmaternitymedicalhistory-request","getmaternitymedicalhistory-request.datePeriod","getmaternitymedicalhistory-request.datePeriod","","","",0,1,"","","","Period {[]} {[]}
","Begränsar sökningen till det angivna intervallet","Begränsar sökningen till det angivna intervallet. Begränsningen innebär att endast poster returneras där datumintervallet, som bildas av tidpunkterna documentTime, authorTime och signatureTime i svaret, helt eller delvis överlappar med det angivna sökintervallet, dvs. / det bildade intervallets startdatum ligger inom sökintervallets start- och slutdatumet / det bildade intervallets slutdatum ligger inom sökintervallets start- och slutdatum / det bildade intervallets startdatum ligger före sökintervallets startdatum och slutdatum ligger efter sökintervallets slutdatum / Notera att sökintervallet beskrivs som ett datumintervall. Vid jämförelse konverteras datapostens tidpunkter till datum. / Obs I schemat är elementet felaktigt döpt till timePeriod, men är av rätt typ dvs DatePeriodType. / Elementnamnet ändras i nästa majorversion.
RIV-TA-typ: DatePeriodType. Kardinalitet i TKB: 0..1.
Delelement enligt TKB:
- start (string, 1..1): Startdatum. Format ÅÅÅÅMMDD.
- end (string, 1..1): Slutdatum. Format ÅÅÅÅMMDD.","","","","","","","","","",,,,,"",,,,"getmaternitymedicalhistory-request.datePeriod",0,1,"",""
"getmaternitymedicalhistory-request","getmaternitymedicalhistory-request.sourceSystemHSAId","getmaternitymedicalhistory-request.sourceSystemHSAId","","","",0,1,"","","","Identifier {[]} {[]}
","Begränsar sökningen till mödravårdsjournal som är skapad i det angivna källsystemet","Begränsar sökningen till mödravårdsjournal som är skapad i det angivna källsystemet. Tjänsteproducenten förväntas enbart returnera poster som tillhör efterfrågat källsystem. / Värdet på detta fält måste överensstämma med värdet på logicalAddress i anropets tekniska kuvertering (ex. SOAP-header). / Det innebär i praktiken att aggregerande tjänster inte används när detta fält anges. / Ska anges om careContactId angivits. / Ska anges vid begäran på reservnummer. / Om sourceSystemHSAId och logicalAddress är olika ska ett svar endast innehålla en resultType med result.resultCode satt till ERROR samt result.errorCode satt till INVALID_REQUEST / Om careContactId är satt och sourceSystemHSAId är tomt ska ett svar endast innehålla en resultType med  result.resultCode satt till ERROR samt result.errorCode satt till INVALID_REQUEST.
RIV-TA-typ: HSAIdType. Kardinalitet i TKB: 0..1.","","","","","","","","","",,,,,"",,,,"getmaternitymedicalhistory-request.sourceSystemHSAId",0,1,"",""
"getmaternitymedicalhistory-request","getmaternitymedicalhistory-request.careContactId","getmaternitymedicalhistory-request.careContactId","","","",0,*,"","","","string {[]} {[]}
","Begränsar sökningen till hälso-och sjukvårdskontakt som föranlett den information som omfattas av dokumentet","Begränsar sökningen till hälso-och sjukvårdskontakt som föranlett den information som omfattas av dokumentet. Identiteten är unik inom källsystemet
RIV-TA-typ: string. Kardinalitet i TKB: 0..*.","","","","","","","","","",,,,,"",,,,"getmaternitymedicalhistory-request.careContactId",0,*,"",""
"getmaternitymedicalhistory","getmaternitymedicalhistory","getmaternitymedicalhistory","","","",0,*,"","","","null {[]} {[]}
","GetMaternityMedicalHistory","Logisk modell för tjänstekontraktet GetMaternityMedicalHistory 2.0
(RIV-TA urn:riv:clinicalprocess:healthcond:actoutcome:GetMaternityMedicalHistoryResponder:2).
Representerar svarets (response) informationsstruktur enligt fältreglerna i TKB 3.1.10, avsnitt 7.2.","","","","","","","","","",,,,,"",,,,"Base",0,*,"",""
"getmaternitymedicalhistory","getmaternitymedicalhistory.maternityMedicalRecord","getmaternitymedicalhistory.maternityMedicalRecord","","","",0,*,"","","","BackboneElement {[]} {[]}
","En moders mödravårdsjournal.","En moders mödravårdsjournal.
RIV-TA-typ: MaternityMedicalRecordType. Kardinalitet i TKB: 0..*.","","","","","","","","","",,,,,"",,,,"getmaternitymedicalhistory.maternityMedicalRecord",0,*,"","ele-1:All FHIR elements must have a @value or children {hasValue() or (children().count() > id.count())}
"
"getmaternitymedicalhistory","getmaternitymedicalhistory.maternityMedicalRecord.id","getmaternitymedicalhistory.maternityMedicalRecord.id","","","",0,1,"","","","string {[]} {[]}
","Unique id for inter-element referencing","Unique id for the element within a resource (for internal references). This may be any string value that does not contain spaces.","","","","","","","","","",,,,,"",,,,"Element.id",0,1,"",""
"getmaternitymedicalhistory","getmaternitymedicalhistory.maternityMedicalRecord.extension","getmaternitymedicalhistory.maternityMedicalRecord.extension","","extensions
user content","",0,*,"","","","Extension {[]} {[]}
","Additional content defined by implementations","May be used to represent additional information that is not part of the basic definition of the element. To make the use of extensions safe and manageable, there is a strict set of governance  applied to the definition and use of extensions. Though any implementer can define an extension, there is a set of requirements that SHALL be met as part of the definition of the extension.","There can be no stigma associated with the use of extensions by any application, project, or standard - regardless of the institution or jurisdiction that uses or defines the extensions.  The use of extensions is what allows the FHIR specification to retain a core level of simplicity for everyone.","","","","","","","","",,,,,"","value:url}
","Extensions are always sliced by (at least) url",,"open","Element.extension",0,*,"","ele-1:All FHIR elements must have a @value or children {hasValue() or (children().count() > id.count())}
ext-1:Must have either extensions or value[x], not both {extension.exists() != value.exists()}"
"getmaternitymedicalhistory","getmaternitymedicalhistory.maternityMedicalRecord.modifierExtension","getmaternitymedicalhistory.maternityMedicalRecord.modifierExtension","","extensions
user contentmodifiers","",0,*,"","Y","Y","Extension {[]} {[]}
","Extensions that cannot be ignored even if unrecognized","May be used to represent additional information that is not part of the basic definition of the element and that modifies the understanding of the element in which it is contained and/or the understanding of the containing element's descendants. Usually modifier elements provide negation or qualification. To make the use of extensions safe and manageable, there is a strict set of governance applied to the definition and use of extensions. Though any implementer can define an extension, there is a set of requirements that SHALL be met as part of the definition of the extension. Applications processing a resource are required to check for modifier extensions.

Modifier extensions SHALL NOT change the meaning of any elements on Resource or DomainResource (including cannot change the meaning of modifierExtension itself).","There can be no stigma associated with the use of extensions by any application, project, or standard - regardless of the institution or jurisdiction that uses or defines the extensions.  The use of extensions is what allows the FHIR specification to retain a core level of simplicity for everyone.","Modifier extensions allow for extensions that *cannot* be safely ignored to be clearly distinguished from the vast majority of extensions which can be safely ignored.  This promotes interoperability by eliminating the need for implementers to prohibit the presence of extensions. For further information, see the [definition of modifier extensions](http://hl7.org/fhir/R4/extensibility.html#modifierExtension).","","","","","","","",,,,,"",,,,"BackboneElement.modifierExtension",0,*,"","ele-1:All FHIR elements must have a @value or children {hasValue() or (children().count() > id.count())}
ext-1:Must have either extensions or value[x], not both {extension.exists() != value.exists()}"
"getmaternitymedicalhistory","getmaternitymedicalhistory.maternityMedicalRecord.maternityMedicalRecordHeader","getmaternitymedicalhistory.maternityMedicalRecord.maternityMedicalRecordHeader","","","",1,1,"","","","BackboneElement {[]} {[]}
","Innehåller basinformation om dokumentet.","Innehåller basinformation om dokumentet.
RIV-TA-typ: PatientSummaryHeaderType. Kardinalitet i TKB: 1..1.","","","","","","","","","",,,,,"",,,,"getmaternitymedicalhistory.maternityMedicalRecord.maternityMedicalRecordHeader",1,1,"","ele-1:All FHIR elements must have a @value or children {hasValue() or (children().count() > id.count())}
"
"getmaternitymedicalhistory","getmaternitymedicalhistory.maternityMedicalRecord.maternityMedicalRecordHeader.id","getmaternitymedicalhistory.maternityMedicalRecord.maternityMedicalRecordHeader.id","","","",0,1,"","","","string {[]} {[]}
","Unique id for inter-element referencing","Unique id for the element within a resource (for internal references). This may be any string value that does not contain spaces.","","","","","","","","","",,,,,"",,,,"Element.id",0,1,"",""
"getmaternitymedicalhistory","getmaternitymedicalhistory.maternityMedicalRecord.maternityMedicalRecordHeader.extension","getmaternitymedicalhistory.maternityMedicalRecord.maternityMedicalRecordHeader.extension","","extensions
user content","",0,*,"","","","Extension {[]} {[]}
","Additional content defined by implementations","May be used to represent additional information that is not part of the basic definition of the element. To make the use of extensions safe and manageable, there is a strict set of governance  applied to the definition and use of extensions. Though any implementer can define an extension, there is a set of requirements that SHALL be met as part of the definition of the extension.","There can be no stigma associated with the use of extensions by any application, project, or standard - regardless of the institution or jurisdiction that uses or defines the extensions.  The use of extensions is what allows the FHIR specification to retain a core level of simplicity for everyone.","","","","","","","","",,,,,"","value:url}
","Extensions are always sliced by (at least) url",,"open","Element.extension",0,*,"","ele-1:All FHIR elements must have a @value or children {hasValue() or (children().count() > id.count())}
ext-1:Must have either extensions or value[x], not both {extension.exists() != value.exists()}"
"getmaternitymedicalhistory","getmaternitymedicalhistory.maternityMedicalRecord.maternityMedicalRecordHeader.modifierExtension","getmaternitymedicalhistory.maternityMedicalRecord.maternityMedicalRecordHeader.modifierExtension","","extensions
user contentmodifiers","",0,*,"","Y","Y","Extension {[]} {[]}
","Extensions that cannot be ignored even if unrecognized","May be used to represent additional information that is not part of the basic definition of the element and that modifies the understanding of the element in which it is contained and/or the understanding of the containing element's descendants. Usually modifier elements provide negation or qualification. To make the use of extensions safe and manageable, there is a strict set of governance applied to the definition and use of extensions. Though any implementer can define an extension, there is a set of requirements that SHALL be met as part of the definition of the extension. Applications processing a resource are required to check for modifier extensions.

Modifier extensions SHALL NOT change the meaning of any elements on Resource or DomainResource (including cannot change the meaning of modifierExtension itself).","There can be no stigma associated with the use of extensions by any application, project, or standard - regardless of the institution or jurisdiction that uses or defines the extensions.  The use of extensions is what allows the FHIR specification to retain a core level of simplicity for everyone.","Modifier extensions allow for extensions that *cannot* be safely ignored to be clearly distinguished from the vast majority of extensions which can be safely ignored.  This promotes interoperability by eliminating the need for implementers to prohibit the presence of extensions. For further information, see the [definition of modifier extensions](http://hl7.org/fhir/R4/extensibility.html#modifierExtension).","","","","","","","",,,,,"",,,,"BackboneElement.modifierExtension",0,*,"","ele-1:All FHIR elements must have a @value or children {hasValue() or (children().count() > id.count())}
ext-1:Must have either extensions or value[x], not both {extension.exists() != value.exists()}"
"getmaternitymedicalhistory","getmaternitymedicalhistory.maternityMedicalRecord.maternityMedicalRecordHeader.documentId","getmaternitymedicalhistory.maternityMedicalRecord.maternityMedicalRecordHeader.documentId","","","",1,1,"","","","string {[]} {[]}
","Dokumentets identitet som är unik inom källsystemet","Dokumentets identitet som är unik inom källsystemet. / Identifieraren ska vara konsistent och beständigt mellan olika majorversioner av ett kontrakt. Ett exempel på detta är att en vårdkontakt ska ha samma identifierare i majorversion 3 och 4 av ett tjänstekontrakt för att läsa vårdkontakter. / Identifieraren ska vara konsistent och beständigt mellan olika kontrakt. Ett exempel på detta är att samma remiss-identitet ska användas i ett tjänstekontrakt för att läsa remisser, samt tjänstekontraktet som läser remissvar som refererar till den ursprungliga remissen.
RIV-TA-typ: string. Kardinalitet i TKB: 1..1.","","","","","","","","","",,,,,"",,,,"getmaternitymedicalhistory.maternityMedicalRecord.maternityMedicalRecordHeader.documentId",1,1,"",""
"getmaternitymedicalhistory","getmaternitymedicalhistory.maternityMedicalRecord.maternityMedicalRecordHeader.sourceSystemHSAId","getmaternitymedicalhistory.maternityMedicalRecord.maternityMedicalRecordHeader.sourceSystemHSAId","","","",1,1,"","","","Identifier {[]} {[]}
","HSAid för det system som dokumentet är skapat i.","HSAid för det system som dokumentet är skapat i.
RIV-TA-typ: HSAIdType. Kardinalitet i TKB: 1..1.","","","","","","","","","",,,,,"",,,,"getmaternitymedicalhistory.maternityMedicalRecord.maternityMedicalRecordHeader.sourceSystemHSAId",1,1,"",""
"getmaternitymedicalhistory","getmaternitymedicalhistory.maternityMedicalRecord.maternityMedicalRecordHeader.documentTitle","getmaternitymedicalhistory.maternityMedicalRecord.maternityMedicalRecordHeader.documentTitle","","","",0,1,"","","","string {[]} {[]}
","Titel som beskriver den information som sänds i dokumentet.","Titel som beskriver den information som sänds i dokumentet.
RIV-TA-typ: string. Kardinalitet i TKB: 0..1.","","","","","","","","","",,,,,"",,,,"getmaternitymedicalhistory.maternityMedicalRecord.maternityMedicalRecordHeader.documentTitle",0,1,"",""
"getmaternitymedicalhistory","getmaternitymedicalhistory.maternityMedicalRecord.maternityMedicalRecordHeader.documentTime","getmaternitymedicalhistory.maternityMedicalRecord.maternityMedicalRecordHeader.documentTime","","","",1,1,"","","","instant {[]} {[]}
","Första tidpunkten då denna journalinformation skapades hos tjänsteproducenten.","Första tidpunkten då denna journalinformation skapades hos tjänsteproducenten.
RIV-TA-typ: TimeStampType. Kardinalitet i TKB: 1..1.","","","","","","","","","",,,,,"",,,,"getmaternitymedicalhistory.maternityMedicalRecord.maternityMedicalRecordHeader.documentTime",1,1,"",""
"getmaternitymedicalhistory","getmaternitymedicalhistory.maternityMedicalRecord.maternityMedicalRecordHeader.patientId","getmaternitymedicalhistory.maternityMedicalRecord.maternityMedicalRecordHeader.patientId","","","",1,1,"","","","Identifier {[]} {[]}
","Id för modern","Id för modern. / id sätts till patientens identifierare, anges med 12 siffror utan avskiljare. / Type sätts till OID för typ av identifierare. / För personnummer ska Skatteverkets personnummer (1.2.752.129.2.1.3.1). / För samordningsnummer ska Skatteverkets samordningsnummer (1.2.752.129.2.1.3.3). / För reservnummer används lokalt definierade reservnummet, exempelvis SLL reservnummer (1.2.752.97.3.1.3)
RIV-TA-typ: PersonIdType. Kardinalitet i TKB: 1..1.
Delelement enligt TKB:
- id (string, 1..1): Sätts till moderns identifierare. Anges med 12 tecken utan avskiljare.
- type (string, 1..1): type sätts till OID för typ av identifierare. / För personnummer ska Skatteverkets personnummer (1.2.752.129.2.1.3.1). / För samordningsnummer ska Skatteverkets samordningsnummer (1.2.752.129.2.1.3.3). / För reservnummer används lokalt definierade reservnummet, exempelvis SLL reservnummer (1.2.752.97.3.1.3).","","","","","","","","","",,,,,"",,,,"getmaternitymedicalhistory.maternityMedicalRecord.maternityMedicalRecordHeader.patientId",1,1,"",""
"getmaternitymedicalhistory","getmaternitymedicalhistory.maternityMedicalRecord.maternityMedicalRecordHeader.accountableHealthcareProfessional","getmaternitymedicalhistory.maternityMedicalRecord.maternityMedicalRecordHeader.accountableHealthcareProfessional","","","",1,1,"","","","BackboneElement {[]} {[]}
","Information om den hälso- och sjukvårdsperson som skapat informationen i dokumentet, nedan kallas författare","Information om den hälso- och sjukvårdsperson som skapat informationen i dokumentet, nedan kallas författare. Vid uppdatering av tidigare skapade dokument avses den hälso- och sjukvårdsperson som senast uppdaterade informationen.
RIV-TA-typ: HealthcareProfessionalType. Kardinalitet i TKB: 1..1.","","","","","","","","","",,,,,"",,,,"getmaternitymedicalhistory.maternityMedicalRecord.maternityMedicalRecordHeader.accountableHealthcareProfessional",1,1,"","ele-1:All FHIR elements must have a @value or children {hasValue() or (children().count() > id.count())}
"
"getmaternitymedicalhistory","getmaternitymedicalhistory.maternityMedicalRecord.maternityMedicalRecordHeader.accountableHealthcareProfessional.id","getmaternitymedicalhistory.maternityMedicalRecord.maternityMedicalRecordHeader.accountableHealthcareProfessional.id","","","",0,1,"","","","string {[]} {[]}
","Unique id for inter-element referencing","Unique id for the element within a resource (for internal references). This may be any string value that does not contain spaces.","","","","","","","","","",,,,,"",,,,"Element.id",0,1,"",""
"getmaternitymedicalhistory","getmaternitymedicalhistory.maternityMedicalRecord.maternityMedicalRecordHeader.accountableHealthcareProfessional.extension","getmaternitymedicalhistory.maternityMedicalRecord.maternityMedicalRecordHeader.accountableHealthcareProfessional.extension","","extensions
user content","",0,*,"","","","Extension {[]} {[]}
","Additional content defined by implementations","May be used to represent additional information that is not part of the basic definition of the element. To make the use of extensions safe and manageable, there is a strict set of governance  applied to the definition and use of extensions. Though any implementer can define an extension, there is a set of requirements that SHALL be met as part of the definition of the extension.","There can be no stigma associated with the use of extensions by any application, project, or standard - regardless of the institution or jurisdiction that uses or defines the extensions.  The use of extensions is what allows the FHIR specification to retain a core level of simplicity for everyone.","","","","","","","","",,,,,"","value:url}
","Extensions are always sliced by (at least) url",,"open","Element.extension",0,*,"","ele-1:All FHIR elements must have a @value or children {hasValue() or (children().count() > id.count())}
ext-1:Must have either extensions or value[x], not both {extension.exists() != value.exists()}"
"getmaternitymedicalhistory","getmaternitymedicalhistory.maternityMedicalRecord.maternityMedicalRecordHeader.accountableHealthcareProfessional.modifierExtension","getmaternitymedicalhistory.maternityMedicalRecord.maternityMedicalRecordHeader.accountableHealthcareProfessional.modifierExtension","","extensions
user contentmodifiers","",0,*,"","Y","Y","Extension {[]} {[]}
","Extensions that cannot be ignored even if unrecognized","May be used to represent additional information that is not part of the basic definition of the element and that modifies the understanding of the element in which it is contained and/or the understanding of the containing element's descendants. Usually modifier elements provide negation or qualification. To make the use of extensions safe and manageable, there is a strict set of governance applied to the definition and use of extensions. Though any implementer can define an extension, there is a set of requirements that SHALL be met as part of the definition of the extension. Applications processing a resource are required to check for modifier extensions.

Modifier extensions SHALL NOT change the meaning of any elements on Resource or DomainResource (including cannot change the meaning of modifierExtension itself).","There can be no stigma associated with the use of extensions by any application, project, or standard - regardless of the institution or jurisdiction that uses or defines the extensions.  The use of extensions is what allows the FHIR specification to retain a core level of simplicity for everyone.","Modifier extensions allow for extensions that *cannot* be safely ignored to be clearly distinguished from the vast majority of extensions which can be safely ignored.  This promotes interoperability by eliminating the need for implementers to prohibit the presence of extensions. For further information, see the [definition of modifier extensions](http://hl7.org/fhir/R4/extensibility.html#modifierExtension).","","","","","","","",,,,,"",,,,"BackboneElement.modifierExtension",0,*,"","ele-1:All FHIR elements must have a @value or children {hasValue() or (children().count() > id.count())}
ext-1:Must have either extensions or value[x], not both {extension.exists() != value.exists()}"
"getmaternitymedicalhistory","getmaternitymedicalhistory.maternityMedicalRecord.maternityMedicalRecordHeader.accountableHealthcareProfessional.authorTime","getmaternitymedicalhistory.maternityMedicalRecord.maternityMedicalRecordHeader.accountableHealthcareProfessional.authorTime","","","",1,1,"","","","instant {[]} {[]}
","Tidpunkt vid vilken journalinformationen skapades eller senast uppdaterades hos tjänsteproducenten","Tidpunkt vid vilken journalinformationen skapades eller senast uppdaterades hos tjänsteproducenten. I de fall då journalinformationen skapats i ett annat informationssystem (t.ex. laboratoriesystem eller annan remittents journalsystem) är det tidpunkten då journalinformationen ursprungligen skapades som ska anges.
RIV-TA-typ: TimeStampType. Kardinalitet i TKB: 1..1.","","","","","","","","","",,,,,"",,,,"getmaternitymedicalhistory.maternityMedicalRecord.maternityMedicalRecordHeader.accountableHealthcareProfessional.authorTime",1,1,"",""
"getmaternitymedicalhistory","getmaternitymedicalhistory.maternityMedicalRecord.maternityMedicalRecordHeader.accountableHealthcareProfessional.healthcareProfessionalHSAId","getmaternitymedicalhistory.maternityMedicalRecord.maternityMedicalRecordHeader.accountableHealthcareProfessional.healthcareProfessionalHSAId","","","",1,1,"","","","Identifier {[]} {[]}
","Författarens HSA-id.","Författarens HSA-id.
RIV-TA-typ: HSAIdType. Kardinalitet i TKB: 1..1.","","","","","","","","","",,,,,"",,,,"getmaternitymedicalhistory.maternityMedicalRecord.maternityMedicalRecordHeader.accountableHealthcareProfessional.healthcareProfessionalHSAId",1,1,"",""
"getmaternitymedicalhistory","getmaternitymedicalhistory.maternityMedicalRecord.maternityMedicalRecordHeader.accountableHealthcareProfessional.healthcareProfessionalName","getmaternitymedicalhistory.maternityMedicalRecord.maternityMedicalRecordHeader.accountableHealthcareProfessional.healthcareProfessionalName","","","",0,1,"","","","string {[]} {[]}
","Författarens namn.","Författarens namn.
RIV-TA-typ: string. Kardinalitet i TKB: 0..1.","","","","","","","","","",,,,,"",,,,"getmaternitymedicalhistory.maternityMedicalRecord.maternityMedicalRecordHeader.accountableHealthcareProfessional.healthcareProfessionalName",0,1,"",""
"getmaternitymedicalhistory","getmaternitymedicalhistory.maternityMedicalRecord.maternityMedicalRecordHeader.accountableHealthcareProfessional.healthcareProfessionalRoleCode","getmaternitymedicalhistory.maternityMedicalRecord.maternityMedicalRecordHeader.accountableHealthcareProfessional.healthcareProfessionalRoleCode","","","",0,1,"","","","CodeableConcept {[]} {[]}
","Information om författarens befattning","Information om författarens befattning. Om möjligt ska KV Befattning (OID 1.2.752.129.2.2.1.4), se referens [R 5]. Om kodverk saknas anges befattning i originalText.
RIV-TA-typ: CVType. Kardinalitet i TKB: 0..1.
Delelement enligt TKB:
- code (string, 0..1): Befattningskod. Om code anges ska också codeSystem samt displayName anges.
- codeSystem (string, 0..1): Kodsystem för befattningskod. Om codeSystem anges ska också code samt displayName anges.
- codeSystemName (string, 0..1): Namn på kodsystem för befattningskod.
- codeSystemVersion (string, 0..1): Version på kodsystem för befattningskod.
- displayName (string, 0..1): Befattningskoden i klartext. Om separat displayName inte finns i producerande system ska samma värde som i code anges.
- originalText (string, 0..1): Om befattning är beskriven i ett lokalt kodverk utan OID, eller när kod helt saknas, kan en beskrivande text anges i originalText. / Om originalText anges ska inget annat värde i healthcareProfessionalRoleCode anges.","","","","","","","","","",,,,,"",,,,"getmaternitymedicalhistory.maternityMedicalRecord.maternityMedicalRecordHeader.accountableHealthcareProfessional.healthcareProfessionalRoleCode",0,1,"",""
"getmaternitymedicalhistory","getmaternitymedicalhistory.maternityMedicalRecord.maternityMedicalRecordHeader.accountableHealthcareProfessional.healthcareProfessionalOrgUnit","getmaternitymedicalhistory.maternityMedicalRecord.maternityMedicalRecordHeader.accountableHealthcareProfessional.healthcareProfessionalOrgUnit","","","",0,1,"","","","BackboneElement {[]} {[]}
","Den organisation som författaren är uppdragstagare på.","Den organisation som författaren är uppdragstagare på.
RIV-TA-typ: OrgUnitType. Kardinalitet i TKB: 0..1.","","","","","","","","","",,,,,"",,,,"getmaternitymedicalhistory.maternityMedicalRecord.maternityMedicalRecordHeader.accountableHealthcareProfessional.healthcareProfessionalOrgUnit",0,1,"","ele-1:All FHIR elements must have a @value or children {hasValue() or (children().count() > id.count())}
"
"getmaternitymedicalhistory","getmaternitymedicalhistory.maternityMedicalRecord.maternityMedicalRecordHeader.accountableHealthcareProfessional.healthcareProfessionalOrgUnit.id","getmaternitymedicalhistory.maternityMedicalRecord.maternityMedicalRecordHeader.accountableHealthcareProfessional.healthcareProfessionalOrgUnit.id","","","",0,1,"","","","string {[]} {[]}
","Unique id for inter-element referencing","Unique id for the element within a resource (for internal references). This may be any string value that does not contain spaces.","","","","","","","","","",,,,,"",,,,"Element.id",0,1,"",""
"getmaternitymedicalhistory","getmaternitymedicalhistory.maternityMedicalRecord.maternityMedicalRecordHeader.accountableHealthcareProfessional.healthcareProfessionalOrgUnit.extension","getmaternitymedicalhistory.maternityMedicalRecord.maternityMedicalRecordHeader.accountableHealthcareProfessional.healthcareProfessionalOrgUnit.extension","","extensions
user content","",0,*,"","","","Extension {[]} {[]}
","Additional content defined by implementations","May be used to represent additional information that is not part of the basic definition of the element. To make the use of extensions safe and manageable, there is a strict set of governance  applied to the definition and use of extensions. Though any implementer can define an extension, there is a set of requirements that SHALL be met as part of the definition of the extension.","There can be no stigma associated with the use of extensions by any application, project, or standard - regardless of the institution or jurisdiction that uses or defines the extensions.  The use of extensions is what allows the FHIR specification to retain a core level of simplicity for everyone.","","","","","","","","",,,,,"","value:url}
","Extensions are always sliced by (at least) url",,"open","Element.extension",0,*,"","ele-1:All FHIR elements must have a @value or children {hasValue() or (children().count() > id.count())}
ext-1:Must have either extensions or value[x], not both {extension.exists() != value.exists()}"
"getmaternitymedicalhistory","getmaternitymedicalhistory.maternityMedicalRecord.maternityMedicalRecordHeader.accountableHealthcareProfessional.healthcareProfessionalOrgUnit.modifierExtension","getmaternitymedicalhistory.maternityMedicalRecord.maternityMedicalRecordHeader.accountableHealthcareProfessional.healthcareProfessionalOrgUnit.modifierExtension","","extensions
user contentmodifiers","",0,*,"","Y","Y","Extension {[]} {[]}
","Extensions that cannot be ignored even if unrecognized","May be used to represent additional information that is not part of the basic definition of the element and that modifies the understanding of the element in which it is contained and/or the understanding of the containing element's descendants. Usually modifier elements provide negation or qualification. To make the use of extensions safe and manageable, there is a strict set of governance applied to the definition and use of extensions. Though any implementer can define an extension, there is a set of requirements that SHALL be met as part of the definition of the extension. Applications processing a resource are required to check for modifier extensions.

Modifier extensions SHALL NOT change the meaning of any elements on Resource or DomainResource (including cannot change the meaning of modifierExtension itself).","There can be no stigma associated with the use of extensions by any application, project, or standard - regardless of the institution or jurisdiction that uses or defines the extensions.  The use of extensions is what allows the FHIR specification to retain a core level of simplicity for everyone.","Modifier extensions allow for extensions that *cannot* be safely ignored to be clearly distinguished from the vast majority of extensions which can be safely ignored.  This promotes interoperability by eliminating the need for implementers to prohibit the presence of extensions. For further information, see the [definition of modifier extensions](http://hl7.org/fhir/R4/extensibility.html#modifierExtension).","","","","","","","",,,,,"",,,,"BackboneElement.modifierExtension",0,*,"","ele-1:All FHIR elements must have a @value or children {hasValue() or (children().count() > id.count())}
ext-1:Must have either extensions or value[x], not both {extension.exists() != value.exists()}"
"getmaternitymedicalhistory","getmaternitymedicalhistory.maternityMedicalRecord.maternityMedicalRecordHeader.accountableHealthcareProfessional.healthcareProfessionalOrgUnit.orgUnitHSAId","getmaternitymedicalhistory.maternityMedicalRecord.maternityMedicalRecordHeader.accountableHealthcareProfessional.healthcareProfessionalOrgUnit.orgUnitHSAId","","","",1,1,"","","","Identifier {[]} {[]}
","HSA-id för den organisation som författaren är uppdragstagare på.","HSA-id för den organisation som författaren är uppdragstagare på.
RIV-TA-typ: HSAIdType. Kardinalitet i TKB: 1..1.","","","","","","","","","",,,,,"",,,,"getmaternitymedicalhistory.maternityMedicalRecord.maternityMedicalRecordHeader.accountableHealthcareProfessional.healthcareProfessionalOrgUnit.orgUnitHSAId",1,1,"",""
"getmaternitymedicalhistory","getmaternitymedicalhistory.maternityMedicalRecord.maternityMedicalRecordHeader.accountableHealthcareProfessional.healthcareProfessionalOrgUnit.orgUnitName","getmaternitymedicalhistory.maternityMedicalRecord.maternityMedicalRecordHeader.accountableHealthcareProfessional.healthcareProfessionalOrgUnit.orgUnitName","","","",1,1,"","","","string {[]} {[]}
","Namnet på den organisation som författaren är uppdragstagare på.","Namnet på den organisation som författaren är uppdragstagare på.
RIV-TA-typ: string. Kardinalitet i TKB: 1..1.","","","","","","","","","",,,,,"",,,,"getmaternitymedicalhistory.maternityMedicalRecord.maternityMedicalRecordHeader.accountableHealthcareProfessional.healthcareProfessionalOrgUnit.orgUnitName",1,1,"",""
"getmaternitymedicalhistory","getmaternitymedicalhistory.maternityMedicalRecord.maternityMedicalRecordHeader.accountableHealthcareProfessional.healthcareProfessionalOrgUnit.orgUnitTelecom","getmaternitymedicalhistory.maternityMedicalRecord.maternityMedicalRecordHeader.accountableHealthcareProfessional.healthcareProfessionalOrgUnit.orgUnitTelecom","","","",0,1,"","","","string {[]} {[]}
","Telefon till organisationsenhet.","Telefon till organisationsenhet.
RIV-TA-typ: string. Kardinalitet i TKB: 0..1.","","","","","","","","","",,,,,"",,,,"getmaternitymedicalhistory.maternityMedicalRecord.maternityMedicalRecordHeader.accountableHealthcareProfessional.healthcareProfessionalOrgUnit.orgUnitTelecom",0,1,"",""
"getmaternitymedicalhistory","getmaternitymedicalhistory.maternityMedicalRecord.maternityMedicalRecordHeader.accountableHealthcareProfessional.healthcareProfessionalOrgUnit.orgUnitEmail","getmaternitymedicalhistory.maternityMedicalRecord.maternityMedicalRecordHeader.accountableHealthcareProfessional.healthcareProfessionalOrgUnit.orgUnitEmail","","","",0,1,"","","","string {[]} {[]}
","Epost till enhet.","Epost till enhet.
RIV-TA-typ: string. Kardinalitet i TKB: 0..1.","","","","","","","","","",,,,,"",,,,"getmaternitymedicalhistory.maternityMedicalRecord.maternityMedicalRecordHeader.accountableHealthcareProfessional.healthcareProfessionalOrgUnit.orgUnitEmail",0,1,"",""
"getmaternitymedicalhistory","getmaternitymedicalhistory.maternityMedicalRecord.maternityMedicalRecordHeader.accountableHealthcareProfessional.healthcareProfessionalOrgUnit.orgUnitAddress","getmaternitymedicalhistory.maternityMedicalRecord.maternityMedicalRecordHeader.accountableHealthcareProfessional.healthcareProfessionalOrgUnit.orgUnitAddress","","","",0,1,"","","","string {[]} {[]}
","Postadress för den organisation som författaren är uppdragstagare på","Postadress för den organisation som författaren är uppdragstagare på. Skrivs på ett så naturligt sätt som möjligt, exempelvis: / ”Storgatan 12 / 468 91 Lilleby”
RIV-TA-typ: string. Kardinalitet i TKB: 0..1.","","","","","","","","","",,,,,"",,,,"getmaternitymedicalhistory.maternityMedicalRecord.maternityMedicalRecordHeader.accountableHealthcareProfessional.healthcareProfessionalOrgUnit.orgUnitAddress",0,1,"",""
"getmaternitymedicalhistory","getmaternitymedicalhistory.maternityMedicalRecord.maternityMedicalRecordHeader.accountableHealthcareProfessional.healthcareProfessionalOrgUnit.orgUnitLocation","getmaternitymedicalhistory.maternityMedicalRecord.maternityMedicalRecordHeader.accountableHealthcareProfessional.healthcareProfessionalOrgUnit.orgUnitLocation","","","",0,1,"","","","string {[]} {[]}
","Text som anger namnet på plats eller ort för enhetens eller funktionens fysiska placering.","Text som anger namnet på plats eller ort för enhetens eller funktionens fysiska placering.
RIV-TA-typ: string. Kardinalitet i TKB: 0..1.","","","","","","","","","",,,,,"",,,,"getmaternitymedicalhistory.maternityMedicalRecord.maternityMedicalRecordHeader.accountableHealthcareProfessional.healthcareProfessionalOrgUnit.orgUnitLocation",0,1,"",""
"getmaternitymedicalhistory","getmaternitymedicalhistory.maternityMedicalRecord.maternityMedicalRecordHeader.accountableHealthcareProfessional.healthcareProfessionalCareUnitHSAId","getmaternitymedicalhistory.maternityMedicalRecord.maternityMedicalRecordHeader.accountableHealthcareProfessional.healthcareProfessionalCareUnitHSAId","","","",1,1,"","","","Identifier {[]} {[]}
","HSA-id för Vårdenhet","HSA-id för Vårdenhet. [Regel 1]
RIV-TA-typ: HSAIdType. Kardinalitet i TKB: 1..1.","","","","","","","","","",,,,,"",,,,"getmaternitymedicalhistory.maternityMedicalRecord.maternityMedicalRecordHeader.accountableHealthcareProfessional.healthcareProfessionalCareUnitHSAId",1,1,"",""
"getmaternitymedicalhistory","getmaternitymedicalhistory.maternityMedicalRecord.maternityMedicalRecordHeader.accountableHealthcareProfessional.healthcareProfessionalCareGiverHSAId","getmaternitymedicalhistory.maternityMedicalRecord.maternityMedicalRecordHeader.accountableHealthcareProfessional.healthcareProfessionalCareGiverHSAId","","","",1,1,"","","","Identifier {[]} {[]}
","HSA-id för vårdgivaren, som är vårdgivare för den enhet som författaren är uppdragstagare för","HSA-id för vårdgivaren, som är vårdgivare för den enhet som författaren är uppdragstagare för. [Regel 1]
RIV-TA-typ: HSAIdType. Kardinalitet i TKB: 1..1.","","","","","","","","","",,,,,"",,,,"getmaternitymedicalhistory.maternityMedicalRecord.maternityMedicalRecordHeader.accountableHealthcareProfessional.healthcareProfessionalCareGiverHSAId",1,1,"",""
"getmaternitymedicalhistory","getmaternitymedicalhistory.maternityMedicalRecord.maternityMedicalRecordHeader.legalAuthenticator","getmaternitymedicalhistory.maternityMedicalRecord.maternityMedicalRecordHeader.legalAuthenticator","","","",0,1,"","","","BackboneElement {[]} {[]}
","Information om vem som signerat informationen i dokumentet.","Information om vem som signerat informationen i dokumentet.
RIV-TA-typ: LegalAuthenticatorType. Kardinalitet i TKB: 0..1.","","","","","","","","","",,,,,"",,,,"getmaternitymedicalhistory.maternityMedicalRecord.maternityMedicalRecordHeader.legalAuthenticator",0,1,"","ele-1:All FHIR elements must have a @value or children {hasValue() or (children().count() > id.count())}
"
"getmaternitymedicalhistory","getmaternitymedicalhistory.maternityMedicalRecord.maternityMedicalRecordHeader.legalAuthenticator.id","getmaternitymedicalhistory.maternityMedicalRecord.maternityMedicalRecordHeader.legalAuthenticator.id","","","",0,1,"","","","string {[]} {[]}
","Unique id for inter-element referencing","Unique id for the element within a resource (for internal references). This may be any string value that does not contain spaces.","","","","","","","","","",,,,,"",,,,"Element.id",0,1,"",""
"getmaternitymedicalhistory","getmaternitymedicalhistory.maternityMedicalRecord.maternityMedicalRecordHeader.legalAuthenticator.extension","getmaternitymedicalhistory.maternityMedicalRecord.maternityMedicalRecordHeader.legalAuthenticator.extension","","extensions
user content","",0,*,"","","","Extension {[]} {[]}
","Additional content defined by implementations","May be used to represent additional information that is not part of the basic definition of the element. To make the use of extensions safe and manageable, there is a strict set of governance  applied to the definition and use of extensions. Though any implementer can define an extension, there is a set of requirements that SHALL be met as part of the definition of the extension.","There can be no stigma associated with the use of extensions by any application, project, or standard - regardless of the institution or jurisdiction that uses or defines the extensions.  The use of extensions is what allows the FHIR specification to retain a core level of simplicity for everyone.","","","","","","","","",,,,,"","value:url}
","Extensions are always sliced by (at least) url",,"open","Element.extension",0,*,"","ele-1:All FHIR elements must have a @value or children {hasValue() or (children().count() > id.count())}
ext-1:Must have either extensions or value[x], not both {extension.exists() != value.exists()}"
"getmaternitymedicalhistory","getmaternitymedicalhistory.maternityMedicalRecord.maternityMedicalRecordHeader.legalAuthenticator.modifierExtension","getmaternitymedicalhistory.maternityMedicalRecord.maternityMedicalRecordHeader.legalAuthenticator.modifierExtension","","extensions
user contentmodifiers","",0,*,"","Y","Y","Extension {[]} {[]}
","Extensions that cannot be ignored even if unrecognized","May be used to represent additional information that is not part of the basic definition of the element and that modifies the understanding of the element in which it is contained and/or the understanding of the containing element's descendants. Usually modifier elements provide negation or qualification. To make the use of extensions safe and manageable, there is a strict set of governance applied to the definition and use of extensions. Though any implementer can define an extension, there is a set of requirements that SHALL be met as part of the definition of the extension. Applications processing a resource are required to check for modifier extensions.

Modifier extensions SHALL NOT change the meaning of any elements on Resource or DomainResource (including cannot change the meaning of modifierExtension itself).","There can be no stigma associated with the use of extensions by any application, project, or standard - regardless of the institution or jurisdiction that uses or defines the extensions.  The use of extensions is what allows the FHIR specification to retain a core level of simplicity for everyone.","Modifier extensions allow for extensions that *cannot* be safely ignored to be clearly distinguished from the vast majority of extensions which can be safely ignored.  This promotes interoperability by eliminating the need for implementers to prohibit the presence of extensions. For further information, see the [definition of modifier extensions](http://hl7.org/fhir/R4/extensibility.html#modifierExtension).","","","","","","","",,,,,"",,,,"BackboneElement.modifierExtension",0,*,"","ele-1:All FHIR elements must have a @value or children {hasValue() or (children().count() > id.count())}
ext-1:Must have either extensions or value[x], not both {extension.exists() != value.exists()}"
"getmaternitymedicalhistory","getmaternitymedicalhistory.maternityMedicalRecord.maternityMedicalRecordHeader.legalAuthenticator.signatureTime","getmaternitymedicalhistory.maternityMedicalRecord.maternityMedicalRecordHeader.legalAuthenticator.signatureTime","","","",1,1,"","","","instant {[]} {[]}
","Tidpunkt för signering.","Tidpunkt för signering.
RIV-TA-typ: TimeStampType. Kardinalitet i TKB: 1..1.","","","","","","","","","",,,,,"",,,,"getmaternitymedicalhistory.maternityMedicalRecord.maternityMedicalRecordHeader.legalAuthenticator.signatureTime",1,1,"",""
"getmaternitymedicalhistory","getmaternitymedicalhistory.maternityMedicalRecord.maternityMedicalRecordHeader.legalAuthenticator.legalAuthenticatorHSAId","getmaternitymedicalhistory.maternityMedicalRecord.maternityMedicalRecordHeader.legalAuthenticator.legalAuthenticatorHSAId","","","",0,1,"","","","Identifier {[]} {[]}
","HSA-id för person som signerat dokumentet.","HSA-id för person som signerat dokumentet.
RIV-TA-typ: HSAIDType. Kardinalitet i TKB: 0..1.","","","","","","","","","",,,,,"",,,,"getmaternitymedicalhistory.maternityMedicalRecord.maternityMedicalRecordHeader.legalAuthenticator.legalAuthenticatorHSAId",0,1,"",""
"getmaternitymedicalhistory","getmaternitymedicalhistory.maternityMedicalRecord.maternityMedicalRecordHeader.legalAuthenticator.legalAuthenticatorName","getmaternitymedicalhistory.maternityMedicalRecord.maternityMedicalRecordHeader.legalAuthenticator.legalAuthenticatorName","","","",0,1,"","","","string {[]} {[]}
","Namnen i klartext för signerande person.","Namnen i klartext för signerande person.
RIV-TA-typ: string. Kardinalitet i TKB: 0..1.","","","","","","","","","",,,,,"",,,,"getmaternitymedicalhistory.maternityMedicalRecord.maternityMedicalRecordHeader.legalAuthenticator.legalAuthenticatorName",0,1,"",""
"getmaternitymedicalhistory","getmaternitymedicalhistory.maternityMedicalRecord.maternityMedicalRecordHeader.legalAuthenticator.legalAuthenticatorRoleCode","getmaternitymedicalhistory.maternityMedicalRecord.maternityMedicalRecordHeader.legalAuthenticator.legalAuthenticatorRoleCode","","","",0,0,"","","","string {[]} {[]}
","Ska ej anges.","Ska ej anges.
RIV-TA-typ: (ej angiven). Kardinalitet i TKB: 0..0.","","","","","","","","","",,,,,"",,,,"getmaternitymedicalhistory.maternityMedicalRecord.maternityMedicalRecordHeader.legalAuthenticator.legalAuthenticatorRoleCode",0,0,"",""
"getmaternitymedicalhistory","getmaternitymedicalhistory.maternityMedicalRecord.maternityMedicalRecordHeader.approvedForPatient","getmaternitymedicalhistory.maternityMedicalRecord.maternityMedicalRecordHeader.approvedForPatient","","","",1,1,"","","","boolean {[]} {[]}
","Anger om information får delas till patient","Anger om information får delas till patient. Värdet sätts i sådant fall till true, i annat fall till false.
RIV-TA-typ: boolean. Kardinalitet i TKB: 1..1.","","","","","","","","","",,,,,"",,,,"getmaternitymedicalhistory.maternityMedicalRecord.maternityMedicalRecordHeader.approvedForPatient",1,1,"",""
"getmaternitymedicalhistory","getmaternitymedicalhistory.maternityMedicalRecord.maternityMedicalRecordHeader.careContactId","getmaternitymedicalhistory.maternityMedicalRecord.maternityMedicalRecordHeader.careContactId","","","",0,1,"","","","string {[]} {[]}
","Identitetet för den hälso-och sjukvårdskontakt som föranlett den information som omfattas av dokumentet","Identitetet för den hälso-och sjukvårdskontakt som föranlett den information som omfattas av dokumentet. Identiteten är unik inom källsystemet.
RIV-TA-typ: string. Kardinalitet i TKB: 0..1.","","","","","","","","","",,,,,"",,,,"getmaternitymedicalhistory.maternityMedicalRecord.maternityMedicalRecordHeader.careContactId",0,1,"",""
"getmaternitymedicalhistory","getmaternitymedicalhistory.maternityMedicalRecord.maternityMedicalRecordHeader.nullified","getmaternitymedicalhistory.maternityMedicalRecord.maternityMedicalRecordHeader.nullified","","","",0,0,"","","","string {[]} {[]}
","Ska ej anges","Ska ej anges
RIV-TA-typ: string. Kardinalitet i TKB: 0..0.","","","","","","","","","",,,,,"",,,,"getmaternitymedicalhistory.maternityMedicalRecord.maternityMedicalRecordHeader.nullified",0,0,"",""
"getmaternitymedicalhistory","getmaternitymedicalhistory.maternityMedicalRecord.maternityMedicalRecordHeader.nullifiedReason","getmaternitymedicalhistory.maternityMedicalRecord.maternityMedicalRecordHeader.nullifiedReason","","","",0,0,"","","","string {[]} {[]}
","Ska ej anges","Ska ej anges
RIV-TA-typ: string. Kardinalitet i TKB: 0..0.","","","","","","","","","",,,,,"",,,,"getmaternitymedicalhistory.maternityMedicalRecord.maternityMedicalRecordHeader.nullifiedReason",0,0,"",""
"getmaternitymedicalhistory","getmaternitymedicalhistory.maternityMedicalRecord.maternityMedicalRecordBody","getmaternitymedicalhistory.maternityMedicalRecord.maternityMedicalRecordBody","","","",1,1,"","","","BackboneElement {[]} {[]}
","Kan bestå av antingen en registrationRecord, en pregnancyCheckupRecord eller en postDeliveryRecord.","Kan bestå av antingen en registrationRecord, en pregnancyCheckupRecord eller en postDeliveryRecord.
RIV-TA-typ: MaternityMedicalRecordBodyType. Kardinalitet i TKB: 1..1.","","","","","","","","","",,,,,"",,,,"getmaternitymedicalhistory.maternityMedicalRecord.maternityMedicalRecordBody",1,1,"","ele-1:All FHIR elements must have a @value or children {hasValue() or (children().count() > id.count())}
"
"getmaternitymedicalhistory","getmaternitymedicalhistory.maternityMedicalRecord.maternityMedicalRecordBody.id","getmaternitymedicalhistory.maternityMedicalRecord.maternityMedicalRecordBody.id","","","",0,1,"","","","string {[]} {[]}
","Unique id for inter-element referencing","Unique id for the element within a resource (for internal references). This may be any string value that does not contain spaces.","","","","","","","","","",,,,,"",,,,"Element.id",0,1,"",""
"getmaternitymedicalhistory","getmaternitymedicalhistory.maternityMedicalRecord.maternityMedicalRecordBody.extension","getmaternitymedicalhistory.maternityMedicalRecord.maternityMedicalRecordBody.extension","","extensions
user content","",0,*,"","","","Extension {[]} {[]}
","Additional content defined by implementations","May be used to represent additional information that is not part of the basic definition of the element. To make the use of extensions safe and manageable, there is a strict set of governance  applied to the definition and use of extensions. Though any implementer can define an extension, there is a set of requirements that SHALL be met as part of the definition of the extension.","There can be no stigma associated with the use of extensions by any application, project, or standard - regardless of the institution or jurisdiction that uses or defines the extensions.  The use of extensions is what allows the FHIR specification to retain a core level of simplicity for everyone.","","","","","","","","",,,,,"","value:url}
","Extensions are always sliced by (at least) url",,"open","Element.extension",0,*,"","ele-1:All FHIR elements must have a @value or children {hasValue() or (children().count() > id.count())}
ext-1:Must have either extensions or value[x], not both {extension.exists() != value.exists()}"
"getmaternitymedicalhistory","getmaternitymedicalhistory.maternityMedicalRecord.maternityMedicalRecordBody.modifierExtension","getmaternitymedicalhistory.maternityMedicalRecord.maternityMedicalRecordBody.modifierExtension","","extensions
user contentmodifiers","",0,*,"","Y","Y","Extension {[]} {[]}
","Extensions that cannot be ignored even if unrecognized","May be used to represent additional information that is not part of the basic definition of the element and that modifies the understanding of the element in which it is contained and/or the understanding of the containing element's descendants. Usually modifier elements provide negation or qualification. To make the use of extensions safe and manageable, there is a strict set of governance applied to the definition and use of extensions. Though any implementer can define an extension, there is a set of requirements that SHALL be met as part of the definition of the extension. Applications processing a resource are required to check for modifier extensions.

Modifier extensions SHALL NOT change the meaning of any elements on Resource or DomainResource (including cannot change the meaning of modifierExtension itself).","There can be no stigma associated with the use of extensions by any application, project, or standard - regardless of the institution or jurisdiction that uses or defines the extensions.  The use of extensions is what allows the FHIR specification to retain a core level of simplicity for everyone.","Modifier extensions allow for extensions that *cannot* be safely ignored to be clearly distinguished from the vast majority of extensions which can be safely ignored.  This promotes interoperability by eliminating the need for implementers to prohibit the presence of extensions. For further information, see the [definition of modifier extensions](http://hl7.org/fhir/R4/extensibility.html#modifierExtension).","","","","","","","",,,,,"",,,,"BackboneElement.modifierExtension",0,*,"","ele-1:All FHIR elements must have a @value or children {hasValue() or (children().count() > id.count())}
ext-1:Must have either extensions or value[x], not both {extension.exists() != value.exists()}"
"getmaternitymedicalhistory","getmaternitymedicalhistory.maternityMedicalRecord.maternityMedicalRecordBody.registrationRecord","getmaternitymedicalhistory.maternityMedicalRecord.maternityMedicalRecordBody.registrationRecord","","","",0,1,"","","","BackboneElement {[]} {[]}
","Information som registreras vid inskrivningsbesöket.","Information som registreras vid inskrivningsbesöket.
RIV-TA-typ: RegistrationRecordType. Kardinalitet i TKB: 0..1.","","","","","","","","","",,,,,"",,,,"getmaternitymedicalhistory.maternityMedicalRecord.maternityMedicalRecordBody.registrationRecord",0,1,"","ele-1:All FHIR elements must have a @value or children {hasValue() or (children().count() > id.count())}
"
"getmaternitymedicalhistory","getmaternitymedicalhistory.maternityMedicalRecord.maternityMedicalRecordBody.registrationRecord.id","getmaternitymedicalhistory.maternityMedicalRecord.maternityMedicalRecordBody.registrationRecord.id","","","",0,1,"","","","string {[]} {[]}
","Unique id for inter-element referencing","Unique id for the element within a resource (for internal references). This may be any string value that does not contain spaces.","","","","","","","","","",,,,,"",,,,"Element.id",0,1,"",""
"getmaternitymedicalhistory","getmaternitymedicalhistory.maternityMedicalRecord.maternityMedicalRecordBody.registrationRecord.extension","getmaternitymedicalhistory.maternityMedicalRecord.maternityMedicalRecordBody.registrationRecord.extension","","extensions
user content","",0,*,"","","","Extension {[]} {[]}
","Additional content defined by implementations","May be used to represent additional information that is not part of the basic definition of the element. To make the use of extensions safe and manageable, there is a strict set of governance  applied to the definition and use of extensions. Though any implementer can define an extension, there is a set of requirements that SHALL be met as part of the definition of the extension.","There can be no stigma associated with the use of extensions by any application, project, or standard - regardless of the institution or jurisdiction that uses or defines the extensions.  The use of extensions is what allows the FHIR specification to retain a core level of simplicity for everyone.","","","","","","","","",,,,,"","value:url}
","Extensions are always sliced by (at least) url",,"open","Element.extension",0,*,"","ele-1:All FHIR elements must have a @value or children {hasValue() or (children().count() > id.count())}
ext-1:Must have either extensions or value[x], not both {extension.exists() != value.exists()}"
"getmaternitymedicalhistory","getmaternitymedicalhistory.maternityMedicalRecord.maternityMedicalRecordBody.registrationRecord.modifierExtension","getmaternitymedicalhistory.maternityMedicalRecord.maternityMedicalRecordBody.registrationRecord.modifierExtension","","extensions
user contentmodifiers","",0,*,"","Y","Y","Extension {[]} {[]}
","Extensions that cannot be ignored even if unrecognized","May be used to represent additional information that is not part of the basic definition of the element and that modifies the understanding of the element in which it is contained and/or the understanding of the containing element's descendants. Usually modifier elements provide negation or qualification. To make the use of extensions safe and manageable, there is a strict set of governance applied to the definition and use of extensions. Though any implementer can define an extension, there is a set of requirements that SHALL be met as part of the definition of the extension. Applications processing a resource are required to check for modifier extensions.

Modifier extensions SHALL NOT change the meaning of any elements on Resource or DomainResource (including cannot change the meaning of modifierExtension itself).","There can be no stigma associated with the use of extensions by any application, project, or standard - regardless of the institution or jurisdiction that uses or defines the extensions.  The use of extensions is what allows the FHIR specification to retain a core level of simplicity for everyone.","Modifier extensions allow for extensions that *cannot* be safely ignored to be clearly distinguished from the vast majority of extensions which can be safely ignored.  This promotes interoperability by eliminating the need for implementers to prohibit the presence of extensions. For further information, see the [definition of modifier extensions](http://hl7.org/fhir/R4/extensibility.html#modifierExtension).","","","","","","","",,,,,"",,,,"BackboneElement.modifierExtension",0,*,"","ele-1:All FHIR elements must have a @value or children {hasValue() or (children().count() > id.count())}
ext-1:Must have either extensions or value[x], not both {extension.exists() != value.exists()}"
"getmaternitymedicalhistory","getmaternitymedicalhistory.maternityMedicalRecord.maternityMedicalRecordBody.registrationRecord.lastMenstrualPeriod","getmaternitymedicalhistory.maternityMedicalRecord.maternityMedicalRecordBody.registrationRecord.lastMenstrualPeriod","","","",0,1,"","","","date {[]} {[]}
","Datum för senaste menstruation","Datum för senaste menstruation
RIV-TA-typ: DateType. Kardinalitet i TKB: 0..1.","","","","","","","","","",,,,,"",,,,"getmaternitymedicalhistory.maternityMedicalRecord.maternityMedicalRecordBody.registrationRecord.lastMenstrualPeriod",0,1,"",""
"getmaternitymedicalhistory","getmaternitymedicalhistory.maternityMedicalRecord.maternityMedicalRecordBody.registrationRecord.indicationPregnancy","getmaternitymedicalhistory.maternityMedicalRecord.maternityMedicalRecordBody.registrationRecord.indicationPregnancy","","","",0,1,"","","","date {[]} {[]}
","Datum för graviditetsindikation","Datum för graviditetsindikation
RIV-TA-typ: DateType. Kardinalitet i TKB: 0..1.","","","","","","","","","",,,,,"",,,,"getmaternitymedicalhistory.maternityMedicalRecord.maternityMedicalRecordBody.registrationRecord.indicationPregnancy",0,1,"",""
"getmaternitymedicalhistory","getmaternitymedicalhistory.maternityMedicalRecord.maternityMedicalRecordBody.registrationRecord.contraceptiveDiscontinued","getmaternitymedicalhistory.maternityMedicalRecord.maternityMedicalRecordBody.registrationRecord.contraceptiveDiscontinued","","","",0,1,"","","","date {[]} {[]}
","Datum för när moder upphört med preventivtablett","Datum för när moder upphört med preventivtablett
RIV-TA-typ: DateType. Kardinalitet i TKB: 0..1.","","","","","","","","","",,,,,"",,,,"getmaternitymedicalhistory.maternityMedicalRecord.maternityMedicalRecordBody.registrationRecord.contraceptiveDiscontinued",0,1,"",""
"getmaternitymedicalhistory","getmaternitymedicalhistory.maternityMedicalRecord.maternityMedicalRecordBody.registrationRecord.expectedDayOfDeliveryFromLastMenstrualPeriod","getmaternitymedicalhistory.maternityMedicalRecord.maternityMedicalRecordBody.registrationRecord.expectedDayOfDeliveryFromLastMenstrualPeriod","","","",0,1,"","","","date {[]} {[]}
","Beräknad förlossning enligt sista menstruation","Beräknad förlossning enligt sista menstruation
RIV-TA-typ: DateType. Kardinalitet i TKB: 0..1.","","","","","","","","","",,,,,"",,,,"getmaternitymedicalhistory.maternityMedicalRecord.maternityMedicalRecordBody.registrationRecord.expectedDayOfDeliveryFromLastMenstrualPeriod",0,1,"",""
"getmaternitymedicalhistory","getmaternitymedicalhistory.maternityMedicalRecord.maternityMedicalRecordBody.registrationRecord.expectedDayOfDeliveryFromUltrasoundScan","getmaternitymedicalhistory.maternityMedicalRecord.maternityMedicalRecordBody.registrationRecord.expectedDayOfDeliveryFromUltrasoundScan","","","",0,1,"","","","date {[]} {[]}
","Beräknad förlossning enligt ultraljud","Beräknad förlossning enligt ultraljud
RIV-TA-typ: DateType. Kardinalitet i TKB: 0..1.","","","","","","","","","",,,,,"",,,,"getmaternitymedicalhistory.maternityMedicalRecord.maternityMedicalRecordBody.registrationRecord.expectedDayOfDeliveryFromUltrasoundScan",0,1,"",""
"getmaternitymedicalhistory","getmaternitymedicalhistory.maternityMedicalRecord.maternityMedicalRecordBody.registrationRecord.expectedDayOfDeliveryFromEmbryonicTransfer","getmaternitymedicalhistory.maternityMedicalRecord.maternityMedicalRecordBody.registrationRecord.expectedDayOfDeliveryFromEmbryonicTransfer","","","",0,1,"","","","date {[]} {[]}
","Beräknad förlossning enligt embryonik transfer","Beräknad förlossning enligt embryonik transfer
RIV-TA-typ: DateType. Kardinalitet i TKB: 0..1.","","","","","","","","","",,,,,"",,,,"getmaternitymedicalhistory.maternityMedicalRecord.maternityMedicalRecordBody.registrationRecord.expectedDayOfDeliveryFromEmbryonicTransfer",0,1,"",""
"getmaternitymedicalhistory","getmaternitymedicalhistory.maternityMedicalRecord.maternityMedicalRecordBody.registrationRecord.length","getmaternitymedicalhistory.maternityMedicalRecord.maternityMedicalRecordBody.registrationRecord.length","","","",0,1,"","","","Quantity {[]} {[]}
","Längd vid inskrivning","Längd vid inskrivning
RIV-TA-typ: PQType. Kardinalitet i TKB: 0..1.","","","","","","","","","",,,,,"",,,,"getmaternitymedicalhistory.maternityMedicalRecord.maternityMedicalRecordBody.registrationRecord.length",0,1,"",""
"getmaternitymedicalhistory","getmaternitymedicalhistory.maternityMedicalRecord.maternityMedicalRecordBody.registrationRecord.weight","getmaternitymedicalhistory.maternityMedicalRecord.maternityMedicalRecordBody.registrationRecord.weight","","","",0,1,"","","","Quantity {[]} {[]}
","Vikt vid inskrivning [massa]","Vikt vid inskrivning [massa]
RIV-TA-typ: PQType. Kardinalitet i TKB: 0..1.","","","","","","","","","",,,,,"",,,,"getmaternitymedicalhistory.maternityMedicalRecord.maternityMedicalRecordBody.registrationRecord.weight",0,1,"",""
"getmaternitymedicalhistory","getmaternitymedicalhistory.maternityMedicalRecord.maternityMedicalRecordBody.registrationRecord.bodyMassIndex","getmaternitymedicalhistory.maternityMedicalRecord.maternityMedicalRecordBody.registrationRecord.bodyMassIndex","","","",0,1,"","","","Quantity {[]} {[]}
","BMI vid inskrivning [massa/yta]","BMI vid inskrivning [massa/yta]
RIV-TA-typ: PQType. Kardinalitet i TKB: 0..1.","","","","","","","","","",,,,,"",,,,"getmaternitymedicalhistory.maternityMedicalRecord.maternityMedicalRecordBody.registrationRecord.bodyMassIndex",0,1,"",""
"getmaternitymedicalhistory","getmaternitymedicalhistory.maternityMedicalRecord.maternityMedicalRecordBody.registrationRecord.infertility","getmaternitymedicalhistory.maternityMedicalRecord.maternityMedicalRecordBody.registrationRecord.infertility","","","",0,1,"","","","decimal {[]} {[]}
","Antal år med ofrivillig barnlöshet (decimaltal)","Antal år med ofrivillig barnlöshet (decimaltal)
RIV-TA-typ: decimal. Kardinalitet i TKB: 0..1.","","","","","","","","","",,,,,"",,,,"getmaternitymedicalhistory.maternityMedicalRecord.maternityMedicalRecordBody.registrationRecord.infertility",0,1,"",""
"getmaternitymedicalhistory","getmaternitymedicalhistory.maternityMedicalRecord.maternityMedicalRecordBody.registrationRecord.previousGravidityAndParity","getmaternitymedicalhistory.maternityMedicalRecord.maternityMedicalRecordBody.registrationRecord.previousGravidityAndParity","","","",0,*,"","","","BackboneElement {[]} {[]}
","Tidigare graviditeter och förlossningar","Tidigare graviditeter och förlossningar
RIV-TA-typ: PreviousGravidityAndParityType. Kardinalitet i TKB: 0..*.","","","","","","","","","",,,,,"",,,,"getmaternitymedicalhistory.maternityMedicalRecord.maternityMedicalRecordBody.registrationRecord.previousGravidityAndParity",0,*,"","ele-1:All FHIR elements must have a @value or children {hasValue() or (children().count() > id.count())}
"
"getmaternitymedicalhistory","getmaternitymedicalhistory.maternityMedicalRecord.maternityMedicalRecordBody.registrationRecord.previousGravidityAndParity.id","getmaternitymedicalhistory.maternityMedicalRecord.maternityMedicalRecordBody.registrationRecord.previousGravidityAndParity.id","","","",0,1,"","","","string {[]} {[]}
","Unique id for inter-element referencing","Unique id for the element within a resource (for internal references). This may be any string value that does not contain spaces.","","","","","","","","","",,,,,"",,,,"Element.id",0,1,"",""
"getmaternitymedicalhistory","getmaternitymedicalhistory.maternityMedicalRecord.maternityMedicalRecordBody.registrationRecord.previousGravidityAndParity.extension","getmaternitymedicalhistory.maternityMedicalRecord.maternityMedicalRecordBody.registrationRecord.previousGravidityAndParity.extension","","extensions
user content","",0,*,"","","","Extension {[]} {[]}
","Additional content defined by implementations","May be used to represent additional information that is not part of the basic definition of the element. To make the use of extensions safe and manageable, there is a strict set of governance  applied to the definition and use of extensions. Though any implementer can define an extension, there is a set of requirements that SHALL be met as part of the definition of the extension.","There can be no stigma associated with the use of extensions by any application, project, or standard - regardless of the institution or jurisdiction that uses or defines the extensions.  The use of extensions is what allows the FHIR specification to retain a core level of simplicity for everyone.","","","","","","","","",,,,,"","value:url}
","Extensions are always sliced by (at least) url",,"open","Element.extension",0,*,"","ele-1:All FHIR elements must have a @value or children {hasValue() or (children().count() > id.count())}
ext-1:Must have either extensions or value[x], not both {extension.exists() != value.exists()}"
"getmaternitymedicalhistory","getmaternitymedicalhistory.maternityMedicalRecord.maternityMedicalRecordBody.registrationRecord.previousGravidityAndParity.modifierExtension","getmaternitymedicalhistory.maternityMedicalRecord.maternityMedicalRecordBody.registrationRecord.previousGravidityAndParity.modifierExtension","","extensions
user contentmodifiers","",0,*,"","Y","Y","Extension {[]} {[]}
","Extensions that cannot be ignored even if unrecognized","May be used to represent additional information that is not part of the basic definition of the element and that modifies the understanding of the element in which it is contained and/or the understanding of the containing element's descendants. Usually modifier elements provide negation or qualification. To make the use of extensions safe and manageable, there is a strict set of governance applied to the definition and use of extensions. Though any implementer can define an extension, there is a set of requirements that SHALL be met as part of the definition of the extension. Applications processing a resource are required to check for modifier extensions.

Modifier extensions SHALL NOT change the meaning of any elements on Resource or DomainResource (including cannot change the meaning of modifierExtension itself).","There can be no stigma associated with the use of extensions by any application, project, or standard - regardless of the institution or jurisdiction that uses or defines the extensions.  The use of extensions is what allows the FHIR specification to retain a core level of simplicity for everyone.","Modifier extensions allow for extensions that *cannot* be safely ignored to be clearly distinguished from the vast majority of extensions which can be safely ignored.  This promotes interoperability by eliminating the need for implementers to prohibit the presence of extensions. For further information, see the [definition of modifier extensions](http://hl7.org/fhir/R4/extensibility.html#modifierExtension).","","","","","","","",,,,,"",,,,"BackboneElement.modifierExtension",0,*,"","ele-1:All FHIR elements must have a @value or children {hasValue() or (children().count() > id.count())}
ext-1:Must have either extensions or value[x], not both {extension.exists() != value.exists()}"
"getmaternitymedicalhistory","getmaternitymedicalhistory.maternityMedicalRecord.maternityMedicalRecordBody.registrationRecord.previousGravidityAndParity.year","getmaternitymedicalhistory.maternityMedicalRecord.maternityMedicalRecordBody.registrationRecord.previousGravidityAndParity.year","","","",1,1,"","","","integer {[]} {[]}
","År för tidigare graviditet eller förlossning","År för tidigare graviditet eller förlossning
RIV-TA-typ: int. Kardinalitet i TKB: 1..1.","","","","","","","","","",,,,,"",,,,"getmaternitymedicalhistory.maternityMedicalRecord.maternityMedicalRecordBody.registrationRecord.previousGravidityAndParity.year",1,1,"",""
"getmaternitymedicalhistory","getmaternitymedicalhistory.maternityMedicalRecord.maternityMedicalRecordBody.registrationRecord.previousGravidityAndParity.month","getmaternitymedicalhistory.maternityMedicalRecord.maternityMedicalRecordBody.registrationRecord.previousGravidityAndParity.month","","","",1,1,"","","","integer {[]} {[]}
","Månad för tidigare graviditet eller förlossning","Månad för tidigare graviditet eller förlossning
RIV-TA-typ: int. Kardinalitet i TKB: 1..1.","","","","","","","","","",,,,,"",,,,"getmaternitymedicalhistory.maternityMedicalRecord.maternityMedicalRecordBody.registrationRecord.previousGravidityAndParity.month",1,1,"",""
"getmaternitymedicalhistory","getmaternitymedicalhistory.maternityMedicalRecord.maternityMedicalRecordBody.registrationRecord.previousGravidityAndParity.delivery","getmaternitymedicalhistory.maternityMedicalRecord.maternityMedicalRecordBody.registrationRecord.previousGravidityAndParity.delivery","","","",0,1,"","","","code {[]} {[]}
","Graviditet förlossning enligt kodverk:","Graviditet förlossning enligt kodverk:
RIV-TA-typ: DeliveryCodeEnum. Kardinalitet i TKB: 0..1.","","","","","","","","","",,"required","","https://fhir.inera.se/ig/clinicalprocess-healthcond-actoutcome/ValueSet/deliverycode-vs","",,,,"getmaternitymedicalhistory.maternityMedicalRecord.maternityMedicalRecordBody.registrationRecord.previousGravidityAndParity.delivery",0,1,"",""
"getmaternitymedicalhistory","getmaternitymedicalhistory.maternityMedicalRecord.maternityMedicalRecordBody.registrationRecord.previousGravidityAndParity.healthcareFacility","getmaternitymedicalhistory.maternityMedicalRecord.maternityMedicalRecordBody.registrationRecord.previousGravidityAndParity.healthcareFacility","","","",0,1,"","","","string {[]} {[]}
","Sjukhus","Sjukhus
RIV-TA-typ: string. Kardinalitet i TKB: 0..1.","","","","","","","","","",,,,,"",,,,"getmaternitymedicalhistory.maternityMedicalRecord.maternityMedicalRecordBody.registrationRecord.previousGravidityAndParity.healthcareFacility",0,1,"",""
"getmaternitymedicalhistory","getmaternitymedicalhistory.maternityMedicalRecord.maternityMedicalRecordBody.registrationRecord.previousGravidityAndParity.progress","getmaternitymedicalhistory.maternityMedicalRecord.maternityMedicalRecordBody.registrationRecord.previousGravidityAndParity.progress","","","",0,1,"","","","string {[]} {[]}
","Förlopp","Förlopp
RIV-TA-typ: string. Kardinalitet i TKB: 0..1.","","","","","","","","","",,,,,"",,,,"getmaternitymedicalhistory.maternityMedicalRecord.maternityMedicalRecordBody.registrationRecord.previousGravidityAndParity.progress",0,1,"",""
"getmaternitymedicalhistory","getmaternitymedicalhistory.maternityMedicalRecord.maternityMedicalRecordBody.registrationRecord.previousGravidityAndParity.sex","getmaternitymedicalhistory.maternityMedicalRecord.maternityMedicalRecordBody.registrationRecord.previousGravidityAndParity.sex","","","",0,1,"","","","code {[]} {[]}
","Kön, giltiga värden 0,1,2 och 9 enligt kodverk med OID 1.2.752.129.2.2.1.1: / 0 = okänt, / 1 = man, / 2 = kvin","Kön, giltiga värden 0,1,2 och 9 enligt kodverk med OID 1.2.752.129.2.2.1.1: / 0 = okänt, / 1 = man, / 2 = kvinna, / 9 = ej tillämpligt
RIV-TA-typ: SexCodeEnum. Kardinalitet i TKB: 0..1.","","","","","","","","","",,"required","","https://fhir.inera.se/ig/clinicalprocess-healthcond-actoutcome/ValueSet/sexcode-vs","",,,,"getmaternitymedicalhistory.maternityMedicalRecord.maternityMedicalRecordBody.registrationRecord.previousGravidityAndParity.sex",0,1,"",""
"getmaternitymedicalhistory","getmaternitymedicalhistory.maternityMedicalRecord.maternityMedicalRecordBody.registrationRecord.previousGravidityAndParity.weightOfChild","getmaternitymedicalhistory.maternityMedicalRecord.maternityMedicalRecordBody.registrationRecord.previousGravidityAndParity.weightOfChild","","","",0,1,"","","","Quantity {[]} {[]}
","Barnets vikt [massa]","Barnets vikt [massa]
RIV-TA-typ: PQType. Kardinalitet i TKB: 0..1.","","","","","","","","","",,,,,"",,,,"getmaternitymedicalhistory.maternityMedicalRecord.maternityMedicalRecordBody.registrationRecord.previousGravidityAndParity.weightOfChild",0,1,"",""
"getmaternitymedicalhistory","getmaternitymedicalhistory.maternityMedicalRecord.maternityMedicalRecordBody.registrationRecord.previousGravidityAndParity.gestation","getmaternitymedicalhistory.maternityMedicalRecord.maternityMedicalRecordBody.registrationRecord.previousGravidityAndParity.gestation","","","",0,1,"","","","integer {[]} {[]}
","Graviditetsvecka.","Graviditetsvecka.
RIV-TA-typ: int. Kardinalitet i TKB: 0..1.","","","","","","","","","",,,,,"",,,,"getmaternitymedicalhistory.maternityMedicalRecord.maternityMedicalRecordBody.registrationRecord.previousGravidityAndParity.gestation",0,1,"",""
"getmaternitymedicalhistory","getmaternitymedicalhistory.maternityMedicalRecord.maternityMedicalRecordBody.registrationRecord.diseasesThrombosis","getmaternitymedicalhistory.maternityMedicalRecord.maternityMedicalRecordBody.registrationRecord.diseasesThrombosis","","","",0,1,"","","","boolean {[]} {[]}
","Trombos (true/false)","Trombos (true/false)
RIV-TA-typ: bool. Kardinalitet i TKB: 0..1.","","","","","","","","","",,,,,"",,,,"getmaternitymedicalhistory.maternityMedicalRecord.maternityMedicalRecordBody.registrationRecord.diseasesThrombosis",0,1,"",""
"getmaternitymedicalhistory","getmaternitymedicalhistory.maternityMedicalRecord.maternityMedicalRecordBody.registrationRecord.diseasesEndocineDiseases","getmaternitymedicalhistory.maternityMedicalRecord.maternityMedicalRecordBody.registrationRecord.diseasesEndocineDiseases","","","",0,1,"","","","boolean {[]} {[]}
","Endokrina sjukdomar (true/false)","Endokrina sjukdomar (true/false)
RIV-TA-typ: bool. Kardinalitet i TKB: 0..1.","","","","","","","","","",,,,,"",,,,"getmaternitymedicalhistory.maternityMedicalRecord.maternityMedicalRecordBody.registrationRecord.diseasesEndocineDiseases",0,1,"",""
"getmaternitymedicalhistory","getmaternitymedicalhistory.maternityMedicalRecord.maternityMedicalRecordBody.registrationRecord.diseasesRecurrentUrinaryTractInfections","getmaternitymedicalhistory.maternityMedicalRecord.maternityMedicalRecordBody.registrationRecord.diseasesRecurrentUrinaryTractInfections","","","",0,1,"","","","boolean {[]} {[]}
","Upprepade urinvägsinfektioner (true/false)","Upprepade urinvägsinfektioner (true/false)
RIV-TA-typ: bool. Kardinalitet i TKB: 0..1.","","","","","","","","","",,,,,"",,,,"getmaternitymedicalhistory.maternityMedicalRecord.maternityMedicalRecordBody.registrationRecord.diseasesRecurrentUrinaryTractInfections",0,1,"",""
"getmaternitymedicalhistory","getmaternitymedicalhistory.maternityMedicalRecord.maternityMedicalRecordBody.registrationRecord.diseasesDiabetesMellitus","getmaternitymedicalhistory.maternityMedicalRecord.maternityMedicalRecordBody.registrationRecord.diseasesDiabetesMellitus","","","",0,1,"","","","boolean {[]} {[]}
","Diabetes mellitus (true/false)","Diabetes mellitus (true/false)
RIV-TA-typ: bool. Kardinalitet i TKB: 0..1.","","","","","","","","","",,,,,"",,,,"getmaternitymedicalhistory.maternityMedicalRecord.maternityMedicalRecordBody.registrationRecord.diseasesDiabetesMellitus",0,1,"",""
"getmaternitymedicalhistory","getmaternitymedicalhistory.maternityMedicalRecord.maternityMedicalRecordBody.registrationRecord.medicationDuringPregnacy","getmaternitymedicalhistory.maternityMedicalRecord.maternityMedicalRecordBody.registrationRecord.medicationDuringPregnacy","","","",0,*,"","","","BackboneElement {[]} {[]}
","Före inskrivning under graviditet: medicinering","Före inskrivning under graviditet: medicinering
RIV-TA-typ: MedicationType. Kardinalitet i TKB: 0..*.","","","","","","","","","",,,,,"",,,,"getmaternitymedicalhistory.maternityMedicalRecord.maternityMedicalRecordBody.registrationRecord.medicationDuringPregnacy",0,*,"","ele-1:All FHIR elements must have a @value or children {hasValue() or (children().count() > id.count())}
"
"getmaternitymedicalhistory","getmaternitymedicalhistory.maternityMedicalRecord.maternityMedicalRecordBody.registrationRecord.medicationDuringPregnacy.id","getmaternitymedicalhistory.maternityMedicalRecord.maternityMedicalRecordBody.registrationRecord.medicationDuringPregnacy.id","","","",0,1,"","","","string {[]} {[]}
","Unique id for inter-element referencing","Unique id for the element within a resource (for internal references). This may be any string value that does not contain spaces.","","","","","","","","","",,,,,"",,,,"Element.id",0,1,"",""
"getmaternitymedicalhistory","getmaternitymedicalhistory.maternityMedicalRecord.maternityMedicalRecordBody.registrationRecord.medicationDuringPregnacy.extension","getmaternitymedicalhistory.maternityMedicalRecord.maternityMedicalRecordBody.registrationRecord.medicationDuringPregnacy.extension","","extensions
user content","",0,*,"","","","Extension {[]} {[]}
","Additional content defined by implementations","May be used to represent additional information that is not part of the basic definition of the element. To make the use of extensions safe and manageable, there is a strict set of governance  applied to the definition and use of extensions. Though any implementer can define an extension, there is a set of requirements that SHALL be met as part of the definition of the extension.","There can be no stigma associated with the use of extensions by any application, project, or standard - regardless of the institution or jurisdiction that uses or defines the extensions.  The use of extensions is what allows the FHIR specification to retain a core level of simplicity for everyone.","","","","","","","","",,,,,"","value:url}
","Extensions are always sliced by (at least) url",,"open","Element.extension",0,*,"","ele-1:All FHIR elements must have a @value or children {hasValue() or (children().count() > id.count())}
ext-1:Must have either extensions or value[x], not both {extension.exists() != value.exists()}"
"getmaternitymedicalhistory","getmaternitymedicalhistory.maternityMedicalRecord.maternityMedicalRecordBody.registrationRecord.medicationDuringPregnacy.modifierExtension","getmaternitymedicalhistory.maternityMedicalRecord.maternityMedicalRecordBody.registrationRecord.medicationDuringPregnacy.modifierExtension","","extensions
user contentmodifiers","",0,*,"","Y","Y","Extension {[]} {[]}
","Extensions that cannot be ignored even if unrecognized","May be used to represent additional information that is not part of the basic definition of the element and that modifies the understanding of the element in which it is contained and/or the understanding of the containing element's descendants. Usually modifier elements provide negation or qualification. To make the use of extensions safe and manageable, there is a strict set of governance applied to the definition and use of extensions. Though any implementer can define an extension, there is a set of requirements that SHALL be met as part of the definition of the extension. Applications processing a resource are required to check for modifier extensions.

Modifier extensions SHALL NOT change the meaning of any elements on Resource or DomainResource (including cannot change the meaning of modifierExtension itself).","There can be no stigma associated with the use of extensions by any application, project, or standard - regardless of the institution or jurisdiction that uses or defines the extensions.  The use of extensions is what allows the FHIR specification to retain a core level of simplicity for everyone.","Modifier extensions allow for extensions that *cannot* be safely ignored to be clearly distinguished from the vast majority of extensions which can be safely ignored.  This promotes interoperability by eliminating the need for implementers to prohibit the presence of extensions. For further information, see the [definition of modifier extensions](http://hl7.org/fhir/R4/extensibility.html#modifierExtension).","","","","","","","",,,,,"",,,,"BackboneElement.modifierExtension",0,*,"","ele-1:All FHIR elements must have a @value or children {hasValue() or (children().count() > id.count())}
ext-1:Must have either extensions or value[x], not both {extension.exists() != value.exists()}"
"getmaternitymedicalhistory","getmaternitymedicalhistory.maternityMedicalRecord.maternityMedicalRecordBody.registrationRecord.medicationDuringPregnacy.medicament","getmaternitymedicalhistory.maternityMedicalRecord.maternityMedicalRecordBody.registrationRecord.medicationDuringPregnacy.medicament","","","",1,1,"","","","string {[]} {[]}
","Preparat","Preparat
RIV-TA-typ: string. Kardinalitet i TKB: 1..1.","","","","","","","","","",,,,,"",,,,"getmaternitymedicalhistory.maternityMedicalRecord.maternityMedicalRecordBody.registrationRecord.medicationDuringPregnacy.medicament",1,1,"",""
"getmaternitymedicalhistory","getmaternitymedicalhistory.maternityMedicalRecord.maternityMedicalRecordBody.registrationRecord.medicationDuringPregnacy.dosage","getmaternitymedicalhistory.maternityMedicalRecord.maternityMedicalRecordBody.registrationRecord.medicationDuringPregnacy.dosage","","","",0,1,"","","","string {[]} {[]}
","Dosering i beskrivande text","Dosering i beskrivande text
RIV-TA-typ: string. Kardinalitet i TKB: 0..1.","","","","","","","","","",,,,,"",,,,"getmaternitymedicalhistory.maternityMedicalRecord.maternityMedicalRecordBody.registrationRecord.medicationDuringPregnacy.dosage",0,1,"",""
"getmaternitymedicalhistory","getmaternitymedicalhistory.maternityMedicalRecord.maternityMedicalRecordBody.registrationRecord.assessmentAtFirstContactStandardCare","getmaternitymedicalhistory.maternityMedicalRecord.maternityMedicalRecordBody.registrationRecord.assessmentAtFirstContactStandardCare","","","",0,1,"","","","boolean {[]} {[]}
","Bedömning vid 1:a besök: basprogram (true/false)","Bedömning vid 1:a besök: basprogram (true/false)
RIV-TA-typ: bool. Kardinalitet i TKB: 0..1.","","","","","","","","","",,,,,"",,,,"getmaternitymedicalhistory.maternityMedicalRecord.maternityMedicalRecordBody.registrationRecord.assessmentAtFirstContactStandardCare",0,1,"",""
"getmaternitymedicalhistory","getmaternitymedicalhistory.maternityMedicalRecord.maternityMedicalRecordBody.pregnancyCheckupRecord","getmaternitymedicalhistory.maternityMedicalRecord.maternityMedicalRecordBody.pregnancyCheckupRecord","","","",0,1,"","","","BackboneElement {[]} {[]}
","Graviditetskontroll","Graviditetskontroll
RIV-TA-typ: PregnancyCheckupRecordType. Kardinalitet i TKB: 0..1.","","","","","","","","","",,,,,"",,,,"getmaternitymedicalhistory.maternityMedicalRecord.maternityMedicalRecordBody.pregnancyCheckupRecord",0,1,"","ele-1:All FHIR elements must have a @value or children {hasValue() or (children().count() > id.count())}
"
"getmaternitymedicalhistory","getmaternitymedicalhistory.maternityMedicalRecord.maternityMedicalRecordBody.pregnancyCheckupRecord.id","getmaternitymedicalhistory.maternityMedicalRecord.maternityMedicalRecordBody.pregnancyCheckupRecord.id","","","",0,1,"","","","string {[]} {[]}
","Unique id for inter-element referencing","Unique id for the element within a resource (for internal references). This may be any string value that does not contain spaces.","","","","","","","","","",,,,,"",,,,"Element.id",0,1,"",""
"getmaternitymedicalhistory","getmaternitymedicalhistory.maternityMedicalRecord.maternityMedicalRecordBody.pregnancyCheckupRecord.extension","getmaternitymedicalhistory.maternityMedicalRecord.maternityMedicalRecordBody.pregnancyCheckupRecord.extension","","extensions
user content","",0,*,"","","","Extension {[]} {[]}
","Additional content defined by implementations","May be used to represent additional information that is not part of the basic definition of the element. To make the use of extensions safe and manageable, there is a strict set of governance  applied to the definition and use of extensions. Though any implementer can define an extension, there is a set of requirements that SHALL be met as part of the definition of the extension.","There can be no stigma associated with the use of extensions by any application, project, or standard - regardless of the institution or jurisdiction that uses or defines the extensions.  The use of extensions is what allows the FHIR specification to retain a core level of simplicity for everyone.","","","","","","","","",,,,,"","value:url}
","Extensions are always sliced by (at least) url",,"open","Element.extension",0,*,"","ele-1:All FHIR elements must have a @value or children {hasValue() or (children().count() > id.count())}
ext-1:Must have either extensions or value[x], not both {extension.exists() != value.exists()}"
"getmaternitymedicalhistory","getmaternitymedicalhistory.maternityMedicalRecord.maternityMedicalRecordBody.pregnancyCheckupRecord.modifierExtension","getmaternitymedicalhistory.maternityMedicalRecord.maternityMedicalRecordBody.pregnancyCheckupRecord.modifierExtension","","extensions
user contentmodifiers","",0,*,"","Y","Y","Extension {[]} {[]}
","Extensions that cannot be ignored even if unrecognized","May be used to represent additional information that is not part of the basic definition of the element and that modifies the understanding of the element in which it is contained and/or the understanding of the containing element's descendants. Usually modifier elements provide negation or qualification. To make the use of extensions safe and manageable, there is a strict set of governance applied to the definition and use of extensions. Though any implementer can define an extension, there is a set of requirements that SHALL be met as part of the definition of the extension. Applications processing a resource are required to check for modifier extensions.

Modifier extensions SHALL NOT change the meaning of any elements on Resource or DomainResource (including cannot change the meaning of modifierExtension itself).","There can be no stigma associated with the use of extensions by any application, project, or standard - regardless of the institution or jurisdiction that uses or defines the extensions.  The use of extensions is what allows the FHIR specification to retain a core level of simplicity for everyone.","Modifier extensions allow for extensions that *cannot* be safely ignored to be clearly distinguished from the vast majority of extensions which can be safely ignored.  This promotes interoperability by eliminating the need for implementers to prohibit the presence of extensions. For further information, see the [definition of modifier extensions](http://hl7.org/fhir/R4/extensibility.html#modifierExtension).","","","","","","","",,,,,"",,,,"BackboneElement.modifierExtension",0,*,"","ele-1:All FHIR elements must have a @value or children {hasValue() or (children().count() > id.count())}
ext-1:Must have either extensions or value[x], not both {extension.exists() != value.exists()}"
"getmaternitymedicalhistory","getmaternitymedicalhistory.maternityMedicalRecord.maternityMedicalRecordBody.pregnancyCheckupRecord.completeWeeksOfGestation","getmaternitymedicalhistory.maternityMedicalRecord.maternityMedicalRecordBody.pregnancyCheckupRecord.completeWeeksOfGestation","","","",0,1,"","","","integer {[]} {[]}
","Fullgångna graviditetsveckor","Fullgångna graviditetsveckor
RIV-TA-typ: int. Kardinalitet i TKB: 0..1.","","","","","","","","","",,,,,"",,,,"getmaternitymedicalhistory.maternityMedicalRecord.maternityMedicalRecordBody.pregnancyCheckupRecord.completeWeeksOfGestation",0,1,"",""
"getmaternitymedicalhistory","getmaternitymedicalhistory.maternityMedicalRecord.maternityMedicalRecordBody.pregnancyCheckupRecord.weight","getmaternitymedicalhistory.maternityMedicalRecord.maternityMedicalRecordBody.pregnancyCheckupRecord.weight","","","",0,1,"","","","Quantity {[]} {[]}
","Moderns vikt [massa]","Moderns vikt [massa]
RIV-TA-typ: PQType. Kardinalitet i TKB: 0..1.","","","","","","","","","",,,,,"",,,,"getmaternitymedicalhistory.maternityMedicalRecord.maternityMedicalRecordBody.pregnancyCheckupRecord.weight",0,1,"",""
"getmaternitymedicalhistory","getmaternitymedicalhistory.maternityMedicalRecord.maternityMedicalRecordBody.pregnancyCheckupRecord.symphysisFundalHeight","getmaternitymedicalhistory.maternityMedicalRecord.maternityMedicalRecordBody.pregnancyCheckupRecord.symphysisFundalHeight","","","",0,1,"","","","Quantity {[]} {[]}
","Symfys-fundus mått [längd]","Symfys-fundus mått [längd]
RIV-TA-typ: PQType. Kardinalitet i TKB: 0..1.","","","","","","","","","",,,,,"",,,,"getmaternitymedicalhistory.maternityMedicalRecord.maternityMedicalRecordBody.pregnancyCheckupRecord.symphysisFundalHeight",0,1,"",""
"getmaternitymedicalhistory","getmaternitymedicalhistory.maternityMedicalRecord.maternityMedicalRecordBody.pregnancyCheckupRecord.haemoglobin","getmaternitymedicalhistory.maternityMedicalRecord.maternityMedicalRecordBody.pregnancyCheckupRecord.haemoglobin","","","",0,1,"","","","Quantity {[]} {[]}
","Hb (Hemoglobin) [massa / volym]","Hb (Hemoglobin) [massa / volym]
RIV-TA-typ: PQType. Kardinalitet i TKB: 0..1.","","","","","","","","","",,,,,"",,,,"getmaternitymedicalhistory.maternityMedicalRecord.maternityMedicalRecordBody.pregnancyCheckupRecord.haemoglobin",0,1,"",""
"getmaternitymedicalhistory","getmaternitymedicalhistory.maternityMedicalRecord.maternityMedicalRecordBody.pregnancyCheckupRecord.bloodPressureSystolic","getmaternitymedicalhistory.maternityMedicalRecord.maternityMedicalRecordBody.pregnancyCheckupRecord.bloodPressureSystolic","","","",0,1,"","","","Quantity {[]} {[]}
","Systoliskt blodtryck [tryck]","Systoliskt blodtryck [tryck]
RIV-TA-typ: PQType. Kardinalitet i TKB: 0..1.","","","","","","","","","",,,,,"",,,,"getmaternitymedicalhistory.maternityMedicalRecord.maternityMedicalRecordBody.pregnancyCheckupRecord.bloodPressureSystolic",0,1,"",""
"getmaternitymedicalhistory","getmaternitymedicalhistory.maternityMedicalRecord.maternityMedicalRecordBody.pregnancyCheckupRecord.bloodPressureDiastolic","getmaternitymedicalhistory.maternityMedicalRecord.maternityMedicalRecordBody.pregnancyCheckupRecord.bloodPressureDiastolic","","","",0,1,"","","","Quantity {[]} {[]}
","Diastoliskt blodtryck [tryck]","Diastoliskt blodtryck [tryck]
RIV-TA-typ: PQType. Kardinalitet i TKB: 0..1.","","","","","","","","","",,,,,"",,,,"getmaternitymedicalhistory.maternityMedicalRecord.maternityMedicalRecordBody.pregnancyCheckupRecord.bloodPressureDiastolic",0,1,"",""
"getmaternitymedicalhistory","getmaternitymedicalhistory.maternityMedicalRecord.maternityMedicalRecordBody.pregnancyCheckupRecord.proteinuria","getmaternitymedicalhistory.maternityMedicalRecord.maternityMedicalRecordBody.pregnancyCheckupRecord.proteinuria","","","",0,1,"","","","Quantity {[]} {[]}
","Proteinuri - Protein i urinet [massa / volym] / Mängden protein ska alltså anges i g/l eller motsvarande","Proteinuri - Protein i urinet [massa / volym] / Mängden protein ska alltså anges i g/l eller motsvarande. Använd INTE mätstickans kodning (0, 1+, 2+…)
RIV-TA-typ: PQType. Kardinalitet i TKB: 0..1.","","","","","","","","","",,,,,"",,,,"getmaternitymedicalhistory.maternityMedicalRecord.maternityMedicalRecordBody.pregnancyCheckupRecord.proteinuria",0,1,"",""
"getmaternitymedicalhistory","getmaternitymedicalhistory.maternityMedicalRecord.maternityMedicalRecordBody.pregnancyCheckupRecord.glycosuria","getmaternitymedicalhistory.maternityMedicalRecord.maternityMedicalRecordBody.pregnancyCheckupRecord.glycosuria","","","",0,1,"","","","Quantity {[]} {[]}
","Glucosuri - Glucos i urinet [antal / volym] / Förväntad enhet är mmol/l","Glucosuri - Glucos i urinet [antal / volym] / Förväntad enhet är mmol/l. Använd INTE mätstickans kodning (0, 1+, 2+…) / OBS! U på svenska men y på engelska (ICD10).
RIV-TA-typ: PQType. Kardinalitet i TKB: 0..1.","","","","","","","","","",,,,,"",,,,"getmaternitymedicalhistory.maternityMedicalRecord.maternityMedicalRecordBody.pregnancyCheckupRecord.glycosuria",0,1,"",""
"getmaternitymedicalhistory","getmaternitymedicalhistory.maternityMedicalRecord.maternityMedicalRecordBody.pregnancyCheckupRecord.fetalPosition","getmaternitymedicalhistory.maternityMedicalRecord.maternityMedicalRecordBody.pregnancyCheckupRecord.fetalPosition","","","",0,*,"","","","code {[]} {[]}
","Fosterläge enligt kodverk: / 0 = head (huvud ) / 1 = breech (säte) / 2 = oblique (snedläge) / 3 = transverse (","Fosterläge enligt kodverk: / 0 = head (huvud ) / 1 = breech (säte) / 2 = oblique (snedläge) / 3 = transverse (tvärläge)
RIV-TA-typ: FetalPositionCodeEnum. Kardinalitet i TKB: 0..*.","","","","","","","","","",,"required","","https://fhir.inera.se/ig/clinicalprocess-healthcond-actoutcome/ValueSet/fetalpositioncode-vs","",,,,"getmaternitymedicalhistory.maternityMedicalRecord.maternityMedicalRecordBody.pregnancyCheckupRecord.fetalPosition",0,*,"",""
"getmaternitymedicalhistory","getmaternitymedicalhistory.maternityMedicalRecord.maternityMedicalRecordBody.pregnancyCheckupRecord.fetalPresentation","getmaternitymedicalhistory.maternityMedicalRecord.maternityMedicalRecordBody.pregnancyCheckupRecord.fetalPresentation","","","",0,*,"","","","code {[]} {[]}
","Föregående fosterdel enligt kodverk: / 0= mobile (rörligt), / 1 = movable (ruckbart), / 2 = fixed (fix)","Föregående fosterdel enligt kodverk: / 0= mobile (rörligt), / 1 = movable (ruckbart), / 2 = fixed (fix)
RIV-TA-typ: FetalPresentationCodeEnum. Kardinalitet i TKB: 0..*.","","","","","","","","","",,"required","","https://fhir.inera.se/ig/clinicalprocess-healthcond-actoutcome/ValueSet/fetalpresentationcode-vs","",,,,"getmaternitymedicalhistory.maternityMedicalRecord.maternityMedicalRecordBody.pregnancyCheckupRecord.fetalPresentation",0,*,"",""
"getmaternitymedicalhistory","getmaternitymedicalhistory.maternityMedicalRecord.maternityMedicalRecordBody.pregnancyCheckupRecord.fetalHeartRate","getmaternitymedicalhistory.maternityMedicalRecord.maternityMedicalRecordBody.pregnancyCheckupRecord.fetalHeartRate","","","",0,*,"","","","Quantity {[]} {[]}
","Fosterljud, hjärtslag, ex","Fosterljud, hjärtslag, ex. bpm [frekvens]
RIV-TA-typ: PQType. Kardinalitet i TKB: 0..*.","","","","","","","","","",,,,,"",,,,"getmaternitymedicalhistory.maternityMedicalRecord.maternityMedicalRecordBody.pregnancyCheckupRecord.fetalHeartRate",0,*,"",""
"getmaternitymedicalhistory","getmaternitymedicalhistory.maternityMedicalRecord.maternityMedicalRecordBody.pregnancyCheckupRecord.typeOfLeave","getmaternitymedicalhistory.maternityMedicalRecord.maternityMedicalRecordBody.pregnancyCheckupRecord.typeOfLeave","","","",0,*,"","","","code {[]} {[]}
","Typ av ledighet enligt kodverk / 0 = Sjukskrivning, / 1 = Havandekapsledighet, / 2 = Föräldrarledighet","Typ av ledighet enligt kodverk / 0 = Sjukskrivning, / 1 = Havandekapsledighet, / 2 = Föräldrarledighet
RIV-TA-typ: TypeOfLeaveCodeEnum. Kardinalitet i TKB: 0..*.","","","","","","","","","",,"required","","https://fhir.inera.se/ig/clinicalprocess-healthcond-actoutcome/ValueSet/typeofleavecode-vs","",,,,"getmaternitymedicalhistory.maternityMedicalRecord.maternityMedicalRecordBody.pregnancyCheckupRecord.typeOfLeave",0,*,"",""
"getmaternitymedicalhistory","getmaternitymedicalhistory.maternityMedicalRecord.maternityMedicalRecordBody.pregnancyCheckupRecord.medicationSinceRegistration","getmaternitymedicalhistory.maternityMedicalRecord.maternityMedicalRecordBody.pregnancyCheckupRecord.medicationSinceRegistration","","","",0,*,"","","","BackboneElement {[]} {[]}
","Läkemedel (även kostpreparat) som administrerats sedan registreringen / föregående ”checkup”.","Läkemedel (även kostpreparat) som administrerats sedan registreringen / föregående ”checkup”.
RIV-TA-typ: MedicationType. Kardinalitet i TKB: 0..*.","","","","","","","","","",,,,,"",,,,"getmaternitymedicalhistory.maternityMedicalRecord.maternityMedicalRecordBody.pregnancyCheckupRecord.medicationSinceRegistration",0,*,"","ele-1:All FHIR elements must have a @value or children {hasValue() or (children().count() > id.count())}
"
"getmaternitymedicalhistory","getmaternitymedicalhistory.maternityMedicalRecord.maternityMedicalRecordBody.pregnancyCheckupRecord.medicationSinceRegistration.id","getmaternitymedicalhistory.maternityMedicalRecord.maternityMedicalRecordBody.pregnancyCheckupRecord.medicationSinceRegistration.id","","","",0,1,"","","","string {[]} {[]}
","Unique id for inter-element referencing","Unique id for the element within a resource (for internal references). This may be any string value that does not contain spaces.","","","","","","","","","",,,,,"",,,,"Element.id",0,1,"",""
"getmaternitymedicalhistory","getmaternitymedicalhistory.maternityMedicalRecord.maternityMedicalRecordBody.pregnancyCheckupRecord.medicationSinceRegistration.extension","getmaternitymedicalhistory.maternityMedicalRecord.maternityMedicalRecordBody.pregnancyCheckupRecord.medicationSinceRegistration.extension","","extensions
user content","",0,*,"","","","Extension {[]} {[]}
","Additional content defined by implementations","May be used to represent additional information that is not part of the basic definition of the element. To make the use of extensions safe and manageable, there is a strict set of governance  applied to the definition and use of extensions. Though any implementer can define an extension, there is a set of requirements that SHALL be met as part of the definition of the extension.","There can be no stigma associated with the use of extensions by any application, project, or standard - regardless of the institution or jurisdiction that uses or defines the extensions.  The use of extensions is what allows the FHIR specification to retain a core level of simplicity for everyone.","","","","","","","","",,,,,"","value:url}
","Extensions are always sliced by (at least) url",,"open","Element.extension",0,*,"","ele-1:All FHIR elements must have a @value or children {hasValue() or (children().count() > id.count())}
ext-1:Must have either extensions or value[x], not both {extension.exists() != value.exists()}"
"getmaternitymedicalhistory","getmaternitymedicalhistory.maternityMedicalRecord.maternityMedicalRecordBody.pregnancyCheckupRecord.medicationSinceRegistration.modifierExtension","getmaternitymedicalhistory.maternityMedicalRecord.maternityMedicalRecordBody.pregnancyCheckupRecord.medicationSinceRegistration.modifierExtension","","extensions
user contentmodifiers","",0,*,"","Y","Y","Extension {[]} {[]}
","Extensions that cannot be ignored even if unrecognized","May be used to represent additional information that is not part of the basic definition of the element and that modifies the understanding of the element in which it is contained and/or the understanding of the containing element's descendants. Usually modifier elements provide negation or qualification. To make the use of extensions safe and manageable, there is a strict set of governance applied to the definition and use of extensions. Though any implementer can define an extension, there is a set of requirements that SHALL be met as part of the definition of the extension. Applications processing a resource are required to check for modifier extensions.

Modifier extensions SHALL NOT change the meaning of any elements on Resource or DomainResource (including cannot change the meaning of modifierExtension itself).","There can be no stigma associated with the use of extensions by any application, project, or standard - regardless of the institution or jurisdiction that uses or defines the extensions.  The use of extensions is what allows the FHIR specification to retain a core level of simplicity for everyone.","Modifier extensions allow for extensions that *cannot* be safely ignored to be clearly distinguished from the vast majority of extensions which can be safely ignored.  This promotes interoperability by eliminating the need for implementers to prohibit the presence of extensions. For further information, see the [definition of modifier extensions](http://hl7.org/fhir/R4/extensibility.html#modifierExtension).","","","","","","","",,,,,"",,,,"BackboneElement.modifierExtension",0,*,"","ele-1:All FHIR elements must have a @value or children {hasValue() or (children().count() > id.count())}
ext-1:Must have either extensions or value[x], not both {extension.exists() != value.exists()}"
"getmaternitymedicalhistory","getmaternitymedicalhistory.maternityMedicalRecord.maternityMedicalRecordBody.pregnancyCheckupRecord.medicationSinceRegistration.medicament","getmaternitymedicalhistory.maternityMedicalRecord.maternityMedicalRecordBody.pregnancyCheckupRecord.medicationSinceRegistration.medicament","","","",1,1,"","","","string {[]} {[]}
","Preparat","Preparat
RIV-TA-typ: string. Kardinalitet i TKB: 1..1.","","","","","","","","","",,,,,"",,,,"getmaternitymedicalhistory.maternityMedicalRecord.maternityMedicalRecordBody.pregnancyCheckupRecord.medicationSinceRegistration.medicament",1,1,"",""
"getmaternitymedicalhistory","getmaternitymedicalhistory.maternityMedicalRecord.maternityMedicalRecordBody.pregnancyCheckupRecord.medicationSinceRegistration.dosage","getmaternitymedicalhistory.maternityMedicalRecord.maternityMedicalRecordBody.pregnancyCheckupRecord.medicationSinceRegistration.dosage","","","",0,1,"","","","string {[]} {[]}
","Dosering i beskrivande text","Dosering i beskrivande text
RIV-TA-typ: string. Kardinalitet i TKB: 0..1.","","","","","","","","","",,,,,"",,,,"getmaternitymedicalhistory.maternityMedicalRecord.maternityMedicalRecordBody.pregnancyCheckupRecord.medicationSinceRegistration.dosage",0,1,"",""
"getmaternitymedicalhistory","getmaternitymedicalhistory.maternityMedicalRecord.maternityMedicalRecordBody.postDeliveryRecord","getmaternitymedicalhistory.maternityMedicalRecord.maternityMedicalRecordBody.postDeliveryRecord","","","",0,1,"","","","BackboneElement {[]} {[]}
","Efterskötning","Efterskötning
RIV-TA-typ: PostDeliveryRecordType. Kardinalitet i TKB: 0..1.","","","","","","","","","",,,,,"",,,,"getmaternitymedicalhistory.maternityMedicalRecord.maternityMedicalRecordBody.postDeliveryRecord",0,1,"","ele-1:All FHIR elements must have a @value or children {hasValue() or (children().count() > id.count())}
"
"getmaternitymedicalhistory","getmaternitymedicalhistory.maternityMedicalRecord.maternityMedicalRecordBody.postDeliveryRecord.id","getmaternitymedicalhistory.maternityMedicalRecord.maternityMedicalRecordBody.postDeliveryRecord.id","","","",0,1,"","","","string {[]} {[]}
","Unique id for inter-element referencing","Unique id for the element within a resource (for internal references). This may be any string value that does not contain spaces.","","","","","","","","","",,,,,"",,,,"Element.id",0,1,"",""
"getmaternitymedicalhistory","getmaternitymedicalhistory.maternityMedicalRecord.maternityMedicalRecordBody.postDeliveryRecord.extension","getmaternitymedicalhistory.maternityMedicalRecord.maternityMedicalRecordBody.postDeliveryRecord.extension","","extensions
user content","",0,*,"","","","Extension {[]} {[]}
","Additional content defined by implementations","May be used to represent additional information that is not part of the basic definition of the element. To make the use of extensions safe and manageable, there is a strict set of governance  applied to the definition and use of extensions. Though any implementer can define an extension, there is a set of requirements that SHALL be met as part of the definition of the extension.","There can be no stigma associated with the use of extensions by any application, project, or standard - regardless of the institution or jurisdiction that uses or defines the extensions.  The use of extensions is what allows the FHIR specification to retain a core level of simplicity for everyone.","","","","","","","","",,,,,"","value:url}
","Extensions are always sliced by (at least) url",,"open","Element.extension",0,*,"","ele-1:All FHIR elements must have a @value or children {hasValue() or (children().count() > id.count())}
ext-1:Must have either extensions or value[x], not both {extension.exists() != value.exists()}"
"getmaternitymedicalhistory","getmaternitymedicalhistory.maternityMedicalRecord.maternityMedicalRecordBody.postDeliveryRecord.modifierExtension","getmaternitymedicalhistory.maternityMedicalRecord.maternityMedicalRecordBody.postDeliveryRecord.modifierExtension","","extensions
user contentmodifiers","",0,*,"","Y","Y","Extension {[]} {[]}
","Extensions that cannot be ignored even if unrecognized","May be used to represent additional information that is not part of the basic definition of the element and that modifies the understanding of the element in which it is contained and/or the understanding of the containing element's descendants. Usually modifier elements provide negation or qualification. To make the use of extensions safe and manageable, there is a strict set of governance applied to the definition and use of extensions. Though any implementer can define an extension, there is a set of requirements that SHALL be met as part of the definition of the extension. Applications processing a resource are required to check for modifier extensions.

Modifier extensions SHALL NOT change the meaning of any elements on Resource or DomainResource (including cannot change the meaning of modifierExtension itself).","There can be no stigma associated with the use of extensions by any application, project, or standard - regardless of the institution or jurisdiction that uses or defines the extensions.  The use of extensions is what allows the FHIR specification to retain a core level of simplicity for everyone.","Modifier extensions allow for extensions that *cannot* be safely ignored to be clearly distinguished from the vast majority of extensions which can be safely ignored.  This promotes interoperability by eliminating the need for implementers to prohibit the presence of extensions. For further information, see the [definition of modifier extensions](http://hl7.org/fhir/R4/extensibility.html#modifierExtension).","","","","","","","",,,,,"",,,,"BackboneElement.modifierExtension",0,*,"","ele-1:All FHIR elements must have a @value or children {hasValue() or (children().count() > id.count())}
ext-1:Must have either extensions or value[x], not both {extension.exists() != value.exists()}"
"getmaternitymedicalhistory","getmaternitymedicalhistory.maternityMedicalRecord.maternityMedicalRecordBody.postDeliveryRecord.motherPostDeliveryRecord","getmaternitymedicalhistory.maternityMedicalRecord.maternityMedicalRecordBody.postDeliveryRecord.motherPostDeliveryRecord","","","",1,1,"","","","BackboneElement {[]} {[]}
","Efterskötningsjournal, moder","Efterskötningsjournal, moder
RIV-TA-typ: MotherPostDeliveryRecordType. Kardinalitet i TKB: 1..1.","","","","","","","","","",,,,,"",,,,"getmaternitymedicalhistory.maternityMedicalRecord.maternityMedicalRecordBody.postDeliveryRecord.motherPostDeliveryRecord",1,1,"","ele-1:All FHIR elements must have a @value or children {hasValue() or (children().count() > id.count())}
"
"getmaternitymedicalhistory","getmaternitymedicalhistory.maternityMedicalRecord.maternityMedicalRecordBody.postDeliveryRecord.motherPostDeliveryRecord.id","getmaternitymedicalhistory.maternityMedicalRecord.maternityMedicalRecordBody.postDeliveryRecord.motherPostDeliveryRecord.id","","","",0,1,"","","","string {[]} {[]}
","Unique id for inter-element referencing","Unique id for the element within a resource (for internal references). This may be any string value that does not contain spaces.","","","","","","","","","",,,,,"",,,,"Element.id",0,1,"",""
"getmaternitymedicalhistory","getmaternitymedicalhistory.maternityMedicalRecord.maternityMedicalRecordBody.postDeliveryRecord.motherPostDeliveryRecord.extension","getmaternitymedicalhistory.maternityMedicalRecord.maternityMedicalRecordBody.postDeliveryRecord.motherPostDeliveryRecord.extension","","extensions
user content","",0,*,"","","","Extension {[]} {[]}
","Additional content defined by implementations","May be used to represent additional information that is not part of the basic definition of the element. To make the use of extensions safe and manageable, there is a strict set of governance  applied to the definition and use of extensions. Though any implementer can define an extension, there is a set of requirements that SHALL be met as part of the definition of the extension.","There can be no stigma associated with the use of extensions by any application, project, or standard - regardless of the institution or jurisdiction that uses or defines the extensions.  The use of extensions is what allows the FHIR specification to retain a core level of simplicity for everyone.","","","","","","","","",,,,,"","value:url}
","Extensions are always sliced by (at least) url",,"open","Element.extension",0,*,"","ele-1:All FHIR elements must have a @value or children {hasValue() or (children().count() > id.count())}
ext-1:Must have either extensions or value[x], not both {extension.exists() != value.exists()}"
"getmaternitymedicalhistory","getmaternitymedicalhistory.maternityMedicalRecord.maternityMedicalRecordBody.postDeliveryRecord.motherPostDeliveryRecord.modifierExtension","getmaternitymedicalhistory.maternityMedicalRecord.maternityMedicalRecordBody.postDeliveryRecord.motherPostDeliveryRecord.modifierExtension","","extensions
user contentmodifiers","",0,*,"","Y","Y","Extension {[]} {[]}
","Extensions that cannot be ignored even if unrecognized","May be used to represent additional information that is not part of the basic definition of the element and that modifies the understanding of the element in which it is contained and/or the understanding of the containing element's descendants. Usually modifier elements provide negation or qualification. To make the use of extensions safe and manageable, there is a strict set of governance applied to the definition and use of extensions. Though any implementer can define an extension, there is a set of requirements that SHALL be met as part of the definition of the extension. Applications processing a resource are required to check for modifier extensions.

Modifier extensions SHALL NOT change the meaning of any elements on Resource or DomainResource (including cannot change the meaning of modifierExtension itself).","There can be no stigma associated with the use of extensions by any application, project, or standard - regardless of the institution or jurisdiction that uses or defines the extensions.  The use of extensions is what allows the FHIR specification to retain a core level of simplicity for everyone.","Modifier extensions allow for extensions that *cannot* be safely ignored to be clearly distinguished from the vast majority of extensions which can be safely ignored.  This promotes interoperability by eliminating the need for implementers to prohibit the presence of extensions. For further information, see the [definition of modifier extensions](http://hl7.org/fhir/R4/extensibility.html#modifierExtension).","","","","","","","",,,,,"",,,,"BackboneElement.modifierExtension",0,*,"","ele-1:All FHIR elements must have a @value or children {hasValue() or (children().count() > id.count())}
ext-1:Must have either extensions or value[x], not both {extension.exists() != value.exists()}"
"getmaternitymedicalhistory","getmaternitymedicalhistory.maternityMedicalRecord.maternityMedicalRecordBody.postDeliveryRecord.motherPostDeliveryRecord.breastfeeding","getmaternitymedicalhistory.maternityMedicalRecord.maternityMedicalRecordBody.postDeliveryRecord.motherPostDeliveryRecord.breastfeeding","","","",0,1,"","","","boolean {[]} {[]}
","Ammar (true/false)","Ammar (true/false)
RIV-TA-typ: boolean. Kardinalitet i TKB: 0..1.","","","","","","","","","",,,,,"",,,,"getmaternitymedicalhistory.maternityMedicalRecord.maternityMedicalRecordBody.postDeliveryRecord.motherPostDeliveryRecord.breastfeeding",0,1,"",""
"getmaternitymedicalhistory","getmaternitymedicalhistory.maternityMedicalRecord.maternityMedicalRecordBody.postDeliveryRecord.motherPostDeliveryRecord.bloodPressureSystolic","getmaternitymedicalhistory.maternityMedicalRecord.maternityMedicalRecordBody.postDeliveryRecord.motherPostDeliveryRecord.bloodPressureSystolic","","","",0,1,"","","","Quantity {[]} {[]}
","Systoliskt blodtryck [tryck]","Systoliskt blodtryck [tryck]
RIV-TA-typ: PQType. Kardinalitet i TKB: 0..1.","","","","","","","","","",,,,,"",,,,"getmaternitymedicalhistory.maternityMedicalRecord.maternityMedicalRecordBody.postDeliveryRecord.motherPostDeliveryRecord.bloodPressureSystolic",0,1,"",""
"getmaternitymedicalhistory","getmaternitymedicalhistory.maternityMedicalRecord.maternityMedicalRecordBody.postDeliveryRecord.motherPostDeliveryRecord.bloodPressureDiastolic","getmaternitymedicalhistory.maternityMedicalRecord.maternityMedicalRecordBody.postDeliveryRecord.motherPostDeliveryRecord.bloodPressureDiastolic","","","",0,1,"","","","Quantity {[]} {[]}
","Diastoliskt blodtryck [tryck]","Diastoliskt blodtryck [tryck]
RIV-TA-typ: PQType. Kardinalitet i TKB: 0..1.","","","","","","","","","",,,,,"",,,,"getmaternitymedicalhistory.maternityMedicalRecord.maternityMedicalRecordBody.postDeliveryRecord.motherPostDeliveryRecord.bloodPressureDiastolic",0,1,"",""
"getmaternitymedicalhistory","getmaternitymedicalhistory.maternityMedicalRecord.maternityMedicalRecordBody.postDeliveryRecord.motherPostDeliveryRecord.haemoglobin","getmaternitymedicalhistory.maternityMedicalRecord.maternityMedicalRecordBody.postDeliveryRecord.motherPostDeliveryRecord.haemoglobin","","","",0,1,"","","","Quantity {[]} {[]}
","Haemoglobin, t.ex","Haemoglobin, t.ex. g/L [massa / volym]
RIV-TA-typ: PQType. Kardinalitet i TKB: 0..1.","","","","","","","","","",,,,,"",,,,"getmaternitymedicalhistory.maternityMedicalRecord.maternityMedicalRecordBody.postDeliveryRecord.motherPostDeliveryRecord.haemoglobin",0,1,"",""
"getmaternitymedicalhistory","getmaternitymedicalhistory.maternityMedicalRecord.maternityMedicalRecordBody.postDeliveryRecord.motherPostDeliveryRecord.bodyTemperature","getmaternitymedicalhistory.maternityMedicalRecord.maternityMedicalRecordBody.postDeliveryRecord.motherPostDeliveryRecord.bodyTemperature","","","",0,1,"","","","decimal {[]} {[]}
","Kroppstemperatur","Kroppstemperatur
RIV-TA-typ: decimal. Kardinalitet i TKB: 0..1.","","","","","","","","","",,,,,"",,,,"getmaternitymedicalhistory.maternityMedicalRecord.maternityMedicalRecordBody.postDeliveryRecord.motherPostDeliveryRecord.bodyTemperature",0,1,"",""
"getmaternitymedicalhistory","getmaternitymedicalhistory.maternityMedicalRecord.maternityMedicalRecordBody.postDeliveryRecord.motherPostDeliveryRecord.scarsOK","getmaternitymedicalhistory.maternityMedicalRecord.maternityMedicalRecordBody.postDeliveryRecord.motherPostDeliveryRecord.scarsOK","","","",0,1,"","","","boolean {[]} {[]}
","Sår/bristningar/klipp utan anmärkning (true/false)","Sår/bristningar/klipp utan anmärkning (true/false)
RIV-TA-typ: boolean. Kardinalitet i TKB: 0..1.","","","","","","","","","",,,,,"",,,,"getmaternitymedicalhistory.maternityMedicalRecord.maternityMedicalRecordBody.postDeliveryRecord.motherPostDeliveryRecord.scarsOK",0,1,"",""
"getmaternitymedicalhistory","getmaternitymedicalhistory.maternityMedicalRecord.maternityMedicalRecordBody.postDeliveryRecord.motherPostDeliveryRecord.sutureRemoved","getmaternitymedicalhistory.maternityMedicalRecord.maternityMedicalRecordBody.postDeliveryRecord.motherPostDeliveryRecord.sutureRemoved","","","",0,1,"","","","boolean {[]} {[]}
","Suturer borttagna (true/false)","Suturer borttagna (true/false)
RIV-TA-typ: boolean. Kardinalitet i TKB: 0..1.","","","","","","","","","",,,,,"",,,,"getmaternitymedicalhistory.maternityMedicalRecord.maternityMedicalRecordBody.postDeliveryRecord.motherPostDeliveryRecord.sutureRemoved",0,1,"",""
"getmaternitymedicalhistory","getmaternitymedicalhistory.maternityMedicalRecord.maternityMedicalRecordBody.postDeliveryRecord.motherPostDeliveryRecord.perineumComfortable","getmaternitymedicalhistory.maternityMedicalRecord.maternityMedicalRecordBody.postDeliveryRecord.motherPostDeliveryRecord.perineumComfortable","","","",0,1,"","","","boolean {[]} {[]}
","Bäckenbotten utan anmärkning (true/false)","Bäckenbotten utan anmärkning (true/false)
RIV-TA-typ: boolean. Kardinalitet i TKB: 0..1.","","","","","","","","","",,,,,"",,,,"getmaternitymedicalhistory.maternityMedicalRecord.maternityMedicalRecordBody.postDeliveryRecord.motherPostDeliveryRecord.perineumComfortable",0,1,"",""
"getmaternitymedicalhistory","getmaternitymedicalhistory.maternityMedicalRecord.maternityMedicalRecordBody.postDeliveryRecord.motherPostDeliveryRecord.vulvaVaginaPortioOK","getmaternitymedicalhistory.maternityMedicalRecord.maternityMedicalRecordBody.postDeliveryRecord.motherPostDeliveryRecord.vulvaVaginaPortioOK","","","",0,1,"","","","boolean {[]} {[]}
","vulvaVaginaPortio utan anmärkning (true/false)","vulvaVaginaPortio utan anmärkning (true/false)
RIV-TA-typ: boolean. Kardinalitet i TKB: 0..1.","","","","","","","","","",,,,,"",,,,"getmaternitymedicalhistory.maternityMedicalRecord.maternityMedicalRecordBody.postDeliveryRecord.motherPostDeliveryRecord.vulvaVaginaPortioOK",0,1,"",""
"getmaternitymedicalhistory","getmaternitymedicalhistory.maternityMedicalRecord.maternityMedicalRecordBody.postDeliveryRecord.motherPostDeliveryRecord.uterusContracted","getmaternitymedicalhistory.maternityMedicalRecord.maternityMedicalRecordBody.postDeliveryRecord.motherPostDeliveryRecord.uterusContracted","","","",0,1,"","","","boolean {[]} {[]}
","Uterus utan anmärkning (true/false)","Uterus utan anmärkning (true/false)
RIV-TA-typ: boolean. Kardinalitet i TKB: 0..1.","","","","","","","","","",,,,,"",,,,"getmaternitymedicalhistory.maternityMedicalRecord.maternityMedicalRecordBody.postDeliveryRecord.motherPostDeliveryRecord.uterusContracted",0,1,"",""
"getmaternitymedicalhistory","getmaternitymedicalhistory.maternityMedicalRecord.maternityMedicalRecordBody.postDeliveryRecord.motherPostDeliveryRecord.uterusNote","getmaternitymedicalhistory.maternityMedicalRecord.maternityMedicalRecordBody.postDeliveryRecord.motherPostDeliveryRecord.uterusNote","","","",0,1,"","","","string {[]} {[]}
","Kommentar till uterus med anmärkning","Kommentar till uterus med anmärkning. Kan endast anges då uterusContracted = false
RIV-TA-typ: string. Kardinalitet i TKB: 0..1.","","","","","","","","","",,,,,"",,,,"getmaternitymedicalhistory.maternityMedicalRecord.maternityMedicalRecordBody.postDeliveryRecord.motherPostDeliveryRecord.uterusNote",0,1,"",""
"getmaternitymedicalhistory","getmaternitymedicalhistory.maternityMedicalRecord.maternityMedicalRecordBody.postDeliveryRecord.childPostDeliveryRecord","getmaternitymedicalhistory.maternityMedicalRecord.maternityMedicalRecordBody.postDeliveryRecord.childPostDeliveryRecord","","","",1,*,"","","","BackboneElement {[]} {[]}
","Efterskötningsjournal, för barn ur samma graviditet","Efterskötningsjournal, för barn ur samma graviditet
RIV-TA-typ: ChildPostDeliveryRecordTypeType. Kardinalitet i TKB: 1..*.","","","","","","","","","",,,,,"",,,,"getmaternitymedicalhistory.maternityMedicalRecord.maternityMedicalRecordBody.postDeliveryRecord.childPostDeliveryRecord",1,*,"","ele-1:All FHIR elements must have a @value or children {hasValue() or (children().count() > id.count())}
"
"getmaternitymedicalhistory","getmaternitymedicalhistory.maternityMedicalRecord.maternityMedicalRecordBody.postDeliveryRecord.childPostDeliveryRecord.id","getmaternitymedicalhistory.maternityMedicalRecord.maternityMedicalRecordBody.postDeliveryRecord.childPostDeliveryRecord.id","","","",0,1,"","","","string {[]} {[]}
","Unique id for inter-element referencing","Unique id for the element within a resource (for internal references). This may be any string value that does not contain spaces.","","","","","","","","","",,,,,"",,,,"Element.id",0,1,"",""
"getmaternitymedicalhistory","getmaternitymedicalhistory.maternityMedicalRecord.maternityMedicalRecordBody.postDeliveryRecord.childPostDeliveryRecord.extension","getmaternitymedicalhistory.maternityMedicalRecord.maternityMedicalRecordBody.postDeliveryRecord.childPostDeliveryRecord.extension","","extensions
user content","",0,*,"","","","Extension {[]} {[]}
","Additional content defined by implementations","May be used to represent additional information that is not part of the basic definition of the element. To make the use of extensions safe and manageable, there is a strict set of governance  applied to the definition and use of extensions. Though any implementer can define an extension, there is a set of requirements that SHALL be met as part of the definition of the extension.","There can be no stigma associated with the use of extensions by any application, project, or standard - regardless of the institution or jurisdiction that uses or defines the extensions.  The use of extensions is what allows the FHIR specification to retain a core level of simplicity for everyone.","","","","","","","","",,,,,"","value:url}
","Extensions are always sliced by (at least) url",,"open","Element.extension",0,*,"","ele-1:All FHIR elements must have a @value or children {hasValue() or (children().count() > id.count())}
ext-1:Must have either extensions or value[x], not both {extension.exists() != value.exists()}"
"getmaternitymedicalhistory","getmaternitymedicalhistory.maternityMedicalRecord.maternityMedicalRecordBody.postDeliveryRecord.childPostDeliveryRecord.modifierExtension","getmaternitymedicalhistory.maternityMedicalRecord.maternityMedicalRecordBody.postDeliveryRecord.childPostDeliveryRecord.modifierExtension","","extensions
user contentmodifiers","",0,*,"","Y","Y","Extension {[]} {[]}
","Extensions that cannot be ignored even if unrecognized","May be used to represent additional information that is not part of the basic definition of the element and that modifies the understanding of the element in which it is contained and/or the understanding of the containing element's descendants. Usually modifier elements provide negation or qualification. To make the use of extensions safe and manageable, there is a strict set of governance applied to the definition and use of extensions. Though any implementer can define an extension, there is a set of requirements that SHALL be met as part of the definition of the extension. Applications processing a resource are required to check for modifier extensions.

Modifier extensions SHALL NOT change the meaning of any elements on Resource or DomainResource (including cannot change the meaning of modifierExtension itself).","There can be no stigma associated with the use of extensions by any application, project, or standard - regardless of the institution or jurisdiction that uses or defines the extensions.  The use of extensions is what allows the FHIR specification to retain a core level of simplicity for everyone.","Modifier extensions allow for extensions that *cannot* be safely ignored to be clearly distinguished from the vast majority of extensions which can be safely ignored.  This promotes interoperability by eliminating the need for implementers to prohibit the presence of extensions. For further information, see the [definition of modifier extensions](http://hl7.org/fhir/R4/extensibility.html#modifierExtension).","","","","","","","",,,,,"",,,,"BackboneElement.modifierExtension",0,*,"","ele-1:All FHIR elements must have a @value or children {hasValue() or (children().count() > id.count())}
ext-1:Must have either extensions or value[x], not both {extension.exists() != value.exists()}"
"getmaternitymedicalhistory","getmaternitymedicalhistory.maternityMedicalRecord.maternityMedicalRecordBody.postDeliveryRecord.childPostDeliveryRecord.ordinalNumber","getmaternitymedicalhistory.maternityMedicalRecord.maternityMedicalRecordBody.postDeliveryRecord.childPostDeliveryRecord.ordinalNumber","","","",1,1,"","","","integer {[]} {[]}
","Ordningstal för barnet, med start på 1","Ordningstal för barnet, med start på 1. Ju äldre barn desto lägre siffra.
RIV-TA-typ: integer. Kardinalitet i TKB: 1..1.","","","","","","","","","",,,,,"",,,,"getmaternitymedicalhistory.maternityMedicalRecord.maternityMedicalRecordBody.postDeliveryRecord.childPostDeliveryRecord.ordinalNumber",1,1,"",""
"getmaternitymedicalhistory","getmaternitymedicalhistory.maternityMedicalRecord.maternityMedicalRecordBody.postDeliveryRecord.childPostDeliveryRecord.weight","getmaternitymedicalhistory.maternityMedicalRecord.maternityMedicalRecordBody.postDeliveryRecord.childPostDeliveryRecord.weight","","","",0,1,"","","","Quantity {[]} {[]}
","Barnets vikt [massa]","Barnets vikt [massa]
RIV-TA-typ: PQType. Kardinalitet i TKB: 0..1.","","","","","","","","","",,,,,"",,,,"getmaternitymedicalhistory.maternityMedicalRecord.maternityMedicalRecordBody.postDeliveryRecord.childPostDeliveryRecord.weight",0,1,"",""
"getmaternitymedicalhistory","getmaternitymedicalhistory.maternityMedicalRecord.maternityMedicalRecordBody.postDeliveryRecord.childPostDeliveryRecord.apgarScore1","getmaternitymedicalhistory.maternityMedicalRecord.maternityMedicalRecordBody.postDeliveryRecord.childPostDeliveryRecord.apgarScore1","","","",0,1,"","","","integer {[]} {[]}
","Apgar (0..10) efter 1 minut","Apgar (0..10) efter 1 minut
RIV-TA-typ: int. Kardinalitet i TKB: 0..1.","","","","","","","","","",,,,,"",,,,"getmaternitymedicalhistory.maternityMedicalRecord.maternityMedicalRecordBody.postDeliveryRecord.childPostDeliveryRecord.apgarScore1",0,1,"",""
"getmaternitymedicalhistory","getmaternitymedicalhistory.maternityMedicalRecord.maternityMedicalRecordBody.postDeliveryRecord.childPostDeliveryRecord.apgarScore5","getmaternitymedicalhistory.maternityMedicalRecord.maternityMedicalRecordBody.postDeliveryRecord.childPostDeliveryRecord.apgarScore5","","","",0,1,"","","","integer {[]} {[]}
","Apgar (0..10) efter 5 minuter","Apgar (0..10) efter 5 minuter
RIV-TA-typ: int. Kardinalitet i TKB: 0..1.","","","","","","","","","",,,,,"",,,,"getmaternitymedicalhistory.maternityMedicalRecord.maternityMedicalRecordBody.postDeliveryRecord.childPostDeliveryRecord.apgarScore5",0,1,"",""
"getmaternitymedicalhistory","getmaternitymedicalhistory.maternityMedicalRecord.maternityMedicalRecordBody.postDeliveryRecord.childPostDeliveryRecord.apgarScore10","getmaternitymedicalhistory.maternityMedicalRecord.maternityMedicalRecordBody.postDeliveryRecord.childPostDeliveryRecord.apgarScore10","","","",0,1,"","","","integer {[]} {[]}
","Apgar (0..10) efter 10 minuter","Apgar (0..10) efter 10 minuter
RIV-TA-typ: int. Kardinalitet i TKB: 0..1.","","","","","","","","","",,,,,"",,,,"getmaternitymedicalhistory.maternityMedicalRecord.maternityMedicalRecordBody.postDeliveryRecord.childPostDeliveryRecord.apgarScore10",0,1,"",""
"getmaternitymedicalhistory","getmaternitymedicalhistory.result","getmaternitymedicalhistory.result","","","",1,1,"","","","BackboneElement {[]} {[]}
","Innehåller information om begäran gick bra eller ej.","Innehåller information om begäran gick bra eller ej.
RIV-TA-typ: ResultType. Kardinalitet i TKB: 1..1.","","","","","","","","","",,,,,"",,,,"getmaternitymedicalhistory.result",1,1,"","ele-1:All FHIR elements must have a @value or children {hasValue() or (children().count() > id.count())}
"
"getmaternitymedicalhistory","getmaternitymedicalhistory.result.id","getmaternitymedicalhistory.result.id","","","",0,1,"","","","string {[]} {[]}
","Unique id for inter-element referencing","Unique id for the element within a resource (for internal references). This may be any string value that does not contain spaces.","","","","","","","","","",,,,,"",,,,"Element.id",0,1,"",""
"getmaternitymedicalhistory","getmaternitymedicalhistory.result.extension","getmaternitymedicalhistory.result.extension","","extensions
user content","",0,*,"","","","Extension {[]} {[]}
","Additional content defined by implementations","May be used to represent additional information that is not part of the basic definition of the element. To make the use of extensions safe and manageable, there is a strict set of governance  applied to the definition and use of extensions. Though any implementer can define an extension, there is a set of requirements that SHALL be met as part of the definition of the extension.","There can be no stigma associated with the use of extensions by any application, project, or standard - regardless of the institution or jurisdiction that uses or defines the extensions.  The use of extensions is what allows the FHIR specification to retain a core level of simplicity for everyone.","","","","","","","","",,,,,"","value:url}
","Extensions are always sliced by (at least) url",,"open","Element.extension",0,*,"","ele-1:All FHIR elements must have a @value or children {hasValue() or (children().count() > id.count())}
ext-1:Must have either extensions or value[x], not both {extension.exists() != value.exists()}"
"getmaternitymedicalhistory","getmaternitymedicalhistory.result.modifierExtension","getmaternitymedicalhistory.result.modifierExtension","","extensions
user contentmodifiers","",0,*,"","Y","Y","Extension {[]} {[]}
","Extensions that cannot be ignored even if unrecognized","May be used to represent additional information that is not part of the basic definition of the element and that modifies the understanding of the element in which it is contained and/or the understanding of the containing element's descendants. Usually modifier elements provide negation or qualification. To make the use of extensions safe and manageable, there is a strict set of governance applied to the definition and use of extensions. Though any implementer can define an extension, there is a set of requirements that SHALL be met as part of the definition of the extension. Applications processing a resource are required to check for modifier extensions.

Modifier extensions SHALL NOT change the meaning of any elements on Resource or DomainResource (including cannot change the meaning of modifierExtension itself).","There can be no stigma associated with the use of extensions by any application, project, or standard - regardless of the institution or jurisdiction that uses or defines the extensions.  The use of extensions is what allows the FHIR specification to retain a core level of simplicity for everyone.","Modifier extensions allow for extensions that *cannot* be safely ignored to be clearly distinguished from the vast majority of extensions which can be safely ignored.  This promotes interoperability by eliminating the need for implementers to prohibit the presence of extensions. For further information, see the [definition of modifier extensions](http://hl7.org/fhir/R4/extensibility.html#modifierExtension).","","","","","","","",,,,,"",,,,"BackboneElement.modifierExtension",0,*,"","ele-1:All FHIR elements must have a @value or children {hasValue() or (children().count() > id.count())}
ext-1:Must have either extensions or value[x], not both {extension.exists() != value.exists()}"
"getmaternitymedicalhistory","getmaternitymedicalhistory.result.resultCode","getmaternitymedicalhistory.result.resultCode","","","",1,1,"","","","code {[]} {[]}
","Kan endast vara OK, INFO eller ERROR","Kan endast vara OK, INFO eller ERROR
RIV-TA-typ: ResultCodeEnum. Kardinalitet i TKB: 1..1.","","","","","","","","","",,"required","","https://fhir.inera.se/ig/clinicalprocess-healthcond-actoutcome/ValueSet/resultcode-vs","",,,,"getmaternitymedicalhistory.result.resultCode",1,1,"",""
"getmaternitymedicalhistory","getmaternitymedicalhistory.result.errorCode","getmaternitymedicalhistory.result.errorCode","","","",0,1,"","","","code {[]} {[]}
","Sätts endast om resultCode är ERROR, se kapitel 4.4 för mer information.","Sätts endast om resultCode är ERROR, se kapitel 4.4 för mer information.
RIV-TA-typ: ErrorCodeEnum. Kardinalitet i TKB: 0..1.","","","","","","","","","",,"required","","https://fhir.inera.se/ig/clinicalprocess-healthcond-actoutcome/ValueSet/errorcode-vs","",,,,"getmaternitymedicalhistory.result.errorCode",0,1,"",""
"getmaternitymedicalhistory","getmaternitymedicalhistory.result.subCode","getmaternitymedicalhistory.result.subCode","","","",0,1,"","","","string {[]} {[]}
","Inga subkoder är specificerade. (TKB: subcode)","Inga subkoder är specificerade.
RIV-TA-typ: string. Kardinalitet i TKB: 0..1.","","","","","","","","","",,,,,"",,,,"getmaternitymedicalhistory.result.subCode",0,1,"",""
"getmaternitymedicalhistory","getmaternitymedicalhistory.result.logId","getmaternitymedicalhistory.result.logId","","","",1,1,"","","","string {[]} {[]}
","En UUID som kan användas vid felanmälan för att användas vid felsökning av producent.","En UUID som kan användas vid felanmälan för att användas vid felsökning av producent.
RIV-TA-typ: string. Kardinalitet i TKB: 1..1.","","","","","","","","","",,,,,"",,,,"getmaternitymedicalhistory.result.logId",1,1,"",""
"getmaternitymedicalhistory","getmaternitymedicalhistory.result.message","getmaternitymedicalhistory.result.message","","","",0,1,"","","","string {[]} {[]}
","En beskrivande text som kan visas för användaren.","En beskrivande text som kan visas för användaren.
RIV-TA-typ: string. Kardinalitet i TKB: 0..1.","","","","","","","","","",,,,,"",,,,"getmaternitymedicalhistory.result.message",0,1,"",""
"getreferraloutcome-request","getreferraloutcome-request","getreferraloutcome-request","","","",0,*,"","","","null {[]} {[]}
","GetReferralOutcome — Begäran","Logisk modell för tjänstekontraktet GetReferralOutcome 3.1
(RIV-TA urn:riv:clinicalprocess:healthcond:actoutcome:GetReferralOutcomeResponder:3).
Representerar begärans (request) parametrar enligt fältreglerna i TKB 3.1.10, avsnitt 7.1.","","","","","","","","","",,,,,"",,,,"Base",0,*,"","getreferraloutcome-request-sourcesystem-if-carecontact:sourceSystemHSAId ska anges om careContactId angivits. {careContactId.exists() implies sourceSystemHSAId.exists()}
"
"getreferraloutcome-request","getreferraloutcome-request.careUnitHSAid","getreferraloutcome-request.careUnitHSAid","","","",0,*,"","","","Identifier {[]} {[]}
","Filtrering på Vårdenhet vilket motsvarar healthcareProfessionalCareUnitHSAId i accountableHealthcareProfession","Filtrering på Vårdenhet vilket motsvarar healthcareProfessionalCareUnitHSAId i accountableHealthcareProfessional.
RIV-TA-typ: HSAIdType. Kardinalitet i TKB: 0..*.","","","","","","","","","",,,,,"",,,,"getreferraloutcome-request.careUnitHSAid",0,*,"",""
"getreferraloutcome-request","getreferraloutcome-request.patientId","getreferraloutcome-request.patientId","","","",1,1,"","","","Identifier {[]} {[]}
","Id för patienten där fältet id sätts till patientens identifierare","Id för patienten där fältet id sätts till patientens identifierare. Anges med 12 tecken utan avskiljare. / Fältet type sätts till OID för typ av identifierare. / 1) För personnummer ska Skatteverkets OID för personnummer (1.2.752.129.2.1.3.1) användas. / 2) För samordningsnummer ska Skatteverkets OID för samordningsnummer (1.2.752.129.2.1.3.3) användas. / 3) Tjänsteproducenter ska även stödja sökning på reservnummer med hjälp av att ange lokalt definierade OID’ar för reservnummer, exempelvis SLL reservnummer (1.2.752.97.3.1.3). / OBS reservnummer kan ej användas tillsammans med EI och aggregerande tjänster då dessa komponenter idag inte är anpassade för att stödja typ av id, inga uppdateringar till EI ska göras av en tjänsteproducent för reservnummer. / En tjänstekonsument som vill begära mha reservnummer måste därmed använda sig av systemadressering och ha vetskap om vilken reservnummer-OID som gäller vid anrop mot en specifik tjänsteproducent.
RIV-TA-typ: PersonIdType. Kardinalitet i TKB: 1..1.","","","","","","","","","",,,,,"",,,,"getreferraloutcome-request.patientId",1,1,"",""
"getreferraloutcome-request","getreferraloutcome-request.datePeriod","getreferraloutcome-request.datePeriod","","","",0,1,"","","","Period {[]} {[]}
","Begränsar sökningen till det angivna intervallet","Begränsar sökningen till det angivna intervallet. Begränsningen innebär att endast poster returneras där datumintervallet, som bildas av tidpunkterna authorTime och signatureTime i svaret, helt eller delvis överlappar med det angivna sökintervallet, dvs. / det bildade intervallets startdatum ligger inom sökintervallets start- och slutdatum / det bildade intervallets slutdatum ligger inom sökintervallets start- och slutdatum / det bildade intervallets startdatum ligger före sökintervallets startdatum och slutdatum ligger efter sökintervallets slutdatum / Notera att sökintervallet beskrivs som ett datumintervall. Vid jämförelse konverteras datapostens tidpunkter till datum. / Om signatureTime inte är angiven ersätts den med dagens datum.
RIV-TA-typ: DatePeriodType. Kardinalitet i TKB: 0..1.
Delelement enligt TKB:
- start (string, 1..1): Startdatum. Format ÅÅÅÅMMDD.
- end (string, 1..1): Slutdatum. Format ÅÅÅÅMMDD.","","","","","","","","","",,,,,"",,,,"getreferraloutcome-request.datePeriod",0,1,"",""
"getreferraloutcome-request","getreferraloutcome-request.sourceSystemHSAId","getreferraloutcome-request.sourceSystemHSAId","","","",0,1,"","","","Identifier {[]} {[]}
","Begränsar sökningen till remissvar som är skapat i det angivna källsystemet","Begränsar sökningen till remissvar som är skapat i det angivna källsystemet. Tjänsteproducenten förväntas enbart returnera poster som tillhör efterfrågat källsystem. / Värdet på detta fält måste överensstämma med värdet på logicalAddress i anropets tekniska kuvertering (ex. SOAP-header). / Det innebär i praktiken att aggregerande tjänster inte används när detta fält anges. / Ska anges om careContactId angivits. / Ska anges vid begäran på reservnummer. / Om sourceSystemHSAId och logicalAddress är olika ska ett svar endast innehålla en resultType med result.resultCode satt till ERROR samt result.errorCode satt till INVALID_REQUEST / Om careContactId är satt och sourceSystemHSAId är tomt ska ett svar endast innehålla en resultType med  result.resultCode satt till ERROR samt result.errorCode satt till INVALID_REQUEST.
RIV-TA-typ: HSAIdType. Kardinalitet i TKB: 0..1.","","","","","","","","","",,,,,"",,,,"getreferraloutcome-request.sourceSystemHSAId",0,1,"",""
"getreferraloutcome-request","getreferraloutcome-request.careContactId","getreferraloutcome-request.careContactId","","","",0,*,"","","","string {[]} {[]}
","Begränsar sökningen till den hälso- och sjukvårdskontakt som föranlett den information som omfattas av dokumen","Begränsar sökningen till den hälso- och sjukvårdskontakt som föranlett den information som omfattas av dokumentet. Identiteten är unik inom källsystemet
RIV-TA-typ: string. Kardinalitet i TKB: 0..*.","","","","","","","","","",,,,,"",,,,"getreferraloutcome-request.careContactId",0,*,"",""
"getreferraloutcome","getreferraloutcome","getreferraloutcome","","","",0,*,"","","","null {[]} {[]}
","GetReferralOutcome","Logisk modell för tjänstekontraktet GetReferralOutcome 3.1
(RIV-TA urn:riv:clinicalprocess:healthcond:actoutcome:GetReferralOutcomeResponder:3).
Representerar svarets (response) informationsstruktur enligt fältreglerna i TKB 3.1.10, avsnitt 7.1.","","","","","","","","","",,,,,"",,,,"Base",0,*,"",""
"getreferraloutcome","getreferraloutcome.referralOutcome","getreferraloutcome.referralOutcome","","","",0,*,"","","","BackboneElement {[]} {[]}
","Returnerar en patients konsultationsremissvar.","Returnerar en patients konsultationsremissvar.
RIV-TA-typ: ReferralOutcomeType. Kardinalitet i TKB: 0..*.","","","","","","","","","",,,,,"",,,,"getreferraloutcome.referralOutcome",0,*,"","ele-1:All FHIR elements must have a @value or children {hasValue() or (children().count() > id.count())}
"
"getreferraloutcome","getreferraloutcome.referralOutcome.id","getreferraloutcome.referralOutcome.id","","","",0,1,"","","","string {[]} {[]}
","Unique id for inter-element referencing","Unique id for the element within a resource (for internal references). This may be any string value that does not contain spaces.","","","","","","","","","",,,,,"",,,,"Element.id",0,1,"",""
"getreferraloutcome","getreferraloutcome.referralOutcome.extension","getreferraloutcome.referralOutcome.extension","","extensions
user content","",0,*,"","","","Extension {[]} {[]}
","Additional content defined by implementations","May be used to represent additional information that is not part of the basic definition of the element. To make the use of extensions safe and manageable, there is a strict set of governance  applied to the definition and use of extensions. Though any implementer can define an extension, there is a set of requirements that SHALL be met as part of the definition of the extension.","There can be no stigma associated with the use of extensions by any application, project, or standard - regardless of the institution or jurisdiction that uses or defines the extensions.  The use of extensions is what allows the FHIR specification to retain a core level of simplicity for everyone.","","","","","","","","",,,,,"","value:url}
","Extensions are always sliced by (at least) url",,"open","Element.extension",0,*,"","ele-1:All FHIR elements must have a @value or children {hasValue() or (children().count() > id.count())}
ext-1:Must have either extensions or value[x], not both {extension.exists() != value.exists()}"
"getreferraloutcome","getreferraloutcome.referralOutcome.modifierExtension","getreferraloutcome.referralOutcome.modifierExtension","","extensions
user contentmodifiers","",0,*,"","Y","Y","Extension {[]} {[]}
","Extensions that cannot be ignored even if unrecognized","May be used to represent additional information that is not part of the basic definition of the element and that modifies the understanding of the element in which it is contained and/or the understanding of the containing element's descendants. Usually modifier elements provide negation or qualification. To make the use of extensions safe and manageable, there is a strict set of governance applied to the definition and use of extensions. Though any implementer can define an extension, there is a set of requirements that SHALL be met as part of the definition of the extension. Applications processing a resource are required to check for modifier extensions.

Modifier extensions SHALL NOT change the meaning of any elements on Resource or DomainResource (including cannot change the meaning of modifierExtension itself).","There can be no stigma associated with the use of extensions by any application, project, or standard - regardless of the institution or jurisdiction that uses or defines the extensions.  The use of extensions is what allows the FHIR specification to retain a core level of simplicity for everyone.","Modifier extensions allow for extensions that *cannot* be safely ignored to be clearly distinguished from the vast majority of extensions which can be safely ignored.  This promotes interoperability by eliminating the need for implementers to prohibit the presence of extensions. For further information, see the [definition of modifier extensions](http://hl7.org/fhir/R4/extensibility.html#modifierExtension).","","","","","","","",,,,,"",,,,"BackboneElement.modifierExtension",0,*,"","ele-1:All FHIR elements must have a @value or children {hasValue() or (children().count() > id.count())}
ext-1:Must have either extensions or value[x], not both {extension.exists() != value.exists()}"
"getreferraloutcome","getreferraloutcome.referralOutcome.referralOutcomeHeader","getreferraloutcome.referralOutcome.referralOutcomeHeader","","","",1,1,"","","","BackboneElement {[]} {[]}
","Innehåller basinformation om dokumentet","Innehåller basinformation om dokumentet
RIV-TA-typ: PatientSummaryHeaderType. Kardinalitet i TKB: 1..1.","","","","","","","","","",,,,,"",,,,"getreferraloutcome.referralOutcome.referralOutcomeHeader",1,1,"","ele-1:All FHIR elements must have a @value or children {hasValue() or (children().count() > id.count())}
"
"getreferraloutcome","getreferraloutcome.referralOutcome.referralOutcomeHeader.id","getreferraloutcome.referralOutcome.referralOutcomeHeader.id","","","",0,1,"","","","string {[]} {[]}
","Unique id for inter-element referencing","Unique id for the element within a resource (for internal references). This may be any string value that does not contain spaces.","","","","","","","","","",,,,,"",,,,"Element.id",0,1,"",""
"getreferraloutcome","getreferraloutcome.referralOutcome.referralOutcomeHeader.extension","getreferraloutcome.referralOutcome.referralOutcomeHeader.extension","","extensions
user content","",0,*,"","","","Extension {[]} {[]}
","Additional content defined by implementations","May be used to represent additional information that is not part of the basic definition of the element. To make the use of extensions safe and manageable, there is a strict set of governance  applied to the definition and use of extensions. Though any implementer can define an extension, there is a set of requirements that SHALL be met as part of the definition of the extension.","There can be no stigma associated with the use of extensions by any application, project, or standard - regardless of the institution or jurisdiction that uses or defines the extensions.  The use of extensions is what allows the FHIR specification to retain a core level of simplicity for everyone.","","","","","","","","",,,,,"","value:url}
","Extensions are always sliced by (at least) url",,"open","Element.extension",0,*,"","ele-1:All FHIR elements must have a @value or children {hasValue() or (children().count() > id.count())}
ext-1:Must have either extensions or value[x], not both {extension.exists() != value.exists()}"
"getreferraloutcome","getreferraloutcome.referralOutcome.referralOutcomeHeader.modifierExtension","getreferraloutcome.referralOutcome.referralOutcomeHeader.modifierExtension","","extensions
user contentmodifiers","",0,*,"","Y","Y","Extension {[]} {[]}
","Extensions that cannot be ignored even if unrecognized","May be used to represent additional information that is not part of the basic definition of the element and that modifies the understanding of the element in which it is contained and/or the understanding of the containing element's descendants. Usually modifier elements provide negation or qualification. To make the use of extensions safe and manageable, there is a strict set of governance applied to the definition and use of extensions. Though any implementer can define an extension, there is a set of requirements that SHALL be met as part of the definition of the extension. Applications processing a resource are required to check for modifier extensions.

Modifier extensions SHALL NOT change the meaning of any elements on Resource or DomainResource (including cannot change the meaning of modifierExtension itself).","There can be no stigma associated with the use of extensions by any application, project, or standard - regardless of the institution or jurisdiction that uses or defines the extensions.  The use of extensions is what allows the FHIR specification to retain a core level of simplicity for everyone.","Modifier extensions allow for extensions that *cannot* be safely ignored to be clearly distinguished from the vast majority of extensions which can be safely ignored.  This promotes interoperability by eliminating the need for implementers to prohibit the presence of extensions. For further information, see the [definition of modifier extensions](http://hl7.org/fhir/R4/extensibility.html#modifierExtension).","","","","","","","",,,,,"",,,,"BackboneElement.modifierExtension",0,*,"","ele-1:All FHIR elements must have a @value or children {hasValue() or (children().count() > id.count())}
ext-1:Must have either extensions or value[x], not both {extension.exists() != value.exists()}"
"getreferraloutcome","getreferraloutcome.referralOutcome.referralOutcomeHeader.documentId","getreferraloutcome.referralOutcome.referralOutcomeHeader.documentId","","","",1,1,"","","","string {[]} {[]}
","Dokumentets identitet som är unik inom källsystemet / Identifieraren ska vara konsistent och beständigt mellan","Dokumentets identitet som är unik inom källsystemet / Identifieraren ska vara konsistent och beständigt mellan olika majorversioner av ett kontrakt. Ett exempel på detta är att en vårdkontakt ska ha samma identifierare i majorversion 3 och 4 av ett tjänstekontrakt för att läsa vårdkontakter. / Identifieraren ska vara konsistent och beständigt mellan olika kontrakt. Ett exempel på detta är att samma remiss-identitet ska användas i ett tjänstekontrakt för att läsa remisser, samt tjänstekontraktet som läser remissvar som refererar till den ursprungliga remissen.
RIV-TA-typ: string. Kardinalitet i TKB: 1..1.","","","","","","","","","",,,,,"",,,,"getreferraloutcome.referralOutcome.referralOutcomeHeader.documentId",1,1,"",""
"getreferraloutcome","getreferraloutcome.referralOutcome.referralOutcomeHeader.sourceSystemHSAId","getreferraloutcome.referralOutcome.referralOutcomeHeader.sourceSystemHSAId","","","",1,1,"","","","Identifier {[]} {[]}
","HSAid för det system som dokumentet är skapat i.","HSAid för det system som dokumentet är skapat i.
RIV-TA-typ: HSAIdType. Kardinalitet i TKB: 1..1.","","","","","","","","","",,,,,"",,,,"getreferraloutcome.referralOutcome.referralOutcomeHeader.sourceSystemHSAId",1,1,"",""
"getreferraloutcome","getreferraloutcome.referralOutcome.referralOutcomeHeader.documentTitle","getreferraloutcome.referralOutcome.referralOutcomeHeader.documentTitle","","","",0,1,"","","","string {[]} {[]}
","Titel som beskriver den information som sänds i dokumentet.","Titel som beskriver den information som sänds i dokumentet.
RIV-TA-typ: string. Kardinalitet i TKB: 0..1.","","","","","","","","","",,,,,"",,,,"getreferraloutcome.referralOutcome.referralOutcomeHeader.documentTitle",0,1,"",""
"getreferraloutcome","getreferraloutcome.referralOutcome.referralOutcomeHeader.documentTime","getreferraloutcome.referralOutcome.referralOutcomeHeader.documentTime","","","",1,1,"","","","instant {[]} {[]}
","Tidpunkten då remissvaret inkom till remittentens vårdinformationssystem.","Tidpunkten då remissvaret inkom till remittentens vårdinformationssystem.
RIV-TA-typ: TimeStampType. Kardinalitet i TKB: 1..1.","","","","","","","","","",,,,,"",,,,"getreferraloutcome.referralOutcome.referralOutcomeHeader.documentTime",1,1,"",""
"getreferraloutcome","getreferraloutcome.referralOutcome.referralOutcomeHeader.patientId","getreferraloutcome.referralOutcome.referralOutcomeHeader.patientId","","","",1,1,"","","","Identifier {[]} {[]}
","Identifierare för patient.","Identifierare för patient.
RIV-TA-typ: PersonIdType. Kardinalitet i TKB: 1..1.
Delelement enligt TKB:
- id (string, 1..1): Identiteten enligt den identitetstyp (type) som angivits. Anges med 12 tecken utan bindestreck.
- type (string, 1..1): OID för typ av identifierare. / För personnummer ska Skatteverkets personnummer (1.2.752.129.2.1.3.1). / För samordningsnummer ska Skatteverkets samordningsnummer (1.2.752.129.2.1.3.3). / För reservnummer används lokalt definierade reservnummer, exempelvis SLL reservnummer (1.2.752.97.3.1.3)","","","","","","","","","",,,,,"",,,,"getreferraloutcome.referralOutcome.referralOutcomeHeader.patientId",1,1,"",""
"getreferraloutcome","getreferraloutcome.referralOutcome.referralOutcomeHeader.accountableHealthcareProfessional","getreferraloutcome.referralOutcome.referralOutcomeHeader.accountableHealthcareProfessional","","","",1,1,"","","","BackboneElement {[]} {[]}
","Information om den hälso- och sjukvårdsperson som skapat informationen i dokumentet, nedan kallas författare","Information om den hälso- och sjukvårdsperson som skapat informationen i dokumentet, nedan kallas författare. Vid uppdatering av tidigare skapade dokument avses den hälso- och sjukvårdsperson som senast uppdaterade informationen
RIV-TA-typ: HealthcareProfessionalType. Kardinalitet i TKB: 1..1.","","","","","","","","","",,,,,"",,,,"getreferraloutcome.referralOutcome.referralOutcomeHeader.accountableHealthcareProfessional",1,1,"","ele-1:All FHIR elements must have a @value or children {hasValue() or (children().count() > id.count())}
"
"getreferraloutcome","getreferraloutcome.referralOutcome.referralOutcomeHeader.accountableHealthcareProfessional.id","getreferraloutcome.referralOutcome.referralOutcomeHeader.accountableHealthcareProfessional.id","","","",0,1,"","","","string {[]} {[]}
","Unique id for inter-element referencing","Unique id for the element within a resource (for internal references). This may be any string value that does not contain spaces.","","","","","","","","","",,,,,"",,,,"Element.id",0,1,"",""
"getreferraloutcome","getreferraloutcome.referralOutcome.referralOutcomeHeader.accountableHealthcareProfessional.extension","getreferraloutcome.referralOutcome.referralOutcomeHeader.accountableHealthcareProfessional.extension","","extensions
user content","",0,*,"","","","Extension {[]} {[]}
","Additional content defined by implementations","May be used to represent additional information that is not part of the basic definition of the element. To make the use of extensions safe and manageable, there is a strict set of governance  applied to the definition and use of extensions. Though any implementer can define an extension, there is a set of requirements that SHALL be met as part of the definition of the extension.","There can be no stigma associated with the use of extensions by any application, project, or standard - regardless of the institution or jurisdiction that uses or defines the extensions.  The use of extensions is what allows the FHIR specification to retain a core level of simplicity for everyone.","","","","","","","","",,,,,"","value:url}
","Extensions are always sliced by (at least) url",,"open","Element.extension",0,*,"","ele-1:All FHIR elements must have a @value or children {hasValue() or (children().count() > id.count())}
ext-1:Must have either extensions or value[x], not both {extension.exists() != value.exists()}"
"getreferraloutcome","getreferraloutcome.referralOutcome.referralOutcomeHeader.accountableHealthcareProfessional.modifierExtension","getreferraloutcome.referralOutcome.referralOutcomeHeader.accountableHealthcareProfessional.modifierExtension","","extensions
user contentmodifiers","",0,*,"","Y","Y","Extension {[]} {[]}
","Extensions that cannot be ignored even if unrecognized","May be used to represent additional information that is not part of the basic definition of the element and that modifies the understanding of the element in which it is contained and/or the understanding of the containing element's descendants. Usually modifier elements provide negation or qualification. To make the use of extensions safe and manageable, there is a strict set of governance applied to the definition and use of extensions. Though any implementer can define an extension, there is a set of requirements that SHALL be met as part of the definition of the extension. Applications processing a resource are required to check for modifier extensions.

Modifier extensions SHALL NOT change the meaning of any elements on Resource or DomainResource (including cannot change the meaning of modifierExtension itself).","There can be no stigma associated with the use of extensions by any application, project, or standard - regardless of the institution or jurisdiction that uses or defines the extensions.  The use of extensions is what allows the FHIR specification to retain a core level of simplicity for everyone.","Modifier extensions allow for extensions that *cannot* be safely ignored to be clearly distinguished from the vast majority of extensions which can be safely ignored.  This promotes interoperability by eliminating the need for implementers to prohibit the presence of extensions. For further information, see the [definition of modifier extensions](http://hl7.org/fhir/R4/extensibility.html#modifierExtension).","","","","","","","",,,,,"",,,,"BackboneElement.modifierExtension",0,*,"","ele-1:All FHIR elements must have a @value or children {hasValue() or (children().count() > id.count())}
ext-1:Must have either extensions or value[x], not both {extension.exists() != value.exists()}"
"getreferraloutcome","getreferraloutcome.referralOutcome.referralOutcomeHeader.accountableHealthcareProfessional.authorTime","getreferraloutcome.referralOutcome.referralOutcomeHeader.accountableHealthcareProfessional.authorTime","","","",1,1,"","","","instant {[]} {[]}
","Tidpunkt vid vilken remissvaret skapades eller senast uppdaterades i remissmottagarens vårdinformationssystem.","Tidpunkt vid vilken remissvaret skapades eller senast uppdaterades i remissmottagarens vårdinformationssystem.
RIV-TA-typ: TimeStampType. Kardinalitet i TKB: 1..1.","","","","","","","","","",,,,,"",,,,"getreferraloutcome.referralOutcome.referralOutcomeHeader.accountableHealthcareProfessional.authorTime",1,1,"",""
"getreferraloutcome","getreferraloutcome.referralOutcome.referralOutcomeHeader.accountableHealthcareProfessional.healthcareProfessionalHSAId","getreferraloutcome.referralOutcome.referralOutcomeHeader.accountableHealthcareProfessional.healthcareProfessionalHSAId","","","",0,1,"","","","Identifier {[]} {[]}
","HSA-id för hälso-och sjukvårdspersonal","HSA-id för hälso-och sjukvårdspersonal. Ska anges om tillgänglig.
RIV-TA-typ: HSAIdType. Kardinalitet i TKB: 0..1.","","","","","","","","","",,,,,"",,,,"getreferraloutcome.referralOutcome.referralOutcomeHeader.accountableHealthcareProfessional.healthcareProfessionalHSAId",0,1,"",""
"getreferraloutcome","getreferraloutcome.referralOutcome.referralOutcomeHeader.accountableHealthcareProfessional.healthcareProfessionalName","getreferraloutcome.referralOutcome.referralOutcomeHeader.accountableHealthcareProfessional.healthcareProfessionalName","","","",0,1,"","","","string {[]} {[]}
","Namn på författaren","Namn på författaren. Om tillgängligt ska detta anges.
RIV-TA-typ: string. Kardinalitet i TKB: 0..1.","","","","","","","","","",,,,,"",,,,"getreferraloutcome.referralOutcome.referralOutcomeHeader.accountableHealthcareProfessional.healthcareProfessionalName",0,1,"",""
"getreferraloutcome","getreferraloutcome.referralOutcome.referralOutcomeHeader.accountableHealthcareProfessional.healthcareProfessionalRoleCode","getreferraloutcome.referralOutcome.referralOutcomeHeader.accountableHealthcareProfessional.healthcareProfessionalRoleCode","","","",0,1,"","","","CodeableConcept {[]} {[]}
","Information om personens befattning","Information om personens befattning. Om möjligt ska KV Befattning (OID 1.2.752.129.2.2.1.4) användas, se referens [R 5]. Om kodverk saknas anges befattning i originalText.
RIV-TA-typ: CVType. Kardinalitet i TKB: 0..1.
Delelement enligt TKB:
- code (string, 0..1): Befattningskod. Om code anges ska också codeSystem  samt displayName anges.
- codeSystem (string, 0..1): Kodsystem för befattningskod. Om codeSystem anges ska också code samt displayName anges.
- codeSystemName (string, 0..1): Namn på kodsystem för befattningskod.
- codeSystemVersion (string, 0..1): Version på kodsystem för befattningskod.
- displayName (string, 0..1): Befattningskoden i klartext. Om separat displayName inte finns i producerande system ska samma värde som i code anges.
- originalText (string, 0..1): Om befattning är beskriven i ett lokalt kodverk utan OID, eller när kod helt saknas, kan en beskrivande text anges i originalText. Om originalText anges ska inget annat värde i healthcareProfessionalRoleCode anges.","","","","","","","","","",,,,,"",,,,"getreferraloutcome.referralOutcome.referralOutcomeHeader.accountableHealthcareProfessional.healthcareProfessionalRoleCode",0,1,"",""
"getreferraloutcome","getreferraloutcome.referralOutcome.referralOutcomeHeader.accountableHealthcareProfessional.healthcareProfessionalOrgUnit","getreferraloutcome.referralOutcome.referralOutcomeHeader.accountableHealthcareProfessional.healthcareProfessionalOrgUnit","","","",0,1,"","","","BackboneElement {[]} {[]}
","Den organisation som angiven hälso-och sjukvårdsperson är uppdragstagare på","Den organisation som angiven hälso-och sjukvårdsperson är uppdragstagare på. Om tillgängligt ska detta anges.
RIV-TA-typ: OrgUnitType. Kardinalitet i TKB: 0..1.","","","","","","","","","",,,,,"",,,,"getreferraloutcome.referralOutcome.referralOutcomeHeader.accountableHealthcareProfessional.healthcareProfessionalOrgUnit",0,1,"","ele-1:All FHIR elements must have a @value or children {hasValue() or (children().count() > id.count())}
"
"getreferraloutcome","getreferraloutcome.referralOutcome.referralOutcomeHeader.accountableHealthcareProfessional.healthcareProfessionalOrgUnit.id","getreferraloutcome.referralOutcome.referralOutcomeHeader.accountableHealthcareProfessional.healthcareProfessionalOrgUnit.id","","","",0,1,"","","","string {[]} {[]}
","Unique id for inter-element referencing","Unique id for the element within a resource (for internal references). This may be any string value that does not contain spaces.","","","","","","","","","",,,,,"",,,,"Element.id",0,1,"",""
"getreferraloutcome","getreferraloutcome.referralOutcome.referralOutcomeHeader.accountableHealthcareProfessional.healthcareProfessionalOrgUnit.extension","getreferraloutcome.referralOutcome.referralOutcomeHeader.accountableHealthcareProfessional.healthcareProfessionalOrgUnit.extension","","extensions
user content","",0,*,"","","","Extension {[]} {[]}
","Additional content defined by implementations","May be used to represent additional information that is not part of the basic definition of the element. To make the use of extensions safe and manageable, there is a strict set of governance  applied to the definition and use of extensions. Though any implementer can define an extension, there is a set of requirements that SHALL be met as part of the definition of the extension.","There can be no stigma associated with the use of extensions by any application, project, or standard - regardless of the institution or jurisdiction that uses or defines the extensions.  The use of extensions is what allows the FHIR specification to retain a core level of simplicity for everyone.","","","","","","","","",,,,,"","value:url}
","Extensions are always sliced by (at least) url",,"open","Element.extension",0,*,"","ele-1:All FHIR elements must have a @value or children {hasValue() or (children().count() > id.count())}
ext-1:Must have either extensions or value[x], not both {extension.exists() != value.exists()}"
"getreferraloutcome","getreferraloutcome.referralOutcome.referralOutcomeHeader.accountableHealthcareProfessional.healthcareProfessionalOrgUnit.modifierExtension","getreferraloutcome.referralOutcome.referralOutcomeHeader.accountableHealthcareProfessional.healthcareProfessionalOrgUnit.modifierExtension","","extensions
user contentmodifiers","",0,*,"","Y","Y","Extension {[]} {[]}
","Extensions that cannot be ignored even if unrecognized","May be used to represent additional information that is not part of the basic definition of the element and that modifies the understanding of the element in which it is contained and/or the understanding of the containing element's descendants. Usually modifier elements provide negation or qualification. To make the use of extensions safe and manageable, there is a strict set of governance applied to the definition and use of extensions. Though any implementer can define an extension, there is a set of requirements that SHALL be met as part of the definition of the extension. Applications processing a resource are required to check for modifier extensions.

Modifier extensions SHALL NOT change the meaning of any elements on Resource or DomainResource (including cannot change the meaning of modifierExtension itself).","There can be no stigma associated with the use of extensions by any application, project, or standard - regardless of the institution or jurisdiction that uses or defines the extensions.  The use of extensions is what allows the FHIR specification to retain a core level of simplicity for everyone.","Modifier extensions allow for extensions that *cannot* be safely ignored to be clearly distinguished from the vast majority of extensions which can be safely ignored.  This promotes interoperability by eliminating the need for implementers to prohibit the presence of extensions. For further information, see the [definition of modifier extensions](http://hl7.org/fhir/R4/extensibility.html#modifierExtension).","","","","","","","",,,,,"",,,,"BackboneElement.modifierExtension",0,*,"","ele-1:All FHIR elements must have a @value or children {hasValue() or (children().count() > id.count())}
ext-1:Must have either extensions or value[x], not both {extension.exists() != value.exists()}"
"getreferraloutcome","getreferraloutcome.referralOutcome.referralOutcomeHeader.accountableHealthcareProfessional.healthcareProfessionalOrgUnit.orgUnitHSAId","getreferraloutcome.referralOutcome.referralOutcomeHeader.accountableHealthcareProfessional.healthcareProfessionalOrgUnit.orgUnitHSAId","","","",0,1,"","","","Identifier {[]} {[]}
","HSA-id för organisationsenhet","HSA-id för organisationsenhet. Om tillgängligt ska detta anges.
RIV-TA-typ: HSAIdType. Kardinalitet i TKB: 0..1.","","","","","","","","","",,,,,"",,,,"getreferraloutcome.referralOutcome.referralOutcomeHeader.accountableHealthcareProfessional.healthcareProfessionalOrgUnit.orgUnitHSAId",0,1,"",""
"getreferraloutcome","getreferraloutcome.referralOutcome.referralOutcomeHeader.accountableHealthcareProfessional.healthcareProfessionalOrgUnit.orgUnitName","getreferraloutcome.referralOutcome.referralOutcomeHeader.accountableHealthcareProfessional.healthcareProfessionalOrgUnit.orgUnitName","","","",0,1,"","","","string {[]} {[]}
","Namn på organisationsenhet (TKB: orgUnitname)","Namn på organisationsenhet. Om tillgängligt ska detta anges.
RIV-TA-typ: string. Kardinalitet i TKB: 0..1.","","","","","","","","","",,,,,"",,,,"getreferraloutcome.referralOutcome.referralOutcomeHeader.accountableHealthcareProfessional.healthcareProfessionalOrgUnit.orgUnitName",0,1,"",""
"getreferraloutcome","getreferraloutcome.referralOutcome.referralOutcomeHeader.accountableHealthcareProfessional.healthcareProfessionalOrgUnit.orgUnitTelecom","getreferraloutcome.referralOutcome.referralOutcomeHeader.accountableHealthcareProfessional.healthcareProfessionalOrgUnit.orgUnitTelecom","","","",0,1,"","","","string {[]} {[]}
","Telefon till organisationsenhet","Telefon till organisationsenhet
RIV-TA-typ: string. Kardinalitet i TKB: 0..1.","","","","","","","","","",,,,,"",,,,"getreferraloutcome.referralOutcome.referralOutcomeHeader.accountableHealthcareProfessional.healthcareProfessionalOrgUnit.orgUnitTelecom",0,1,"",""
"getreferraloutcome","getreferraloutcome.referralOutcome.referralOutcomeHeader.accountableHealthcareProfessional.healthcareProfessionalOrgUnit.orgUnitEmail","getreferraloutcome.referralOutcome.referralOutcomeHeader.accountableHealthcareProfessional.healthcareProfessionalOrgUnit.orgUnitEmail","","","",0,1,"","","","string {[]} {[]}
","Epost till organisationsenhet.","Epost till organisationsenhet.
RIV-TA-typ: string. Kardinalitet i TKB: 0..1.","","","","","","","","","",,,,,"",,,,"getreferraloutcome.referralOutcome.referralOutcomeHeader.accountableHealthcareProfessional.healthcareProfessionalOrgUnit.orgUnitEmail",0,1,"",""
"getreferraloutcome","getreferraloutcome.referralOutcome.referralOutcomeHeader.accountableHealthcareProfessional.healthcareProfessionalOrgUnit.orgUnitAddress","getreferraloutcome.referralOutcome.referralOutcomeHeader.accountableHealthcareProfessional.healthcareProfessionalOrgUnit.orgUnitAddress","","","",0,1,"","","","string {[]} {[]}
","Postadress till organisationsenhet","Postadress till organisationsenhet. Skrivs på ett så naturligt sätt som möjligt, exempelvis: / ”Storgatan 12 / 468 91 Lilleby”
RIV-TA-typ: string. Kardinalitet i TKB: 0..1.","","","","","","","","","",,,,,"",,,,"getreferraloutcome.referralOutcome.referralOutcomeHeader.accountableHealthcareProfessional.healthcareProfessionalOrgUnit.orgUnitAddress",0,1,"",""
"getreferraloutcome","getreferraloutcome.referralOutcome.referralOutcomeHeader.accountableHealthcareProfessional.healthcareProfessionalOrgUnit.orgUnitLocation","getreferraloutcome.referralOutcome.referralOutcomeHeader.accountableHealthcareProfessional.healthcareProfessionalOrgUnit.orgUnitLocation","","","",0,1,"","","","string {[]} {[]}
","Text som anger namnet på plats eller ort för organisationens fysiska placering","Text som anger namnet på plats eller ort för organisationens fysiska placering
RIV-TA-typ: string. Kardinalitet i TKB: 0..1.","","","","","","","","","",,,,,"",,,,"getreferraloutcome.referralOutcome.referralOutcomeHeader.accountableHealthcareProfessional.healthcareProfessionalOrgUnit.orgUnitLocation",0,1,"",""
"getreferraloutcome","getreferraloutcome.referralOutcome.referralOutcomeHeader.accountableHealthcareProfessional.healthcareProfessionalCareUnitHSAId","getreferraloutcome.referralOutcome.referralOutcomeHeader.accountableHealthcareProfessional.healthcareProfessionalCareUnitHSAId","","","",0,1,"","","","Identifier {[]} {[]}
","HSA-id för Vårdenhet som hälso-och sjukvårdsperson är uppdragstagare för","HSA-id för Vårdenhet som hälso-och sjukvårdsperson är uppdragstagare för. Ska anges om tillgänglig. [Regel 2]
RIV-TA-typ: HSAIdType. Kardinalitet i TKB: 0..1.","","","","","","","","","",,,,,"",,,,"getreferraloutcome.referralOutcome.referralOutcomeHeader.accountableHealthcareProfessional.healthcareProfessionalCareUnitHSAId",0,1,"",""
"getreferraloutcome","getreferraloutcome.referralOutcome.referralOutcomeHeader.accountableHealthcareProfessional.healthcareProfessionalCareGiverHSAId","getreferraloutcome.referralOutcome.referralOutcomeHeader.accountableHealthcareProfessional.healthcareProfessionalCareGiverHSAId","","","",0,1,"","","","Identifier {[]} {[]}
","HSA-id för vårdgivaren, som är vårdgivare för den enhet som författaren är uppdragstagare för","HSA-id för vårdgivaren, som är vårdgivare för den enhet som författaren är uppdragstagare för. Ska anges om tillgänglig. [Regel 2]
RIV-TA-typ: HSAIdType. Kardinalitet i TKB: 0..1.","","","","","","","","","",,,,,"",,,,"getreferraloutcome.referralOutcome.referralOutcomeHeader.accountableHealthcareProfessional.healthcareProfessionalCareGiverHSAId",0,1,"",""
"getreferraloutcome","getreferraloutcome.referralOutcome.referralOutcomeHeader.legalAuthenticator","getreferraloutcome.referralOutcome.referralOutcomeHeader.legalAuthenticator","","","",0,1,"","","","BackboneElement {[]} {[]}
","Information om vem som signerat informationen i dokumentet","Information om vem som signerat informationen i dokumentet. Signering = signering av remissvar. Information om vidimering sker i attributet attested i bodyn.
RIV-TA-typ: LegalAuthenticatorType. Kardinalitet i TKB: 0..1.","","","","","","","","","",,,,,"",,,,"getreferraloutcome.referralOutcome.referralOutcomeHeader.legalAuthenticator",0,1,"","ele-1:All FHIR elements must have a @value or children {hasValue() or (children().count() > id.count())}
"
"getreferraloutcome","getreferraloutcome.referralOutcome.referralOutcomeHeader.legalAuthenticator.id","getreferraloutcome.referralOutcome.referralOutcomeHeader.legalAuthenticator.id","","","",0,1,"","","","string {[]} {[]}
","Unique id for inter-element referencing","Unique id for the element within a resource (for internal references). This may be any string value that does not contain spaces.","","","","","","","","","",,,,,"",,,,"Element.id",0,1,"",""
"getreferraloutcome","getreferraloutcome.referralOutcome.referralOutcomeHeader.legalAuthenticator.extension","getreferraloutcome.referralOutcome.referralOutcomeHeader.legalAuthenticator.extension","","extensions
user content","",0,*,"","","","Extension {[]} {[]}
","Additional content defined by implementations","May be used to represent additional information that is not part of the basic definition of the element. To make the use of extensions safe and manageable, there is a strict set of governance  applied to the definition and use of extensions. Though any implementer can define an extension, there is a set of requirements that SHALL be met as part of the definition of the extension.","There can be no stigma associated with the use of extensions by any application, project, or standard - regardless of the institution or jurisdiction that uses or defines the extensions.  The use of extensions is what allows the FHIR specification to retain a core level of simplicity for everyone.","","","","","","","","",,,,,"","value:url}
","Extensions are always sliced by (at least) url",,"open","Element.extension",0,*,"","ele-1:All FHIR elements must have a @value or children {hasValue() or (children().count() > id.count())}
ext-1:Must have either extensions or value[x], not both {extension.exists() != value.exists()}"
"getreferraloutcome","getreferraloutcome.referralOutcome.referralOutcomeHeader.legalAuthenticator.modifierExtension","getreferraloutcome.referralOutcome.referralOutcomeHeader.legalAuthenticator.modifierExtension","","extensions
user contentmodifiers","",0,*,"","Y","Y","Extension {[]} {[]}
","Extensions that cannot be ignored even if unrecognized","May be used to represent additional information that is not part of the basic definition of the element and that modifies the understanding of the element in which it is contained and/or the understanding of the containing element's descendants. Usually modifier elements provide negation or qualification. To make the use of extensions safe and manageable, there is a strict set of governance applied to the definition and use of extensions. Though any implementer can define an extension, there is a set of requirements that SHALL be met as part of the definition of the extension. Applications processing a resource are required to check for modifier extensions.

Modifier extensions SHALL NOT change the meaning of any elements on Resource or DomainResource (including cannot change the meaning of modifierExtension itself).","There can be no stigma associated with the use of extensions by any application, project, or standard - regardless of the institution or jurisdiction that uses or defines the extensions.  The use of extensions is what allows the FHIR specification to retain a core level of simplicity for everyone.","Modifier extensions allow for extensions that *cannot* be safely ignored to be clearly distinguished from the vast majority of extensions which can be safely ignored.  This promotes interoperability by eliminating the need for implementers to prohibit the presence of extensions. For further information, see the [definition of modifier extensions](http://hl7.org/fhir/R4/extensibility.html#modifierExtension).","","","","","","","",,,,,"",,,,"BackboneElement.modifierExtension",0,*,"","ele-1:All FHIR elements must have a @value or children {hasValue() or (children().count() > id.count())}
ext-1:Must have either extensions or value[x], not both {extension.exists() != value.exists()}"
"getreferraloutcome","getreferraloutcome.referralOutcome.referralOutcomeHeader.legalAuthenticator.signatureTime","getreferraloutcome.referralOutcome.referralOutcomeHeader.legalAuthenticator.signatureTime","","","",1,1,"","","","instant {[]} {[]}
","Tidpunkt för signering","Tidpunkt för signering
RIV-TA-typ: TimeStampType. Kardinalitet i TKB: 1..1.","","","","","","","","","",,,,,"",,,,"getreferraloutcome.referralOutcome.referralOutcomeHeader.legalAuthenticator.signatureTime",1,1,"",""
"getreferraloutcome","getreferraloutcome.referralOutcome.referralOutcomeHeader.legalAuthenticator.legalAuthenticatorHSAId","getreferraloutcome.referralOutcome.referralOutcomeHeader.legalAuthenticator.legalAuthenticatorHSAId","","","",0,1,"","","","Identifier {[]} {[]}
","HSA-id för person som signerat dokumentet. (TKB: legalAuthenticatorHSAid)","HSA-id för person som signerat dokumentet.
RIV-TA-typ: HSAIdType. Kardinalitet i TKB: 0..1.","","","","","","","","","",,,,,"",,,,"getreferraloutcome.referralOutcome.referralOutcomeHeader.legalAuthenticator.legalAuthenticatorHSAId",0,1,"",""
"getreferraloutcome","getreferraloutcome.referralOutcome.referralOutcomeHeader.legalAuthenticator.legalAuthenticatorName","getreferraloutcome.referralOutcome.referralOutcomeHeader.legalAuthenticator.legalAuthenticatorName","","","",0,1,"","","","string {[]} {[]}
","Namnen i klartext för signerande person","Namnen i klartext för signerande person
RIV-TA-typ: string. Kardinalitet i TKB: 0..1.","","","","","","","","","",,,,,"",,,,"getreferraloutcome.referralOutcome.referralOutcomeHeader.legalAuthenticator.legalAuthenticatorName",0,1,"",""
"getreferraloutcome","getreferraloutcome.referralOutcome.referralOutcomeHeader.legalAuthenticator.legalAuthenticatorRoleCode","getreferraloutcome.referralOutcome.referralOutcomeHeader.legalAuthenticator.legalAuthenticatorRoleCode","","","",0,0,"","","","string {[]} {[]}
","Ska ej anges.","Ska ej anges.
RIV-TA-typ: (ej angiven). Kardinalitet i TKB: 0..0.","","","","","","","","","",,,,,"",,,,"getreferraloutcome.referralOutcome.referralOutcomeHeader.legalAuthenticator.legalAuthenticatorRoleCode",0,0,"",""
"getreferraloutcome","getreferraloutcome.referralOutcome.referralOutcomeHeader.approvedForPatient","getreferraloutcome.referralOutcome.referralOutcomeHeader.approvedForPatient","","","",1,1,"","","","boolean {[]} {[]}
","Anger om information får delas till patient","Anger om information får delas till patient. Värdet sätts i sådant fall till true, i annat fall till false.
RIV-TA-typ: boolean. Kardinalitet i TKB: 1..1.","","","","","","","","","",,,,,"",,,,"getreferraloutcome.referralOutcome.referralOutcomeHeader.approvedForPatient",1,1,"",""
"getreferraloutcome","getreferraloutcome.referralOutcome.referralOutcomeHeader.careContactId","getreferraloutcome.referralOutcome.referralOutcomeHeader.careContactId","","","",0,1,"","","","string {[]} {[]}
","Identitetet för den hälso-och sjukvårdskontakt som föranlett den information som omfattas av dokumentet","Identitetet för den hälso-och sjukvårdskontakt som föranlett den information som omfattas av dokumentet. Identiteten är unik inom källsystemet.
RIV-TA-typ: string. Kardinalitet i TKB: 0..1.","","","","","","","","","",,,,,"",,,,"getreferraloutcome.referralOutcome.referralOutcomeHeader.careContactId",0,1,"",""
"getreferraloutcome","getreferraloutcome.referralOutcome.referralOutcomeHeader.nullified","getreferraloutcome.referralOutcome.referralOutcomeHeader.nullified","","","",0,0,"","","","string {[]} {[]}
","Ska ej anges.","Ska ej anges.
RIV-TA-typ: (ej angiven). Kardinalitet i TKB: 0..0.","","","","","","","","","",,,,,"",,,,"getreferraloutcome.referralOutcome.referralOutcomeHeader.nullified",0,0,"",""
"getreferraloutcome","getreferraloutcome.referralOutcome.referralOutcomeHeader.nullifiedReason","getreferraloutcome.referralOutcome.referralOutcomeHeader.nullifiedReason","","","",0,0,"","","","string {[]} {[]}
","Ska ej anges.","Ska ej anges.
RIV-TA-typ: (ej angiven). Kardinalitet i TKB: 0..0.","","","","","","","","","",,,,,"",,,,"getreferraloutcome.referralOutcome.referralOutcomeHeader.nullifiedReason",0,0,"",""
"getreferraloutcome","getreferraloutcome.referralOutcome.referralOutcomeBody","getreferraloutcome.referralOutcome.referralOutcomeBody","","","",1,1,"","","","BackboneElement {[]} {[]}
","referralOutcomeBody","RIV-TA-typ: ReferralOutcomeBodyType. Kardinalitet i TKB: 1..1.","","","","","","","","","",,,,,"",,,,"getreferraloutcome.referralOutcome.referralOutcomeBody",1,1,"","ele-1:All FHIR elements must have a @value or children {hasValue() or (children().count() > id.count())}
"
"getreferraloutcome","getreferraloutcome.referralOutcome.referralOutcomeBody.id","getreferraloutcome.referralOutcome.referralOutcomeBody.id","","","",0,1,"","","","string {[]} {[]}
","Unique id for inter-element referencing","Unique id for the element within a resource (for internal references). This may be any string value that does not contain spaces.","","","","","","","","","",,,,,"",,,,"Element.id",0,1,"",""
"getreferraloutcome","getreferraloutcome.referralOutcome.referralOutcomeBody.extension","getreferraloutcome.referralOutcome.referralOutcomeBody.extension","","extensions
user content","",0,*,"","","","Extension {[]} {[]}
","Additional content defined by implementations","May be used to represent additional information that is not part of the basic definition of the element. To make the use of extensions safe and manageable, there is a strict set of governance  applied to the definition and use of extensions. Though any implementer can define an extension, there is a set of requirements that SHALL be met as part of the definition of the extension.","There can be no stigma associated with the use of extensions by any application, project, or standard - regardless of the institution or jurisdiction that uses or defines the extensions.  The use of extensions is what allows the FHIR specification to retain a core level of simplicity for everyone.","","","","","","","","",,,,,"","value:url}
","Extensions are always sliced by (at least) url",,"open","Element.extension",0,*,"","ele-1:All FHIR elements must have a @value or children {hasValue() or (children().count() > id.count())}
ext-1:Must have either extensions or value[x], not both {extension.exists() != value.exists()}"
"getreferraloutcome","getreferraloutcome.referralOutcome.referralOutcomeBody.modifierExtension","getreferraloutcome.referralOutcome.referralOutcomeBody.modifierExtension","","extensions
user contentmodifiers","",0,*,"","Y","Y","Extension {[]} {[]}
","Extensions that cannot be ignored even if unrecognized","May be used to represent additional information that is not part of the basic definition of the element and that modifies the understanding of the element in which it is contained and/or the understanding of the containing element's descendants. Usually modifier elements provide negation or qualification. To make the use of extensions safe and manageable, there is a strict set of governance applied to the definition and use of extensions. Though any implementer can define an extension, there is a set of requirements that SHALL be met as part of the definition of the extension. Applications processing a resource are required to check for modifier extensions.

Modifier extensions SHALL NOT change the meaning of any elements on Resource or DomainResource (including cannot change the meaning of modifierExtension itself).","There can be no stigma associated with the use of extensions by any application, project, or standard - regardless of the institution or jurisdiction that uses or defines the extensions.  The use of extensions is what allows the FHIR specification to retain a core level of simplicity for everyone.","Modifier extensions allow for extensions that *cannot* be safely ignored to be clearly distinguished from the vast majority of extensions which can be safely ignored.  This promotes interoperability by eliminating the need for implementers to prohibit the presence of extensions. For further information, see the [definition of modifier extensions](http://hl7.org/fhir/R4/extensibility.html#modifierExtension).","","","","","","","",,,,,"",,,,"BackboneElement.modifierExtension",0,*,"","ele-1:All FHIR elements must have a @value or children {hasValue() or (children().count() > id.count())}
ext-1:Must have either extensions or value[x], not both {extension.exists() != value.exists()}"
"getreferraloutcome","getreferraloutcome.referralOutcome.referralOutcomeBody.referralOutcomeTypeCode","getreferraloutcome.referralOutcome.referralOutcomeBody.referralOutcomeTypeCode","","","",1,1,"","","","code {[]} {[]}
","Anger typ av svar","Anger typ av svar. / Giltiga koder: / SR, svar på remissfråga / SS, slutsvar på remissfråga
RIV-TA-typ: referralOutcomeTypeCodeEnum. Kardinalitet i TKB: 1..1.","","","","","","","","","",,,,,"",,,,"getreferraloutcome.referralOutcome.referralOutcomeBody.referralOutcomeTypeCode",1,1,"",""
"getreferraloutcome","getreferraloutcome.referralOutcome.referralOutcomeBody.referralOutcomeTitle","getreferraloutcome.referralOutcome.referralOutcomeBody.referralOutcomeTitle","","","",1,1,"","","","string {[]} {[]}
","Text som beskriver vilken specialitet som utlåtandet gäller","Text som beskriver vilken specialitet som utlåtandet gäller. Typen av specialitet som anlitats anges i text. / Exempel: / Patologi / Klinisk fysik / Logopedi
RIV-TA-typ: string. Kardinalitet i TKB: 1..1.","","","","","","","","","",,,,,"",,,,"getreferraloutcome.referralOutcome.referralOutcomeBody.referralOutcomeTitle",1,1,"",""
"getreferraloutcome","getreferraloutcome.referralOutcome.referralOutcomeBody.referralOutcomeText","getreferraloutcome.referralOutcome.referralOutcomeBody.referralOutcomeText","","","",1,1,"","","","string {[]} {[]}
","Text som beskriver det sammanfattande utlåtandet kring undersökningsresultatet.","Text som beskriver det sammanfattande utlåtandet kring undersökningsresultatet.
RIV-TA-typ: string. Kardinalitet i TKB: 1..1.","","","","","","","","","",,,,,"",,,,"getreferraloutcome.referralOutcome.referralOutcomeBody.referralOutcomeText",1,1,"",""
"getreferraloutcome","getreferraloutcome.referralOutcome.referralOutcomeBody.clinicalInformation","getreferraloutcome.referralOutcome.referralOutcomeBody.clinicalInformation","","","",0,*,"","","","BackboneElement {[]} {[]}
","Klinisk information för remissvaret","Klinisk information för remissvaret. Dessa kliniska data är direkt kopplat till svaret.
RIV-TA-typ: ClinicalInformationType. Kardinalitet i TKB: 0..*.","","","","","","","","","",,,,,"",,,,"getreferraloutcome.referralOutcome.referralOutcomeBody.clinicalInformation",0,*,"","ele-1:All FHIR elements must have a @value or children {hasValue() or (children().count() > id.count())}
"
"getreferraloutcome","getreferraloutcome.referralOutcome.referralOutcomeBody.clinicalInformation.id","getreferraloutcome.referralOutcome.referralOutcomeBody.clinicalInformation.id","","","",0,1,"","","","string {[]} {[]}
","Unique id for inter-element referencing","Unique id for the element within a resource (for internal references). This may be any string value that does not contain spaces.","","","","","","","","","",,,,,"",,,,"Element.id",0,1,"",""
"getreferraloutcome","getreferraloutcome.referralOutcome.referralOutcomeBody.clinicalInformation.extension","getreferraloutcome.referralOutcome.referralOutcomeBody.clinicalInformation.extension","","extensions
user content","",0,*,"","","","Extension {[]} {[]}
","Additional content defined by implementations","May be used to represent additional information that is not part of the basic definition of the element. To make the use of extensions safe and manageable, there is a strict set of governance  applied to the definition and use of extensions. Though any implementer can define an extension, there is a set of requirements that SHALL be met as part of the definition of the extension.","There can be no stigma associated with the use of extensions by any application, project, or standard - regardless of the institution or jurisdiction that uses or defines the extensions.  The use of extensions is what allows the FHIR specification to retain a core level of simplicity for everyone.","","","","","","","","",,,,,"","value:url}
","Extensions are always sliced by (at least) url",,"open","Element.extension",0,*,"","ele-1:All FHIR elements must have a @value or children {hasValue() or (children().count() > id.count())}
ext-1:Must have either extensions or value[x], not both {extension.exists() != value.exists()}"
"getreferraloutcome","getreferraloutcome.referralOutcome.referralOutcomeBody.clinicalInformation.modifierExtension","getreferraloutcome.referralOutcome.referralOutcomeBody.clinicalInformation.modifierExtension","","extensions
user contentmodifiers","",0,*,"","Y","Y","Extension {[]} {[]}
","Extensions that cannot be ignored even if unrecognized","May be used to represent additional information that is not part of the basic definition of the element and that modifies the understanding of the element in which it is contained and/or the understanding of the containing element's descendants. Usually modifier elements provide negation or qualification. To make the use of extensions safe and manageable, there is a strict set of governance applied to the definition and use of extensions. Though any implementer can define an extension, there is a set of requirements that SHALL be met as part of the definition of the extension. Applications processing a resource are required to check for modifier extensions.

Modifier extensions SHALL NOT change the meaning of any elements on Resource or DomainResource (including cannot change the meaning of modifierExtension itself).","There can be no stigma associated with the use of extensions by any application, project, or standard - regardless of the institution or jurisdiction that uses or defines the extensions.  The use of extensions is what allows the FHIR specification to retain a core level of simplicity for everyone.","Modifier extensions allow for extensions that *cannot* be safely ignored to be clearly distinguished from the vast majority of extensions which can be safely ignored.  This promotes interoperability by eliminating the need for implementers to prohibit the presence of extensions. For further information, see the [definition of modifier extensions](http://hl7.org/fhir/R4/extensibility.html#modifierExtension).","","","","","","","",,,,,"",,,,"BackboneElement.modifierExtension",0,*,"","ele-1:All FHIR elements must have a @value or children {hasValue() or (children().count() > id.count())}
ext-1:Must have either extensions or value[x], not both {extension.exists() != value.exists()}"
"getreferraloutcome","getreferraloutcome.referralOutcome.referralOutcomeBody.clinicalInformation.clinicalInformationCode","getreferraloutcome.referralOutcome.referralOutcomeBody.clinicalInformation.clinicalInformationCode","","","",1,1,"","","","CodeableConcept {[]} {[]}
","Kod för åtgärd","Kod för åtgärd. / Koden anges i code. / Kodverkets OID i codeSystem.
RIV-TA-typ: ClinicalInformationCodeType. Kardinalitet i TKB: 1..1.
Delelement enligt TKB:
- code (string, 1..1): Kod.
- codeSystem (string, 1..1): Kod kan komma från kodverket ICD-10 (1.2.752.116.1.1.1.1.3) men andra kodverk kan  förekomma.","","","","","","","","","",,,,,"",,,,"getreferraloutcome.referralOutcome.referralOutcomeBody.clinicalInformation.clinicalInformationCode",1,1,"",""
"getreferraloutcome","getreferraloutcome.referralOutcome.referralOutcomeBody.clinicalInformation.clinicalInformationText","getreferraloutcome.referralOutcome.referralOutcomeBody.clinicalInformation.clinicalInformationText","","","",1,1,"","","","string {[]} {[]}
","Beskrivning av klinisk information","Beskrivning av klinisk information
RIV-TA-typ: string. Kardinalitet i TKB: 1..1.","","","","","","","","","",,,,,"",,,,"getreferraloutcome.referralOutcome.referralOutcomeBody.clinicalInformation.clinicalInformationText",1,1,"",""
"getreferraloutcome","getreferraloutcome.referralOutcome.referralOutcomeBody.act","getreferraloutcome.referralOutcome.referralOutcomeBody.act","","","",0,*,"","","","BackboneElement {[]} {[]}
","Utförd åtgärd","Utförd åtgärd
RIV-TA-typ: ActType. Kardinalitet i TKB: 0..*.","","","","","","","","","",,,,,"",,,,"getreferraloutcome.referralOutcome.referralOutcomeBody.act",0,*,"","ele-1:All FHIR elements must have a @value or children {hasValue() or (children().count() > id.count())}
"
"getreferraloutcome","getreferraloutcome.referralOutcome.referralOutcomeBody.act.id","getreferraloutcome.referralOutcome.referralOutcomeBody.act.id","","","",0,1,"","","","string {[]} {[]}
","Unique id for inter-element referencing","Unique id for the element within a resource (for internal references). This may be any string value that does not contain spaces.","","","","","","","","","",,,,,"",,,,"Element.id",0,1,"",""
"getreferraloutcome","getreferraloutcome.referralOutcome.referralOutcomeBody.act.extension","getreferraloutcome.referralOutcome.referralOutcomeBody.act.extension","","extensions
user content","",0,*,"","","","Extension {[]} {[]}
","Additional content defined by implementations","May be used to represent additional information that is not part of the basic definition of the element. To make the use of extensions safe and manageable, there is a strict set of governance  applied to the definition and use of extensions. Though any implementer can define an extension, there is a set of requirements that SHALL be met as part of the definition of the extension.","There can be no stigma associated with the use of extensions by any application, project, or standard - regardless of the institution or jurisdiction that uses or defines the extensions.  The use of extensions is what allows the FHIR specification to retain a core level of simplicity for everyone.","","","","","","","","",,,,,"","value:url}
","Extensions are always sliced by (at least) url",,"open","Element.extension",0,*,"","ele-1:All FHIR elements must have a @value or children {hasValue() or (children().count() > id.count())}
ext-1:Must have either extensions or value[x], not both {extension.exists() != value.exists()}"
"getreferraloutcome","getreferraloutcome.referralOutcome.referralOutcomeBody.act.modifierExtension","getreferraloutcome.referralOutcome.referralOutcomeBody.act.modifierExtension","","extensions
user contentmodifiers","",0,*,"","Y","Y","Extension {[]} {[]}
","Extensions that cannot be ignored even if unrecognized","May be used to represent additional information that is not part of the basic definition of the element and that modifies the understanding of the element in which it is contained and/or the understanding of the containing element's descendants. Usually modifier elements provide negation or qualification. To make the use of extensions safe and manageable, there is a strict set of governance applied to the definition and use of extensions. Though any implementer can define an extension, there is a set of requirements that SHALL be met as part of the definition of the extension. Applications processing a resource are required to check for modifier extensions.

Modifier extensions SHALL NOT change the meaning of any elements on Resource or DomainResource (including cannot change the meaning of modifierExtension itself).","There can be no stigma associated with the use of extensions by any application, project, or standard - regardless of the institution or jurisdiction that uses or defines the extensions.  The use of extensions is what allows the FHIR specification to retain a core level of simplicity for everyone.","Modifier extensions allow for extensions that *cannot* be safely ignored to be clearly distinguished from the vast majority of extensions which can be safely ignored.  This promotes interoperability by eliminating the need for implementers to prohibit the presence of extensions. For further information, see the [definition of modifier extensions](http://hl7.org/fhir/R4/extensibility.html#modifierExtension).","","","","","","","",,,,,"",,,,"BackboneElement.modifierExtension",0,*,"","ele-1:All FHIR elements must have a @value or children {hasValue() or (children().count() > id.count())}
ext-1:Must have either extensions or value[x], not both {extension.exists() != value.exists()}"
"getreferraloutcome","getreferraloutcome.referralOutcome.referralOutcomeBody.act.actId","getreferraloutcome.referralOutcome.referralOutcomeBody.act.actId","","","",0,1,"","","","string {[]} {[]}
","Åtgärdens identitet som är unik inom det lokala avsändande systemet","Åtgärdens identitet som är unik inom det lokala avsändande systemet
RIV-TA-typ: string. Kardinalitet i TKB: 0..1.","","","","","","","","","",,,,,"",,,,"getreferraloutcome.referralOutcome.referralOutcomeBody.act.actId",0,1,"",""
"getreferraloutcome","getreferraloutcome.referralOutcome.referralOutcomeBody.act.actCode","getreferraloutcome.referralOutcome.referralOutcomeBody.act.actCode","","","",0,1,"","","","CodeableConcept {[]} {[]}
","Kod för åtgärd","Kod för åtgärd. / Koden anges i code. / Kodverkets OID anges i codeSystem.
RIV-TA-typ: ActCodeType. Kardinalitet i TKB: 0..1.
Delelement enligt TKB:
- code (string, 1..1): Nullvärde är tillåtet om kod ej är tillgänglig, och åtgärdskodstext ska då skrivas i `<actText>`.
- codeSystem (string, 1..1): Lämpliga kodverk kan vara: KVÅ (1.2.752.116.1.3.2.1.4) men andra kodverk kan förekomma.","","","","","","","","","",,,,,"",,,,"getreferraloutcome.referralOutcome.referralOutcomeBody.act.actCode",0,1,"",""
"getreferraloutcome","getreferraloutcome.referralOutcome.referralOutcomeBody.act.actText","getreferraloutcome.referralOutcome.referralOutcomeBody.act.actText","","","",1,1,"","","","string {[]} {[]}
","Text som anger namnet på den kod som anges i attributet åtgärdskod","Text som anger namnet på den kod som anges i attributet åtgärdskod. Beskrivning av åtgärd anges här om ingen kod har angetts i attributet åtgärdskod.
RIV-TA-typ: string. Kardinalitet i TKB: 1..1.","","","","","","","","","",,,,,"",,,,"getreferraloutcome.referralOutcome.referralOutcomeBody.act.actText",1,1,"",""
"getreferraloutcome","getreferraloutcome.referralOutcome.referralOutcomeBody.act.actTime","getreferraloutcome.referralOutcome.referralOutcomeBody.act.actTime","","","",0,1,"","","","instant {[]} {[]}
","Tidpunkt då åtgärd genomfördes","Tidpunkt då åtgärd genomfördes
RIV-TA-typ: TimeStampType. Kardinalitet i TKB: 0..1.","","","","","","","","","",,,,,"",,,,"getreferraloutcome.referralOutcome.referralOutcomeBody.act.actTime",0,1,"",""
"getreferraloutcome","getreferraloutcome.referralOutcome.referralOutcomeBody.act.actResult","getreferraloutcome.referralOutcome.referralOutcomeBody.act.actResult","","","",0,*,"","","","BackboneElement {[]} {[]}
","Resultat av åtgärd","Resultat av åtgärd. Data i form av bifogade bilder eller liknande
RIV-TA-typ: MultimediaType. Kardinalitet i TKB: 0..*.","","","","","","","","","",,,,,"",,,,"getreferraloutcome.referralOutcome.referralOutcomeBody.act.actResult",0,*,"","getreferraloutcome-actresult-value-xor-reference:actResult: ett och endast ett av value och reference ska anges. {actResultValue.exists() xor reference.exists()}
ele-1:All FHIR elements must have a @value or children {hasValue() or (children().count() > id.count())}"
"getreferraloutcome","getreferraloutcome.referralOutcome.referralOutcomeBody.act.actResult.id","getreferraloutcome.referralOutcome.referralOutcomeBody.act.actResult.id","","","",0,1,"","","","string {[]} {[]}
","Unique id for inter-element referencing","Unique id for the element within a resource (for internal references). This may be any string value that does not contain spaces.","","","","","","","","","",,,,,"",,,,"Element.id",0,1,"",""
"getreferraloutcome","getreferraloutcome.referralOutcome.referralOutcomeBody.act.actResult.extension","getreferraloutcome.referralOutcome.referralOutcomeBody.act.actResult.extension","","extensions
user content","",0,*,"","","","Extension {[]} {[]}
","Additional content defined by implementations","May be used to represent additional information that is not part of the basic definition of the element. To make the use of extensions safe and manageable, there is a strict set of governance  applied to the definition and use of extensions. Though any implementer can define an extension, there is a set of requirements that SHALL be met as part of the definition of the extension.","There can be no stigma associated with the use of extensions by any application, project, or standard - regardless of the institution or jurisdiction that uses or defines the extensions.  The use of extensions is what allows the FHIR specification to retain a core level of simplicity for everyone.","","","","","","","","",,,,,"","value:url}
","Extensions are always sliced by (at least) url",,"open","Element.extension",0,*,"","ele-1:All FHIR elements must have a @value or children {hasValue() or (children().count() > id.count())}
ext-1:Must have either extensions or value[x], not both {extension.exists() != value.exists()}"
"getreferraloutcome","getreferraloutcome.referralOutcome.referralOutcomeBody.act.actResult.modifierExtension","getreferraloutcome.referralOutcome.referralOutcomeBody.act.actResult.modifierExtension","","extensions
user contentmodifiers","",0,*,"","Y","Y","Extension {[]} {[]}
","Extensions that cannot be ignored even if unrecognized","May be used to represent additional information that is not part of the basic definition of the element and that modifies the understanding of the element in which it is contained and/or the understanding of the containing element's descendants. Usually modifier elements provide negation or qualification. To make the use of extensions safe and manageable, there is a strict set of governance applied to the definition and use of extensions. Though any implementer can define an extension, there is a set of requirements that SHALL be met as part of the definition of the extension. Applications processing a resource are required to check for modifier extensions.

Modifier extensions SHALL NOT change the meaning of any elements on Resource or DomainResource (including cannot change the meaning of modifierExtension itself).","There can be no stigma associated with the use of extensions by any application, project, or standard - regardless of the institution or jurisdiction that uses or defines the extensions.  The use of extensions is what allows the FHIR specification to retain a core level of simplicity for everyone.","Modifier extensions allow for extensions that *cannot* be safely ignored to be clearly distinguished from the vast majority of extensions which can be safely ignored.  This promotes interoperability by eliminating the need for implementers to prohibit the presence of extensions. For further information, see the [definition of modifier extensions](http://hl7.org/fhir/R4/extensibility.html#modifierExtension).","","","","","","","",,,,,"",,,,"BackboneElement.modifierExtension",0,*,"","ele-1:All FHIR elements must have a @value or children {hasValue() or (children().count() > id.count())}
ext-1:Must have either extensions or value[x], not both {extension.exists() != value.exists()}"
"getreferraloutcome","getreferraloutcome.referralOutcome.referralOutcomeBody.act.actResult.actResultId","getreferraloutcome.referralOutcome.referralOutcomeBody.act.actResult.actResultId","","","",0,0,"","","","string {[]} {[]}
","Ska ej anges. (RIV-TA: id)","Ska ej anges.
RIV-TA-typ: (ej angiven). Kardinalitet i TKB: 0..0.","","","","","","","","","",,,,,"",,,,"getreferraloutcome.referralOutcome.referralOutcomeBody.act.actResult.actResultId",0,0,"",""
"getreferraloutcome","getreferraloutcome.referralOutcome.referralOutcomeBody.act.actResult.mediaType","getreferraloutcome.referralOutcome.referralOutcomeBody.act.actResult.mediaType","","","",1,1,"","","","code {[]} {[]}
","Typ av multimedia","Typ av multimedia
RIV-TA-typ: MediaTypeEnum. Kardinalitet i TKB: 1..1.","","","","","","","","","",,"required","","https://fhir.inera.se/ig/clinicalprocess-healthcond-actoutcome/ValueSet/mediatype-vs","",,,,"getreferraloutcome.referralOutcome.referralOutcomeBody.act.actResult.mediaType",1,1,"",""
"getreferraloutcome","getreferraloutcome.referralOutcome.referralOutcomeBody.act.actResult.actResultValue","getreferraloutcome.referralOutcome.referralOutcomeBody.act.actResult.actResultValue","","","",0,1,"","","","base64Binary {[]} {[]}
","Value är binärdata som representerar objektet (RIV-TA: value)","Value är binärdata som representerar objektet. Ett och endast ett av value och reference ska anges.
RIV-TA-typ: base64Binary. Kardinalitet i TKB: 0..1.","","","","","","","","","",,,,,"",,,,"getreferraloutcome.referralOutcome.referralOutcomeBody.act.actResult.actResultValue",0,1,"",""
"getreferraloutcome","getreferraloutcome.referralOutcome.referralOutcomeBody.act.actResult.reference","getreferraloutcome.referralOutcome.referralOutcomeBody.act.actResult.reference","","","",0,1,"","","","uri {[]} {[]}
","Referens till extern bild i form av en URL","Referens till extern bild i form av en URL. Ett och endast ett av value och reference ska anges.
RIV-TA-typ: anyURI. Kardinalitet i TKB: 0..1.","","","","","","","","","",,,,,"",,,,"getreferraloutcome.referralOutcome.referralOutcomeBody.act.actResult.reference",0,1,"",""
"getreferraloutcome","getreferraloutcome.referralOutcome.referralOutcomeBody.attested","getreferraloutcome.referralOutcome.referralOutcomeBody.attested","","","",0,1,"","","","BackboneElement {[]} {[]}
","Information om vidimering av enskild utförd åtgärd med tillhörande resultat","Information om vidimering av enskild utförd åtgärd med tillhörande resultat. Finns attester är åtgärden vidimerad. Med vidimerat menas att information om åtgärden har lästs och den som läst har tagit ansvar.
RIV-TA-typ: AttestedType. Kardinalitet i TKB: 0..1.","","","","","","","","","",,,,,"",,,,"getreferraloutcome.referralOutcome.referralOutcomeBody.attested",0,1,"","ele-1:All FHIR elements must have a @value or children {hasValue() or (children().count() > id.count())}
"
"getreferraloutcome","getreferraloutcome.referralOutcome.referralOutcomeBody.attested.id","getreferraloutcome.referralOutcome.referralOutcomeBody.attested.id","","","",0,1,"","","","string {[]} {[]}
","Unique id for inter-element referencing","Unique id for the element within a resource (for internal references). This may be any string value that does not contain spaces.","","","","","","","","","",,,,,"",,,,"Element.id",0,1,"",""
"getreferraloutcome","getreferraloutcome.referralOutcome.referralOutcomeBody.attested.extension","getreferraloutcome.referralOutcome.referralOutcomeBody.attested.extension","","extensions
user content","",0,*,"","","","Extension {[]} {[]}
","Additional content defined by implementations","May be used to represent additional information that is not part of the basic definition of the element. To make the use of extensions safe and manageable, there is a strict set of governance  applied to the definition and use of extensions. Though any implementer can define an extension, there is a set of requirements that SHALL be met as part of the definition of the extension.","There can be no stigma associated with the use of extensions by any application, project, or standard - regardless of the institution or jurisdiction that uses or defines the extensions.  The use of extensions is what allows the FHIR specification to retain a core level of simplicity for everyone.","","","","","","","","",,,,,"","value:url}
","Extensions are always sliced by (at least) url",,"open","Element.extension",0,*,"","ele-1:All FHIR elements must have a @value or children {hasValue() or (children().count() > id.count())}
ext-1:Must have either extensions or value[x], not both {extension.exists() != value.exists()}"
"getreferraloutcome","getreferraloutcome.referralOutcome.referralOutcomeBody.attested.modifierExtension","getreferraloutcome.referralOutcome.referralOutcomeBody.attested.modifierExtension","","extensions
user contentmodifiers","",0,*,"","Y","Y","Extension {[]} {[]}
","Extensions that cannot be ignored even if unrecognized","May be used to represent additional information that is not part of the basic definition of the element and that modifies the understanding of the element in which it is contained and/or the understanding of the containing element's descendants. Usually modifier elements provide negation or qualification. To make the use of extensions safe and manageable, there is a strict set of governance applied to the definition and use of extensions. Though any implementer can define an extension, there is a set of requirements that SHALL be met as part of the definition of the extension. Applications processing a resource are required to check for modifier extensions.

Modifier extensions SHALL NOT change the meaning of any elements on Resource or DomainResource (including cannot change the meaning of modifierExtension itself).","There can be no stigma associated with the use of extensions by any application, project, or standard - regardless of the institution or jurisdiction that uses or defines the extensions.  The use of extensions is what allows the FHIR specification to retain a core level of simplicity for everyone.","Modifier extensions allow for extensions that *cannot* be safely ignored to be clearly distinguished from the vast majority of extensions which can be safely ignored.  This promotes interoperability by eliminating the need for implementers to prohibit the presence of extensions. For further information, see the [definition of modifier extensions](http://hl7.org/fhir/R4/extensibility.html#modifierExtension).","","","","","","","",,,,,"",,,,"BackboneElement.modifierExtension",0,*,"","ele-1:All FHIR elements must have a @value or children {hasValue() or (children().count() > id.count())}
ext-1:Must have either extensions or value[x], not both {extension.exists() != value.exists()}"
"getreferraloutcome","getreferraloutcome.referralOutcome.referralOutcomeBody.attested.attestedTime","getreferraloutcome.referralOutcome.referralOutcomeBody.attested.attestedTime","","","",1,1,"","","","instant {[]} {[]}
","Tidpunkten för vidimering","Tidpunkten för vidimering
RIV-TA-typ: TimeStampType. Kardinalitet i TKB: 1..1.","","","","","","","","","",,,,,"",,,,"getreferraloutcome.referralOutcome.referralOutcomeBody.attested.attestedTime",1,1,"",""
"getreferraloutcome","getreferraloutcome.referralOutcome.referralOutcomeBody.attested.attesterHSAId","getreferraloutcome.referralOutcome.referralOutcomeBody.attested.attesterHSAId","","","",0,1,"","","","Identifier {[]} {[]}
","HSA-id för person som vidimerat","HSA-id för person som vidimerat
RIV-TA-typ: HSAIdType. Kardinalitet i TKB: 0..1.","","","","","","","","","",,,,,"",,,,"getreferraloutcome.referralOutcome.referralOutcomeBody.attested.attesterHSAId",0,1,"",""
"getreferraloutcome","getreferraloutcome.referralOutcome.referralOutcomeBody.attested.attesterName","getreferraloutcome.referralOutcome.referralOutcomeBody.attested.attesterName","","","",0,1,"","","","string {[]} {[]}
","Namn på person som vidimerat","Namn på person som vidimerat
RIV-TA-typ: string. Kardinalitet i TKB: 0..1.","","","","","","","","","",,,,,"",,,,"getreferraloutcome.referralOutcome.referralOutcomeBody.attested.attesterName",0,1,"",""
"getreferraloutcome","getreferraloutcome.referralOutcome.referralOutcomeBody.referral","getreferraloutcome.referralOutcome.referralOutcomeBody.referral","","","",1,1,"","","","BackboneElement {[]} {[]}
","Information om den vårdbegäran som ligger till grund för svaret","Information om den vårdbegäran som ligger till grund för svaret
RIV-TA-typ: ReferralType. Kardinalitet i TKB: 1..1.","","","","","","","","","",,,,,"",,,,"getreferraloutcome.referralOutcome.referralOutcomeBody.referral",1,1,"","ele-1:All FHIR elements must have a @value or children {hasValue() or (children().count() > id.count())}
"
"getreferraloutcome","getreferraloutcome.referralOutcome.referralOutcomeBody.referral.id","getreferraloutcome.referralOutcome.referralOutcomeBody.referral.id","","","",0,1,"","","","string {[]} {[]}
","Unique id for inter-element referencing","Unique id for the element within a resource (for internal references). This may be any string value that does not contain spaces.","","","","","","","","","",,,,,"",,,,"Element.id",0,1,"",""
"getreferraloutcome","getreferraloutcome.referralOutcome.referralOutcomeBody.referral.extension","getreferraloutcome.referralOutcome.referralOutcomeBody.referral.extension","","extensions
user content","",0,*,"","","","Extension {[]} {[]}
","Additional content defined by implementations","May be used to represent additional information that is not part of the basic definition of the element. To make the use of extensions safe and manageable, there is a strict set of governance  applied to the definition and use of extensions. Though any implementer can define an extension, there is a set of requirements that SHALL be met as part of the definition of the extension.","There can be no stigma associated with the use of extensions by any application, project, or standard - regardless of the institution or jurisdiction that uses or defines the extensions.  The use of extensions is what allows the FHIR specification to retain a core level of simplicity for everyone.","","","","","","","","",,,,,"","value:url}
","Extensions are always sliced by (at least) url",,"open","Element.extension",0,*,"","ele-1:All FHIR elements must have a @value or children {hasValue() or (children().count() > id.count())}
ext-1:Must have either extensions or value[x], not both {extension.exists() != value.exists()}"
"getreferraloutcome","getreferraloutcome.referralOutcome.referralOutcomeBody.referral.modifierExtension","getreferraloutcome.referralOutcome.referralOutcomeBody.referral.modifierExtension","","extensions
user contentmodifiers","",0,*,"","Y","Y","Extension {[]} {[]}
","Extensions that cannot be ignored even if unrecognized","May be used to represent additional information that is not part of the basic definition of the element and that modifies the understanding of the element in which it is contained and/or the understanding of the containing element's descendants. Usually modifier elements provide negation or qualification. To make the use of extensions safe and manageable, there is a strict set of governance applied to the definition and use of extensions. Though any implementer can define an extension, there is a set of requirements that SHALL be met as part of the definition of the extension. Applications processing a resource are required to check for modifier extensions.

Modifier extensions SHALL NOT change the meaning of any elements on Resource or DomainResource (including cannot change the meaning of modifierExtension itself).","There can be no stigma associated with the use of extensions by any application, project, or standard - regardless of the institution or jurisdiction that uses or defines the extensions.  The use of extensions is what allows the FHIR specification to retain a core level of simplicity for everyone.","Modifier extensions allow for extensions that *cannot* be safely ignored to be clearly distinguished from the vast majority of extensions which can be safely ignored.  This promotes interoperability by eliminating the need for implementers to prohibit the presence of extensions. For further information, see the [definition of modifier extensions](http://hl7.org/fhir/R4/extensibility.html#modifierExtension).","","","","","","","",,,,,"",,,,"BackboneElement.modifierExtension",0,*,"","ele-1:All FHIR elements must have a @value or children {hasValue() or (children().count() > id.count())}
ext-1:Must have either extensions or value[x], not both {extension.exists() != value.exists()}"
"getreferraloutcome","getreferraloutcome.referralOutcome.referralOutcomeBody.referral.referralId","getreferraloutcome.referralOutcome.referralOutcomeBody.referral.referralId","","","",1,1,"","","","string {[]} {[]}
","Remissens identitet som är unik inom det lokala avsändade systemet","Remissens identitet som är unik inom det lokala avsändade systemet
RIV-TA-typ: string. Kardinalitet i TKB: 1..1.","","","","","","","","","",,,,,"",,,,"getreferraloutcome.referralOutcome.referralOutcomeBody.referral.referralId",1,1,"",""
"getreferraloutcome","getreferraloutcome.referralOutcome.referralOutcomeBody.referral.referralReason","getreferraloutcome.referralOutcome.referralOutcomeBody.referral.referralReason","","","",1,1,"","","","string {[]} {[]}
","Text som anger aktuell frågeställning.","Text som anger aktuell frågeställning.
RIV-TA-typ: string. Kardinalitet i TKB: 1..1.","","","","","","","","","",,,,,"",,,,"getreferraloutcome.referralOutcome.referralOutcomeBody.referral.referralReason",1,1,"",""
"getreferraloutcome","getreferraloutcome.referralOutcome.referralOutcomeBody.referral.referralTime","getreferraloutcome.referralOutcome.referralOutcomeBody.referral.referralTime","","","",0,1,"","","","instant {[]} {[]}
","Tid då vårdbegäran framställdes.","Tid då vårdbegäran framställdes.
RIV-TA-typ: TimeStampType. Kardinalitet i TKB: 0..1.","","","","","","","","","",,,,,"",,,,"getreferraloutcome.referralOutcome.referralOutcomeBody.referral.referralTime",0,1,"",""
"getreferraloutcome","getreferraloutcome.referralOutcome.referralOutcomeBody.referral.referralAuthor","getreferraloutcome.referralOutcome.referralOutcomeBody.referral.referralAuthor","","","",1,1,"","","","BackboneElement {[]} {[]}
","Information om den hälso- och sjukvårdsperson som framställt vårdbegäran som ligger till grund för svaret, ned","Information om den hälso- och sjukvårdsperson som framställt vårdbegäran som ligger till grund för svaret, nedan kallas författare.
RIV-TA-typ: HealthcareProfessionalType. Kardinalitet i TKB: 1..1.","","","","","","","","","",,,,,"",,,,"getreferraloutcome.referralOutcome.referralOutcomeBody.referral.referralAuthor",1,1,"","ele-1:All FHIR elements must have a @value or children {hasValue() or (children().count() > id.count())}
"
"getreferraloutcome","getreferraloutcome.referralOutcome.referralOutcomeBody.referral.referralAuthor.id","getreferraloutcome.referralOutcome.referralOutcomeBody.referral.referralAuthor.id","","","",0,1,"","","","string {[]} {[]}
","Unique id for inter-element referencing","Unique id for the element within a resource (for internal references). This may be any string value that does not contain spaces.","","","","","","","","","",,,,,"",,,,"Element.id",0,1,"",""
"getreferraloutcome","getreferraloutcome.referralOutcome.referralOutcomeBody.referral.referralAuthor.extension","getreferraloutcome.referralOutcome.referralOutcomeBody.referral.referralAuthor.extension","","extensions
user content","",0,*,"","","","Extension {[]} {[]}
","Additional content defined by implementations","May be used to represent additional information that is not part of the basic definition of the element. To make the use of extensions safe and manageable, there is a strict set of governance  applied to the definition and use of extensions. Though any implementer can define an extension, there is a set of requirements that SHALL be met as part of the definition of the extension.","There can be no stigma associated with the use of extensions by any application, project, or standard - regardless of the institution or jurisdiction that uses or defines the extensions.  The use of extensions is what allows the FHIR specification to retain a core level of simplicity for everyone.","","","","","","","","",,,,,"","value:url}
","Extensions are always sliced by (at least) url",,"open","Element.extension",0,*,"","ele-1:All FHIR elements must have a @value or children {hasValue() or (children().count() > id.count())}
ext-1:Must have either extensions or value[x], not both {extension.exists() != value.exists()}"
"getreferraloutcome","getreferraloutcome.referralOutcome.referralOutcomeBody.referral.referralAuthor.modifierExtension","getreferraloutcome.referralOutcome.referralOutcomeBody.referral.referralAuthor.modifierExtension","","extensions
user contentmodifiers","",0,*,"","Y","Y","Extension {[]} {[]}
","Extensions that cannot be ignored even if unrecognized","May be used to represent additional information that is not part of the basic definition of the element and that modifies the understanding of the element in which it is contained and/or the understanding of the containing element's descendants. Usually modifier elements provide negation or qualification. To make the use of extensions safe and manageable, there is a strict set of governance applied to the definition and use of extensions. Though any implementer can define an extension, there is a set of requirements that SHALL be met as part of the definition of the extension. Applications processing a resource are required to check for modifier extensions.

Modifier extensions SHALL NOT change the meaning of any elements on Resource or DomainResource (including cannot change the meaning of modifierExtension itself).","There can be no stigma associated with the use of extensions by any application, project, or standard - regardless of the institution or jurisdiction that uses or defines the extensions.  The use of extensions is what allows the FHIR specification to retain a core level of simplicity for everyone.","Modifier extensions allow for extensions that *cannot* be safely ignored to be clearly distinguished from the vast majority of extensions which can be safely ignored.  This promotes interoperability by eliminating the need for implementers to prohibit the presence of extensions. For further information, see the [definition of modifier extensions](http://hl7.org/fhir/R4/extensibility.html#modifierExtension).","","","","","","","",,,,,"",,,,"BackboneElement.modifierExtension",0,*,"","ele-1:All FHIR elements must have a @value or children {hasValue() or (children().count() > id.count())}
ext-1:Must have either extensions or value[x], not both {extension.exists() != value.exists()}"
"getreferraloutcome","getreferraloutcome.referralOutcome.referralOutcomeBody.referral.referralAuthor.authorTime","getreferraloutcome.referralOutcome.referralOutcomeBody.referral.referralAuthor.authorTime","","","",1,1,"","","","instant {[]} {[]}
","Tidpunkt då vårdbegäran registrerades i systemet.","Tidpunkt då vårdbegäran registrerades i systemet.
RIV-TA-typ: TimeStampType. Kardinalitet i TKB: 1..1.","","","","","","","","","",,,,,"",,,,"getreferraloutcome.referralOutcome.referralOutcomeBody.referral.referralAuthor.authorTime",1,1,"",""
"getreferraloutcome","getreferraloutcome.referralOutcome.referralOutcomeBody.referral.referralAuthor.healthcareProfessionalHSAId","getreferraloutcome.referralOutcome.referralOutcomeBody.referral.referralAuthor.healthcareProfessionalHSAId","","","",0,1,"","","","Identifier {[]} {[]}
","HSA-id för hälso-och sjukvårdspersonal","HSA-id för hälso-och sjukvårdspersonal. Ska anges om tillgänglig.
RIV-TA-typ: HSAIdType. Kardinalitet i TKB: 0..1.","","","","","","","","","",,,,,"",,,,"getreferraloutcome.referralOutcome.referralOutcomeBody.referral.referralAuthor.healthcareProfessionalHSAId",0,1,"",""
"getreferraloutcome","getreferraloutcome.referralOutcome.referralOutcomeBody.referral.referralAuthor.healthcareProfessionalName","getreferraloutcome.referralOutcome.referralOutcomeBody.referral.referralAuthor.healthcareProfessionalName","","","",0,1,"","","","string {[]} {[]}
","Namn på författaren","Namn på författaren. Om tillgängligt ska detta anges.
RIV-TA-typ: string. Kardinalitet i TKB: 0..1.","","","","","","","","","",,,,,"",,,,"getreferraloutcome.referralOutcome.referralOutcomeBody.referral.referralAuthor.healthcareProfessionalName",0,1,"",""
"getreferraloutcome","getreferraloutcome.referralOutcome.referralOutcomeBody.referral.referralAuthor.healthcareProfessionalRoleCode","getreferraloutcome.referralOutcome.referralOutcomeBody.referral.referralAuthor.healthcareProfessionalRoleCode","","","",0,1,"","","","CodeableConcept {[]} {[]}
","Information om personens befattning","Information om personens befattning. Om möjligt ska KV Befattning (OID 1.2.752.129.2.2.1.4) användas. Se referens [R 5]. Om kodverk saknas anges befattning i originalText.
RIV-TA-typ: CVType. Kardinalitet i TKB: 0..1.
Delelement enligt TKB:
- code (string, 0..1): Befattningskod. Om code anges ska också codeSystem  samt displayName anges.
- codeSystem (string, 0..1): Kodsystem för befattningskod. Om codeSystem anges ska också code samt displayName anges.
- codeSystemName (string, 0..1): Namn på kodsystem för befattningskod.
- codeSystemVersion (string, 0..1): Version på kodsystem för befattningskod.
- displayName (string, 0..1): Befattningskoden i klartext. Om separat displayName inte finns i producerande system ska samma värde som i code anges.
- originalText (string, 0..1): Om befattning är beskriven i ett lokalt kodverk utan OID, eller när kod helt saknas, kan en beskrivande text anges i originalText. Om originalText anges ska inget annat värde i healthcareProfessionalRoleCode anges.","","","","","","","","","",,,,,"",,,,"getreferraloutcome.referralOutcome.referralOutcomeBody.referral.referralAuthor.healthcareProfessionalRoleCode",0,1,"",""
"getreferraloutcome","getreferraloutcome.referralOutcome.referralOutcomeBody.referral.referralAuthor.healthcareProfessionalOrgUnit","getreferraloutcome.referralOutcome.referralOutcomeBody.referral.referralAuthor.healthcareProfessionalOrgUnit","","","",0,1,"","","","BackboneElement {[]} {[]}
","Den organisation som angiven hälso-och sjukvårdsperson är uppdragstagare på","Den organisation som angiven hälso-och sjukvårdsperson är uppdragstagare på. Om tillgängligt ska detta anges.
RIV-TA-typ: OrgUnitType. Kardinalitet i TKB: 0..1.","","","","","","","","","",,,,,"",,,,"getreferraloutcome.referralOutcome.referralOutcomeBody.referral.referralAuthor.healthcareProfessionalOrgUnit",0,1,"","ele-1:All FHIR elements must have a @value or children {hasValue() or (children().count() > id.count())}
"
"getreferraloutcome","getreferraloutcome.referralOutcome.referralOutcomeBody.referral.referralAuthor.healthcareProfessionalOrgUnit.id","getreferraloutcome.referralOutcome.referralOutcomeBody.referral.referralAuthor.healthcareProfessionalOrgUnit.id","","","",0,1,"","","","string {[]} {[]}
","Unique id for inter-element referencing","Unique id for the element within a resource (for internal references). This may be any string value that does not contain spaces.","","","","","","","","","",,,,,"",,,,"Element.id",0,1,"",""
"getreferraloutcome","getreferraloutcome.referralOutcome.referralOutcomeBody.referral.referralAuthor.healthcareProfessionalOrgUnit.extension","getreferraloutcome.referralOutcome.referralOutcomeBody.referral.referralAuthor.healthcareProfessionalOrgUnit.extension","","extensions
user content","",0,*,"","","","Extension {[]} {[]}
","Additional content defined by implementations","May be used to represent additional information that is not part of the basic definition of the element. To make the use of extensions safe and manageable, there is a strict set of governance  applied to the definition and use of extensions. Though any implementer can define an extension, there is a set of requirements that SHALL be met as part of the definition of the extension.","There can be no stigma associated with the use of extensions by any application, project, or standard - regardless of the institution or jurisdiction that uses or defines the extensions.  The use of extensions is what allows the FHIR specification to retain a core level of simplicity for everyone.","","","","","","","","",,,,,"","value:url}
","Extensions are always sliced by (at least) url",,"open","Element.extension",0,*,"","ele-1:All FHIR elements must have a @value or children {hasValue() or (children().count() > id.count())}
ext-1:Must have either extensions or value[x], not both {extension.exists() != value.exists()}"
"getreferraloutcome","getreferraloutcome.referralOutcome.referralOutcomeBody.referral.referralAuthor.healthcareProfessionalOrgUnit.modifierExtension","getreferraloutcome.referralOutcome.referralOutcomeBody.referral.referralAuthor.healthcareProfessionalOrgUnit.modifierExtension","","extensions
user contentmodifiers","",0,*,"","Y","Y","Extension {[]} {[]}
","Extensions that cannot be ignored even if unrecognized","May be used to represent additional information that is not part of the basic definition of the element and that modifies the understanding of the element in which it is contained and/or the understanding of the containing element's descendants. Usually modifier elements provide negation or qualification. To make the use of extensions safe and manageable, there is a strict set of governance applied to the definition and use of extensions. Though any implementer can define an extension, there is a set of requirements that SHALL be met as part of the definition of the extension. Applications processing a resource are required to check for modifier extensions.

Modifier extensions SHALL NOT change the meaning of any elements on Resource or DomainResource (including cannot change the meaning of modifierExtension itself).","There can be no stigma associated with the use of extensions by any application, project, or standard - regardless of the institution or jurisdiction that uses or defines the extensions.  The use of extensions is what allows the FHIR specification to retain a core level of simplicity for everyone.","Modifier extensions allow for extensions that *cannot* be safely ignored to be clearly distinguished from the vast majority of extensions which can be safely ignored.  This promotes interoperability by eliminating the need for implementers to prohibit the presence of extensions. For further information, see the [definition of modifier extensions](http://hl7.org/fhir/R4/extensibility.html#modifierExtension).","","","","","","","",,,,,"",,,,"BackboneElement.modifierExtension",0,*,"","ele-1:All FHIR elements must have a @value or children {hasValue() or (children().count() > id.count())}
ext-1:Must have either extensions or value[x], not both {extension.exists() != value.exists()}"
"getreferraloutcome","getreferraloutcome.referralOutcome.referralOutcomeBody.referral.referralAuthor.healthcareProfessionalOrgUnit.orgUnitHSAId","getreferraloutcome.referralOutcome.referralOutcomeBody.referral.referralAuthor.healthcareProfessionalOrgUnit.orgUnitHSAId","","","",0,1,"","","","Identifier {[]} {[]}
","HSA-id för organisationsenhet","HSA-id för organisationsenhet. Om tillgängligt ska detta anges.
RIV-TA-typ: HSAIdType. Kardinalitet i TKB: 0..1.","","","","","","","","","",,,,,"",,,,"getreferraloutcome.referralOutcome.referralOutcomeBody.referral.referralAuthor.healthcareProfessionalOrgUnit.orgUnitHSAId",0,1,"",""
"getreferraloutcome","getreferraloutcome.referralOutcome.referralOutcomeBody.referral.referralAuthor.healthcareProfessionalOrgUnit.orgUnitName","getreferraloutcome.referralOutcome.referralOutcomeBody.referral.referralAuthor.healthcareProfessionalOrgUnit.orgUnitName","","","",0,1,"","","","string {[]} {[]}
","Namn på organisationsenhet (TKB: orgUnitname)","Namn på organisationsenhet. Om tillgängligt ska detta anges.
RIV-TA-typ: string. Kardinalitet i TKB: 0..1.","","","","","","","","","",,,,,"",,,,"getreferraloutcome.referralOutcome.referralOutcomeBody.referral.referralAuthor.healthcareProfessionalOrgUnit.orgUnitName",0,1,"",""
"getreferraloutcome","getreferraloutcome.referralOutcome.referralOutcomeBody.referral.referralAuthor.healthcareProfessionalOrgUnit.orgUnitTelecom","getreferraloutcome.referralOutcome.referralOutcomeBody.referral.referralAuthor.healthcareProfessionalOrgUnit.orgUnitTelecom","","","",0,1,"","","","string {[]} {[]}
","Telefon till organisationsenhet","Telefon till organisationsenhet
RIV-TA-typ: string. Kardinalitet i TKB: 0..1.","","","","","","","","","",,,,,"",,,,"getreferraloutcome.referralOutcome.referralOutcomeBody.referral.referralAuthor.healthcareProfessionalOrgUnit.orgUnitTelecom",0,1,"",""
"getreferraloutcome","getreferraloutcome.referralOutcome.referralOutcomeBody.referral.referralAuthor.healthcareProfessionalOrgUnit.orgUnitEmail","getreferraloutcome.referralOutcome.referralOutcomeBody.referral.referralAuthor.healthcareProfessionalOrgUnit.orgUnitEmail","","","",0,1,"","","","string {[]} {[]}
","Epost till organisationsenhet.","Epost till organisationsenhet.
RIV-TA-typ: string. Kardinalitet i TKB: 0..1.","","","","","","","","","",,,,,"",,,,"getreferraloutcome.referralOutcome.referralOutcomeBody.referral.referralAuthor.healthcareProfessionalOrgUnit.orgUnitEmail",0,1,"",""
"getreferraloutcome","getreferraloutcome.referralOutcome.referralOutcomeBody.referral.referralAuthor.healthcareProfessionalOrgUnit.orgUnitAddress","getreferraloutcome.referralOutcome.referralOutcomeBody.referral.referralAuthor.healthcareProfessionalOrgUnit.orgUnitAddress","","","",0,1,"","","","string {[]} {[]}
","Postadress till organisationsenhet","Postadress till organisationsenhet. Skrivs på ett så naturligt sätt som möjligt, exempelvis: / ”Storgatan 12 / 468 91 Lilleby”
RIV-TA-typ: string. Kardinalitet i TKB: 0..1.","","","","","","","","","",,,,,"",,,,"getreferraloutcome.referralOutcome.referralOutcomeBody.referral.referralAuthor.healthcareProfessionalOrgUnit.orgUnitAddress",0,1,"",""
"getreferraloutcome","getreferraloutcome.referralOutcome.referralOutcomeBody.referral.referralAuthor.healthcareProfessionalOrgUnit.orgUnitLocation","getreferraloutcome.referralOutcome.referralOutcomeBody.referral.referralAuthor.healthcareProfessionalOrgUnit.orgUnitLocation","","","",0,1,"","","","string {[]} {[]}
","Text som anger namnet på plats eller ort för organisationens fysiska placering","Text som anger namnet på plats eller ort för organisationens fysiska placering
RIV-TA-typ: string. Kardinalitet i TKB: 0..1.","","","","","","","","","",,,,,"",,,,"getreferraloutcome.referralOutcome.referralOutcomeBody.referral.referralAuthor.healthcareProfessionalOrgUnit.orgUnitLocation",0,1,"",""
"getreferraloutcome","getreferraloutcome.referralOutcome.referralOutcomeBody.referral.referralAuthor.healthcareProfessionalCareUnitHSAId","getreferraloutcome.referralOutcome.referralOutcomeBody.referral.referralAuthor.healthcareProfessionalCareUnitHSAId","","","",0,0,"","","","string {[]} {[]}
","Ska ej anges.","Ska ej anges.
RIV-TA-typ: (ej angiven). Kardinalitet i TKB: 0..0.","","","","","","","","","",,,,,"",,,,"getreferraloutcome.referralOutcome.referralOutcomeBody.referral.referralAuthor.healthcareProfessionalCareUnitHSAId",0,0,"",""
"getreferraloutcome","getreferraloutcome.referralOutcome.referralOutcomeBody.referral.referralAuthor.healthcareProfessionalCareGiverHSAId","getreferraloutcome.referralOutcome.referralOutcomeBody.referral.referralAuthor.healthcareProfessionalCareGiverHSAId","","","",0,0,"","","","string {[]} {[]}
","Ska ej anges.","Ska ej anges.
RIV-TA-typ: (ej angiven). Kardinalitet i TKB: 0..0.","","","","","","","","","",,,,,"",,,,"getreferraloutcome.referralOutcome.referralOutcomeBody.referral.referralAuthor.healthcareProfessionalCareGiverHSAId",0,0,"",""
"getreferraloutcome","getreferraloutcome.referralOutcome.referralOutcomeBody.referral.careContactId","getreferraloutcome.referralOutcome.referralOutcomeBody.referral.careContactId","","","",0,1,"","","","string {[]} {[]}
","Identitet för den hälso-och sjukvårdskontakt som föranlett den information som omfattas av dokumentet","Identitet för den hälso-och sjukvårdskontakt som föranlett den information som omfattas av dokumentet. Identiteten är unik inom källsystemet. Detta ID kan användas för att genom tjänstekontaktet GetCareContacts (annan tjänstedomän) hämta kompletterandekontaktinformation.
RIV-TA-typ: string. Kardinalitet i TKB: 0..1.","","","","","","","","","",,,,,"",,,,"getreferraloutcome.referralOutcome.referralOutcomeBody.referral.careContactId",0,1,"",""
"getreferraloutcome","getreferraloutcome.result","getreferraloutcome.result","","","",1,1,"","","","BackboneElement {[]} {[]}
","Innehåller information om begäran gick bra eller ej.","Innehåller information om begäran gick bra eller ej.
RIV-TA-typ: ResultType. Kardinalitet i TKB: 1..1.","","","","","","","","","",,,,,"",,,,"getreferraloutcome.result",1,1,"","ele-1:All FHIR elements must have a @value or children {hasValue() or (children().count() > id.count())}
"
"getreferraloutcome","getreferraloutcome.result.id","getreferraloutcome.result.id","","","",0,1,"","","","string {[]} {[]}
","Unique id for inter-element referencing","Unique id for the element within a resource (for internal references). This may be any string value that does not contain spaces.","","","","","","","","","",,,,,"",,,,"Element.id",0,1,"",""
"getreferraloutcome","getreferraloutcome.result.extension","getreferraloutcome.result.extension","","extensions
user content","",0,*,"","","","Extension {[]} {[]}
","Additional content defined by implementations","May be used to represent additional information that is not part of the basic definition of the element. To make the use of extensions safe and manageable, there is a strict set of governance  applied to the definition and use of extensions. Though any implementer can define an extension, there is a set of requirements that SHALL be met as part of the definition of the extension.","There can be no stigma associated with the use of extensions by any application, project, or standard - regardless of the institution or jurisdiction that uses or defines the extensions.  The use of extensions is what allows the FHIR specification to retain a core level of simplicity for everyone.","","","","","","","","",,,,,"","value:url}
","Extensions are always sliced by (at least) url",,"open","Element.extension",0,*,"","ele-1:All FHIR elements must have a @value or children {hasValue() or (children().count() > id.count())}
ext-1:Must have either extensions or value[x], not both {extension.exists() != value.exists()}"
"getreferraloutcome","getreferraloutcome.result.modifierExtension","getreferraloutcome.result.modifierExtension","","extensions
user contentmodifiers","",0,*,"","Y","Y","Extension {[]} {[]}
","Extensions that cannot be ignored even if unrecognized","May be used to represent additional information that is not part of the basic definition of the element and that modifies the understanding of the element in which it is contained and/or the understanding of the containing element's descendants. Usually modifier elements provide negation or qualification. To make the use of extensions safe and manageable, there is a strict set of governance applied to the definition and use of extensions. Though any implementer can define an extension, there is a set of requirements that SHALL be met as part of the definition of the extension. Applications processing a resource are required to check for modifier extensions.

Modifier extensions SHALL NOT change the meaning of any elements on Resource or DomainResource (including cannot change the meaning of modifierExtension itself).","There can be no stigma associated with the use of extensions by any application, project, or standard - regardless of the institution or jurisdiction that uses or defines the extensions.  The use of extensions is what allows the FHIR specification to retain a core level of simplicity for everyone.","Modifier extensions allow for extensions that *cannot* be safely ignored to be clearly distinguished from the vast majority of extensions which can be safely ignored.  This promotes interoperability by eliminating the need for implementers to prohibit the presence of extensions. For further information, see the [definition of modifier extensions](http://hl7.org/fhir/R4/extensibility.html#modifierExtension).","","","","","","","",,,,,"",,,,"BackboneElement.modifierExtension",0,*,"","ele-1:All FHIR elements must have a @value or children {hasValue() or (children().count() > id.count())}
ext-1:Must have either extensions or value[x], not both {extension.exists() != value.exists()}"
"getreferraloutcome","getreferraloutcome.result.resultCode","getreferraloutcome.result.resultCode","","","",1,1,"","","","code {[]} {[]}
","Kan endast vara OK, INFO eller ERROR","Kan endast vara OK, INFO eller ERROR
RIV-TA-typ: ResultCodeEnum. Kardinalitet i TKB: 1..1.","","","","","","","","","",,"required","","https://fhir.inera.se/ig/clinicalprocess-healthcond-actoutcome/ValueSet/resultcode-vs","",,,,"getreferraloutcome.result.resultCode",1,1,"",""
"getreferraloutcome","getreferraloutcome.result.errorCode","getreferraloutcome.result.errorCode","","","",0,1,"","","","code {[]} {[]}
","Sätts endast om resultCode är ERROR, se kapitel 4.4 för mer information.","Sätts endast om resultCode är ERROR, se kapitel 4.4 för mer information.
RIV-TA-typ: ErrorCodeEnum. Kardinalitet i TKB: 0..1.","","","","","","","","","",,"required","","https://fhir.inera.se/ig/clinicalprocess-healthcond-actoutcome/ValueSet/errorcode-vs","",,,,"getreferraloutcome.result.errorCode",0,1,"",""
"getreferraloutcome","getreferraloutcome.result.subCode","getreferraloutcome.result.subCode","","","",0,1,"","","","string {[]} {[]}
","Inga subkoder är specificerade. (TKB: subcode)","Inga subkoder är specificerade.
RIV-TA-typ: string. Kardinalitet i TKB: 0..1.","","","","","","","","","",,,,,"",,,,"getreferraloutcome.result.subCode",0,1,"",""
"getreferraloutcome","getreferraloutcome.result.logId","getreferraloutcome.result.logId","","","",1,1,"","","","string {[]} {[]}
","En UUID som kan användas vid felanmälan för att användas vid felsökning av producent.","En UUID som kan användas vid felanmälan för att användas vid felsökning av producent.
RIV-TA-typ: string. Kardinalitet i TKB: 1..1.","","","","","","","","","",,,,,"",,,,"getreferraloutcome.result.logId",1,1,"",""
"getreferraloutcome","getreferraloutcome.result.message","getreferraloutcome.result.message","","","",0,1,"","","","string {[]} {[]}
","En beskrivande text som kan visas för användaren.","En beskrivande text som kan visas för användaren.
RIV-TA-typ: string. Kardinalitet i TKB: 0..1.","","","","","","","","","",,,,,"",,,,"getreferraloutcome.result.message",0,1,"",""
