"Id","Path","Slice Name","Alias(s)","Label","Min","Max","Must Support?","Is Modifier?","Is Summary?","Type(s)","Short","Definition","Comments","Requirements","Default Value","Meaning When Missing","Fixed Value","Pattern","Example","Minimum Value","Maximum Value","Maximum Length","Binding Strength","Binding Description","Binding Value Set","Code","Slicing Discriminator","Slicing Description","Slicing Ordered","Slicing Rules","Base Path","Base Min","Base Max","Condition(s)","Constraint(s)"
"getmaternitymedicalhistory","getmaternitymedicalhistory","","","",0,*,"","","","null {[]} {[]}
","GetMaternityMedicalHistory","Logisk modell för tjänstekontraktet GetMaternityMedicalHistory 2.0
(RIV-TA urn:riv:clinicalprocess:healthcond:actoutcome:GetMaternityMedicalHistoryResponder:2).
Representerar svarets (response) informationsstruktur enligt fältreglerna i TKB 3.1.10, avsnitt 7.2.","","","","","","","","","",,,,,"",,,,"Base",0,*,"",""
"getmaternitymedicalhistory.maternityMedicalRecord","getmaternitymedicalhistory.maternityMedicalRecord","","","",0,*,"","","","BackboneElement {[]} {[]}
","En moders mödravårdsjournal.","En moders mödravårdsjournal.
RIV-TA-typ: MaternityMedicalRecordType. Kardinalitet i TKB: 0..*.","","","","","","","","","",,,,,"",,,,"getmaternitymedicalhistory.maternityMedicalRecord",0,*,"","ele-1:All FHIR elements must have a @value or children {hasValue() or (children().count() > id.count())}
"
"getmaternitymedicalhistory.maternityMedicalRecord.id","getmaternitymedicalhistory.maternityMedicalRecord.id","","","",0,1,"","","","string {[]} {[]}
","Unique id for inter-element referencing","Unique id for the element within a resource (for internal references). This may be any string value that does not contain spaces.","","","","","","","","","",,,,,"",,,,"Element.id",0,1,"",""
"getmaternitymedicalhistory.maternityMedicalRecord.extension","getmaternitymedicalhistory.maternityMedicalRecord.extension","","extensions
user content","",0,*,"","","","Extension {[]} {[]}
","Additional content defined by implementations","May be used to represent additional information that is not part of the basic definition of the element. To make the use of extensions safe and manageable, there is a strict set of governance  applied to the definition and use of extensions. Though any implementer can define an extension, there is a set of requirements that SHALL be met as part of the definition of the extension.","There can be no stigma associated with the use of extensions by any application, project, or standard - regardless of the institution or jurisdiction that uses or defines the extensions.  The use of extensions is what allows the FHIR specification to retain a core level of simplicity for everyone.","","","","","","","","",,,,,"","value:url}
","Extensions are always sliced by (at least) url",,"open","Element.extension",0,*,"","ele-1:All FHIR elements must have a @value or children {hasValue() or (children().count() > id.count())}
ext-1:Must have either extensions or value[x], not both {extension.exists() != value.exists()}"
"getmaternitymedicalhistory.maternityMedicalRecord.modifierExtension","getmaternitymedicalhistory.maternityMedicalRecord.modifierExtension","","extensions
user contentmodifiers","",0,*,"","Y","Y","Extension {[]} {[]}
","Extensions that cannot be ignored even if unrecognized","May be used to represent additional information that is not part of the basic definition of the element and that modifies the understanding of the element in which it is contained and/or the understanding of the containing element's descendants. Usually modifier elements provide negation or qualification. To make the use of extensions safe and manageable, there is a strict set of governance applied to the definition and use of extensions. Though any implementer can define an extension, there is a set of requirements that SHALL be met as part of the definition of the extension. Applications processing a resource are required to check for modifier extensions.

Modifier extensions SHALL NOT change the meaning of any elements on Resource or DomainResource (including cannot change the meaning of modifierExtension itself).","There can be no stigma associated with the use of extensions by any application, project, or standard - regardless of the institution or jurisdiction that uses or defines the extensions.  The use of extensions is what allows the FHIR specification to retain a core level of simplicity for everyone.","Modifier extensions allow for extensions that *cannot* be safely ignored to be clearly distinguished from the vast majority of extensions which can be safely ignored.  This promotes interoperability by eliminating the need for implementers to prohibit the presence of extensions. For further information, see the [definition of modifier extensions](http://hl7.org/fhir/R4/extensibility.html#modifierExtension).","","","","","","","",,,,,"",,,,"BackboneElement.modifierExtension",0,*,"","ele-1:All FHIR elements must have a @value or children {hasValue() or (children().count() > id.count())}
ext-1:Must have either extensions or value[x], not both {extension.exists() != value.exists()}"
"getmaternitymedicalhistory.maternityMedicalRecord.maternityMedicalRecordHeader","getmaternitymedicalhistory.maternityMedicalRecord.maternityMedicalRecordHeader","","","",1,1,"","","","BackboneElement {[]} {[]}
","Innehåller basinformation om dokumentet.","Innehåller basinformation om dokumentet.
RIV-TA-typ: PatientSummaryHeaderType. Kardinalitet i TKB: 1..1.","","","","","","","","","",,,,,"",,,,"getmaternitymedicalhistory.maternityMedicalRecord.maternityMedicalRecordHeader",1,1,"","ele-1:All FHIR elements must have a @value or children {hasValue() or (children().count() > id.count())}
"
"getmaternitymedicalhistory.maternityMedicalRecord.maternityMedicalRecordHeader.id","getmaternitymedicalhistory.maternityMedicalRecord.maternityMedicalRecordHeader.id","","","",0,1,"","","","string {[]} {[]}
","Unique id for inter-element referencing","Unique id for the element within a resource (for internal references). This may be any string value that does not contain spaces.","","","","","","","","","",,,,,"",,,,"Element.id",0,1,"",""
"getmaternitymedicalhistory.maternityMedicalRecord.maternityMedicalRecordHeader.extension","getmaternitymedicalhistory.maternityMedicalRecord.maternityMedicalRecordHeader.extension","","extensions
user content","",0,*,"","","","Extension {[]} {[]}
","Additional content defined by implementations","May be used to represent additional information that is not part of the basic definition of the element. To make the use of extensions safe and manageable, there is a strict set of governance  applied to the definition and use of extensions. Though any implementer can define an extension, there is a set of requirements that SHALL be met as part of the definition of the extension.","There can be no stigma associated with the use of extensions by any application, project, or standard - regardless of the institution or jurisdiction that uses or defines the extensions.  The use of extensions is what allows the FHIR specification to retain a core level of simplicity for everyone.","","","","","","","","",,,,,"","value:url}
","Extensions are always sliced by (at least) url",,"open","Element.extension",0,*,"","ele-1:All FHIR elements must have a @value or children {hasValue() or (children().count() > id.count())}
ext-1:Must have either extensions or value[x], not both {extension.exists() != value.exists()}"
"getmaternitymedicalhistory.maternityMedicalRecord.maternityMedicalRecordHeader.modifierExtension","getmaternitymedicalhistory.maternityMedicalRecord.maternityMedicalRecordHeader.modifierExtension","","extensions
user contentmodifiers","",0,*,"","Y","Y","Extension {[]} {[]}
","Extensions that cannot be ignored even if unrecognized","May be used to represent additional information that is not part of the basic definition of the element and that modifies the understanding of the element in which it is contained and/or the understanding of the containing element's descendants. Usually modifier elements provide negation or qualification. To make the use of extensions safe and manageable, there is a strict set of governance applied to the definition and use of extensions. Though any implementer can define an extension, there is a set of requirements that SHALL be met as part of the definition of the extension. Applications processing a resource are required to check for modifier extensions.

Modifier extensions SHALL NOT change the meaning of any elements on Resource or DomainResource (including cannot change the meaning of modifierExtension itself).","There can be no stigma associated with the use of extensions by any application, project, or standard - regardless of the institution or jurisdiction that uses or defines the extensions.  The use of extensions is what allows the FHIR specification to retain a core level of simplicity for everyone.","Modifier extensions allow for extensions that *cannot* be safely ignored to be clearly distinguished from the vast majority of extensions which can be safely ignored.  This promotes interoperability by eliminating the need for implementers to prohibit the presence of extensions. For further information, see the [definition of modifier extensions](http://hl7.org/fhir/R4/extensibility.html#modifierExtension).","","","","","","","",,,,,"",,,,"BackboneElement.modifierExtension",0,*,"","ele-1:All FHIR elements must have a @value or children {hasValue() or (children().count() > id.count())}
ext-1:Must have either extensions or value[x], not both {extension.exists() != value.exists()}"
"getmaternitymedicalhistory.maternityMedicalRecord.maternityMedicalRecordHeader.documentId","getmaternitymedicalhistory.maternityMedicalRecord.maternityMedicalRecordHeader.documentId","","","",1,1,"","","","string {[]} {[]}
","Dokumentets identitet som är unik inom källsystemet","Dokumentets identitet som är unik inom källsystemet. / Identifieraren ska vara konsistent och beständigt mellan olika majorversioner av ett kontrakt. Ett exempel på detta är att en vårdkontakt ska ha samma identifierare i majorversion 3 och 4 av ett tjänstekontrakt för att läsa vårdkontakter. / Identifieraren ska vara konsistent och beständigt mellan olika kontrakt. Ett exempel på detta är att samma remiss-identitet ska användas i ett tjänstekontrakt för att läsa remisser, samt tjänstekontraktet som läser remissvar som refererar till den ursprungliga remissen.
RIV-TA-typ: string. Kardinalitet i TKB: 1..1.","","","","","","","","","",,,,,"",,,,"getmaternitymedicalhistory.maternityMedicalRecord.maternityMedicalRecordHeader.documentId",1,1,"",""
"getmaternitymedicalhistory.maternityMedicalRecord.maternityMedicalRecordHeader.sourceSystemHSAId","getmaternitymedicalhistory.maternityMedicalRecord.maternityMedicalRecordHeader.sourceSystemHSAId","","","",1,1,"","","","Identifier {[]} {[]}
","HSAid för det system som dokumentet är skapat i.","HSAid för det system som dokumentet är skapat i.
RIV-TA-typ: HSAIdType. Kardinalitet i TKB: 1..1.","","","","","","","","","",,,,,"",,,,"getmaternitymedicalhistory.maternityMedicalRecord.maternityMedicalRecordHeader.sourceSystemHSAId",1,1,"",""
"getmaternitymedicalhistory.maternityMedicalRecord.maternityMedicalRecordHeader.documentTitle","getmaternitymedicalhistory.maternityMedicalRecord.maternityMedicalRecordHeader.documentTitle","","","",0,1,"","","","string {[]} {[]}
","Titel som beskriver den information som sänds i dokumentet.","Titel som beskriver den information som sänds i dokumentet.
RIV-TA-typ: string. Kardinalitet i TKB: 0..1.","","","","","","","","","",,,,,"",,,,"getmaternitymedicalhistory.maternityMedicalRecord.maternityMedicalRecordHeader.documentTitle",0,1,"",""
"getmaternitymedicalhistory.maternityMedicalRecord.maternityMedicalRecordHeader.documentTime","getmaternitymedicalhistory.maternityMedicalRecord.maternityMedicalRecordHeader.documentTime","","","",1,1,"","","","instant {[]} {[]}
","Första tidpunkten då denna journalinformation skapades hos tjänsteproducenten.","Första tidpunkten då denna journalinformation skapades hos tjänsteproducenten.
RIV-TA-typ: TimeStampType. Kardinalitet i TKB: 1..1.","","","","","","","","","",,,,,"",,,,"getmaternitymedicalhistory.maternityMedicalRecord.maternityMedicalRecordHeader.documentTime",1,1,"",""
"getmaternitymedicalhistory.maternityMedicalRecord.maternityMedicalRecordHeader.patientId","getmaternitymedicalhistory.maternityMedicalRecord.maternityMedicalRecordHeader.patientId","","","",1,1,"","","","Identifier {[]} {[]}
","Id för modern","Id för modern. / id sätts till patientens identifierare, anges med 12 siffror utan avskiljare. / Type sätts till OID för typ av identifierare. / För personnummer ska Skatteverkets personnummer (1.2.752.129.2.1.3.1). / För samordningsnummer ska Skatteverkets samordningsnummer (1.2.752.129.2.1.3.3). / För reservnummer används lokalt definierade reservnummet, exempelvis SLL reservnummer (1.2.752.97.3.1.3)
RIV-TA-typ: PersonIdType. Kardinalitet i TKB: 1..1.
Delelement enligt TKB:
- id (string, 1..1): Sätts till moderns identifierare. Anges med 12 tecken utan avskiljare.
- type (string, 1..1): type sätts till OID för typ av identifierare. / För personnummer ska Skatteverkets personnummer (1.2.752.129.2.1.3.1). / För samordningsnummer ska Skatteverkets samordningsnummer (1.2.752.129.2.1.3.3). / För reservnummer används lokalt definierade reservnummet, exempelvis SLL reservnummer (1.2.752.97.3.1.3).","","","","","","","","","",,,,,"",,,,"getmaternitymedicalhistory.maternityMedicalRecord.maternityMedicalRecordHeader.patientId",1,1,"",""
"getmaternitymedicalhistory.maternityMedicalRecord.maternityMedicalRecordHeader.accountableHealthcareProfessional","getmaternitymedicalhistory.maternityMedicalRecord.maternityMedicalRecordHeader.accountableHealthcareProfessional","","","",1,1,"","","","BackboneElement {[]} {[]}
","Information om den hälso- och sjukvårdsperson som skapat informationen i dokumentet, nedan kallas författare","Information om den hälso- och sjukvårdsperson som skapat informationen i dokumentet, nedan kallas författare. Vid uppdatering av tidigare skapade dokument avses den hälso- och sjukvårdsperson som senast uppdaterade informationen.
RIV-TA-typ: HealthcareProfessionalType. Kardinalitet i TKB: 1..1.","","","","","","","","","",,,,,"",,,,"getmaternitymedicalhistory.maternityMedicalRecord.maternityMedicalRecordHeader.accountableHealthcareProfessional",1,1,"","ele-1:All FHIR elements must have a @value or children {hasValue() or (children().count() > id.count())}
"
"getmaternitymedicalhistory.maternityMedicalRecord.maternityMedicalRecordHeader.accountableHealthcareProfessional.id","getmaternitymedicalhistory.maternityMedicalRecord.maternityMedicalRecordHeader.accountableHealthcareProfessional.id","","","",0,1,"","","","string {[]} {[]}
","Unique id for inter-element referencing","Unique id for the element within a resource (for internal references). This may be any string value that does not contain spaces.","","","","","","","","","",,,,,"",,,,"Element.id",0,1,"",""
"getmaternitymedicalhistory.maternityMedicalRecord.maternityMedicalRecordHeader.accountableHealthcareProfessional.extension","getmaternitymedicalhistory.maternityMedicalRecord.maternityMedicalRecordHeader.accountableHealthcareProfessional.extension","","extensions
user content","",0,*,"","","","Extension {[]} {[]}
","Additional content defined by implementations","May be used to represent additional information that is not part of the basic definition of the element. To make the use of extensions safe and manageable, there is a strict set of governance  applied to the definition and use of extensions. Though any implementer can define an extension, there is a set of requirements that SHALL be met as part of the definition of the extension.","There can be no stigma associated with the use of extensions by any application, project, or standard - regardless of the institution or jurisdiction that uses or defines the extensions.  The use of extensions is what allows the FHIR specification to retain a core level of simplicity for everyone.","","","","","","","","",,,,,"","value:url}
","Extensions are always sliced by (at least) url",,"open","Element.extension",0,*,"","ele-1:All FHIR elements must have a @value or children {hasValue() or (children().count() > id.count())}
ext-1:Must have either extensions or value[x], not both {extension.exists() != value.exists()}"
"getmaternitymedicalhistory.maternityMedicalRecord.maternityMedicalRecordHeader.accountableHealthcareProfessional.modifierExtension","getmaternitymedicalhistory.maternityMedicalRecord.maternityMedicalRecordHeader.accountableHealthcareProfessional.modifierExtension","","extensions
user contentmodifiers","",0,*,"","Y","Y","Extension {[]} {[]}
","Extensions that cannot be ignored even if unrecognized","May be used to represent additional information that is not part of the basic definition of the element and that modifies the understanding of the element in which it is contained and/or the understanding of the containing element's descendants. Usually modifier elements provide negation or qualification. To make the use of extensions safe and manageable, there is a strict set of governance applied to the definition and use of extensions. Though any implementer can define an extension, there is a set of requirements that SHALL be met as part of the definition of the extension. Applications processing a resource are required to check for modifier extensions.

Modifier extensions SHALL NOT change the meaning of any elements on Resource or DomainResource (including cannot change the meaning of modifierExtension itself).","There can be no stigma associated with the use of extensions by any application, project, or standard - regardless of the institution or jurisdiction that uses or defines the extensions.  The use of extensions is what allows the FHIR specification to retain a core level of simplicity for everyone.","Modifier extensions allow for extensions that *cannot* be safely ignored to be clearly distinguished from the vast majority of extensions which can be safely ignored.  This promotes interoperability by eliminating the need for implementers to prohibit the presence of extensions. For further information, see the [definition of modifier extensions](http://hl7.org/fhir/R4/extensibility.html#modifierExtension).","","","","","","","",,,,,"",,,,"BackboneElement.modifierExtension",0,*,"","ele-1:All FHIR elements must have a @value or children {hasValue() or (children().count() > id.count())}
ext-1:Must have either extensions or value[x], not both {extension.exists() != value.exists()}"
"getmaternitymedicalhistory.maternityMedicalRecord.maternityMedicalRecordHeader.accountableHealthcareProfessional.authorTime","getmaternitymedicalhistory.maternityMedicalRecord.maternityMedicalRecordHeader.accountableHealthcareProfessional.authorTime","","","",1,1,"","","","instant {[]} {[]}
","Tidpunkt vid vilken journalinformationen skapades eller senast uppdaterades hos tjänsteproducenten","Tidpunkt vid vilken journalinformationen skapades eller senast uppdaterades hos tjänsteproducenten. I de fall då journalinformationen skapats i ett annat informationssystem (t.ex. laboratoriesystem eller annan remittents journalsystem) är det tidpunkten då journalinformationen ursprungligen skapades som ska anges.
RIV-TA-typ: TimeStampType. Kardinalitet i TKB: 1..1.","","","","","","","","","",,,,,"",,,,"getmaternitymedicalhistory.maternityMedicalRecord.maternityMedicalRecordHeader.accountableHealthcareProfessional.authorTime",1,1,"",""
"getmaternitymedicalhistory.maternityMedicalRecord.maternityMedicalRecordHeader.accountableHealthcareProfessional.healthcareProfessionalHSAId","getmaternitymedicalhistory.maternityMedicalRecord.maternityMedicalRecordHeader.accountableHealthcareProfessional.healthcareProfessionalHSAId","","","",1,1,"","","","Identifier {[]} {[]}
","Författarens HSA-id.","Författarens HSA-id.
RIV-TA-typ: HSAIdType. Kardinalitet i TKB: 1..1.","","","","","","","","","",,,,,"",,,,"getmaternitymedicalhistory.maternityMedicalRecord.maternityMedicalRecordHeader.accountableHealthcareProfessional.healthcareProfessionalHSAId",1,1,"",""
"getmaternitymedicalhistory.maternityMedicalRecord.maternityMedicalRecordHeader.accountableHealthcareProfessional.healthcareProfessionalName","getmaternitymedicalhistory.maternityMedicalRecord.maternityMedicalRecordHeader.accountableHealthcareProfessional.healthcareProfessionalName","","","",0,1,"","","","string {[]} {[]}
","Författarens namn.","Författarens namn.
RIV-TA-typ: string. Kardinalitet i TKB: 0..1.","","","","","","","","","",,,,,"",,,,"getmaternitymedicalhistory.maternityMedicalRecord.maternityMedicalRecordHeader.accountableHealthcareProfessional.healthcareProfessionalName",0,1,"",""
"getmaternitymedicalhistory.maternityMedicalRecord.maternityMedicalRecordHeader.accountableHealthcareProfessional.healthcareProfessionalRoleCode","getmaternitymedicalhistory.maternityMedicalRecord.maternityMedicalRecordHeader.accountableHealthcareProfessional.healthcareProfessionalRoleCode","","","",0,1,"","","","CodeableConcept {[]} {[]}
","Information om författarens befattning","Information om författarens befattning. Om möjligt ska KV Befattning (OID 1.2.752.129.2.2.1.4), se referens [R 5]. Om kodverk saknas anges befattning i originalText.
RIV-TA-typ: CVType. Kardinalitet i TKB: 0..1.
Delelement enligt TKB:
- code (string, 0..1): Befattningskod. Om code anges ska också codeSystem samt displayName anges.
- codeSystem (string, 0..1): Kodsystem för befattningskod. Om codeSystem anges ska också code samt displayName anges.
- codeSystemName (string, 0..1): Namn på kodsystem för befattningskod.
- codeSystemVersion (string, 0..1): Version på kodsystem för befattningskod.
- displayName (string, 0..1): Befattningskoden i klartext. Om separat displayName inte finns i producerande system ska samma värde som i code anges.
- originalText (string, 0..1): Om befattning är beskriven i ett lokalt kodverk utan OID, eller när kod helt saknas, kan en beskrivande text anges i originalText. / Om originalText anges ska inget annat värde i healthcareProfessionalRoleCode anges.","","","","","","","","","",,,,,"",,,,"getmaternitymedicalhistory.maternityMedicalRecord.maternityMedicalRecordHeader.accountableHealthcareProfessional.healthcareProfessionalRoleCode",0,1,"",""
"getmaternitymedicalhistory.maternityMedicalRecord.maternityMedicalRecordHeader.accountableHealthcareProfessional.healthcareProfessionalOrgUnit","getmaternitymedicalhistory.maternityMedicalRecord.maternityMedicalRecordHeader.accountableHealthcareProfessional.healthcareProfessionalOrgUnit","","","",0,1,"","","","BackboneElement {[]} {[]}
","Den organisation som författaren är uppdragstagare på.","Den organisation som författaren är uppdragstagare på.
RIV-TA-typ: OrgUnitType. Kardinalitet i TKB: 0..1.","","","","","","","","","",,,,,"",,,,"getmaternitymedicalhistory.maternityMedicalRecord.maternityMedicalRecordHeader.accountableHealthcareProfessional.healthcareProfessionalOrgUnit",0,1,"","ele-1:All FHIR elements must have a @value or children {hasValue() or (children().count() > id.count())}
"
"getmaternitymedicalhistory.maternityMedicalRecord.maternityMedicalRecordHeader.accountableHealthcareProfessional.healthcareProfessionalOrgUnit.id","getmaternitymedicalhistory.maternityMedicalRecord.maternityMedicalRecordHeader.accountableHealthcareProfessional.healthcareProfessionalOrgUnit.id","","","",0,1,"","","","string {[]} {[]}
","Unique id for inter-element referencing","Unique id for the element within a resource (for internal references). This may be any string value that does not contain spaces.","","","","","","","","","",,,,,"",,,,"Element.id",0,1,"",""
"getmaternitymedicalhistory.maternityMedicalRecord.maternityMedicalRecordHeader.accountableHealthcareProfessional.healthcareProfessionalOrgUnit.extension","getmaternitymedicalhistory.maternityMedicalRecord.maternityMedicalRecordHeader.accountableHealthcareProfessional.healthcareProfessionalOrgUnit.extension","","extensions
user content","",0,*,"","","","Extension {[]} {[]}
","Additional content defined by implementations","May be used to represent additional information that is not part of the basic definition of the element. To make the use of extensions safe and manageable, there is a strict set of governance  applied to the definition and use of extensions. Though any implementer can define an extension, there is a set of requirements that SHALL be met as part of the definition of the extension.","There can be no stigma associated with the use of extensions by any application, project, or standard - regardless of the institution or jurisdiction that uses or defines the extensions.  The use of extensions is what allows the FHIR specification to retain a core level of simplicity for everyone.","","","","","","","","",,,,,"","value:url}
","Extensions are always sliced by (at least) url",,"open","Element.extension",0,*,"","ele-1:All FHIR elements must have a @value or children {hasValue() or (children().count() > id.count())}
ext-1:Must have either extensions or value[x], not both {extension.exists() != value.exists()}"
"getmaternitymedicalhistory.maternityMedicalRecord.maternityMedicalRecordHeader.accountableHealthcareProfessional.healthcareProfessionalOrgUnit.modifierExtension","getmaternitymedicalhistory.maternityMedicalRecord.maternityMedicalRecordHeader.accountableHealthcareProfessional.healthcareProfessionalOrgUnit.modifierExtension","","extensions
user contentmodifiers","",0,*,"","Y","Y","Extension {[]} {[]}
","Extensions that cannot be ignored even if unrecognized","May be used to represent additional information that is not part of the basic definition of the element and that modifies the understanding of the element in which it is contained and/or the understanding of the containing element's descendants. Usually modifier elements provide negation or qualification. To make the use of extensions safe and manageable, there is a strict set of governance applied to the definition and use of extensions. Though any implementer can define an extension, there is a set of requirements that SHALL be met as part of the definition of the extension. Applications processing a resource are required to check for modifier extensions.

Modifier extensions SHALL NOT change the meaning of any elements on Resource or DomainResource (including cannot change the meaning of modifierExtension itself).","There can be no stigma associated with the use of extensions by any application, project, or standard - regardless of the institution or jurisdiction that uses or defines the extensions.  The use of extensions is what allows the FHIR specification to retain a core level of simplicity for everyone.","Modifier extensions allow for extensions that *cannot* be safely ignored to be clearly distinguished from the vast majority of extensions which can be safely ignored.  This promotes interoperability by eliminating the need for implementers to prohibit the presence of extensions. For further information, see the [definition of modifier extensions](http://hl7.org/fhir/R4/extensibility.html#modifierExtension).","","","","","","","",,,,,"",,,,"BackboneElement.modifierExtension",0,*,"","ele-1:All FHIR elements must have a @value or children {hasValue() or (children().count() > id.count())}
ext-1:Must have either extensions or value[x], not both {extension.exists() != value.exists()}"
"getmaternitymedicalhistory.maternityMedicalRecord.maternityMedicalRecordHeader.accountableHealthcareProfessional.healthcareProfessionalOrgUnit.orgUnitHSAId","getmaternitymedicalhistory.maternityMedicalRecord.maternityMedicalRecordHeader.accountableHealthcareProfessional.healthcareProfessionalOrgUnit.orgUnitHSAId","","","",1,1,"","","","Identifier {[]} {[]}
","HSA-id för den organisation som författaren är uppdragstagare på.","HSA-id för den organisation som författaren är uppdragstagare på.
RIV-TA-typ: HSAIdType. Kardinalitet i TKB: 1..1.","","","","","","","","","",,,,,"",,,,"getmaternitymedicalhistory.maternityMedicalRecord.maternityMedicalRecordHeader.accountableHealthcareProfessional.healthcareProfessionalOrgUnit.orgUnitHSAId",1,1,"",""
"getmaternitymedicalhistory.maternityMedicalRecord.maternityMedicalRecordHeader.accountableHealthcareProfessional.healthcareProfessionalOrgUnit.orgUnitName","getmaternitymedicalhistory.maternityMedicalRecord.maternityMedicalRecordHeader.accountableHealthcareProfessional.healthcareProfessionalOrgUnit.orgUnitName","","","",1,1,"","","","string {[]} {[]}
","Namnet på den organisation som författaren är uppdragstagare på.","Namnet på den organisation som författaren är uppdragstagare på.
RIV-TA-typ: string. Kardinalitet i TKB: 1..1.","","","","","","","","","",,,,,"",,,,"getmaternitymedicalhistory.maternityMedicalRecord.maternityMedicalRecordHeader.accountableHealthcareProfessional.healthcareProfessionalOrgUnit.orgUnitName",1,1,"",""
"getmaternitymedicalhistory.maternityMedicalRecord.maternityMedicalRecordHeader.accountableHealthcareProfessional.healthcareProfessionalOrgUnit.orgUnitTelecom","getmaternitymedicalhistory.maternityMedicalRecord.maternityMedicalRecordHeader.accountableHealthcareProfessional.healthcareProfessionalOrgUnit.orgUnitTelecom","","","",0,1,"","","","string {[]} {[]}
","Telefon till organisationsenhet.","Telefon till organisationsenhet.
RIV-TA-typ: string. Kardinalitet i TKB: 0..1.","","","","","","","","","",,,,,"",,,,"getmaternitymedicalhistory.maternityMedicalRecord.maternityMedicalRecordHeader.accountableHealthcareProfessional.healthcareProfessionalOrgUnit.orgUnitTelecom",0,1,"",""
"getmaternitymedicalhistory.maternityMedicalRecord.maternityMedicalRecordHeader.accountableHealthcareProfessional.healthcareProfessionalOrgUnit.orgUnitEmail","getmaternitymedicalhistory.maternityMedicalRecord.maternityMedicalRecordHeader.accountableHealthcareProfessional.healthcareProfessionalOrgUnit.orgUnitEmail","","","",0,1,"","","","string {[]} {[]}
","Epost till enhet.","Epost till enhet.
RIV-TA-typ: string. Kardinalitet i TKB: 0..1.","","","","","","","","","",,,,,"",,,,"getmaternitymedicalhistory.maternityMedicalRecord.maternityMedicalRecordHeader.accountableHealthcareProfessional.healthcareProfessionalOrgUnit.orgUnitEmail",0,1,"",""
"getmaternitymedicalhistory.maternityMedicalRecord.maternityMedicalRecordHeader.accountableHealthcareProfessional.healthcareProfessionalOrgUnit.orgUnitAddress","getmaternitymedicalhistory.maternityMedicalRecord.maternityMedicalRecordHeader.accountableHealthcareProfessional.healthcareProfessionalOrgUnit.orgUnitAddress","","","",0,1,"","","","string {[]} {[]}
","Postadress för den organisation som författaren är uppdragstagare på","Postadress för den organisation som författaren är uppdragstagare på. Skrivs på ett så naturligt sätt som möjligt, exempelvis: / ”Storgatan 12 / 468 91 Lilleby”
RIV-TA-typ: string. Kardinalitet i TKB: 0..1.","","","","","","","","","",,,,,"",,,,"getmaternitymedicalhistory.maternityMedicalRecord.maternityMedicalRecordHeader.accountableHealthcareProfessional.healthcareProfessionalOrgUnit.orgUnitAddress",0,1,"",""
"getmaternitymedicalhistory.maternityMedicalRecord.maternityMedicalRecordHeader.accountableHealthcareProfessional.healthcareProfessionalOrgUnit.orgUnitLocation","getmaternitymedicalhistory.maternityMedicalRecord.maternityMedicalRecordHeader.accountableHealthcareProfessional.healthcareProfessionalOrgUnit.orgUnitLocation","","","",0,1,"","","","string {[]} {[]}
","Text som anger namnet på plats eller ort för enhetens eller funktionens fysiska placering.","Text som anger namnet på plats eller ort för enhetens eller funktionens fysiska placering.
RIV-TA-typ: string. Kardinalitet i TKB: 0..1.","","","","","","","","","",,,,,"",,,,"getmaternitymedicalhistory.maternityMedicalRecord.maternityMedicalRecordHeader.accountableHealthcareProfessional.healthcareProfessionalOrgUnit.orgUnitLocation",0,1,"",""
"getmaternitymedicalhistory.maternityMedicalRecord.maternityMedicalRecordHeader.accountableHealthcareProfessional.healthcareProfessionalCareUnitHSAId","getmaternitymedicalhistory.maternityMedicalRecord.maternityMedicalRecordHeader.accountableHealthcareProfessional.healthcareProfessionalCareUnitHSAId","","","",1,1,"","","","Identifier {[]} {[]}
","HSA-id för Vårdenhet","HSA-id för Vårdenhet. [Regel 1]
RIV-TA-typ: HSAIdType. Kardinalitet i TKB: 1..1.","","","","","","","","","",,,,,"",,,,"getmaternitymedicalhistory.maternityMedicalRecord.maternityMedicalRecordHeader.accountableHealthcareProfessional.healthcareProfessionalCareUnitHSAId",1,1,"",""
"getmaternitymedicalhistory.maternityMedicalRecord.maternityMedicalRecordHeader.accountableHealthcareProfessional.healthcareProfessionalCareGiverHSAId","getmaternitymedicalhistory.maternityMedicalRecord.maternityMedicalRecordHeader.accountableHealthcareProfessional.healthcareProfessionalCareGiverHSAId","","","",1,1,"","","","Identifier {[]} {[]}
","HSA-id för vårdgivaren, som är vårdgivare för den enhet som författaren är uppdragstagare för","HSA-id för vårdgivaren, som är vårdgivare för den enhet som författaren är uppdragstagare för. [Regel 1]
RIV-TA-typ: HSAIdType. Kardinalitet i TKB: 1..1.","","","","","","","","","",,,,,"",,,,"getmaternitymedicalhistory.maternityMedicalRecord.maternityMedicalRecordHeader.accountableHealthcareProfessional.healthcareProfessionalCareGiverHSAId",1,1,"",""
"getmaternitymedicalhistory.maternityMedicalRecord.maternityMedicalRecordHeader.legalAuthenticator","getmaternitymedicalhistory.maternityMedicalRecord.maternityMedicalRecordHeader.legalAuthenticator","","","",0,1,"","","","BackboneElement {[]} {[]}
","Information om vem som signerat informationen i dokumentet.","Information om vem som signerat informationen i dokumentet.
RIV-TA-typ: LegalAuthenticatorType. Kardinalitet i TKB: 0..1.","","","","","","","","","",,,,,"",,,,"getmaternitymedicalhistory.maternityMedicalRecord.maternityMedicalRecordHeader.legalAuthenticator",0,1,"","ele-1:All FHIR elements must have a @value or children {hasValue() or (children().count() > id.count())}
"
"getmaternitymedicalhistory.maternityMedicalRecord.maternityMedicalRecordHeader.legalAuthenticator.id","getmaternitymedicalhistory.maternityMedicalRecord.maternityMedicalRecordHeader.legalAuthenticator.id","","","",0,1,"","","","string {[]} {[]}
","Unique id for inter-element referencing","Unique id for the element within a resource (for internal references). This may be any string value that does not contain spaces.","","","","","","","","","",,,,,"",,,,"Element.id",0,1,"",""
"getmaternitymedicalhistory.maternityMedicalRecord.maternityMedicalRecordHeader.legalAuthenticator.extension","getmaternitymedicalhistory.maternityMedicalRecord.maternityMedicalRecordHeader.legalAuthenticator.extension","","extensions
user content","",0,*,"","","","Extension {[]} {[]}
","Additional content defined by implementations","May be used to represent additional information that is not part of the basic definition of the element. To make the use of extensions safe and manageable, there is a strict set of governance  applied to the definition and use of extensions. Though any implementer can define an extension, there is a set of requirements that SHALL be met as part of the definition of the extension.","There can be no stigma associated with the use of extensions by any application, project, or standard - regardless of the institution or jurisdiction that uses or defines the extensions.  The use of extensions is what allows the FHIR specification to retain a core level of simplicity for everyone.","","","","","","","","",,,,,"","value:url}
","Extensions are always sliced by (at least) url",,"open","Element.extension",0,*,"","ele-1:All FHIR elements must have a @value or children {hasValue() or (children().count() > id.count())}
ext-1:Must have either extensions or value[x], not both {extension.exists() != value.exists()}"
"getmaternitymedicalhistory.maternityMedicalRecord.maternityMedicalRecordHeader.legalAuthenticator.modifierExtension","getmaternitymedicalhistory.maternityMedicalRecord.maternityMedicalRecordHeader.legalAuthenticator.modifierExtension","","extensions
user contentmodifiers","",0,*,"","Y","Y","Extension {[]} {[]}
","Extensions that cannot be ignored even if unrecognized","May be used to represent additional information that is not part of the basic definition of the element and that modifies the understanding of the element in which it is contained and/or the understanding of the containing element's descendants. Usually modifier elements provide negation or qualification. To make the use of extensions safe and manageable, there is a strict set of governance applied to the definition and use of extensions. Though any implementer can define an extension, there is a set of requirements that SHALL be met as part of the definition of the extension. Applications processing a resource are required to check for modifier extensions.

Modifier extensions SHALL NOT change the meaning of any elements on Resource or DomainResource (including cannot change the meaning of modifierExtension itself).","There can be no stigma associated with the use of extensions by any application, project, or standard - regardless of the institution or jurisdiction that uses or defines the extensions.  The use of extensions is what allows the FHIR specification to retain a core level of simplicity for everyone.","Modifier extensions allow for extensions that *cannot* be safely ignored to be clearly distinguished from the vast majority of extensions which can be safely ignored.  This promotes interoperability by eliminating the need for implementers to prohibit the presence of extensions. For further information, see the [definition of modifier extensions](http://hl7.org/fhir/R4/extensibility.html#modifierExtension).","","","","","","","",,,,,"",,,,"BackboneElement.modifierExtension",0,*,"","ele-1:All FHIR elements must have a @value or children {hasValue() or (children().count() > id.count())}
ext-1:Must have either extensions or value[x], not both {extension.exists() != value.exists()}"
"getmaternitymedicalhistory.maternityMedicalRecord.maternityMedicalRecordHeader.legalAuthenticator.signatureTime","getmaternitymedicalhistory.maternityMedicalRecord.maternityMedicalRecordHeader.legalAuthenticator.signatureTime","","","",1,1,"","","","instant {[]} {[]}
","Tidpunkt för signering.","Tidpunkt för signering.
RIV-TA-typ: TimeStampType. Kardinalitet i TKB: 1..1.","","","","","","","","","",,,,,"",,,,"getmaternitymedicalhistory.maternityMedicalRecord.maternityMedicalRecordHeader.legalAuthenticator.signatureTime",1,1,"",""
"getmaternitymedicalhistory.maternityMedicalRecord.maternityMedicalRecordHeader.legalAuthenticator.legalAuthenticatorHSAId","getmaternitymedicalhistory.maternityMedicalRecord.maternityMedicalRecordHeader.legalAuthenticator.legalAuthenticatorHSAId","","","",0,1,"","","","Identifier {[]} {[]}
","HSA-id för person som signerat dokumentet.","HSA-id för person som signerat dokumentet.
RIV-TA-typ: HSAIDType. Kardinalitet i TKB: 0..1.","","","","","","","","","",,,,,"",,,,"getmaternitymedicalhistory.maternityMedicalRecord.maternityMedicalRecordHeader.legalAuthenticator.legalAuthenticatorHSAId",0,1,"",""
"getmaternitymedicalhistory.maternityMedicalRecord.maternityMedicalRecordHeader.legalAuthenticator.legalAuthenticatorName","getmaternitymedicalhistory.maternityMedicalRecord.maternityMedicalRecordHeader.legalAuthenticator.legalAuthenticatorName","","","",0,1,"","","","string {[]} {[]}
","Namnen i klartext för signerande person.","Namnen i klartext för signerande person.
RIV-TA-typ: string. Kardinalitet i TKB: 0..1.","","","","","","","","","",,,,,"",,,,"getmaternitymedicalhistory.maternityMedicalRecord.maternityMedicalRecordHeader.legalAuthenticator.legalAuthenticatorName",0,1,"",""
"getmaternitymedicalhistory.maternityMedicalRecord.maternityMedicalRecordHeader.legalAuthenticator.legalAuthenticatorRoleCode","getmaternitymedicalhistory.maternityMedicalRecord.maternityMedicalRecordHeader.legalAuthenticator.legalAuthenticatorRoleCode","","","",0,0,"","","","string {[]} {[]}
","Ska ej anges.","Ska ej anges.
RIV-TA-typ: (ej angiven). Kardinalitet i TKB: 0..0.","","","","","","","","","",,,,,"",,,,"getmaternitymedicalhistory.maternityMedicalRecord.maternityMedicalRecordHeader.legalAuthenticator.legalAuthenticatorRoleCode",0,0,"",""
"getmaternitymedicalhistory.maternityMedicalRecord.maternityMedicalRecordHeader.approvedForPatient","getmaternitymedicalhistory.maternityMedicalRecord.maternityMedicalRecordHeader.approvedForPatient","","","",1,1,"","","","boolean {[]} {[]}
","Anger om information får delas till patient","Anger om information får delas till patient. Värdet sätts i sådant fall till true, i annat fall till false.
RIV-TA-typ: boolean. Kardinalitet i TKB: 1..1.","","","","","","","","","",,,,,"",,,,"getmaternitymedicalhistory.maternityMedicalRecord.maternityMedicalRecordHeader.approvedForPatient",1,1,"",""
"getmaternitymedicalhistory.maternityMedicalRecord.maternityMedicalRecordHeader.careContactId","getmaternitymedicalhistory.maternityMedicalRecord.maternityMedicalRecordHeader.careContactId","","","",0,1,"","","","string {[]} {[]}
","Identitetet för den hälso-och sjukvårdskontakt som föranlett den information som omfattas av dokumentet","Identitetet för den hälso-och sjukvårdskontakt som föranlett den information som omfattas av dokumentet. Identiteten är unik inom källsystemet.
RIV-TA-typ: string. Kardinalitet i TKB: 0..1.","","","","","","","","","",,,,,"",,,,"getmaternitymedicalhistory.maternityMedicalRecord.maternityMedicalRecordHeader.careContactId",0,1,"",""
"getmaternitymedicalhistory.maternityMedicalRecord.maternityMedicalRecordHeader.nullified","getmaternitymedicalhistory.maternityMedicalRecord.maternityMedicalRecordHeader.nullified","","","",0,0,"","","","string {[]} {[]}
","Ska ej anges","Ska ej anges
RIV-TA-typ: string. Kardinalitet i TKB: 0..0.","","","","","","","","","",,,,,"",,,,"getmaternitymedicalhistory.maternityMedicalRecord.maternityMedicalRecordHeader.nullified",0,0,"",""
"getmaternitymedicalhistory.maternityMedicalRecord.maternityMedicalRecordHeader.nullifiedReason","getmaternitymedicalhistory.maternityMedicalRecord.maternityMedicalRecordHeader.nullifiedReason","","","",0,0,"","","","string {[]} {[]}
","Ska ej anges","Ska ej anges
RIV-TA-typ: string. Kardinalitet i TKB: 0..0.","","","","","","","","","",,,,,"",,,,"getmaternitymedicalhistory.maternityMedicalRecord.maternityMedicalRecordHeader.nullifiedReason",0,0,"",""
"getmaternitymedicalhistory.maternityMedicalRecord.maternityMedicalRecordBody","getmaternitymedicalhistory.maternityMedicalRecord.maternityMedicalRecordBody","","","",1,1,"","","","BackboneElement {[]} {[]}
","Kan bestå av antingen en registrationRecord, en pregnancyCheckupRecord eller en postDeliveryRecord.","Kan bestå av antingen en registrationRecord, en pregnancyCheckupRecord eller en postDeliveryRecord.
RIV-TA-typ: MaternityMedicalRecordBodyType. Kardinalitet i TKB: 1..1.","","","","","","","","","",,,,,"",,,,"getmaternitymedicalhistory.maternityMedicalRecord.maternityMedicalRecordBody",1,1,"","ele-1:All FHIR elements must have a @value or children {hasValue() or (children().count() > id.count())}
"
"getmaternitymedicalhistory.maternityMedicalRecord.maternityMedicalRecordBody.id","getmaternitymedicalhistory.maternityMedicalRecord.maternityMedicalRecordBody.id","","","",0,1,"","","","string {[]} {[]}
","Unique id for inter-element referencing","Unique id for the element within a resource (for internal references). This may be any string value that does not contain spaces.","","","","","","","","","",,,,,"",,,,"Element.id",0,1,"",""
"getmaternitymedicalhistory.maternityMedicalRecord.maternityMedicalRecordBody.extension","getmaternitymedicalhistory.maternityMedicalRecord.maternityMedicalRecordBody.extension","","extensions
user content","",0,*,"","","","Extension {[]} {[]}
","Additional content defined by implementations","May be used to represent additional information that is not part of the basic definition of the element. To make the use of extensions safe and manageable, there is a strict set of governance  applied to the definition and use of extensions. Though any implementer can define an extension, there is a set of requirements that SHALL be met as part of the definition of the extension.","There can be no stigma associated with the use of extensions by any application, project, or standard - regardless of the institution or jurisdiction that uses or defines the extensions.  The use of extensions is what allows the FHIR specification to retain a core level of simplicity for everyone.","","","","","","","","",,,,,"","value:url}
","Extensions are always sliced by (at least) url",,"open","Element.extension",0,*,"","ele-1:All FHIR elements must have a @value or children {hasValue() or (children().count() > id.count())}
ext-1:Must have either extensions or value[x], not both {extension.exists() != value.exists()}"
"getmaternitymedicalhistory.maternityMedicalRecord.maternityMedicalRecordBody.modifierExtension","getmaternitymedicalhistory.maternityMedicalRecord.maternityMedicalRecordBody.modifierExtension","","extensions
user contentmodifiers","",0,*,"","Y","Y","Extension {[]} {[]}
","Extensions that cannot be ignored even if unrecognized","May be used to represent additional information that is not part of the basic definition of the element and that modifies the understanding of the element in which it is contained and/or the understanding of the containing element's descendants. Usually modifier elements provide negation or qualification. To make the use of extensions safe and manageable, there is a strict set of governance applied to the definition and use of extensions. Though any implementer can define an extension, there is a set of requirements that SHALL be met as part of the definition of the extension. Applications processing a resource are required to check for modifier extensions.

Modifier extensions SHALL NOT change the meaning of any elements on Resource or DomainResource (including cannot change the meaning of modifierExtension itself).","There can be no stigma associated with the use of extensions by any application, project, or standard - regardless of the institution or jurisdiction that uses or defines the extensions.  The use of extensions is what allows the FHIR specification to retain a core level of simplicity for everyone.","Modifier extensions allow for extensions that *cannot* be safely ignored to be clearly distinguished from the vast majority of extensions which can be safely ignored.  This promotes interoperability by eliminating the need for implementers to prohibit the presence of extensions. For further information, see the [definition of modifier extensions](http://hl7.org/fhir/R4/extensibility.html#modifierExtension).","","","","","","","",,,,,"",,,,"BackboneElement.modifierExtension",0,*,"","ele-1:All FHIR elements must have a @value or children {hasValue() or (children().count() > id.count())}
ext-1:Must have either extensions or value[x], not both {extension.exists() != value.exists()}"
"getmaternitymedicalhistory.maternityMedicalRecord.maternityMedicalRecordBody.registrationRecord","getmaternitymedicalhistory.maternityMedicalRecord.maternityMedicalRecordBody.registrationRecord","","","",0,1,"","","","BackboneElement {[]} {[]}
","Information som registreras vid inskrivningsbesöket.","Information som registreras vid inskrivningsbesöket.
RIV-TA-typ: RegistrationRecordType. Kardinalitet i TKB: 0..1.","","","","","","","","","",,,,,"",,,,"getmaternitymedicalhistory.maternityMedicalRecord.maternityMedicalRecordBody.registrationRecord",0,1,"","ele-1:All FHIR elements must have a @value or children {hasValue() or (children().count() > id.count())}
"
"getmaternitymedicalhistory.maternityMedicalRecord.maternityMedicalRecordBody.registrationRecord.id","getmaternitymedicalhistory.maternityMedicalRecord.maternityMedicalRecordBody.registrationRecord.id","","","",0,1,"","","","string {[]} {[]}
","Unique id for inter-element referencing","Unique id for the element within a resource (for internal references). This may be any string value that does not contain spaces.","","","","","","","","","",,,,,"",,,,"Element.id",0,1,"",""
"getmaternitymedicalhistory.maternityMedicalRecord.maternityMedicalRecordBody.registrationRecord.extension","getmaternitymedicalhistory.maternityMedicalRecord.maternityMedicalRecordBody.registrationRecord.extension","","extensions
user content","",0,*,"","","","Extension {[]} {[]}
","Additional content defined by implementations","May be used to represent additional information that is not part of the basic definition of the element. To make the use of extensions safe and manageable, there is a strict set of governance  applied to the definition and use of extensions. Though any implementer can define an extension, there is a set of requirements that SHALL be met as part of the definition of the extension.","There can be no stigma associated with the use of extensions by any application, project, or standard - regardless of the institution or jurisdiction that uses or defines the extensions.  The use of extensions is what allows the FHIR specification to retain a core level of simplicity for everyone.","","","","","","","","",,,,,"","value:url}
","Extensions are always sliced by (at least) url",,"open","Element.extension",0,*,"","ele-1:All FHIR elements must have a @value or children {hasValue() or (children().count() > id.count())}
ext-1:Must have either extensions or value[x], not both {extension.exists() != value.exists()}"
"getmaternitymedicalhistory.maternityMedicalRecord.maternityMedicalRecordBody.registrationRecord.modifierExtension","getmaternitymedicalhistory.maternityMedicalRecord.maternityMedicalRecordBody.registrationRecord.modifierExtension","","extensions
user contentmodifiers","",0,*,"","Y","Y","Extension {[]} {[]}
","Extensions that cannot be ignored even if unrecognized","May be used to represent additional information that is not part of the basic definition of the element and that modifies the understanding of the element in which it is contained and/or the understanding of the containing element's descendants. Usually modifier elements provide negation or qualification. To make the use of extensions safe and manageable, there is a strict set of governance applied to the definition and use of extensions. Though any implementer can define an extension, there is a set of requirements that SHALL be met as part of the definition of the extension. Applications processing a resource are required to check for modifier extensions.

Modifier extensions SHALL NOT change the meaning of any elements on Resource or DomainResource (including cannot change the meaning of modifierExtension itself).","There can be no stigma associated with the use of extensions by any application, project, or standard - regardless of the institution or jurisdiction that uses or defines the extensions.  The use of extensions is what allows the FHIR specification to retain a core level of simplicity for everyone.","Modifier extensions allow for extensions that *cannot* be safely ignored to be clearly distinguished from the vast majority of extensions which can be safely ignored.  This promotes interoperability by eliminating the need for implementers to prohibit the presence of extensions. For further information, see the [definition of modifier extensions](http://hl7.org/fhir/R4/extensibility.html#modifierExtension).","","","","","","","",,,,,"",,,,"BackboneElement.modifierExtension",0,*,"","ele-1:All FHIR elements must have a @value or children {hasValue() or (children().count() > id.count())}
ext-1:Must have either extensions or value[x], not both {extension.exists() != value.exists()}"
"getmaternitymedicalhistory.maternityMedicalRecord.maternityMedicalRecordBody.registrationRecord.lastMenstrualPeriod","getmaternitymedicalhistory.maternityMedicalRecord.maternityMedicalRecordBody.registrationRecord.lastMenstrualPeriod","","","",0,1,"","","","date {[]} {[]}
","Datum för senaste menstruation","Datum för senaste menstruation
RIV-TA-typ: DateType. Kardinalitet i TKB: 0..1.","","","","","","","","","",,,,,"",,,,"getmaternitymedicalhistory.maternityMedicalRecord.maternityMedicalRecordBody.registrationRecord.lastMenstrualPeriod",0,1,"",""
"getmaternitymedicalhistory.maternityMedicalRecord.maternityMedicalRecordBody.registrationRecord.indicationPregnancy","getmaternitymedicalhistory.maternityMedicalRecord.maternityMedicalRecordBody.registrationRecord.indicationPregnancy","","","",0,1,"","","","date {[]} {[]}
","Datum för graviditetsindikation","Datum för graviditetsindikation
RIV-TA-typ: DateType. Kardinalitet i TKB: 0..1.","","","","","","","","","",,,,,"",,,,"getmaternitymedicalhistory.maternityMedicalRecord.maternityMedicalRecordBody.registrationRecord.indicationPregnancy",0,1,"",""
"getmaternitymedicalhistory.maternityMedicalRecord.maternityMedicalRecordBody.registrationRecord.contraceptiveDiscontinued","getmaternitymedicalhistory.maternityMedicalRecord.maternityMedicalRecordBody.registrationRecord.contraceptiveDiscontinued","","","",0,1,"","","","date {[]} {[]}
","Datum för när moder upphört med preventivtablett","Datum för när moder upphört med preventivtablett
RIV-TA-typ: DateType. Kardinalitet i TKB: 0..1.","","","","","","","","","",,,,,"",,,,"getmaternitymedicalhistory.maternityMedicalRecord.maternityMedicalRecordBody.registrationRecord.contraceptiveDiscontinued",0,1,"",""
"getmaternitymedicalhistory.maternityMedicalRecord.maternityMedicalRecordBody.registrationRecord.expectedDayOfDeliveryFromLastMenstrualPeriod","getmaternitymedicalhistory.maternityMedicalRecord.maternityMedicalRecordBody.registrationRecord.expectedDayOfDeliveryFromLastMenstrualPeriod","","","",0,1,"","","","date {[]} {[]}
","Beräknad förlossning enligt sista menstruation","Beräknad förlossning enligt sista menstruation
RIV-TA-typ: DateType. Kardinalitet i TKB: 0..1.","","","","","","","","","",,,,,"",,,,"getmaternitymedicalhistory.maternityMedicalRecord.maternityMedicalRecordBody.registrationRecord.expectedDayOfDeliveryFromLastMenstrualPeriod",0,1,"",""
"getmaternitymedicalhistory.maternityMedicalRecord.maternityMedicalRecordBody.registrationRecord.expectedDayOfDeliveryFromUltrasoundScan","getmaternitymedicalhistory.maternityMedicalRecord.maternityMedicalRecordBody.registrationRecord.expectedDayOfDeliveryFromUltrasoundScan","","","",0,1,"","","","date {[]} {[]}
","Beräknad förlossning enligt ultraljud","Beräknad förlossning enligt ultraljud
RIV-TA-typ: DateType. Kardinalitet i TKB: 0..1.","","","","","","","","","",,,,,"",,,,"getmaternitymedicalhistory.maternityMedicalRecord.maternityMedicalRecordBody.registrationRecord.expectedDayOfDeliveryFromUltrasoundScan",0,1,"",""
"getmaternitymedicalhistory.maternityMedicalRecord.maternityMedicalRecordBody.registrationRecord.expectedDayOfDeliveryFromEmbryonicTransfer","getmaternitymedicalhistory.maternityMedicalRecord.maternityMedicalRecordBody.registrationRecord.expectedDayOfDeliveryFromEmbryonicTransfer","","","",0,1,"","","","date {[]} {[]}
","Beräknad förlossning enligt embryonik transfer","Beräknad förlossning enligt embryonik transfer
RIV-TA-typ: DateType. Kardinalitet i TKB: 0..1.","","","","","","","","","",,,,,"",,,,"getmaternitymedicalhistory.maternityMedicalRecord.maternityMedicalRecordBody.registrationRecord.expectedDayOfDeliveryFromEmbryonicTransfer",0,1,"",""
"getmaternitymedicalhistory.maternityMedicalRecord.maternityMedicalRecordBody.registrationRecord.length","getmaternitymedicalhistory.maternityMedicalRecord.maternityMedicalRecordBody.registrationRecord.length","","","",0,1,"","","","Quantity {[]} {[]}
","Längd vid inskrivning","Längd vid inskrivning
RIV-TA-typ: PQType. Kardinalitet i TKB: 0..1.","","","","","","","","","",,,,,"",,,,"getmaternitymedicalhistory.maternityMedicalRecord.maternityMedicalRecordBody.registrationRecord.length",0,1,"",""
"getmaternitymedicalhistory.maternityMedicalRecord.maternityMedicalRecordBody.registrationRecord.weight","getmaternitymedicalhistory.maternityMedicalRecord.maternityMedicalRecordBody.registrationRecord.weight","","","",0,1,"","","","Quantity {[]} {[]}
","Vikt vid inskrivning [massa]","Vikt vid inskrivning [massa]
RIV-TA-typ: PQType. Kardinalitet i TKB: 0..1.","","","","","","","","","",,,,,"",,,,"getmaternitymedicalhistory.maternityMedicalRecord.maternityMedicalRecordBody.registrationRecord.weight",0,1,"",""
"getmaternitymedicalhistory.maternityMedicalRecord.maternityMedicalRecordBody.registrationRecord.bodyMassIndex","getmaternitymedicalhistory.maternityMedicalRecord.maternityMedicalRecordBody.registrationRecord.bodyMassIndex","","","",0,1,"","","","Quantity {[]} {[]}
","BMI vid inskrivning [massa/yta]","BMI vid inskrivning [massa/yta]
RIV-TA-typ: PQType. Kardinalitet i TKB: 0..1.","","","","","","","","","",,,,,"",,,,"getmaternitymedicalhistory.maternityMedicalRecord.maternityMedicalRecordBody.registrationRecord.bodyMassIndex",0,1,"",""
"getmaternitymedicalhistory.maternityMedicalRecord.maternityMedicalRecordBody.registrationRecord.infertility","getmaternitymedicalhistory.maternityMedicalRecord.maternityMedicalRecordBody.registrationRecord.infertility","","","",0,1,"","","","decimal {[]} {[]}
","Antal år med ofrivillig barnlöshet (decimaltal)","Antal år med ofrivillig barnlöshet (decimaltal)
RIV-TA-typ: decimal. Kardinalitet i TKB: 0..1.","","","","","","","","","",,,,,"",,,,"getmaternitymedicalhistory.maternityMedicalRecord.maternityMedicalRecordBody.registrationRecord.infertility",0,1,"",""
"getmaternitymedicalhistory.maternityMedicalRecord.maternityMedicalRecordBody.registrationRecord.previousGravidityAndParity","getmaternitymedicalhistory.maternityMedicalRecord.maternityMedicalRecordBody.registrationRecord.previousGravidityAndParity","","","",0,*,"","","","BackboneElement {[]} {[]}
","Tidigare graviditeter och förlossningar","Tidigare graviditeter och förlossningar
RIV-TA-typ: PreviousGravidityAndParityType. Kardinalitet i TKB: 0..*.","","","","","","","","","",,,,,"",,,,"getmaternitymedicalhistory.maternityMedicalRecord.maternityMedicalRecordBody.registrationRecord.previousGravidityAndParity",0,*,"","ele-1:All FHIR elements must have a @value or children {hasValue() or (children().count() > id.count())}
"
"getmaternitymedicalhistory.maternityMedicalRecord.maternityMedicalRecordBody.registrationRecord.previousGravidityAndParity.id","getmaternitymedicalhistory.maternityMedicalRecord.maternityMedicalRecordBody.registrationRecord.previousGravidityAndParity.id","","","",0,1,"","","","string {[]} {[]}
","Unique id for inter-element referencing","Unique id for the element within a resource (for internal references). This may be any string value that does not contain spaces.","","","","","","","","","",,,,,"",,,,"Element.id",0,1,"",""
"getmaternitymedicalhistory.maternityMedicalRecord.maternityMedicalRecordBody.registrationRecord.previousGravidityAndParity.extension","getmaternitymedicalhistory.maternityMedicalRecord.maternityMedicalRecordBody.registrationRecord.previousGravidityAndParity.extension","","extensions
user content","",0,*,"","","","Extension {[]} {[]}
","Additional content defined by implementations","May be used to represent additional information that is not part of the basic definition of the element. To make the use of extensions safe and manageable, there is a strict set of governance  applied to the definition and use of extensions. Though any implementer can define an extension, there is a set of requirements that SHALL be met as part of the definition of the extension.","There can be no stigma associated with the use of extensions by any application, project, or standard - regardless of the institution or jurisdiction that uses or defines the extensions.  The use of extensions is what allows the FHIR specification to retain a core level of simplicity for everyone.","","","","","","","","",,,,,"","value:url}
","Extensions are always sliced by (at least) url",,"open","Element.extension",0,*,"","ele-1:All FHIR elements must have a @value or children {hasValue() or (children().count() > id.count())}
ext-1:Must have either extensions or value[x], not both {extension.exists() != value.exists()}"
"getmaternitymedicalhistory.maternityMedicalRecord.maternityMedicalRecordBody.registrationRecord.previousGravidityAndParity.modifierExtension","getmaternitymedicalhistory.maternityMedicalRecord.maternityMedicalRecordBody.registrationRecord.previousGravidityAndParity.modifierExtension","","extensions
user contentmodifiers","",0,*,"","Y","Y","Extension {[]} {[]}
","Extensions that cannot be ignored even if unrecognized","May be used to represent additional information that is not part of the basic definition of the element and that modifies the understanding of the element in which it is contained and/or the understanding of the containing element's descendants. Usually modifier elements provide negation or qualification. To make the use of extensions safe and manageable, there is a strict set of governance applied to the definition and use of extensions. Though any implementer can define an extension, there is a set of requirements that SHALL be met as part of the definition of the extension. Applications processing a resource are required to check for modifier extensions.

Modifier extensions SHALL NOT change the meaning of any elements on Resource or DomainResource (including cannot change the meaning of modifierExtension itself).","There can be no stigma associated with the use of extensions by any application, project, or standard - regardless of the institution or jurisdiction that uses or defines the extensions.  The use of extensions is what allows the FHIR specification to retain a core level of simplicity for everyone.","Modifier extensions allow for extensions that *cannot* be safely ignored to be clearly distinguished from the vast majority of extensions which can be safely ignored.  This promotes interoperability by eliminating the need for implementers to prohibit the presence of extensions. For further information, see the [definition of modifier extensions](http://hl7.org/fhir/R4/extensibility.html#modifierExtension).","","","","","","","",,,,,"",,,,"BackboneElement.modifierExtension",0,*,"","ele-1:All FHIR elements must have a @value or children {hasValue() or (children().count() > id.count())}
ext-1:Must have either extensions or value[x], not both {extension.exists() != value.exists()}"
"getmaternitymedicalhistory.maternityMedicalRecord.maternityMedicalRecordBody.registrationRecord.previousGravidityAndParity.year","getmaternitymedicalhistory.maternityMedicalRecord.maternityMedicalRecordBody.registrationRecord.previousGravidityAndParity.year","","","",1,1,"","","","integer {[]} {[]}
","År för tidigare graviditet eller förlossning","År för tidigare graviditet eller förlossning
RIV-TA-typ: int. Kardinalitet i TKB: 1..1.","","","","","","","","","",,,,,"",,,,"getmaternitymedicalhistory.maternityMedicalRecord.maternityMedicalRecordBody.registrationRecord.previousGravidityAndParity.year",1,1,"",""
"getmaternitymedicalhistory.maternityMedicalRecord.maternityMedicalRecordBody.registrationRecord.previousGravidityAndParity.month","getmaternitymedicalhistory.maternityMedicalRecord.maternityMedicalRecordBody.registrationRecord.previousGravidityAndParity.month","","","",1,1,"","","","integer {[]} {[]}
","Månad för tidigare graviditet eller förlossning","Månad för tidigare graviditet eller förlossning
RIV-TA-typ: int. Kardinalitet i TKB: 1..1.","","","","","","","","","",,,,,"",,,,"getmaternitymedicalhistory.maternityMedicalRecord.maternityMedicalRecordBody.registrationRecord.previousGravidityAndParity.month",1,1,"",""
"getmaternitymedicalhistory.maternityMedicalRecord.maternityMedicalRecordBody.registrationRecord.previousGravidityAndParity.delivery","getmaternitymedicalhistory.maternityMedicalRecord.maternityMedicalRecordBody.registrationRecord.previousGravidityAndParity.delivery","","","",0,1,"","","","code {[]} {[]}
","Graviditet förlossning enligt kodverk:","Graviditet förlossning enligt kodverk:
RIV-TA-typ: DeliveryCodeEnum. Kardinalitet i TKB: 0..1.","","","","","","","","","",,"required","","https://fhir.inera.se/ig/clinicalprocess-healthcond-actoutcome/ValueSet/deliverycode-vs","",,,,"getmaternitymedicalhistory.maternityMedicalRecord.maternityMedicalRecordBody.registrationRecord.previousGravidityAndParity.delivery",0,1,"",""
"getmaternitymedicalhistory.maternityMedicalRecord.maternityMedicalRecordBody.registrationRecord.previousGravidityAndParity.healthcareFacility","getmaternitymedicalhistory.maternityMedicalRecord.maternityMedicalRecordBody.registrationRecord.previousGravidityAndParity.healthcareFacility","","","",0,1,"","","","string {[]} {[]}
","Sjukhus","Sjukhus
RIV-TA-typ: string. Kardinalitet i TKB: 0..1.","","","","","","","","","",,,,,"",,,,"getmaternitymedicalhistory.maternityMedicalRecord.maternityMedicalRecordBody.registrationRecord.previousGravidityAndParity.healthcareFacility",0,1,"",""
"getmaternitymedicalhistory.maternityMedicalRecord.maternityMedicalRecordBody.registrationRecord.previousGravidityAndParity.progress","getmaternitymedicalhistory.maternityMedicalRecord.maternityMedicalRecordBody.registrationRecord.previousGravidityAndParity.progress","","","",0,1,"","","","string {[]} {[]}
","Förlopp","Förlopp
RIV-TA-typ: string. Kardinalitet i TKB: 0..1.","","","","","","","","","",,,,,"",,,,"getmaternitymedicalhistory.maternityMedicalRecord.maternityMedicalRecordBody.registrationRecord.previousGravidityAndParity.progress",0,1,"",""
"getmaternitymedicalhistory.maternityMedicalRecord.maternityMedicalRecordBody.registrationRecord.previousGravidityAndParity.sex","getmaternitymedicalhistory.maternityMedicalRecord.maternityMedicalRecordBody.registrationRecord.previousGravidityAndParity.sex","","","",0,1,"","","","code {[]} {[]}
","Kön, giltiga värden 0,1,2 och 9 enligt kodverk med OID 1.2.752.129.2.2.1.1: / 0 = okänt, / 1 = man, / 2 = kvin","Kön, giltiga värden 0,1,2 och 9 enligt kodverk med OID 1.2.752.129.2.2.1.1: / 0 = okänt, / 1 = man, / 2 = kvinna, / 9 = ej tillämpligt
RIV-TA-typ: SexCodeEnum. Kardinalitet i TKB: 0..1.","","","","","","","","","",,"required","","https://fhir.inera.se/ig/clinicalprocess-healthcond-actoutcome/ValueSet/sexcode-vs","",,,,"getmaternitymedicalhistory.maternityMedicalRecord.maternityMedicalRecordBody.registrationRecord.previousGravidityAndParity.sex",0,1,"",""
"getmaternitymedicalhistory.maternityMedicalRecord.maternityMedicalRecordBody.registrationRecord.previousGravidityAndParity.weightOfChild","getmaternitymedicalhistory.maternityMedicalRecord.maternityMedicalRecordBody.registrationRecord.previousGravidityAndParity.weightOfChild","","","",0,1,"","","","Quantity {[]} {[]}
","Barnets vikt [massa]","Barnets vikt [massa]
RIV-TA-typ: PQType. Kardinalitet i TKB: 0..1.","","","","","","","","","",,,,,"",,,,"getmaternitymedicalhistory.maternityMedicalRecord.maternityMedicalRecordBody.registrationRecord.previousGravidityAndParity.weightOfChild",0,1,"",""
"getmaternitymedicalhistory.maternityMedicalRecord.maternityMedicalRecordBody.registrationRecord.previousGravidityAndParity.gestation","getmaternitymedicalhistory.maternityMedicalRecord.maternityMedicalRecordBody.registrationRecord.previousGravidityAndParity.gestation","","","",0,1,"","","","integer {[]} {[]}
","Graviditetsvecka.","Graviditetsvecka.
RIV-TA-typ: int. Kardinalitet i TKB: 0..1.","","","","","","","","","",,,,,"",,,,"getmaternitymedicalhistory.maternityMedicalRecord.maternityMedicalRecordBody.registrationRecord.previousGravidityAndParity.gestation",0,1,"",""
"getmaternitymedicalhistory.maternityMedicalRecord.maternityMedicalRecordBody.registrationRecord.diseasesThrombosis","getmaternitymedicalhistory.maternityMedicalRecord.maternityMedicalRecordBody.registrationRecord.diseasesThrombosis","","","",0,1,"","","","boolean {[]} {[]}
","Trombos (true/false)","Trombos (true/false)
RIV-TA-typ: bool. Kardinalitet i TKB: 0..1.","","","","","","","","","",,,,,"",,,,"getmaternitymedicalhistory.maternityMedicalRecord.maternityMedicalRecordBody.registrationRecord.diseasesThrombosis",0,1,"",""
"getmaternitymedicalhistory.maternityMedicalRecord.maternityMedicalRecordBody.registrationRecord.diseasesEndocineDiseases","getmaternitymedicalhistory.maternityMedicalRecord.maternityMedicalRecordBody.registrationRecord.diseasesEndocineDiseases","","","",0,1,"","","","boolean {[]} {[]}
","Endokrina sjukdomar (true/false)","Endokrina sjukdomar (true/false)
RIV-TA-typ: bool. Kardinalitet i TKB: 0..1.","","","","","","","","","",,,,,"",,,,"getmaternitymedicalhistory.maternityMedicalRecord.maternityMedicalRecordBody.registrationRecord.diseasesEndocineDiseases",0,1,"",""
"getmaternitymedicalhistory.maternityMedicalRecord.maternityMedicalRecordBody.registrationRecord.diseasesRecurrentUrinaryTractInfections","getmaternitymedicalhistory.maternityMedicalRecord.maternityMedicalRecordBody.registrationRecord.diseasesRecurrentUrinaryTractInfections","","","",0,1,"","","","boolean {[]} {[]}
","Upprepade urinvägsinfektioner (true/false)","Upprepade urinvägsinfektioner (true/false)
RIV-TA-typ: bool. Kardinalitet i TKB: 0..1.","","","","","","","","","",,,,,"",,,,"getmaternitymedicalhistory.maternityMedicalRecord.maternityMedicalRecordBody.registrationRecord.diseasesRecurrentUrinaryTractInfections",0,1,"",""
"getmaternitymedicalhistory.maternityMedicalRecord.maternityMedicalRecordBody.registrationRecord.diseasesDiabetesMellitus","getmaternitymedicalhistory.maternityMedicalRecord.maternityMedicalRecordBody.registrationRecord.diseasesDiabetesMellitus","","","",0,1,"","","","boolean {[]} {[]}
","Diabetes mellitus (true/false)","Diabetes mellitus (true/false)
RIV-TA-typ: bool. Kardinalitet i TKB: 0..1.","","","","","","","","","",,,,,"",,,,"getmaternitymedicalhistory.maternityMedicalRecord.maternityMedicalRecordBody.registrationRecord.diseasesDiabetesMellitus",0,1,"",""
"getmaternitymedicalhistory.maternityMedicalRecord.maternityMedicalRecordBody.registrationRecord.medicationDuringPregnacy","getmaternitymedicalhistory.maternityMedicalRecord.maternityMedicalRecordBody.registrationRecord.medicationDuringPregnacy","","","",0,*,"","","","BackboneElement {[]} {[]}
","Före inskrivning under graviditet: medicinering","Före inskrivning under graviditet: medicinering
RIV-TA-typ: MedicationType. Kardinalitet i TKB: 0..*.","","","","","","","","","",,,,,"",,,,"getmaternitymedicalhistory.maternityMedicalRecord.maternityMedicalRecordBody.registrationRecord.medicationDuringPregnacy",0,*,"","ele-1:All FHIR elements must have a @value or children {hasValue() or (children().count() > id.count())}
"
"getmaternitymedicalhistory.maternityMedicalRecord.maternityMedicalRecordBody.registrationRecord.medicationDuringPregnacy.id","getmaternitymedicalhistory.maternityMedicalRecord.maternityMedicalRecordBody.registrationRecord.medicationDuringPregnacy.id","","","",0,1,"","","","string {[]} {[]}
","Unique id for inter-element referencing","Unique id for the element within a resource (for internal references). This may be any string value that does not contain spaces.","","","","","","","","","",,,,,"",,,,"Element.id",0,1,"",""
"getmaternitymedicalhistory.maternityMedicalRecord.maternityMedicalRecordBody.registrationRecord.medicationDuringPregnacy.extension","getmaternitymedicalhistory.maternityMedicalRecord.maternityMedicalRecordBody.registrationRecord.medicationDuringPregnacy.extension","","extensions
user content","",0,*,"","","","Extension {[]} {[]}
","Additional content defined by implementations","May be used to represent additional information that is not part of the basic definition of the element. To make the use of extensions safe and manageable, there is a strict set of governance  applied to the definition and use of extensions. Though any implementer can define an extension, there is a set of requirements that SHALL be met as part of the definition of the extension.","There can be no stigma associated with the use of extensions by any application, project, or standard - regardless of the institution or jurisdiction that uses or defines the extensions.  The use of extensions is what allows the FHIR specification to retain a core level of simplicity for everyone.","","","","","","","","",,,,,"","value:url}
","Extensions are always sliced by (at least) url",,"open","Element.extension",0,*,"","ele-1:All FHIR elements must have a @value or children {hasValue() or (children().count() > id.count())}
ext-1:Must have either extensions or value[x], not both {extension.exists() != value.exists()}"
"getmaternitymedicalhistory.maternityMedicalRecord.maternityMedicalRecordBody.registrationRecord.medicationDuringPregnacy.modifierExtension","getmaternitymedicalhistory.maternityMedicalRecord.maternityMedicalRecordBody.registrationRecord.medicationDuringPregnacy.modifierExtension","","extensions
user contentmodifiers","",0,*,"","Y","Y","Extension {[]} {[]}
","Extensions that cannot be ignored even if unrecognized","May be used to represent additional information that is not part of the basic definition of the element and that modifies the understanding of the element in which it is contained and/or the understanding of the containing element's descendants. Usually modifier elements provide negation or qualification. To make the use of extensions safe and manageable, there is a strict set of governance applied to the definition and use of extensions. Though any implementer can define an extension, there is a set of requirements that SHALL be met as part of the definition of the extension. Applications processing a resource are required to check for modifier extensions.

Modifier extensions SHALL NOT change the meaning of any elements on Resource or DomainResource (including cannot change the meaning of modifierExtension itself).","There can be no stigma associated with the use of extensions by any application, project, or standard - regardless of the institution or jurisdiction that uses or defines the extensions.  The use of extensions is what allows the FHIR specification to retain a core level of simplicity for everyone.","Modifier extensions allow for extensions that *cannot* be safely ignored to be clearly distinguished from the vast majority of extensions which can be safely ignored.  This promotes interoperability by eliminating the need for implementers to prohibit the presence of extensions. For further information, see the [definition of modifier extensions](http://hl7.org/fhir/R4/extensibility.html#modifierExtension).","","","","","","","",,,,,"",,,,"BackboneElement.modifierExtension",0,*,"","ele-1:All FHIR elements must have a @value or children {hasValue() or (children().count() > id.count())}
ext-1:Must have either extensions or value[x], not both {extension.exists() != value.exists()}"
"getmaternitymedicalhistory.maternityMedicalRecord.maternityMedicalRecordBody.registrationRecord.medicationDuringPregnacy.medicament","getmaternitymedicalhistory.maternityMedicalRecord.maternityMedicalRecordBody.registrationRecord.medicationDuringPregnacy.medicament","","","",1,1,"","","","string {[]} {[]}
","Preparat","Preparat
RIV-TA-typ: string. Kardinalitet i TKB: 1..1.","","","","","","","","","",,,,,"",,,,"getmaternitymedicalhistory.maternityMedicalRecord.maternityMedicalRecordBody.registrationRecord.medicationDuringPregnacy.medicament",1,1,"",""
"getmaternitymedicalhistory.maternityMedicalRecord.maternityMedicalRecordBody.registrationRecord.medicationDuringPregnacy.dosage","getmaternitymedicalhistory.maternityMedicalRecord.maternityMedicalRecordBody.registrationRecord.medicationDuringPregnacy.dosage","","","",0,1,"","","","string {[]} {[]}
","Dosering i beskrivande text","Dosering i beskrivande text
RIV-TA-typ: string. Kardinalitet i TKB: 0..1.","","","","","","","","","",,,,,"",,,,"getmaternitymedicalhistory.maternityMedicalRecord.maternityMedicalRecordBody.registrationRecord.medicationDuringPregnacy.dosage",0,1,"",""
"getmaternitymedicalhistory.maternityMedicalRecord.maternityMedicalRecordBody.registrationRecord.assessmentAtFirstContactStandardCare","getmaternitymedicalhistory.maternityMedicalRecord.maternityMedicalRecordBody.registrationRecord.assessmentAtFirstContactStandardCare","","","",0,1,"","","","boolean {[]} {[]}
","Bedömning vid 1:a besök: basprogram (true/false)","Bedömning vid 1:a besök: basprogram (true/false)
RIV-TA-typ: bool. Kardinalitet i TKB: 0..1.","","","","","","","","","",,,,,"",,,,"getmaternitymedicalhistory.maternityMedicalRecord.maternityMedicalRecordBody.registrationRecord.assessmentAtFirstContactStandardCare",0,1,"",""
"getmaternitymedicalhistory.maternityMedicalRecord.maternityMedicalRecordBody.pregnancyCheckupRecord","getmaternitymedicalhistory.maternityMedicalRecord.maternityMedicalRecordBody.pregnancyCheckupRecord","","","",0,1,"","","","BackboneElement {[]} {[]}
","Graviditetskontroll","Graviditetskontroll
RIV-TA-typ: PregnancyCheckupRecordType. Kardinalitet i TKB: 0..1.","","","","","","","","","",,,,,"",,,,"getmaternitymedicalhistory.maternityMedicalRecord.maternityMedicalRecordBody.pregnancyCheckupRecord",0,1,"","ele-1:All FHIR elements must have a @value or children {hasValue() or (children().count() > id.count())}
"
"getmaternitymedicalhistory.maternityMedicalRecord.maternityMedicalRecordBody.pregnancyCheckupRecord.id","getmaternitymedicalhistory.maternityMedicalRecord.maternityMedicalRecordBody.pregnancyCheckupRecord.id","","","",0,1,"","","","string {[]} {[]}
","Unique id for inter-element referencing","Unique id for the element within a resource (for internal references). This may be any string value that does not contain spaces.","","","","","","","","","",,,,,"",,,,"Element.id",0,1,"",""
"getmaternitymedicalhistory.maternityMedicalRecord.maternityMedicalRecordBody.pregnancyCheckupRecord.extension","getmaternitymedicalhistory.maternityMedicalRecord.maternityMedicalRecordBody.pregnancyCheckupRecord.extension","","extensions
user content","",0,*,"","","","Extension {[]} {[]}
","Additional content defined by implementations","May be used to represent additional information that is not part of the basic definition of the element. To make the use of extensions safe and manageable, there is a strict set of governance  applied to the definition and use of extensions. Though any implementer can define an extension, there is a set of requirements that SHALL be met as part of the definition of the extension.","There can be no stigma associated with the use of extensions by any application, project, or standard - regardless of the institution or jurisdiction that uses or defines the extensions.  The use of extensions is what allows the FHIR specification to retain a core level of simplicity for everyone.","","","","","","","","",,,,,"","value:url}
","Extensions are always sliced by (at least) url",,"open","Element.extension",0,*,"","ele-1:All FHIR elements must have a @value or children {hasValue() or (children().count() > id.count())}
ext-1:Must have either extensions or value[x], not both {extension.exists() != value.exists()}"
"getmaternitymedicalhistory.maternityMedicalRecord.maternityMedicalRecordBody.pregnancyCheckupRecord.modifierExtension","getmaternitymedicalhistory.maternityMedicalRecord.maternityMedicalRecordBody.pregnancyCheckupRecord.modifierExtension","","extensions
user contentmodifiers","",0,*,"","Y","Y","Extension {[]} {[]}
","Extensions that cannot be ignored even if unrecognized","May be used to represent additional information that is not part of the basic definition of the element and that modifies the understanding of the element in which it is contained and/or the understanding of the containing element's descendants. Usually modifier elements provide negation or qualification. To make the use of extensions safe and manageable, there is a strict set of governance applied to the definition and use of extensions. Though any implementer can define an extension, there is a set of requirements that SHALL be met as part of the definition of the extension. Applications processing a resource are required to check for modifier extensions.

Modifier extensions SHALL NOT change the meaning of any elements on Resource or DomainResource (including cannot change the meaning of modifierExtension itself).","There can be no stigma associated with the use of extensions by any application, project, or standard - regardless of the institution or jurisdiction that uses or defines the extensions.  The use of extensions is what allows the FHIR specification to retain a core level of simplicity for everyone.","Modifier extensions allow for extensions that *cannot* be safely ignored to be clearly distinguished from the vast majority of extensions which can be safely ignored.  This promotes interoperability by eliminating the need for implementers to prohibit the presence of extensions. For further information, see the [definition of modifier extensions](http://hl7.org/fhir/R4/extensibility.html#modifierExtension).","","","","","","","",,,,,"",,,,"BackboneElement.modifierExtension",0,*,"","ele-1:All FHIR elements must have a @value or children {hasValue() or (children().count() > id.count())}
ext-1:Must have either extensions or value[x], not both {extension.exists() != value.exists()}"
"getmaternitymedicalhistory.maternityMedicalRecord.maternityMedicalRecordBody.pregnancyCheckupRecord.completeWeeksOfGestation","getmaternitymedicalhistory.maternityMedicalRecord.maternityMedicalRecordBody.pregnancyCheckupRecord.completeWeeksOfGestation","","","",0,1,"","","","integer {[]} {[]}
","Fullgångna graviditetsveckor","Fullgångna graviditetsveckor
RIV-TA-typ: int. Kardinalitet i TKB: 0..1.","","","","","","","","","",,,,,"",,,,"getmaternitymedicalhistory.maternityMedicalRecord.maternityMedicalRecordBody.pregnancyCheckupRecord.completeWeeksOfGestation",0,1,"",""
"getmaternitymedicalhistory.maternityMedicalRecord.maternityMedicalRecordBody.pregnancyCheckupRecord.weight","getmaternitymedicalhistory.maternityMedicalRecord.maternityMedicalRecordBody.pregnancyCheckupRecord.weight","","","",0,1,"","","","Quantity {[]} {[]}
","Moderns vikt [massa]","Moderns vikt [massa]
RIV-TA-typ: PQType. Kardinalitet i TKB: 0..1.","","","","","","","","","",,,,,"",,,,"getmaternitymedicalhistory.maternityMedicalRecord.maternityMedicalRecordBody.pregnancyCheckupRecord.weight",0,1,"",""
"getmaternitymedicalhistory.maternityMedicalRecord.maternityMedicalRecordBody.pregnancyCheckupRecord.symphysisFundalHeight","getmaternitymedicalhistory.maternityMedicalRecord.maternityMedicalRecordBody.pregnancyCheckupRecord.symphysisFundalHeight","","","",0,1,"","","","Quantity {[]} {[]}
","Symfys-fundus mått [längd]","Symfys-fundus mått [längd]
RIV-TA-typ: PQType. Kardinalitet i TKB: 0..1.","","","","","","","","","",,,,,"",,,,"getmaternitymedicalhistory.maternityMedicalRecord.maternityMedicalRecordBody.pregnancyCheckupRecord.symphysisFundalHeight",0,1,"",""
"getmaternitymedicalhistory.maternityMedicalRecord.maternityMedicalRecordBody.pregnancyCheckupRecord.haemoglobin","getmaternitymedicalhistory.maternityMedicalRecord.maternityMedicalRecordBody.pregnancyCheckupRecord.haemoglobin","","","",0,1,"","","","Quantity {[]} {[]}
","Hb (Hemoglobin) [massa / volym]","Hb (Hemoglobin) [massa / volym]
RIV-TA-typ: PQType. Kardinalitet i TKB: 0..1.","","","","","","","","","",,,,,"",,,,"getmaternitymedicalhistory.maternityMedicalRecord.maternityMedicalRecordBody.pregnancyCheckupRecord.haemoglobin",0,1,"",""
"getmaternitymedicalhistory.maternityMedicalRecord.maternityMedicalRecordBody.pregnancyCheckupRecord.bloodPressureSystolic","getmaternitymedicalhistory.maternityMedicalRecord.maternityMedicalRecordBody.pregnancyCheckupRecord.bloodPressureSystolic","","","",0,1,"","","","Quantity {[]} {[]}
","Systoliskt blodtryck [tryck]","Systoliskt blodtryck [tryck]
RIV-TA-typ: PQType. Kardinalitet i TKB: 0..1.","","","","","","","","","",,,,,"",,,,"getmaternitymedicalhistory.maternityMedicalRecord.maternityMedicalRecordBody.pregnancyCheckupRecord.bloodPressureSystolic",0,1,"",""
"getmaternitymedicalhistory.maternityMedicalRecord.maternityMedicalRecordBody.pregnancyCheckupRecord.bloodPressureDiastolic","getmaternitymedicalhistory.maternityMedicalRecord.maternityMedicalRecordBody.pregnancyCheckupRecord.bloodPressureDiastolic","","","",0,1,"","","","Quantity {[]} {[]}
","Diastoliskt blodtryck [tryck]","Diastoliskt blodtryck [tryck]
RIV-TA-typ: PQType. Kardinalitet i TKB: 0..1.","","","","","","","","","",,,,,"",,,,"getmaternitymedicalhistory.maternityMedicalRecord.maternityMedicalRecordBody.pregnancyCheckupRecord.bloodPressureDiastolic",0,1,"",""
"getmaternitymedicalhistory.maternityMedicalRecord.maternityMedicalRecordBody.pregnancyCheckupRecord.proteinuria","getmaternitymedicalhistory.maternityMedicalRecord.maternityMedicalRecordBody.pregnancyCheckupRecord.proteinuria","","","",0,1,"","","","Quantity {[]} {[]}
","Proteinuri - Protein i urinet [massa / volym] / Mängden protein ska alltså anges i g/l eller motsvarande","Proteinuri - Protein i urinet [massa / volym] / Mängden protein ska alltså anges i g/l eller motsvarande. Använd INTE mätstickans kodning (0, 1+, 2+…)
RIV-TA-typ: PQType. Kardinalitet i TKB: 0..1.","","","","","","","","","",,,,,"",,,,"getmaternitymedicalhistory.maternityMedicalRecord.maternityMedicalRecordBody.pregnancyCheckupRecord.proteinuria",0,1,"",""
"getmaternitymedicalhistory.maternityMedicalRecord.maternityMedicalRecordBody.pregnancyCheckupRecord.glycosuria","getmaternitymedicalhistory.maternityMedicalRecord.maternityMedicalRecordBody.pregnancyCheckupRecord.glycosuria","","","",0,1,"","","","Quantity {[]} {[]}
","Glucosuri - Glucos i urinet [antal / volym] / Förväntad enhet är mmol/l","Glucosuri - Glucos i urinet [antal / volym] / Förväntad enhet är mmol/l. Använd INTE mätstickans kodning (0, 1+, 2+…) / OBS! U på svenska men y på engelska (ICD10).
RIV-TA-typ: PQType. Kardinalitet i TKB: 0..1.","","","","","","","","","",,,,,"",,,,"getmaternitymedicalhistory.maternityMedicalRecord.maternityMedicalRecordBody.pregnancyCheckupRecord.glycosuria",0,1,"",""
"getmaternitymedicalhistory.maternityMedicalRecord.maternityMedicalRecordBody.pregnancyCheckupRecord.fetalPosition","getmaternitymedicalhistory.maternityMedicalRecord.maternityMedicalRecordBody.pregnancyCheckupRecord.fetalPosition","","","",0,*,"","","","code {[]} {[]}
","Fosterläge enligt kodverk: / 0 = head (huvud ) / 1 = breech (säte) / 2 = oblique (snedläge) / 3 = transverse (","Fosterläge enligt kodverk: / 0 = head (huvud ) / 1 = breech (säte) / 2 = oblique (snedläge) / 3 = transverse (tvärläge)
RIV-TA-typ: FetalPositionCodeEnum. Kardinalitet i TKB: 0..*.","","","","","","","","","",,"required","","https://fhir.inera.se/ig/clinicalprocess-healthcond-actoutcome/ValueSet/fetalpositioncode-vs","",,,,"getmaternitymedicalhistory.maternityMedicalRecord.maternityMedicalRecordBody.pregnancyCheckupRecord.fetalPosition",0,*,"",""
"getmaternitymedicalhistory.maternityMedicalRecord.maternityMedicalRecordBody.pregnancyCheckupRecord.fetalPresentation","getmaternitymedicalhistory.maternityMedicalRecord.maternityMedicalRecordBody.pregnancyCheckupRecord.fetalPresentation","","","",0,*,"","","","code {[]} {[]}
","Föregående fosterdel enligt kodverk: / 0= mobile (rörligt), / 1 = movable (ruckbart), / 2 = fixed (fix)","Föregående fosterdel enligt kodverk: / 0= mobile (rörligt), / 1 = movable (ruckbart), / 2 = fixed (fix)
RIV-TA-typ: FetalPresentationCodeEnum. Kardinalitet i TKB: 0..*.","","","","","","","","","",,"required","","https://fhir.inera.se/ig/clinicalprocess-healthcond-actoutcome/ValueSet/fetalpresentationcode-vs","",,,,"getmaternitymedicalhistory.maternityMedicalRecord.maternityMedicalRecordBody.pregnancyCheckupRecord.fetalPresentation",0,*,"",""
"getmaternitymedicalhistory.maternityMedicalRecord.maternityMedicalRecordBody.pregnancyCheckupRecord.fetalHeartRate","getmaternitymedicalhistory.maternityMedicalRecord.maternityMedicalRecordBody.pregnancyCheckupRecord.fetalHeartRate","","","",0,*,"","","","Quantity {[]} {[]}
","Fosterljud, hjärtslag, ex","Fosterljud, hjärtslag, ex. bpm [frekvens]
RIV-TA-typ: PQType. Kardinalitet i TKB: 0..*.","","","","","","","","","",,,,,"",,,,"getmaternitymedicalhistory.maternityMedicalRecord.maternityMedicalRecordBody.pregnancyCheckupRecord.fetalHeartRate",0,*,"",""
"getmaternitymedicalhistory.maternityMedicalRecord.maternityMedicalRecordBody.pregnancyCheckupRecord.typeOfLeave","getmaternitymedicalhistory.maternityMedicalRecord.maternityMedicalRecordBody.pregnancyCheckupRecord.typeOfLeave","","","",0,*,"","","","code {[]} {[]}
","Typ av ledighet enligt kodverk / 0 = Sjukskrivning, / 1 = Havandekapsledighet, / 2 = Föräldrarledighet","Typ av ledighet enligt kodverk / 0 = Sjukskrivning, / 1 = Havandekapsledighet, / 2 = Föräldrarledighet
RIV-TA-typ: TypeOfLeaveCodeEnum. Kardinalitet i TKB: 0..*.","","","","","","","","","",,"required","","https://fhir.inera.se/ig/clinicalprocess-healthcond-actoutcome/ValueSet/typeofleavecode-vs","",,,,"getmaternitymedicalhistory.maternityMedicalRecord.maternityMedicalRecordBody.pregnancyCheckupRecord.typeOfLeave",0,*,"",""
"getmaternitymedicalhistory.maternityMedicalRecord.maternityMedicalRecordBody.pregnancyCheckupRecord.medicationSinceRegistration","getmaternitymedicalhistory.maternityMedicalRecord.maternityMedicalRecordBody.pregnancyCheckupRecord.medicationSinceRegistration","","","",0,*,"","","","BackboneElement {[]} {[]}
","Läkemedel (även kostpreparat) som administrerats sedan registreringen / föregående ”checkup”.","Läkemedel (även kostpreparat) som administrerats sedan registreringen / föregående ”checkup”.
RIV-TA-typ: MedicationType. Kardinalitet i TKB: 0..*.","","","","","","","","","",,,,,"",,,,"getmaternitymedicalhistory.maternityMedicalRecord.maternityMedicalRecordBody.pregnancyCheckupRecord.medicationSinceRegistration",0,*,"","ele-1:All FHIR elements must have a @value or children {hasValue() or (children().count() > id.count())}
"
"getmaternitymedicalhistory.maternityMedicalRecord.maternityMedicalRecordBody.pregnancyCheckupRecord.medicationSinceRegistration.id","getmaternitymedicalhistory.maternityMedicalRecord.maternityMedicalRecordBody.pregnancyCheckupRecord.medicationSinceRegistration.id","","","",0,1,"","","","string {[]} {[]}
","Unique id for inter-element referencing","Unique id for the element within a resource (for internal references). This may be any string value that does not contain spaces.","","","","","","","","","",,,,,"",,,,"Element.id",0,1,"",""
"getmaternitymedicalhistory.maternityMedicalRecord.maternityMedicalRecordBody.pregnancyCheckupRecord.medicationSinceRegistration.extension","getmaternitymedicalhistory.maternityMedicalRecord.maternityMedicalRecordBody.pregnancyCheckupRecord.medicationSinceRegistration.extension","","extensions
user content","",0,*,"","","","Extension {[]} {[]}
","Additional content defined by implementations","May be used to represent additional information that is not part of the basic definition of the element. To make the use of extensions safe and manageable, there is a strict set of governance  applied to the definition and use of extensions. Though any implementer can define an extension, there is a set of requirements that SHALL be met as part of the definition of the extension.","There can be no stigma associated with the use of extensions by any application, project, or standard - regardless of the institution or jurisdiction that uses or defines the extensions.  The use of extensions is what allows the FHIR specification to retain a core level of simplicity for everyone.","","","","","","","","",,,,,"","value:url}
","Extensions are always sliced by (at least) url",,"open","Element.extension",0,*,"","ele-1:All FHIR elements must have a @value or children {hasValue() or (children().count() > id.count())}
ext-1:Must have either extensions or value[x], not both {extension.exists() != value.exists()}"
"getmaternitymedicalhistory.maternityMedicalRecord.maternityMedicalRecordBody.pregnancyCheckupRecord.medicationSinceRegistration.modifierExtension","getmaternitymedicalhistory.maternityMedicalRecord.maternityMedicalRecordBody.pregnancyCheckupRecord.medicationSinceRegistration.modifierExtension","","extensions
user contentmodifiers","",0,*,"","Y","Y","Extension {[]} {[]}
","Extensions that cannot be ignored even if unrecognized","May be used to represent additional information that is not part of the basic definition of the element and that modifies the understanding of the element in which it is contained and/or the understanding of the containing element's descendants. Usually modifier elements provide negation or qualification. To make the use of extensions safe and manageable, there is a strict set of governance applied to the definition and use of extensions. Though any implementer can define an extension, there is a set of requirements that SHALL be met as part of the definition of the extension. Applications processing a resource are required to check for modifier extensions.

Modifier extensions SHALL NOT change the meaning of any elements on Resource or DomainResource (including cannot change the meaning of modifierExtension itself).","There can be no stigma associated with the use of extensions by any application, project, or standard - regardless of the institution or jurisdiction that uses or defines the extensions.  The use of extensions is what allows the FHIR specification to retain a core level of simplicity for everyone.","Modifier extensions allow for extensions that *cannot* be safely ignored to be clearly distinguished from the vast majority of extensions which can be safely ignored.  This promotes interoperability by eliminating the need for implementers to prohibit the presence of extensions. For further information, see the [definition of modifier extensions](http://hl7.org/fhir/R4/extensibility.html#modifierExtension).","","","","","","","",,,,,"",,,,"BackboneElement.modifierExtension",0,*,"","ele-1:All FHIR elements must have a @value or children {hasValue() or (children().count() > id.count())}
ext-1:Must have either extensions or value[x], not both {extension.exists() != value.exists()}"
"getmaternitymedicalhistory.maternityMedicalRecord.maternityMedicalRecordBody.pregnancyCheckupRecord.medicationSinceRegistration.medicament","getmaternitymedicalhistory.maternityMedicalRecord.maternityMedicalRecordBody.pregnancyCheckupRecord.medicationSinceRegistration.medicament","","","",1,1,"","","","string {[]} {[]}
","Preparat","Preparat
RIV-TA-typ: string. Kardinalitet i TKB: 1..1.","","","","","","","","","",,,,,"",,,,"getmaternitymedicalhistory.maternityMedicalRecord.maternityMedicalRecordBody.pregnancyCheckupRecord.medicationSinceRegistration.medicament",1,1,"",""
"getmaternitymedicalhistory.maternityMedicalRecord.maternityMedicalRecordBody.pregnancyCheckupRecord.medicationSinceRegistration.dosage","getmaternitymedicalhistory.maternityMedicalRecord.maternityMedicalRecordBody.pregnancyCheckupRecord.medicationSinceRegistration.dosage","","","",0,1,"","","","string {[]} {[]}
","Dosering i beskrivande text","Dosering i beskrivande text
RIV-TA-typ: string. Kardinalitet i TKB: 0..1.","","","","","","","","","",,,,,"",,,,"getmaternitymedicalhistory.maternityMedicalRecord.maternityMedicalRecordBody.pregnancyCheckupRecord.medicationSinceRegistration.dosage",0,1,"",""
"getmaternitymedicalhistory.maternityMedicalRecord.maternityMedicalRecordBody.postDeliveryRecord","getmaternitymedicalhistory.maternityMedicalRecord.maternityMedicalRecordBody.postDeliveryRecord","","","",0,1,"","","","BackboneElement {[]} {[]}
","Efterskötning","Efterskötning
RIV-TA-typ: PostDeliveryRecordType. Kardinalitet i TKB: 0..1.","","","","","","","","","",,,,,"",,,,"getmaternitymedicalhistory.maternityMedicalRecord.maternityMedicalRecordBody.postDeliveryRecord",0,1,"","ele-1:All FHIR elements must have a @value or children {hasValue() or (children().count() > id.count())}
"
"getmaternitymedicalhistory.maternityMedicalRecord.maternityMedicalRecordBody.postDeliveryRecord.id","getmaternitymedicalhistory.maternityMedicalRecord.maternityMedicalRecordBody.postDeliveryRecord.id","","","",0,1,"","","","string {[]} {[]}
","Unique id for inter-element referencing","Unique id for the element within a resource (for internal references). This may be any string value that does not contain spaces.","","","","","","","","","",,,,,"",,,,"Element.id",0,1,"",""
"getmaternitymedicalhistory.maternityMedicalRecord.maternityMedicalRecordBody.postDeliveryRecord.extension","getmaternitymedicalhistory.maternityMedicalRecord.maternityMedicalRecordBody.postDeliveryRecord.extension","","extensions
user content","",0,*,"","","","Extension {[]} {[]}
","Additional content defined by implementations","May be used to represent additional information that is not part of the basic definition of the element. To make the use of extensions safe and manageable, there is a strict set of governance  applied to the definition and use of extensions. Though any implementer can define an extension, there is a set of requirements that SHALL be met as part of the definition of the extension.","There can be no stigma associated with the use of extensions by any application, project, or standard - regardless of the institution or jurisdiction that uses or defines the extensions.  The use of extensions is what allows the FHIR specification to retain a core level of simplicity for everyone.","","","","","","","","",,,,,"","value:url}
","Extensions are always sliced by (at least) url",,"open","Element.extension",0,*,"","ele-1:All FHIR elements must have a @value or children {hasValue() or (children().count() > id.count())}
ext-1:Must have either extensions or value[x], not both {extension.exists() != value.exists()}"
"getmaternitymedicalhistory.maternityMedicalRecord.maternityMedicalRecordBody.postDeliveryRecord.modifierExtension","getmaternitymedicalhistory.maternityMedicalRecord.maternityMedicalRecordBody.postDeliveryRecord.modifierExtension","","extensions
user contentmodifiers","",0,*,"","Y","Y","Extension {[]} {[]}
","Extensions that cannot be ignored even if unrecognized","May be used to represent additional information that is not part of the basic definition of the element and that modifies the understanding of the element in which it is contained and/or the understanding of the containing element's descendants. Usually modifier elements provide negation or qualification. To make the use of extensions safe and manageable, there is a strict set of governance applied to the definition and use of extensions. Though any implementer can define an extension, there is a set of requirements that SHALL be met as part of the definition of the extension. Applications processing a resource are required to check for modifier extensions.

Modifier extensions SHALL NOT change the meaning of any elements on Resource or DomainResource (including cannot change the meaning of modifierExtension itself).","There can be no stigma associated with the use of extensions by any application, project, or standard - regardless of the institution or jurisdiction that uses or defines the extensions.  The use of extensions is what allows the FHIR specification to retain a core level of simplicity for everyone.","Modifier extensions allow for extensions that *cannot* be safely ignored to be clearly distinguished from the vast majority of extensions which can be safely ignored.  This promotes interoperability by eliminating the need for implementers to prohibit the presence of extensions. For further information, see the [definition of modifier extensions](http://hl7.org/fhir/R4/extensibility.html#modifierExtension).","","","","","","","",,,,,"",,,,"BackboneElement.modifierExtension",0,*,"","ele-1:All FHIR elements must have a @value or children {hasValue() or (children().count() > id.count())}
ext-1:Must have either extensions or value[x], not both {extension.exists() != value.exists()}"
"getmaternitymedicalhistory.maternityMedicalRecord.maternityMedicalRecordBody.postDeliveryRecord.motherPostDeliveryRecord","getmaternitymedicalhistory.maternityMedicalRecord.maternityMedicalRecordBody.postDeliveryRecord.motherPostDeliveryRecord","","","",1,1,"","","","BackboneElement {[]} {[]}
","Efterskötningsjournal, moder","Efterskötningsjournal, moder
RIV-TA-typ: MotherPostDeliveryRecordType. Kardinalitet i TKB: 1..1.","","","","","","","","","",,,,,"",,,,"getmaternitymedicalhistory.maternityMedicalRecord.maternityMedicalRecordBody.postDeliveryRecord.motherPostDeliveryRecord",1,1,"","ele-1:All FHIR elements must have a @value or children {hasValue() or (children().count() > id.count())}
"
"getmaternitymedicalhistory.maternityMedicalRecord.maternityMedicalRecordBody.postDeliveryRecord.motherPostDeliveryRecord.id","getmaternitymedicalhistory.maternityMedicalRecord.maternityMedicalRecordBody.postDeliveryRecord.motherPostDeliveryRecord.id","","","",0,1,"","","","string {[]} {[]}
","Unique id for inter-element referencing","Unique id for the element within a resource (for internal references). This may be any string value that does not contain spaces.","","","","","","","","","",,,,,"",,,,"Element.id",0,1,"",""
"getmaternitymedicalhistory.maternityMedicalRecord.maternityMedicalRecordBody.postDeliveryRecord.motherPostDeliveryRecord.extension","getmaternitymedicalhistory.maternityMedicalRecord.maternityMedicalRecordBody.postDeliveryRecord.motherPostDeliveryRecord.extension","","extensions
user content","",0,*,"","","","Extension {[]} {[]}
","Additional content defined by implementations","May be used to represent additional information that is not part of the basic definition of the element. To make the use of extensions safe and manageable, there is a strict set of governance  applied to the definition and use of extensions. Though any implementer can define an extension, there is a set of requirements that SHALL be met as part of the definition of the extension.","There can be no stigma associated with the use of extensions by any application, project, or standard - regardless of the institution or jurisdiction that uses or defines the extensions.  The use of extensions is what allows the FHIR specification to retain a core level of simplicity for everyone.","","","","","","","","",,,,,"","value:url}
","Extensions are always sliced by (at least) url",,"open","Element.extension",0,*,"","ele-1:All FHIR elements must have a @value or children {hasValue() or (children().count() > id.count())}
ext-1:Must have either extensions or value[x], not both {extension.exists() != value.exists()}"
"getmaternitymedicalhistory.maternityMedicalRecord.maternityMedicalRecordBody.postDeliveryRecord.motherPostDeliveryRecord.modifierExtension","getmaternitymedicalhistory.maternityMedicalRecord.maternityMedicalRecordBody.postDeliveryRecord.motherPostDeliveryRecord.modifierExtension","","extensions
user contentmodifiers","",0,*,"","Y","Y","Extension {[]} {[]}
","Extensions that cannot be ignored even if unrecognized","May be used to represent additional information that is not part of the basic definition of the element and that modifies the understanding of the element in which it is contained and/or the understanding of the containing element's descendants. Usually modifier elements provide negation or qualification. To make the use of extensions safe and manageable, there is a strict set of governance applied to the definition and use of extensions. Though any implementer can define an extension, there is a set of requirements that SHALL be met as part of the definition of the extension. Applications processing a resource are required to check for modifier extensions.

Modifier extensions SHALL NOT change the meaning of any elements on Resource or DomainResource (including cannot change the meaning of modifierExtension itself).","There can be no stigma associated with the use of extensions by any application, project, or standard - regardless of the institution or jurisdiction that uses or defines the extensions.  The use of extensions is what allows the FHIR specification to retain a core level of simplicity for everyone.","Modifier extensions allow for extensions that *cannot* be safely ignored to be clearly distinguished from the vast majority of extensions which can be safely ignored.  This promotes interoperability by eliminating the need for implementers to prohibit the presence of extensions. For further information, see the [definition of modifier extensions](http://hl7.org/fhir/R4/extensibility.html#modifierExtension).","","","","","","","",,,,,"",,,,"BackboneElement.modifierExtension",0,*,"","ele-1:All FHIR elements must have a @value or children {hasValue() or (children().count() > id.count())}
ext-1:Must have either extensions or value[x], not both {extension.exists() != value.exists()}"
"getmaternitymedicalhistory.maternityMedicalRecord.maternityMedicalRecordBody.postDeliveryRecord.motherPostDeliveryRecord.breastfeeding","getmaternitymedicalhistory.maternityMedicalRecord.maternityMedicalRecordBody.postDeliveryRecord.motherPostDeliveryRecord.breastfeeding","","","",0,1,"","","","boolean {[]} {[]}
","Ammar (true/false)","Ammar (true/false)
RIV-TA-typ: boolean. Kardinalitet i TKB: 0..1.","","","","","","","","","",,,,,"",,,,"getmaternitymedicalhistory.maternityMedicalRecord.maternityMedicalRecordBody.postDeliveryRecord.motherPostDeliveryRecord.breastfeeding",0,1,"",""
"getmaternitymedicalhistory.maternityMedicalRecord.maternityMedicalRecordBody.postDeliveryRecord.motherPostDeliveryRecord.bloodPressureSystolic","getmaternitymedicalhistory.maternityMedicalRecord.maternityMedicalRecordBody.postDeliveryRecord.motherPostDeliveryRecord.bloodPressureSystolic","","","",0,1,"","","","Quantity {[]} {[]}
","Systoliskt blodtryck [tryck]","Systoliskt blodtryck [tryck]
RIV-TA-typ: PQType. Kardinalitet i TKB: 0..1.","","","","","","","","","",,,,,"",,,,"getmaternitymedicalhistory.maternityMedicalRecord.maternityMedicalRecordBody.postDeliveryRecord.motherPostDeliveryRecord.bloodPressureSystolic",0,1,"",""
"getmaternitymedicalhistory.maternityMedicalRecord.maternityMedicalRecordBody.postDeliveryRecord.motherPostDeliveryRecord.bloodPressureDiastolic","getmaternitymedicalhistory.maternityMedicalRecord.maternityMedicalRecordBody.postDeliveryRecord.motherPostDeliveryRecord.bloodPressureDiastolic","","","",0,1,"","","","Quantity {[]} {[]}
","Diastoliskt blodtryck [tryck]","Diastoliskt blodtryck [tryck]
RIV-TA-typ: PQType. Kardinalitet i TKB: 0..1.","","","","","","","","","",,,,,"",,,,"getmaternitymedicalhistory.maternityMedicalRecord.maternityMedicalRecordBody.postDeliveryRecord.motherPostDeliveryRecord.bloodPressureDiastolic",0,1,"",""
"getmaternitymedicalhistory.maternityMedicalRecord.maternityMedicalRecordBody.postDeliveryRecord.motherPostDeliveryRecord.haemoglobin","getmaternitymedicalhistory.maternityMedicalRecord.maternityMedicalRecordBody.postDeliveryRecord.motherPostDeliveryRecord.haemoglobin","","","",0,1,"","","","Quantity {[]} {[]}
","Haemoglobin, t.ex","Haemoglobin, t.ex. g/L [massa / volym]
RIV-TA-typ: PQType. Kardinalitet i TKB: 0..1.","","","","","","","","","",,,,,"",,,,"getmaternitymedicalhistory.maternityMedicalRecord.maternityMedicalRecordBody.postDeliveryRecord.motherPostDeliveryRecord.haemoglobin",0,1,"",""
"getmaternitymedicalhistory.maternityMedicalRecord.maternityMedicalRecordBody.postDeliveryRecord.motherPostDeliveryRecord.bodyTemperature","getmaternitymedicalhistory.maternityMedicalRecord.maternityMedicalRecordBody.postDeliveryRecord.motherPostDeliveryRecord.bodyTemperature","","","",0,1,"","","","decimal {[]} {[]}
","Kroppstemperatur","Kroppstemperatur
RIV-TA-typ: decimal. Kardinalitet i TKB: 0..1.","","","","","","","","","",,,,,"",,,,"getmaternitymedicalhistory.maternityMedicalRecord.maternityMedicalRecordBody.postDeliveryRecord.motherPostDeliveryRecord.bodyTemperature",0,1,"",""
"getmaternitymedicalhistory.maternityMedicalRecord.maternityMedicalRecordBody.postDeliveryRecord.motherPostDeliveryRecord.scarsOK","getmaternitymedicalhistory.maternityMedicalRecord.maternityMedicalRecordBody.postDeliveryRecord.motherPostDeliveryRecord.scarsOK","","","",0,1,"","","","boolean {[]} {[]}
","Sår/bristningar/klipp utan anmärkning (true/false)","Sår/bristningar/klipp utan anmärkning (true/false)
RIV-TA-typ: boolean. Kardinalitet i TKB: 0..1.","","","","","","","","","",,,,,"",,,,"getmaternitymedicalhistory.maternityMedicalRecord.maternityMedicalRecordBody.postDeliveryRecord.motherPostDeliveryRecord.scarsOK",0,1,"",""
"getmaternitymedicalhistory.maternityMedicalRecord.maternityMedicalRecordBody.postDeliveryRecord.motherPostDeliveryRecord.sutureRemoved","getmaternitymedicalhistory.maternityMedicalRecord.maternityMedicalRecordBody.postDeliveryRecord.motherPostDeliveryRecord.sutureRemoved","","","",0,1,"","","","boolean {[]} {[]}
","Suturer borttagna (true/false)","Suturer borttagna (true/false)
RIV-TA-typ: boolean. Kardinalitet i TKB: 0..1.","","","","","","","","","",,,,,"",,,,"getmaternitymedicalhistory.maternityMedicalRecord.maternityMedicalRecordBody.postDeliveryRecord.motherPostDeliveryRecord.sutureRemoved",0,1,"",""
"getmaternitymedicalhistory.maternityMedicalRecord.maternityMedicalRecordBody.postDeliveryRecord.motherPostDeliveryRecord.perineumComfortable","getmaternitymedicalhistory.maternityMedicalRecord.maternityMedicalRecordBody.postDeliveryRecord.motherPostDeliveryRecord.perineumComfortable","","","",0,1,"","","","boolean {[]} {[]}
","Bäckenbotten utan anmärkning (true/false)","Bäckenbotten utan anmärkning (true/false)
RIV-TA-typ: boolean. Kardinalitet i TKB: 0..1.","","","","","","","","","",,,,,"",,,,"getmaternitymedicalhistory.maternityMedicalRecord.maternityMedicalRecordBody.postDeliveryRecord.motherPostDeliveryRecord.perineumComfortable",0,1,"",""
"getmaternitymedicalhistory.maternityMedicalRecord.maternityMedicalRecordBody.postDeliveryRecord.motherPostDeliveryRecord.vulvaVaginaPortioOK","getmaternitymedicalhistory.maternityMedicalRecord.maternityMedicalRecordBody.postDeliveryRecord.motherPostDeliveryRecord.vulvaVaginaPortioOK","","","",0,1,"","","","boolean {[]} {[]}
","vulvaVaginaPortio utan anmärkning (true/false)","vulvaVaginaPortio utan anmärkning (true/false)
RIV-TA-typ: boolean. Kardinalitet i TKB: 0..1.","","","","","","","","","",,,,,"",,,,"getmaternitymedicalhistory.maternityMedicalRecord.maternityMedicalRecordBody.postDeliveryRecord.motherPostDeliveryRecord.vulvaVaginaPortioOK",0,1,"",""
"getmaternitymedicalhistory.maternityMedicalRecord.maternityMedicalRecordBody.postDeliveryRecord.motherPostDeliveryRecord.uterusContracted","getmaternitymedicalhistory.maternityMedicalRecord.maternityMedicalRecordBody.postDeliveryRecord.motherPostDeliveryRecord.uterusContracted","","","",0,1,"","","","boolean {[]} {[]}
","Uterus utan anmärkning (true/false)","Uterus utan anmärkning (true/false)
RIV-TA-typ: boolean. Kardinalitet i TKB: 0..1.","","","","","","","","","",,,,,"",,,,"getmaternitymedicalhistory.maternityMedicalRecord.maternityMedicalRecordBody.postDeliveryRecord.motherPostDeliveryRecord.uterusContracted",0,1,"",""
"getmaternitymedicalhistory.maternityMedicalRecord.maternityMedicalRecordBody.postDeliveryRecord.motherPostDeliveryRecord.uterusNote","getmaternitymedicalhistory.maternityMedicalRecord.maternityMedicalRecordBody.postDeliveryRecord.motherPostDeliveryRecord.uterusNote","","","",0,1,"","","","string {[]} {[]}
","Kommentar till uterus med anmärkning","Kommentar till uterus med anmärkning. Kan endast anges då uterusContracted = false
RIV-TA-typ: string. Kardinalitet i TKB: 0..1.","","","","","","","","","",,,,,"",,,,"getmaternitymedicalhistory.maternityMedicalRecord.maternityMedicalRecordBody.postDeliveryRecord.motherPostDeliveryRecord.uterusNote",0,1,"",""
"getmaternitymedicalhistory.maternityMedicalRecord.maternityMedicalRecordBody.postDeliveryRecord.childPostDeliveryRecord","getmaternitymedicalhistory.maternityMedicalRecord.maternityMedicalRecordBody.postDeliveryRecord.childPostDeliveryRecord","","","",1,*,"","","","BackboneElement {[]} {[]}
","Efterskötningsjournal, för barn ur samma graviditet","Efterskötningsjournal, för barn ur samma graviditet
RIV-TA-typ: ChildPostDeliveryRecordTypeType. Kardinalitet i TKB: 1..*.","","","","","","","","","",,,,,"",,,,"getmaternitymedicalhistory.maternityMedicalRecord.maternityMedicalRecordBody.postDeliveryRecord.childPostDeliveryRecord",1,*,"","ele-1:All FHIR elements must have a @value or children {hasValue() or (children().count() > id.count())}
"
"getmaternitymedicalhistory.maternityMedicalRecord.maternityMedicalRecordBody.postDeliveryRecord.childPostDeliveryRecord.id","getmaternitymedicalhistory.maternityMedicalRecord.maternityMedicalRecordBody.postDeliveryRecord.childPostDeliveryRecord.id","","","",0,1,"","","","string {[]} {[]}
","Unique id for inter-element referencing","Unique id for the element within a resource (for internal references). This may be any string value that does not contain spaces.","","","","","","","","","",,,,,"",,,,"Element.id",0,1,"",""
"getmaternitymedicalhistory.maternityMedicalRecord.maternityMedicalRecordBody.postDeliveryRecord.childPostDeliveryRecord.extension","getmaternitymedicalhistory.maternityMedicalRecord.maternityMedicalRecordBody.postDeliveryRecord.childPostDeliveryRecord.extension","","extensions
user content","",0,*,"","","","Extension {[]} {[]}
","Additional content defined by implementations","May be used to represent additional information that is not part of the basic definition of the element. To make the use of extensions safe and manageable, there is a strict set of governance  applied to the definition and use of extensions. Though any implementer can define an extension, there is a set of requirements that SHALL be met as part of the definition of the extension.","There can be no stigma associated with the use of extensions by any application, project, or standard - regardless of the institution or jurisdiction that uses or defines the extensions.  The use of extensions is what allows the FHIR specification to retain a core level of simplicity for everyone.","","","","","","","","",,,,,"","value:url}
","Extensions are always sliced by (at least) url",,"open","Element.extension",0,*,"","ele-1:All FHIR elements must have a @value or children {hasValue() or (children().count() > id.count())}
ext-1:Must have either extensions or value[x], not both {extension.exists() != value.exists()}"
"getmaternitymedicalhistory.maternityMedicalRecord.maternityMedicalRecordBody.postDeliveryRecord.childPostDeliveryRecord.modifierExtension","getmaternitymedicalhistory.maternityMedicalRecord.maternityMedicalRecordBody.postDeliveryRecord.childPostDeliveryRecord.modifierExtension","","extensions
user contentmodifiers","",0,*,"","Y","Y","Extension {[]} {[]}
","Extensions that cannot be ignored even if unrecognized","May be used to represent additional information that is not part of the basic definition of the element and that modifies the understanding of the element in which it is contained and/or the understanding of the containing element's descendants. Usually modifier elements provide negation or qualification. To make the use of extensions safe and manageable, there is a strict set of governance applied to the definition and use of extensions. Though any implementer can define an extension, there is a set of requirements that SHALL be met as part of the definition of the extension. Applications processing a resource are required to check for modifier extensions.

Modifier extensions SHALL NOT change the meaning of any elements on Resource or DomainResource (including cannot change the meaning of modifierExtension itself).","There can be no stigma associated with the use of extensions by any application, project, or standard - regardless of the institution or jurisdiction that uses or defines the extensions.  The use of extensions is what allows the FHIR specification to retain a core level of simplicity for everyone.","Modifier extensions allow for extensions that *cannot* be safely ignored to be clearly distinguished from the vast majority of extensions which can be safely ignored.  This promotes interoperability by eliminating the need for implementers to prohibit the presence of extensions. For further information, see the [definition of modifier extensions](http://hl7.org/fhir/R4/extensibility.html#modifierExtension).","","","","","","","",,,,,"",,,,"BackboneElement.modifierExtension",0,*,"","ele-1:All FHIR elements must have a @value or children {hasValue() or (children().count() > id.count())}
ext-1:Must have either extensions or value[x], not both {extension.exists() != value.exists()}"
"getmaternitymedicalhistory.maternityMedicalRecord.maternityMedicalRecordBody.postDeliveryRecord.childPostDeliveryRecord.ordinalNumber","getmaternitymedicalhistory.maternityMedicalRecord.maternityMedicalRecordBody.postDeliveryRecord.childPostDeliveryRecord.ordinalNumber","","","",1,1,"","","","integer {[]} {[]}
","Ordningstal för barnet, med start på 1","Ordningstal för barnet, med start på 1. Ju äldre barn desto lägre siffra.
RIV-TA-typ: integer. Kardinalitet i TKB: 1..1.","","","","","","","","","",,,,,"",,,,"getmaternitymedicalhistory.maternityMedicalRecord.maternityMedicalRecordBody.postDeliveryRecord.childPostDeliveryRecord.ordinalNumber",1,1,"",""
"getmaternitymedicalhistory.maternityMedicalRecord.maternityMedicalRecordBody.postDeliveryRecord.childPostDeliveryRecord.weight","getmaternitymedicalhistory.maternityMedicalRecord.maternityMedicalRecordBody.postDeliveryRecord.childPostDeliveryRecord.weight","","","",0,1,"","","","Quantity {[]} {[]}
","Barnets vikt [massa]","Barnets vikt [massa]
RIV-TA-typ: PQType. Kardinalitet i TKB: 0..1.","","","","","","","","","",,,,,"",,,,"getmaternitymedicalhistory.maternityMedicalRecord.maternityMedicalRecordBody.postDeliveryRecord.childPostDeliveryRecord.weight",0,1,"",""
"getmaternitymedicalhistory.maternityMedicalRecord.maternityMedicalRecordBody.postDeliveryRecord.childPostDeliveryRecord.apgarScore1","getmaternitymedicalhistory.maternityMedicalRecord.maternityMedicalRecordBody.postDeliveryRecord.childPostDeliveryRecord.apgarScore1","","","",0,1,"","","","integer {[]} {[]}
","Apgar (0..10) efter 1 minut","Apgar (0..10) efter 1 minut
RIV-TA-typ: int. Kardinalitet i TKB: 0..1.","","","","","","","","","",,,,,"",,,,"getmaternitymedicalhistory.maternityMedicalRecord.maternityMedicalRecordBody.postDeliveryRecord.childPostDeliveryRecord.apgarScore1",0,1,"",""
"getmaternitymedicalhistory.maternityMedicalRecord.maternityMedicalRecordBody.postDeliveryRecord.childPostDeliveryRecord.apgarScore5","getmaternitymedicalhistory.maternityMedicalRecord.maternityMedicalRecordBody.postDeliveryRecord.childPostDeliveryRecord.apgarScore5","","","",0,1,"","","","integer {[]} {[]}
","Apgar (0..10) efter 5 minuter","Apgar (0..10) efter 5 minuter
RIV-TA-typ: int. Kardinalitet i TKB: 0..1.","","","","","","","","","",,,,,"",,,,"getmaternitymedicalhistory.maternityMedicalRecord.maternityMedicalRecordBody.postDeliveryRecord.childPostDeliveryRecord.apgarScore5",0,1,"",""
"getmaternitymedicalhistory.maternityMedicalRecord.maternityMedicalRecordBody.postDeliveryRecord.childPostDeliveryRecord.apgarScore10","getmaternitymedicalhistory.maternityMedicalRecord.maternityMedicalRecordBody.postDeliveryRecord.childPostDeliveryRecord.apgarScore10","","","",0,1,"","","","integer {[]} {[]}
","Apgar (0..10) efter 10 minuter","Apgar (0..10) efter 10 minuter
RIV-TA-typ: int. Kardinalitet i TKB: 0..1.","","","","","","","","","",,,,,"",,,,"getmaternitymedicalhistory.maternityMedicalRecord.maternityMedicalRecordBody.postDeliveryRecord.childPostDeliveryRecord.apgarScore10",0,1,"",""
"getmaternitymedicalhistory.result","getmaternitymedicalhistory.result","","","",1,1,"","","","BackboneElement {[]} {[]}
","Innehåller information om begäran gick bra eller ej.","Innehåller information om begäran gick bra eller ej.
RIV-TA-typ: ResultType. Kardinalitet i TKB: 1..1.","","","","","","","","","",,,,,"",,,,"getmaternitymedicalhistory.result",1,1,"","ele-1:All FHIR elements must have a @value or children {hasValue() or (children().count() > id.count())}
"
"getmaternitymedicalhistory.result.id","getmaternitymedicalhistory.result.id","","","",0,1,"","","","string {[]} {[]}
","Unique id for inter-element referencing","Unique id for the element within a resource (for internal references). This may be any string value that does not contain spaces.","","","","","","","","","",,,,,"",,,,"Element.id",0,1,"",""
"getmaternitymedicalhistory.result.extension","getmaternitymedicalhistory.result.extension","","extensions
user content","",0,*,"","","","Extension {[]} {[]}
","Additional content defined by implementations","May be used to represent additional information that is not part of the basic definition of the element. To make the use of extensions safe and manageable, there is a strict set of governance  applied to the definition and use of extensions. Though any implementer can define an extension, there is a set of requirements that SHALL be met as part of the definition of the extension.","There can be no stigma associated with the use of extensions by any application, project, or standard - regardless of the institution or jurisdiction that uses or defines the extensions.  The use of extensions is what allows the FHIR specification to retain a core level of simplicity for everyone.","","","","","","","","",,,,,"","value:url}
","Extensions are always sliced by (at least) url",,"open","Element.extension",0,*,"","ele-1:All FHIR elements must have a @value or children {hasValue() or (children().count() > id.count())}
ext-1:Must have either extensions or value[x], not both {extension.exists() != value.exists()}"
"getmaternitymedicalhistory.result.modifierExtension","getmaternitymedicalhistory.result.modifierExtension","","extensions
user contentmodifiers","",0,*,"","Y","Y","Extension {[]} {[]}
","Extensions that cannot be ignored even if unrecognized","May be used to represent additional information that is not part of the basic definition of the element and that modifies the understanding of the element in which it is contained and/or the understanding of the containing element's descendants. Usually modifier elements provide negation or qualification. To make the use of extensions safe and manageable, there is a strict set of governance applied to the definition and use of extensions. Though any implementer can define an extension, there is a set of requirements that SHALL be met as part of the definition of the extension. Applications processing a resource are required to check for modifier extensions.

Modifier extensions SHALL NOT change the meaning of any elements on Resource or DomainResource (including cannot change the meaning of modifierExtension itself).","There can be no stigma associated with the use of extensions by any application, project, or standard - regardless of the institution or jurisdiction that uses or defines the extensions.  The use of extensions is what allows the FHIR specification to retain a core level of simplicity for everyone.","Modifier extensions allow for extensions that *cannot* be safely ignored to be clearly distinguished from the vast majority of extensions which can be safely ignored.  This promotes interoperability by eliminating the need for implementers to prohibit the presence of extensions. For further information, see the [definition of modifier extensions](http://hl7.org/fhir/R4/extensibility.html#modifierExtension).","","","","","","","",,,,,"",,,,"BackboneElement.modifierExtension",0,*,"","ele-1:All FHIR elements must have a @value or children {hasValue() or (children().count() > id.count())}
ext-1:Must have either extensions or value[x], not both {extension.exists() != value.exists()}"
"getmaternitymedicalhistory.result.resultCode","getmaternitymedicalhistory.result.resultCode","","","",1,1,"","","","code {[]} {[]}
","Kan endast vara OK, INFO eller ERROR","Kan endast vara OK, INFO eller ERROR
RIV-TA-typ: ResultCodeEnum. Kardinalitet i TKB: 1..1.","","","","","","","","","",,"required","","https://fhir.inera.se/ig/clinicalprocess-healthcond-actoutcome/ValueSet/resultcode-vs","",,,,"getmaternitymedicalhistory.result.resultCode",1,1,"",""
"getmaternitymedicalhistory.result.errorCode","getmaternitymedicalhistory.result.errorCode","","","",0,1,"","","","code {[]} {[]}
","Sätts endast om resultCode är ERROR, se kapitel 4.4 för mer information.","Sätts endast om resultCode är ERROR, se kapitel 4.4 för mer information.
RIV-TA-typ: ErrorCodeEnum. Kardinalitet i TKB: 0..1.","","","","","","","","","",,"required","","https://fhir.inera.se/ig/clinicalprocess-healthcond-actoutcome/ValueSet/errorcode-vs","",,,,"getmaternitymedicalhistory.result.errorCode",0,1,"",""
"getmaternitymedicalhistory.result.subCode","getmaternitymedicalhistory.result.subCode","","","",0,1,"","","","string {[]} {[]}
","Inga subkoder är specificerade. (TKB: subcode)","Inga subkoder är specificerade.
RIV-TA-typ: string. Kardinalitet i TKB: 0..1.","","","","","","","","","",,,,,"",,,,"getmaternitymedicalhistory.result.subCode",0,1,"",""
"getmaternitymedicalhistory.result.logId","getmaternitymedicalhistory.result.logId","","","",1,1,"","","","string {[]} {[]}
","En UUID som kan användas vid felanmälan för att användas vid felsökning av producent.","En UUID som kan användas vid felanmälan för att användas vid felsökning av producent.
RIV-TA-typ: string. Kardinalitet i TKB: 1..1.","","","","","","","","","",,,,,"",,,,"getmaternitymedicalhistory.result.logId",1,1,"",""
"getmaternitymedicalhistory.result.message","getmaternitymedicalhistory.result.message","","","",0,1,"","","","string {[]} {[]}
","En beskrivande text som kan visas för användaren.","En beskrivande text som kan visas för användaren.
RIV-TA-typ: string. Kardinalitet i TKB: 0..1.","","","","","","","","","",,,,,"",,,,"getmaternitymedicalhistory.result.message",0,1,"",""
