"Id","Path","Slice Name","Alias(s)","Label","Min","Max","Must Support?","Is Modifier?","Is Summary?","Type(s)","Short","Definition","Comments","Requirements","Default Value","Meaning When Missing","Fixed Value","Pattern","Example","Minimum Value","Maximum Value","Maximum Length","Binding Strength","Binding Description","Binding Value Set","Code","Slicing Discriminator","Slicing Description","Slicing Ordered","Slicing Rules","Base Path","Base Min","Base Max","Condition(s)","Constraint(s)"
"getextendedblocksforpatient","getextendedblocksforpatient","","","",0,*,"","","","null {[]} {[]}
","GetExtendedBlocksForPatient","Logisk modell för tjänstekontraktet GetExtendedBlocksForPatient
(RIV-TA urn:riv:ehr:blocking:administration:GetExtendedBlocksForPatientResponder:2).
Läser spärrar för en viss patient med utökad information inklusive aktörsinformation,
historik och makulerade spärrar. Representerar responsens informationsstruktur.","","","","","","","","","",,,,,"",,,,"Base",0,*,"",""
"getextendedblocksforpatient.result","getextendedblocksforpatient.result","","","",1,1,"","","","BackboneElement {[]} {[]}
","Resultat av anropet","Resultat av anropet","","","","","","","","","",,,,,"",,,,"getextendedblocksforpatient.result",1,1,"","ele-1:All FHIR elements must have a @value or children {hasValue() or (children().count() > id.count())}
"
"getextendedblocksforpatient.result.id","getextendedblocksforpatient.result.id","","","",0,1,"","","","string {[]} {[]}
","Unique id for inter-element referencing","Unique id for the element within a resource (for internal references). This may be any string value that does not contain spaces.","","","","","","","","","",,,,,"",,,,"Element.id",0,1,"",""
"getextendedblocksforpatient.result.extension","getextendedblocksforpatient.result.extension","","extensions
user content","",0,*,"","","","Extension {[]} {[]}
","Additional content defined by implementations","May be used to represent additional information that is not part of the basic definition of the element. To make the use of extensions safe and manageable, there is a strict set of governance  applied to the definition and use of extensions. Though any implementer can define an extension, there is a set of requirements that SHALL be met as part of the definition of the extension.","There can be no stigma associated with the use of extensions by any application, project, or standard - regardless of the institution or jurisdiction that uses or defines the extensions.  The use of extensions is what allows the FHIR specification to retain a core level of simplicity for everyone.","","","","","","","","",,,,,"","value:url}
","Extensions are always sliced by (at least) url",,"open","Element.extension",0,*,"","ele-1:All FHIR elements must have a @value or children {hasValue() or (children().count() > id.count())}
ext-1:Must have either extensions or value[x], not both {extension.exists() != value.exists()}"
"getextendedblocksforpatient.result.modifierExtension","getextendedblocksforpatient.result.modifierExtension","","extensions
user contentmodifiers","",0,*,"","Y","Y","Extension {[]} {[]}
","Extensions that cannot be ignored even if unrecognized","May be used to represent additional information that is not part of the basic definition of the element and that modifies the understanding of the element in which it is contained and/or the understanding of the containing element's descendants. Usually modifier elements provide negation or qualification. To make the use of extensions safe and manageable, there is a strict set of governance applied to the definition and use of extensions. Though any implementer can define an extension, there is a set of requirements that SHALL be met as part of the definition of the extension. Applications processing a resource are required to check for modifier extensions.

Modifier extensions SHALL NOT change the meaning of any elements on Resource or DomainResource (including cannot change the meaning of modifierExtension itself).","There can be no stigma associated with the use of extensions by any application, project, or standard - regardless of the institution or jurisdiction that uses or defines the extensions.  The use of extensions is what allows the FHIR specification to retain a core level of simplicity for everyone.","Modifier extensions allow for extensions that *cannot* be safely ignored to be clearly distinguished from the vast majority of extensions which can be safely ignored.  This promotes interoperability by eliminating the need for implementers to prohibit the presence of extensions. For further information, see the [definition of modifier extensions](http://hl7.org/fhir/R4/extensibility.html#modifierExtension).","","","","","","","",,,,,"",,,,"BackboneElement.modifierExtension",0,*,"","ele-1:All FHIR elements must have a @value or children {hasValue() or (children().count() > id.count())}
ext-1:Must have either extensions or value[x], not both {extension.exists() != value.exists()}"
"getextendedblocksforpatient.result.resultCode","getextendedblocksforpatient.result.resultCode","","","",1,1,"","","","code {[]} {[]}
","Svarskod","Svarskod","","","","","","","","","",,"required","","https://fhir.inera.se/ig/ehr-blocking/ValueSet/resultcode-vs","",,,,"getextendedblocksforpatient.result.resultCode",1,1,"",""
"getextendedblocksforpatient.result.resultText","getextendedblocksforpatient.result.resultText","","","",0,1,"","","","string {[]} {[]}
","Beskrivande text till svarskoden","Beskrivande text till svarskoden","","","","","","","","","",,,,,"",,,,"getextendedblocksforpatient.result.resultText",0,1,"",""
"getextendedblocksforpatient.blocks","getextendedblocksforpatient.blocks","","","",0,*,"","","","BackboneElement {[]} {[]}
","Lista med utökad spärrinformation (inkl. makulerade och hävda spärrar)","Lista med utökad spärrinformation (inkl. makulerade och hävda spärrar)","","","","","","","","","",,,,,"",,,,"getextendedblocksforpatient.blocks",0,*,"","ele-1:All FHIR elements must have a @value or children {hasValue() or (children().count() > id.count())}
"
"getextendedblocksforpatient.blocks.id","getextendedblocksforpatient.blocks.id","","","",0,1,"","","","string {[]} {[]}
","Unique id for inter-element referencing","Unique id for the element within a resource (for internal references). This may be any string value that does not contain spaces.","","","","","","","","","",,,,,"",,,,"Element.id",0,1,"",""
"getextendedblocksforpatient.blocks.extension","getextendedblocksforpatient.blocks.extension","","extensions
user content","",0,*,"","","","Extension {[]} {[]}
","Additional content defined by implementations","May be used to represent additional information that is not part of the basic definition of the element. To make the use of extensions safe and manageable, there is a strict set of governance  applied to the definition and use of extensions. Though any implementer can define an extension, there is a set of requirements that SHALL be met as part of the definition of the extension.","There can be no stigma associated with the use of extensions by any application, project, or standard - regardless of the institution or jurisdiction that uses or defines the extensions.  The use of extensions is what allows the FHIR specification to retain a core level of simplicity for everyone.","","","","","","","","",,,,,"","value:url}
","Extensions are always sliced by (at least) url",,"open","Element.extension",0,*,"","ele-1:All FHIR elements must have a @value or children {hasValue() or (children().count() > id.count())}
ext-1:Must have either extensions or value[x], not both {extension.exists() != value.exists()}"
"getextendedblocksforpatient.blocks.modifierExtension","getextendedblocksforpatient.blocks.modifierExtension","","extensions
user contentmodifiers","",0,*,"","Y","Y","Extension {[]} {[]}
","Extensions that cannot be ignored even if unrecognized","May be used to represent additional information that is not part of the basic definition of the element and that modifies the understanding of the element in which it is contained and/or the understanding of the containing element's descendants. Usually modifier elements provide negation or qualification. To make the use of extensions safe and manageable, there is a strict set of governance applied to the definition and use of extensions. Though any implementer can define an extension, there is a set of requirements that SHALL be met as part of the definition of the extension. Applications processing a resource are required to check for modifier extensions.

Modifier extensions SHALL NOT change the meaning of any elements on Resource or DomainResource (including cannot change the meaning of modifierExtension itself).","There can be no stigma associated with the use of extensions by any application, project, or standard - regardless of the institution or jurisdiction that uses or defines the extensions.  The use of extensions is what allows the FHIR specification to retain a core level of simplicity for everyone.","Modifier extensions allow for extensions that *cannot* be safely ignored to be clearly distinguished from the vast majority of extensions which can be safely ignored.  This promotes interoperability by eliminating the need for implementers to prohibit the presence of extensions. For further information, see the [definition of modifier extensions](http://hl7.org/fhir/R4/extensibility.html#modifierExtension).","","","","","","","",,,,,"",,,,"BackboneElement.modifierExtension",0,*,"","ele-1:All FHIR elements must have a @value or children {hasValue() or (children().count() > id.count())}
ext-1:Must have either extensions or value[x], not both {extension.exists() != value.exists()}"
"getextendedblocksforpatient.blocks.blockId","getextendedblocksforpatient.blocks.blockId","","","",1,1,"","","","string {[]} {[]}
","Unik identifierare för spärren (UUID)","Unik identifierare för spärren (UUID)","","","","","","","","","",,,,,"",,,,"getextendedblocksforpatient.blocks.blockId",1,1,"",""
"getextendedblocksforpatient.blocks.blockType","getextendedblocksforpatient.blocks.blockType","","","",1,1,"","","","code {[]} {[]}
","Typ av spärr","Typ av spärr","","","","","","","","","",,"required","","https://fhir.inera.se/ig/ehr-blocking/ValueSet/blocktype-vs","",,,,"getextendedblocksforpatient.blocks.blockType",1,1,"",""
"getextendedblocksforpatient.blocks.patientId","getextendedblocksforpatient.blocks.patientId","","","",1,1,"","","","string {[]} {[]}
","Patientens personnummer eller samordningsnummer","Patientens personnummer eller samordningsnummer","","","","","","","","","",,,,,"",,,,"getextendedblocksforpatient.blocks.patientId",1,1,"",""
"getextendedblocksforpatient.blocks.informationStartDate","getextendedblocksforpatient.blocks.informationStartDate","","","",0,1,"","","","dateTime {[]} {[]}
","Startdatum för vilken information spärren gäller","Startdatum för vilken information spärren gäller","","","","","","","","","",,,,,"",,,,"getextendedblocksforpatient.blocks.informationStartDate",0,1,"",""
"getextendedblocksforpatient.blocks.informationEndDate","getextendedblocksforpatient.blocks.informationEndDate","","","",0,1,"","","","dateTime {[]} {[]}
","Slutdatum för vilken information spärren gäller","Slutdatum för vilken information spärren gäller","","","","","","","","","",,,,,"",,,,"getextendedblocksforpatient.blocks.informationEndDate",0,1,"",""
"getextendedblocksforpatient.blocks.informationCareUnitId","getextendedblocksforpatient.blocks.informationCareUnitId","","","",0,1,"","","","string {[]} {[]}
","HSA-id för vårdenhet (vid inre spärr)","HSA-id för vårdenhet (vid inre spärr)","","","","","","","","","",,,,,"",,,,"getextendedblocksforpatient.blocks.informationCareUnitId",0,1,"",""
"getextendedblocksforpatient.blocks.informationCareProviderId","getextendedblocksforpatient.blocks.informationCareProviderId","","","",1,1,"","","","string {[]} {[]}
","HSA-id för vårdgivare","HSA-id för vårdgivare","","","","","","","","","",,,,,"",,,,"getextendedblocksforpatient.blocks.informationCareProviderId",1,1,"",""
"getextendedblocksforpatient.blocks.excludedInformationTypes","getextendedblocksforpatient.blocks.excludedInformationTypes","","","",0,*,"","","","BackboneElement {[]} {[]}
","Informationstyper undantagna från spärren","Informationstyper undantagna från spärren","","","","","","","","","",,,,,"",,,,"getextendedblocksforpatient.blocks.excludedInformationTypes",0,*,"","ele-1:All FHIR elements must have a @value or children {hasValue() or (children().count() > id.count())}
"
"getextendedblocksforpatient.blocks.excludedInformationTypes.id","getextendedblocksforpatient.blocks.excludedInformationTypes.id","","","",0,1,"","","","string {[]} {[]}
","Unique id for inter-element referencing","Unique id for the element within a resource (for internal references). This may be any string value that does not contain spaces.","","","","","","","","","",,,,,"",,,,"Element.id",0,1,"",""
"getextendedblocksforpatient.blocks.excludedInformationTypes.extension","getextendedblocksforpatient.blocks.excludedInformationTypes.extension","","extensions
user content","",0,*,"","","","Extension {[]} {[]}
","Additional content defined by implementations","May be used to represent additional information that is not part of the basic definition of the element. To make the use of extensions safe and manageable, there is a strict set of governance  applied to the definition and use of extensions. Though any implementer can define an extension, there is a set of requirements that SHALL be met as part of the definition of the extension.","There can be no stigma associated with the use of extensions by any application, project, or standard - regardless of the institution or jurisdiction that uses or defines the extensions.  The use of extensions is what allows the FHIR specification to retain a core level of simplicity for everyone.","","","","","","","","",,,,,"","value:url}
","Extensions are always sliced by (at least) url",,"open","Element.extension",0,*,"","ele-1:All FHIR elements must have a @value or children {hasValue() or (children().count() > id.count())}
ext-1:Must have either extensions or value[x], not both {extension.exists() != value.exists()}"
"getextendedblocksforpatient.blocks.excludedInformationTypes.modifierExtension","getextendedblocksforpatient.blocks.excludedInformationTypes.modifierExtension","","extensions
user contentmodifiers","",0,*,"","Y","Y","Extension {[]} {[]}
","Extensions that cannot be ignored even if unrecognized","May be used to represent additional information that is not part of the basic definition of the element and that modifies the understanding of the element in which it is contained and/or the understanding of the containing element's descendants. Usually modifier elements provide negation or qualification. To make the use of extensions safe and manageable, there is a strict set of governance applied to the definition and use of extensions. Though any implementer can define an extension, there is a set of requirements that SHALL be met as part of the definition of the extension. Applications processing a resource are required to check for modifier extensions.

Modifier extensions SHALL NOT change the meaning of any elements on Resource or DomainResource (including cannot change the meaning of modifierExtension itself).","There can be no stigma associated with the use of extensions by any application, project, or standard - regardless of the institution or jurisdiction that uses or defines the extensions.  The use of extensions is what allows the FHIR specification to retain a core level of simplicity for everyone.","Modifier extensions allow for extensions that *cannot* be safely ignored to be clearly distinguished from the vast majority of extensions which can be safely ignored.  This promotes interoperability by eliminating the need for implementers to prohibit the presence of extensions. For further information, see the [definition of modifier extensions](http://hl7.org/fhir/R4/extensibility.html#modifierExtension).","","","","","","","",,,,,"",,,,"BackboneElement.modifierExtension",0,*,"","ele-1:All FHIR elements must have a @value or children {hasValue() or (children().count() > id.count())}
ext-1:Must have either extensions or value[x], not both {extension.exists() != value.exists()}"
"getextendedblocksforpatient.blocks.excludedInformationTypes.infoTypeId","getextendedblocksforpatient.blocks.excludedInformationTypes.infoTypeId","","","",1,1,"","","","string {[]} {[]}
","ID för informationstypen","ID för informationstypen","","","","","","","","","",,,,,"",,,,"getextendedblocksforpatient.blocks.excludedInformationTypes.infoTypeId",1,1,"",""
"getextendedblocksforpatient.blocks.excludedInformationTypes.infoTypeDescription","getextendedblocksforpatient.blocks.excludedInformationTypes.infoTypeDescription","","","",1,1,"","","","string {[]} {[]}
","Beskrivning av informationstypen","Beskrivning av informationstypen","","","","","","","","","",,,,,"",,,,"getextendedblocksforpatient.blocks.excludedInformationTypes.infoTypeDescription",1,1,"",""
"getextendedblocksforpatient.blocks.registrationInfo","getextendedblocksforpatient.blocks.registrationInfo","","","",1,1,"","","","BackboneElement {[]} {[]}
","Aktörsinfo för registrering av spärren","Aktörsinfo för registrering av spärren","","","","","","","","","",,,,,"",,,,"getextendedblocksforpatient.blocks.registrationInfo",1,1,"","ele-1:All FHIR elements must have a @value or children {hasValue() or (children().count() > id.count())}
"
"getextendedblocksforpatient.blocks.registrationInfo.id","getextendedblocksforpatient.blocks.registrationInfo.id","","","",0,1,"","","","string {[]} {[]}
","Unique id for inter-element referencing","Unique id for the element within a resource (for internal references). This may be any string value that does not contain spaces.","","","","","","","","","",,,,,"",,,,"Element.id",0,1,"",""
"getextendedblocksforpatient.blocks.registrationInfo.extension","getextendedblocksforpatient.blocks.registrationInfo.extension","","extensions
user content","",0,*,"","","","Extension {[]} {[]}
","Additional content defined by implementations","May be used to represent additional information that is not part of the basic definition of the element. To make the use of extensions safe and manageable, there is a strict set of governance  applied to the definition and use of extensions. Though any implementer can define an extension, there is a set of requirements that SHALL be met as part of the definition of the extension.","There can be no stigma associated with the use of extensions by any application, project, or standard - regardless of the institution or jurisdiction that uses or defines the extensions.  The use of extensions is what allows the FHIR specification to retain a core level of simplicity for everyone.","","","","","","","","",,,,,"","value:url}
","Extensions are always sliced by (at least) url",,"open","Element.extension",0,*,"","ele-1:All FHIR elements must have a @value or children {hasValue() or (children().count() > id.count())}
ext-1:Must have either extensions or value[x], not both {extension.exists() != value.exists()}"
"getextendedblocksforpatient.blocks.registrationInfo.modifierExtension","getextendedblocksforpatient.blocks.registrationInfo.modifierExtension","","extensions
user contentmodifiers","",0,*,"","Y","Y","Extension {[]} {[]}
","Extensions that cannot be ignored even if unrecognized","May be used to represent additional information that is not part of the basic definition of the element and that modifies the understanding of the element in which it is contained and/or the understanding of the containing element's descendants. Usually modifier elements provide negation or qualification. To make the use of extensions safe and manageable, there is a strict set of governance applied to the definition and use of extensions. Though any implementer can define an extension, there is a set of requirements that SHALL be met as part of the definition of the extension. Applications processing a resource are required to check for modifier extensions.

Modifier extensions SHALL NOT change the meaning of any elements on Resource or DomainResource (including cannot change the meaning of modifierExtension itself).","There can be no stigma associated with the use of extensions by any application, project, or standard - regardless of the institution or jurisdiction that uses or defines the extensions.  The use of extensions is what allows the FHIR specification to retain a core level of simplicity for everyone.","Modifier extensions allow for extensions that *cannot* be safely ignored to be clearly distinguished from the vast majority of extensions which can be safely ignored.  This promotes interoperability by eliminating the need for implementers to prohibit the presence of extensions. For further information, see the [definition of modifier extensions](http://hl7.org/fhir/R4/extensibility.html#modifierExtension).","","","","","","","",,,,,"",,,,"BackboneElement.modifierExtension",0,*,"","ele-1:All FHIR elements must have a @value or children {hasValue() or (children().count() > id.count())}
ext-1:Must have either extensions or value[x], not both {extension.exists() != value.exists()}"
"getextendedblocksforpatient.blocks.registrationInfo.requestDate","getextendedblocksforpatient.blocks.registrationInfo.requestDate","","","",1,1,"","","","dateTime {[]} {[]}
","Datum när spärren begärdes","Datum när spärren begärdes","","","","","","","","","",,,,,"",,,,"getextendedblocksforpatient.blocks.registrationInfo.requestDate",1,1,"",""
"getextendedblocksforpatient.blocks.registrationInfo.requestedBy","getextendedblocksforpatient.blocks.registrationInfo.requestedBy","","","",1,1,"","","","BackboneElement {[]} {[]}
","Aktören som begärde spärren","Aktören som begärde spärren","","","","","","","","","",,,,,"",,,,"getextendedblocksforpatient.blocks.registrationInfo.requestedBy",1,1,"","ele-1:All FHIR elements must have a @value or children {hasValue() or (children().count() > id.count())}
"
"getextendedblocksforpatient.blocks.registrationInfo.requestedBy.id","getextendedblocksforpatient.blocks.registrationInfo.requestedBy.id","","","",0,1,"","","","string {[]} {[]}
","Unique id for inter-element referencing","Unique id for the element within a resource (for internal references). This may be any string value that does not contain spaces.","","","","","","","","","",,,,,"",,,,"Element.id",0,1,"",""
"getextendedblocksforpatient.blocks.registrationInfo.requestedBy.extension","getextendedblocksforpatient.blocks.registrationInfo.requestedBy.extension","","extensions
user content","",0,*,"","","","Extension {[]} {[]}
","Additional content defined by implementations","May be used to represent additional information that is not part of the basic definition of the element. To make the use of extensions safe and manageable, there is a strict set of governance  applied to the definition and use of extensions. Though any implementer can define an extension, there is a set of requirements that SHALL be met as part of the definition of the extension.","There can be no stigma associated with the use of extensions by any application, project, or standard - regardless of the institution or jurisdiction that uses or defines the extensions.  The use of extensions is what allows the FHIR specification to retain a core level of simplicity for everyone.","","","","","","","","",,,,,"","value:url}
","Extensions are always sliced by (at least) url",,"open","Element.extension",0,*,"","ele-1:All FHIR elements must have a @value or children {hasValue() or (children().count() > id.count())}
ext-1:Must have either extensions or value[x], not both {extension.exists() != value.exists()}"
"getextendedblocksforpatient.blocks.registrationInfo.requestedBy.modifierExtension","getextendedblocksforpatient.blocks.registrationInfo.requestedBy.modifierExtension","","extensions
user contentmodifiers","",0,*,"","Y","Y","Extension {[]} {[]}
","Extensions that cannot be ignored even if unrecognized","May be used to represent additional information that is not part of the basic definition of the element and that modifies the understanding of the element in which it is contained and/or the understanding of the containing element's descendants. Usually modifier elements provide negation or qualification. To make the use of extensions safe and manageable, there is a strict set of governance applied to the definition and use of extensions. Though any implementer can define an extension, there is a set of requirements that SHALL be met as part of the definition of the extension. Applications processing a resource are required to check for modifier extensions.

Modifier extensions SHALL NOT change the meaning of any elements on Resource or DomainResource (including cannot change the meaning of modifierExtension itself).","There can be no stigma associated with the use of extensions by any application, project, or standard - regardless of the institution or jurisdiction that uses or defines the extensions.  The use of extensions is what allows the FHIR specification to retain a core level of simplicity for everyone.","Modifier extensions allow for extensions that *cannot* be safely ignored to be clearly distinguished from the vast majority of extensions which can be safely ignored.  This promotes interoperability by eliminating the need for implementers to prohibit the presence of extensions. For further information, see the [definition of modifier extensions](http://hl7.org/fhir/R4/extensibility.html#modifierExtension).","","","","","","","",,,,,"",,,,"BackboneElement.modifierExtension",0,*,"","ele-1:All FHIR elements must have a @value or children {hasValue() or (children().count() > id.count())}
ext-1:Must have either extensions or value[x], not both {extension.exists() != value.exists()}"
"getextendedblocksforpatient.blocks.registrationInfo.requestedBy.employeeId","getextendedblocksforpatient.blocks.registrationInfo.requestedBy.employeeId","","","",1,1,"","","","string {[]} {[]}
","HSA-id för anställd","HSA-id för anställd","","","","","","","","","",,,,,"",,,,"getextendedblocksforpatient.blocks.registrationInfo.requestedBy.employeeId",1,1,"",""
"getextendedblocksforpatient.blocks.registrationInfo.requestedBy.assignmentId","getextendedblocksforpatient.blocks.registrationInfo.requestedBy.assignmentId","","","",0,1,"","","","string {[]} {[]}
","HSA-id för medarbetaruppdrag","HSA-id för medarbetaruppdrag","","","","","","","","","",,,,,"",,,,"getextendedblocksforpatient.blocks.registrationInfo.requestedBy.assignmentId",0,1,"",""
"getextendedblocksforpatient.blocks.registrationInfo.requestedBy.assignmentName","getextendedblocksforpatient.blocks.registrationInfo.requestedBy.assignmentName","","","",0,1,"","","","string {[]} {[]}
","Namn på medarbetaruppdrag","Namn på medarbetaruppdrag","","","","","","","","","",,,,,"",,,,"getextendedblocksforpatient.blocks.registrationInfo.requestedBy.assignmentName",0,1,"",""
"getextendedblocksforpatient.blocks.registrationInfo.registrationDate","getextendedblocksforpatient.blocks.registrationInfo.registrationDate","","","",1,1,"","","","dateTime {[]} {[]}
","Datum när spärren registrerades","Datum när spärren registrerades","","","","","","","","","",,,,,"",,,,"getextendedblocksforpatient.blocks.registrationInfo.registrationDate",1,1,"",""
"getextendedblocksforpatient.blocks.registrationInfo.registeredBy","getextendedblocksforpatient.blocks.registrationInfo.registeredBy","","","",1,1,"","","","BackboneElement {[]} {[]}
","Aktören som registrerade spärren","Aktören som registrerade spärren","","","","","","","","","",,,,,"",,,,"getextendedblocksforpatient.blocks.registrationInfo.registeredBy",1,1,"","ele-1:All FHIR elements must have a @value or children {hasValue() or (children().count() > id.count())}
"
"getextendedblocksforpatient.blocks.registrationInfo.registeredBy.id","getextendedblocksforpatient.blocks.registrationInfo.registeredBy.id","","","",0,1,"","","","string {[]} {[]}
","Unique id for inter-element referencing","Unique id for the element within a resource (for internal references). This may be any string value that does not contain spaces.","","","","","","","","","",,,,,"",,,,"Element.id",0,1,"",""
"getextendedblocksforpatient.blocks.registrationInfo.registeredBy.extension","getextendedblocksforpatient.blocks.registrationInfo.registeredBy.extension","","extensions
user content","",0,*,"","","","Extension {[]} {[]}
","Additional content defined by implementations","May be used to represent additional information that is not part of the basic definition of the element. To make the use of extensions safe and manageable, there is a strict set of governance  applied to the definition and use of extensions. Though any implementer can define an extension, there is a set of requirements that SHALL be met as part of the definition of the extension.","There can be no stigma associated with the use of extensions by any application, project, or standard - regardless of the institution or jurisdiction that uses or defines the extensions.  The use of extensions is what allows the FHIR specification to retain a core level of simplicity for everyone.","","","","","","","","",,,,,"","value:url}
","Extensions are always sliced by (at least) url",,"open","Element.extension",0,*,"","ele-1:All FHIR elements must have a @value or children {hasValue() or (children().count() > id.count())}
ext-1:Must have either extensions or value[x], not both {extension.exists() != value.exists()}"
"getextendedblocksforpatient.blocks.registrationInfo.registeredBy.modifierExtension","getextendedblocksforpatient.blocks.registrationInfo.registeredBy.modifierExtension","","extensions
user contentmodifiers","",0,*,"","Y","Y","Extension {[]} {[]}
","Extensions that cannot be ignored even if unrecognized","May be used to represent additional information that is not part of the basic definition of the element and that modifies the understanding of the element in which it is contained and/or the understanding of the containing element's descendants. Usually modifier elements provide negation or qualification. To make the use of extensions safe and manageable, there is a strict set of governance applied to the definition and use of extensions. Though any implementer can define an extension, there is a set of requirements that SHALL be met as part of the definition of the extension. Applications processing a resource are required to check for modifier extensions.

Modifier extensions SHALL NOT change the meaning of any elements on Resource or DomainResource (including cannot change the meaning of modifierExtension itself).","There can be no stigma associated with the use of extensions by any application, project, or standard - regardless of the institution or jurisdiction that uses or defines the extensions.  The use of extensions is what allows the FHIR specification to retain a core level of simplicity for everyone.","Modifier extensions allow for extensions that *cannot* be safely ignored to be clearly distinguished from the vast majority of extensions which can be safely ignored.  This promotes interoperability by eliminating the need for implementers to prohibit the presence of extensions. For further information, see the [definition of modifier extensions](http://hl7.org/fhir/R4/extensibility.html#modifierExtension).","","","","","","","",,,,,"",,,,"BackboneElement.modifierExtension",0,*,"","ele-1:All FHIR elements must have a @value or children {hasValue() or (children().count() > id.count())}
ext-1:Must have either extensions or value[x], not both {extension.exists() != value.exists()}"
"getextendedblocksforpatient.blocks.registrationInfo.registeredBy.employeeId","getextendedblocksforpatient.blocks.registrationInfo.registeredBy.employeeId","","","",1,1,"","","","string {[]} {[]}
","HSA-id för anställd","HSA-id för anställd","","","","","","","","","",,,,,"",,,,"getextendedblocksforpatient.blocks.registrationInfo.registeredBy.employeeId",1,1,"",""
"getextendedblocksforpatient.blocks.registrationInfo.registeredBy.assignmentId","getextendedblocksforpatient.blocks.registrationInfo.registeredBy.assignmentId","","","",0,1,"","","","string {[]} {[]}
","HSA-id för medarbetaruppdrag","HSA-id för medarbetaruppdrag","","","","","","","","","",,,,,"",,,,"getextendedblocksforpatient.blocks.registrationInfo.registeredBy.assignmentId",0,1,"",""
"getextendedblocksforpatient.blocks.registrationInfo.registeredBy.assignmentName","getextendedblocksforpatient.blocks.registrationInfo.registeredBy.assignmentName","","","",0,1,"","","","string {[]} {[]}
","Namn på medarbetaruppdrag","Namn på medarbetaruppdrag","","","","","","","","","",,,,,"",,,,"getextendedblocksforpatient.blocks.registrationInfo.registeredBy.assignmentName",0,1,"",""
"getextendedblocksforpatient.blocks.registrationInfo.reasonText","getextendedblocksforpatient.blocks.registrationInfo.reasonText","","","",0,1,"","","","string {[]} {[]}
","Orsak till spärren (max 1024 tecken)","Orsak till spärren (max 1024 tecken)","","","","","","","","","",,,,,"",,,,"getextendedblocksforpatient.blocks.registrationInfo.reasonText",0,1,"",""
"getextendedblocksforpatient.blocks.permanentRevokedInfo","getextendedblocksforpatient.blocks.permanentRevokedInfo","","","",0,1,"","","","BackboneElement {[]} {[]}
","Aktörsinfo vid permanent hävning (om spärren hävts)","Aktörsinfo vid permanent hävning (om spärren hävts)","","","","","","","","","",,,,,"",,,,"getextendedblocksforpatient.blocks.permanentRevokedInfo",0,1,"","ele-1:All FHIR elements must have a @value or children {hasValue() or (children().count() > id.count())}
"
"getextendedblocksforpatient.blocks.permanentRevokedInfo.id","getextendedblocksforpatient.blocks.permanentRevokedInfo.id","","","",0,1,"","","","string {[]} {[]}
","Unique id for inter-element referencing","Unique id for the element within a resource (for internal references). This may be any string value that does not contain spaces.","","","","","","","","","",,,,,"",,,,"Element.id",0,1,"",""
"getextendedblocksforpatient.blocks.permanentRevokedInfo.extension","getextendedblocksforpatient.blocks.permanentRevokedInfo.extension","","extensions
user content","",0,*,"","","","Extension {[]} {[]}
","Additional content defined by implementations","May be used to represent additional information that is not part of the basic definition of the element. To make the use of extensions safe and manageable, there is a strict set of governance  applied to the definition and use of extensions. Though any implementer can define an extension, there is a set of requirements that SHALL be met as part of the definition of the extension.","There can be no stigma associated with the use of extensions by any application, project, or standard - regardless of the institution or jurisdiction that uses or defines the extensions.  The use of extensions is what allows the FHIR specification to retain a core level of simplicity for everyone.","","","","","","","","",,,,,"","value:url}
","Extensions are always sliced by (at least) url",,"open","Element.extension",0,*,"","ele-1:All FHIR elements must have a @value or children {hasValue() or (children().count() > id.count())}
ext-1:Must have either extensions or value[x], not both {extension.exists() != value.exists()}"
"getextendedblocksforpatient.blocks.permanentRevokedInfo.modifierExtension","getextendedblocksforpatient.blocks.permanentRevokedInfo.modifierExtension","","extensions
user contentmodifiers","",0,*,"","Y","Y","Extension {[]} {[]}
","Extensions that cannot be ignored even if unrecognized","May be used to represent additional information that is not part of the basic definition of the element and that modifies the understanding of the element in which it is contained and/or the understanding of the containing element's descendants. Usually modifier elements provide negation or qualification. To make the use of extensions safe and manageable, there is a strict set of governance applied to the definition and use of extensions. Though any implementer can define an extension, there is a set of requirements that SHALL be met as part of the definition of the extension. Applications processing a resource are required to check for modifier extensions.

Modifier extensions SHALL NOT change the meaning of any elements on Resource or DomainResource (including cannot change the meaning of modifierExtension itself).","There can be no stigma associated with the use of extensions by any application, project, or standard - regardless of the institution or jurisdiction that uses or defines the extensions.  The use of extensions is what allows the FHIR specification to retain a core level of simplicity for everyone.","Modifier extensions allow for extensions that *cannot* be safely ignored to be clearly distinguished from the vast majority of extensions which can be safely ignored.  This promotes interoperability by eliminating the need for implementers to prohibit the presence of extensions. For further information, see the [definition of modifier extensions](http://hl7.org/fhir/R4/extensibility.html#modifierExtension).","","","","","","","",,,,,"",,,,"BackboneElement.modifierExtension",0,*,"","ele-1:All FHIR elements must have a @value or children {hasValue() or (children().count() > id.count())}
ext-1:Must have either extensions or value[x], not both {extension.exists() != value.exists()}"
"getextendedblocksforpatient.blocks.permanentRevokedInfo.requestDate","getextendedblocksforpatient.blocks.permanentRevokedInfo.requestDate","","","",1,1,"","","","dateTime {[]} {[]}
","Datum när hävning begärdes","Datum när hävning begärdes","","","","","","","","","",,,,,"",,,,"getextendedblocksforpatient.blocks.permanentRevokedInfo.requestDate",1,1,"",""
"getextendedblocksforpatient.blocks.permanentRevokedInfo.requestedBy","getextendedblocksforpatient.blocks.permanentRevokedInfo.requestedBy","","","",1,1,"","","","BackboneElement {[]} {[]}
","Aktören som begärde hävningen","Aktören som begärde hävningen","","","","","","","","","",,,,,"",,,,"getextendedblocksforpatient.blocks.permanentRevokedInfo.requestedBy",1,1,"","ele-1:All FHIR elements must have a @value or children {hasValue() or (children().count() > id.count())}
"
"getextendedblocksforpatient.blocks.permanentRevokedInfo.requestedBy.id","getextendedblocksforpatient.blocks.permanentRevokedInfo.requestedBy.id","","","",0,1,"","","","string {[]} {[]}
","Unique id for inter-element referencing","Unique id for the element within a resource (for internal references). This may be any string value that does not contain spaces.","","","","","","","","","",,,,,"",,,,"Element.id",0,1,"",""
"getextendedblocksforpatient.blocks.permanentRevokedInfo.requestedBy.extension","getextendedblocksforpatient.blocks.permanentRevokedInfo.requestedBy.extension","","extensions
user content","",0,*,"","","","Extension {[]} {[]}
","Additional content defined by implementations","May be used to represent additional information that is not part of the basic definition of the element. To make the use of extensions safe and manageable, there is a strict set of governance  applied to the definition and use of extensions. Though any implementer can define an extension, there is a set of requirements that SHALL be met as part of the definition of the extension.","There can be no stigma associated with the use of extensions by any application, project, or standard - regardless of the institution or jurisdiction that uses or defines the extensions.  The use of extensions is what allows the FHIR specification to retain a core level of simplicity for everyone.","","","","","","","","",,,,,"","value:url}
","Extensions are always sliced by (at least) url",,"open","Element.extension",0,*,"","ele-1:All FHIR elements must have a @value or children {hasValue() or (children().count() > id.count())}
ext-1:Must have either extensions or value[x], not both {extension.exists() != value.exists()}"
"getextendedblocksforpatient.blocks.permanentRevokedInfo.requestedBy.modifierExtension","getextendedblocksforpatient.blocks.permanentRevokedInfo.requestedBy.modifierExtension","","extensions
user contentmodifiers","",0,*,"","Y","Y","Extension {[]} {[]}
","Extensions that cannot be ignored even if unrecognized","May be used to represent additional information that is not part of the basic definition of the element and that modifies the understanding of the element in which it is contained and/or the understanding of the containing element's descendants. Usually modifier elements provide negation or qualification. To make the use of extensions safe and manageable, there is a strict set of governance applied to the definition and use of extensions. Though any implementer can define an extension, there is a set of requirements that SHALL be met as part of the definition of the extension. Applications processing a resource are required to check for modifier extensions.

Modifier extensions SHALL NOT change the meaning of any elements on Resource or DomainResource (including cannot change the meaning of modifierExtension itself).","There can be no stigma associated with the use of extensions by any application, project, or standard - regardless of the institution or jurisdiction that uses or defines the extensions.  The use of extensions is what allows the FHIR specification to retain a core level of simplicity for everyone.","Modifier extensions allow for extensions that *cannot* be safely ignored to be clearly distinguished from the vast majority of extensions which can be safely ignored.  This promotes interoperability by eliminating the need for implementers to prohibit the presence of extensions. For further information, see the [definition of modifier extensions](http://hl7.org/fhir/R4/extensibility.html#modifierExtension).","","","","","","","",,,,,"",,,,"BackboneElement.modifierExtension",0,*,"","ele-1:All FHIR elements must have a @value or children {hasValue() or (children().count() > id.count())}
ext-1:Must have either extensions or value[x], not both {extension.exists() != value.exists()}"
"getextendedblocksforpatient.blocks.permanentRevokedInfo.requestedBy.employeeId","getextendedblocksforpatient.blocks.permanentRevokedInfo.requestedBy.employeeId","","","",1,1,"","","","string {[]} {[]}
","HSA-id för anställd","HSA-id för anställd","","","","","","","","","",,,,,"",,,,"getextendedblocksforpatient.blocks.permanentRevokedInfo.requestedBy.employeeId",1,1,"",""
"getextendedblocksforpatient.blocks.permanentRevokedInfo.requestedBy.assignmentId","getextendedblocksforpatient.blocks.permanentRevokedInfo.requestedBy.assignmentId","","","",0,1,"","","","string {[]} {[]}
","HSA-id för medarbetaruppdrag","HSA-id för medarbetaruppdrag","","","","","","","","","",,,,,"",,,,"getextendedblocksforpatient.blocks.permanentRevokedInfo.requestedBy.assignmentId",0,1,"",""
"getextendedblocksforpatient.blocks.permanentRevokedInfo.requestedBy.assignmentName","getextendedblocksforpatient.blocks.permanentRevokedInfo.requestedBy.assignmentName","","","",0,1,"","","","string {[]} {[]}
","Namn på medarbetaruppdrag","Namn på medarbetaruppdrag","","","","","","","","","",,,,,"",,,,"getextendedblocksforpatient.blocks.permanentRevokedInfo.requestedBy.assignmentName",0,1,"",""
"getextendedblocksforpatient.blocks.permanentRevokedInfo.registrationDate","getextendedblocksforpatient.blocks.permanentRevokedInfo.registrationDate","","","",1,1,"","","","dateTime {[]} {[]}
","Datum när hävningen registrerades","Datum när hävningen registrerades","","","","","","","","","",,,,,"",,,,"getextendedblocksforpatient.blocks.permanentRevokedInfo.registrationDate",1,1,"",""
"getextendedblocksforpatient.blocks.permanentRevokedInfo.registeredBy","getextendedblocksforpatient.blocks.permanentRevokedInfo.registeredBy","","","",1,1,"","","","BackboneElement {[]} {[]}
","Aktören som registrerade hävningen","Aktören som registrerade hävningen","","","","","","","","","",,,,,"",,,,"getextendedblocksforpatient.blocks.permanentRevokedInfo.registeredBy",1,1,"","ele-1:All FHIR elements must have a @value or children {hasValue() or (children().count() > id.count())}
"
"getextendedblocksforpatient.blocks.permanentRevokedInfo.registeredBy.id","getextendedblocksforpatient.blocks.permanentRevokedInfo.registeredBy.id","","","",0,1,"","","","string {[]} {[]}
","Unique id for inter-element referencing","Unique id for the element within a resource (for internal references). This may be any string value that does not contain spaces.","","","","","","","","","",,,,,"",,,,"Element.id",0,1,"",""
"getextendedblocksforpatient.blocks.permanentRevokedInfo.registeredBy.extension","getextendedblocksforpatient.blocks.permanentRevokedInfo.registeredBy.extension","","extensions
user content","",0,*,"","","","Extension {[]} {[]}
","Additional content defined by implementations","May be used to represent additional information that is not part of the basic definition of the element. To make the use of extensions safe and manageable, there is a strict set of governance  applied to the definition and use of extensions. Though any implementer can define an extension, there is a set of requirements that SHALL be met as part of the definition of the extension.","There can be no stigma associated with the use of extensions by any application, project, or standard - regardless of the institution or jurisdiction that uses or defines the extensions.  The use of extensions is what allows the FHIR specification to retain a core level of simplicity for everyone.","","","","","","","","",,,,,"","value:url}
","Extensions are always sliced by (at least) url",,"open","Element.extension",0,*,"","ele-1:All FHIR elements must have a @value or children {hasValue() or (children().count() > id.count())}
ext-1:Must have either extensions or value[x], not both {extension.exists() != value.exists()}"
"getextendedblocksforpatient.blocks.permanentRevokedInfo.registeredBy.modifierExtension","getextendedblocksforpatient.blocks.permanentRevokedInfo.registeredBy.modifierExtension","","extensions
user contentmodifiers","",0,*,"","Y","Y","Extension {[]} {[]}
","Extensions that cannot be ignored even if unrecognized","May be used to represent additional information that is not part of the basic definition of the element and that modifies the understanding of the element in which it is contained and/or the understanding of the containing element's descendants. Usually modifier elements provide negation or qualification. To make the use of extensions safe and manageable, there is a strict set of governance applied to the definition and use of extensions. Though any implementer can define an extension, there is a set of requirements that SHALL be met as part of the definition of the extension. Applications processing a resource are required to check for modifier extensions.

Modifier extensions SHALL NOT change the meaning of any elements on Resource or DomainResource (including cannot change the meaning of modifierExtension itself).","There can be no stigma associated with the use of extensions by any application, project, or standard - regardless of the institution or jurisdiction that uses or defines the extensions.  The use of extensions is what allows the FHIR specification to retain a core level of simplicity for everyone.","Modifier extensions allow for extensions that *cannot* be safely ignored to be clearly distinguished from the vast majority of extensions which can be safely ignored.  This promotes interoperability by eliminating the need for implementers to prohibit the presence of extensions. For further information, see the [definition of modifier extensions](http://hl7.org/fhir/R4/extensibility.html#modifierExtension).","","","","","","","",,,,,"",,,,"BackboneElement.modifierExtension",0,*,"","ele-1:All FHIR elements must have a @value or children {hasValue() or (children().count() > id.count())}
ext-1:Must have either extensions or value[x], not both {extension.exists() != value.exists()}"
"getextendedblocksforpatient.blocks.permanentRevokedInfo.registeredBy.employeeId","getextendedblocksforpatient.blocks.permanentRevokedInfo.registeredBy.employeeId","","","",1,1,"","","","string {[]} {[]}
","HSA-id för anställd","HSA-id för anställd","","","","","","","","","",,,,,"",,,,"getextendedblocksforpatient.blocks.permanentRevokedInfo.registeredBy.employeeId",1,1,"",""
"getextendedblocksforpatient.blocks.permanentRevokedInfo.registeredBy.assignmentId","getextendedblocksforpatient.blocks.permanentRevokedInfo.registeredBy.assignmentId","","","",0,1,"","","","string {[]} {[]}
","HSA-id för medarbetaruppdrag","HSA-id för medarbetaruppdrag","","","","","","","","","",,,,,"",,,,"getextendedblocksforpatient.blocks.permanentRevokedInfo.registeredBy.assignmentId",0,1,"",""
"getextendedblocksforpatient.blocks.permanentRevokedInfo.registeredBy.assignmentName","getextendedblocksforpatient.blocks.permanentRevokedInfo.registeredBy.assignmentName","","","",0,1,"","","","string {[]} {[]}
","Namn på medarbetaruppdrag","Namn på medarbetaruppdrag","","","","","","","","","",,,,,"",,,,"getextendedblocksforpatient.blocks.permanentRevokedInfo.registeredBy.assignmentName",0,1,"",""
"getextendedblocksforpatient.blocks.permanentRevokedInfo.reasonText","getextendedblocksforpatient.blocks.permanentRevokedInfo.reasonText","","","",0,1,"","","","string {[]} {[]}
","Orsak till hävningen","Orsak till hävningen","","","","","","","","","",,,,,"",,,,"getextendedblocksforpatient.blocks.permanentRevokedInfo.reasonText",0,1,"",""
"getextendedblocksforpatient.blocks.deletionInfo","getextendedblocksforpatient.blocks.deletionInfo","","","",0,1,"","","","BackboneElement {[]} {[]}
","Aktörsinfo vid makulering (om spärren makulerats)","Aktörsinfo vid makulering (om spärren makulerats)","","","","","","","","","",,,,,"",,,,"getextendedblocksforpatient.blocks.deletionInfo",0,1,"","ele-1:All FHIR elements must have a @value or children {hasValue() or (children().count() > id.count())}
"
"getextendedblocksforpatient.blocks.deletionInfo.id","getextendedblocksforpatient.blocks.deletionInfo.id","","","",0,1,"","","","string {[]} {[]}
","Unique id for inter-element referencing","Unique id for the element within a resource (for internal references). This may be any string value that does not contain spaces.","","","","","","","","","",,,,,"",,,,"Element.id",0,1,"",""
"getextendedblocksforpatient.blocks.deletionInfo.extension","getextendedblocksforpatient.blocks.deletionInfo.extension","","extensions
user content","",0,*,"","","","Extension {[]} {[]}
","Additional content defined by implementations","May be used to represent additional information that is not part of the basic definition of the element. To make the use of extensions safe and manageable, there is a strict set of governance  applied to the definition and use of extensions. Though any implementer can define an extension, there is a set of requirements that SHALL be met as part of the definition of the extension.","There can be no stigma associated with the use of extensions by any application, project, or standard - regardless of the institution or jurisdiction that uses or defines the extensions.  The use of extensions is what allows the FHIR specification to retain a core level of simplicity for everyone.","","","","","","","","",,,,,"","value:url}
","Extensions are always sliced by (at least) url",,"open","Element.extension",0,*,"","ele-1:All FHIR elements must have a @value or children {hasValue() or (children().count() > id.count())}
ext-1:Must have either extensions or value[x], not both {extension.exists() != value.exists()}"
"getextendedblocksforpatient.blocks.deletionInfo.modifierExtension","getextendedblocksforpatient.blocks.deletionInfo.modifierExtension","","extensions
user contentmodifiers","",0,*,"","Y","Y","Extension {[]} {[]}
","Extensions that cannot be ignored even if unrecognized","May be used to represent additional information that is not part of the basic definition of the element and that modifies the understanding of the element in which it is contained and/or the understanding of the containing element's descendants. Usually modifier elements provide negation or qualification. To make the use of extensions safe and manageable, there is a strict set of governance applied to the definition and use of extensions. Though any implementer can define an extension, there is a set of requirements that SHALL be met as part of the definition of the extension. Applications processing a resource are required to check for modifier extensions.

Modifier extensions SHALL NOT change the meaning of any elements on Resource or DomainResource (including cannot change the meaning of modifierExtension itself).","There can be no stigma associated with the use of extensions by any application, project, or standard - regardless of the institution or jurisdiction that uses or defines the extensions.  The use of extensions is what allows the FHIR specification to retain a core level of simplicity for everyone.","Modifier extensions allow for extensions that *cannot* be safely ignored to be clearly distinguished from the vast majority of extensions which can be safely ignored.  This promotes interoperability by eliminating the need for implementers to prohibit the presence of extensions. For further information, see the [definition of modifier extensions](http://hl7.org/fhir/R4/extensibility.html#modifierExtension).","","","","","","","",,,,,"",,,,"BackboneElement.modifierExtension",0,*,"","ele-1:All FHIR elements must have a @value or children {hasValue() or (children().count() > id.count())}
ext-1:Must have either extensions or value[x], not both {extension.exists() != value.exists()}"
"getextendedblocksforpatient.blocks.deletionInfo.requestDate","getextendedblocksforpatient.blocks.deletionInfo.requestDate","","","",1,1,"","","","dateTime {[]} {[]}
","Datum när makulering begärdes","Datum när makulering begärdes","","","","","","","","","",,,,,"",,,,"getextendedblocksforpatient.blocks.deletionInfo.requestDate",1,1,"",""
"getextendedblocksforpatient.blocks.deletionInfo.requestedBy","getextendedblocksforpatient.blocks.deletionInfo.requestedBy","","","",1,1,"","","","BackboneElement {[]} {[]}
","Aktören som begärde makuleringen","Aktören som begärde makuleringen","","","","","","","","","",,,,,"",,,,"getextendedblocksforpatient.blocks.deletionInfo.requestedBy",1,1,"","ele-1:All FHIR elements must have a @value or children {hasValue() or (children().count() > id.count())}
"
"getextendedblocksforpatient.blocks.deletionInfo.requestedBy.id","getextendedblocksforpatient.blocks.deletionInfo.requestedBy.id","","","",0,1,"","","","string {[]} {[]}
","Unique id for inter-element referencing","Unique id for the element within a resource (for internal references). This may be any string value that does not contain spaces.","","","","","","","","","",,,,,"",,,,"Element.id",0,1,"",""
"getextendedblocksforpatient.blocks.deletionInfo.requestedBy.extension","getextendedblocksforpatient.blocks.deletionInfo.requestedBy.extension","","extensions
user content","",0,*,"","","","Extension {[]} {[]}
","Additional content defined by implementations","May be used to represent additional information that is not part of the basic definition of the element. To make the use of extensions safe and manageable, there is a strict set of governance  applied to the definition and use of extensions. Though any implementer can define an extension, there is a set of requirements that SHALL be met as part of the definition of the extension.","There can be no stigma associated with the use of extensions by any application, project, or standard - regardless of the institution or jurisdiction that uses or defines the extensions.  The use of extensions is what allows the FHIR specification to retain a core level of simplicity for everyone.","","","","","","","","",,,,,"","value:url}
","Extensions are always sliced by (at least) url",,"open","Element.extension",0,*,"","ele-1:All FHIR elements must have a @value or children {hasValue() or (children().count() > id.count())}
ext-1:Must have either extensions or value[x], not both {extension.exists() != value.exists()}"
"getextendedblocksforpatient.blocks.deletionInfo.requestedBy.modifierExtension","getextendedblocksforpatient.blocks.deletionInfo.requestedBy.modifierExtension","","extensions
user contentmodifiers","",0,*,"","Y","Y","Extension {[]} {[]}
","Extensions that cannot be ignored even if unrecognized","May be used to represent additional information that is not part of the basic definition of the element and that modifies the understanding of the element in which it is contained and/or the understanding of the containing element's descendants. Usually modifier elements provide negation or qualification. To make the use of extensions safe and manageable, there is a strict set of governance applied to the definition and use of extensions. Though any implementer can define an extension, there is a set of requirements that SHALL be met as part of the definition of the extension. Applications processing a resource are required to check for modifier extensions.

Modifier extensions SHALL NOT change the meaning of any elements on Resource or DomainResource (including cannot change the meaning of modifierExtension itself).","There can be no stigma associated with the use of extensions by any application, project, or standard - regardless of the institution or jurisdiction that uses or defines the extensions.  The use of extensions is what allows the FHIR specification to retain a core level of simplicity for everyone.","Modifier extensions allow for extensions that *cannot* be safely ignored to be clearly distinguished from the vast majority of extensions which can be safely ignored.  This promotes interoperability by eliminating the need for implementers to prohibit the presence of extensions. For further information, see the [definition of modifier extensions](http://hl7.org/fhir/R4/extensibility.html#modifierExtension).","","","","","","","",,,,,"",,,,"BackboneElement.modifierExtension",0,*,"","ele-1:All FHIR elements must have a @value or children {hasValue() or (children().count() > id.count())}
ext-1:Must have either extensions or value[x], not both {extension.exists() != value.exists()}"
"getextendedblocksforpatient.blocks.deletionInfo.requestedBy.employeeId","getextendedblocksforpatient.blocks.deletionInfo.requestedBy.employeeId","","","",1,1,"","","","string {[]} {[]}
","HSA-id för anställd","HSA-id för anställd","","","","","","","","","",,,,,"",,,,"getextendedblocksforpatient.blocks.deletionInfo.requestedBy.employeeId",1,1,"",""
"getextendedblocksforpatient.blocks.deletionInfo.requestedBy.assignmentId","getextendedblocksforpatient.blocks.deletionInfo.requestedBy.assignmentId","","","",0,1,"","","","string {[]} {[]}
","HSA-id för medarbetaruppdrag","HSA-id för medarbetaruppdrag","","","","","","","","","",,,,,"",,,,"getextendedblocksforpatient.blocks.deletionInfo.requestedBy.assignmentId",0,1,"",""
"getextendedblocksforpatient.blocks.deletionInfo.requestedBy.assignmentName","getextendedblocksforpatient.blocks.deletionInfo.requestedBy.assignmentName","","","",0,1,"","","","string {[]} {[]}
","Namn på medarbetaruppdrag","Namn på medarbetaruppdrag","","","","","","","","","",,,,,"",,,,"getextendedblocksforpatient.blocks.deletionInfo.requestedBy.assignmentName",0,1,"",""
"getextendedblocksforpatient.blocks.deletionInfo.registrationDate","getextendedblocksforpatient.blocks.deletionInfo.registrationDate","","","",1,1,"","","","dateTime {[]} {[]}
","Datum när makuleringen registrerades","Datum när makuleringen registrerades","","","","","","","","","",,,,,"",,,,"getextendedblocksforpatient.blocks.deletionInfo.registrationDate",1,1,"",""
"getextendedblocksforpatient.blocks.deletionInfo.registeredBy","getextendedblocksforpatient.blocks.deletionInfo.registeredBy","","","",1,1,"","","","BackboneElement {[]} {[]}
","Aktören som registrerade makuleringen","Aktören som registrerade makuleringen","","","","","","","","","",,,,,"",,,,"getextendedblocksforpatient.blocks.deletionInfo.registeredBy",1,1,"","ele-1:All FHIR elements must have a @value or children {hasValue() or (children().count() > id.count())}
"
"getextendedblocksforpatient.blocks.deletionInfo.registeredBy.id","getextendedblocksforpatient.blocks.deletionInfo.registeredBy.id","","","",0,1,"","","","string {[]} {[]}
","Unique id for inter-element referencing","Unique id for the element within a resource (for internal references). This may be any string value that does not contain spaces.","","","","","","","","","",,,,,"",,,,"Element.id",0,1,"",""
"getextendedblocksforpatient.blocks.deletionInfo.registeredBy.extension","getextendedblocksforpatient.blocks.deletionInfo.registeredBy.extension","","extensions
user content","",0,*,"","","","Extension {[]} {[]}
","Additional content defined by implementations","May be used to represent additional information that is not part of the basic definition of the element. To make the use of extensions safe and manageable, there is a strict set of governance  applied to the definition and use of extensions. Though any implementer can define an extension, there is a set of requirements that SHALL be met as part of the definition of the extension.","There can be no stigma associated with the use of extensions by any application, project, or standard - regardless of the institution or jurisdiction that uses or defines the extensions.  The use of extensions is what allows the FHIR specification to retain a core level of simplicity for everyone.","","","","","","","","",,,,,"","value:url}
","Extensions are always sliced by (at least) url",,"open","Element.extension",0,*,"","ele-1:All FHIR elements must have a @value or children {hasValue() or (children().count() > id.count())}
ext-1:Must have either extensions or value[x], not both {extension.exists() != value.exists()}"
"getextendedblocksforpatient.blocks.deletionInfo.registeredBy.modifierExtension","getextendedblocksforpatient.blocks.deletionInfo.registeredBy.modifierExtension","","extensions
user contentmodifiers","",0,*,"","Y","Y","Extension {[]} {[]}
","Extensions that cannot be ignored even if unrecognized","May be used to represent additional information that is not part of the basic definition of the element and that modifies the understanding of the element in which it is contained and/or the understanding of the containing element's descendants. Usually modifier elements provide negation or qualification. To make the use of extensions safe and manageable, there is a strict set of governance applied to the definition and use of extensions. Though any implementer can define an extension, there is a set of requirements that SHALL be met as part of the definition of the extension. Applications processing a resource are required to check for modifier extensions.

Modifier extensions SHALL NOT change the meaning of any elements on Resource or DomainResource (including cannot change the meaning of modifierExtension itself).","There can be no stigma associated with the use of extensions by any application, project, or standard - regardless of the institution or jurisdiction that uses or defines the extensions.  The use of extensions is what allows the FHIR specification to retain a core level of simplicity for everyone.","Modifier extensions allow for extensions that *cannot* be safely ignored to be clearly distinguished from the vast majority of extensions which can be safely ignored.  This promotes interoperability by eliminating the need for implementers to prohibit the presence of extensions. For further information, see the [definition of modifier extensions](http://hl7.org/fhir/R4/extensibility.html#modifierExtension).","","","","","","","",,,,,"",,,,"BackboneElement.modifierExtension",0,*,"","ele-1:All FHIR elements must have a @value or children {hasValue() or (children().count() > id.count())}
ext-1:Must have either extensions or value[x], not both {extension.exists() != value.exists()}"
"getextendedblocksforpatient.blocks.deletionInfo.registeredBy.employeeId","getextendedblocksforpatient.blocks.deletionInfo.registeredBy.employeeId","","","",1,1,"","","","string {[]} {[]}
","HSA-id för anställd","HSA-id för anställd","","","","","","","","","",,,,,"",,,,"getextendedblocksforpatient.blocks.deletionInfo.registeredBy.employeeId",1,1,"",""
"getextendedblocksforpatient.blocks.deletionInfo.registeredBy.assignmentId","getextendedblocksforpatient.blocks.deletionInfo.registeredBy.assignmentId","","","",0,1,"","","","string {[]} {[]}
","HSA-id för medarbetaruppdrag","HSA-id för medarbetaruppdrag","","","","","","","","","",,,,,"",,,,"getextendedblocksforpatient.blocks.deletionInfo.registeredBy.assignmentId",0,1,"",""
"getextendedblocksforpatient.blocks.deletionInfo.registeredBy.assignmentName","getextendedblocksforpatient.blocks.deletionInfo.registeredBy.assignmentName","","","",0,1,"","","","string {[]} {[]}
","Namn på medarbetaruppdrag","Namn på medarbetaruppdrag","","","","","","","","","",,,,,"",,,,"getextendedblocksforpatient.blocks.deletionInfo.registeredBy.assignmentName",0,1,"",""
"getextendedblocksforpatient.blocks.deletionInfo.reasonText","getextendedblocksforpatient.blocks.deletionInfo.reasonText","","","",0,1,"","","","string {[]} {[]}
","Orsak till makuleringen","Orsak till makuleringen","","","","","","","","","",,,,,"",,,,"getextendedblocksforpatient.blocks.deletionInfo.reasonText",0,1,"",""
"getextendedblocksforpatient.blocks.temporaryRevokes","getextendedblocksforpatient.blocks.temporaryRevokes","","","",0,*,"","","","BackboneElement {[]} {[]}
","Tillfälliga hävningar (inkl. historik)","Tillfälliga hävningar (inkl. historik)","","","","","","","","","",,,,,"",,,,"getextendedblocksforpatient.blocks.temporaryRevokes",0,*,"","ele-1:All FHIR elements must have a @value or children {hasValue() or (children().count() > id.count())}
"
"getextendedblocksforpatient.blocks.temporaryRevokes.id","getextendedblocksforpatient.blocks.temporaryRevokes.id","","","",0,1,"","","","string {[]} {[]}
","Unique id for inter-element referencing","Unique id for the element within a resource (for internal references). This may be any string value that does not contain spaces.","","","","","","","","","",,,,,"",,,,"Element.id",0,1,"",""
"getextendedblocksforpatient.blocks.temporaryRevokes.extension","getextendedblocksforpatient.blocks.temporaryRevokes.extension","","extensions
user content","",0,*,"","","","Extension {[]} {[]}
","Additional content defined by implementations","May be used to represent additional information that is not part of the basic definition of the element. To make the use of extensions safe and manageable, there is a strict set of governance  applied to the definition and use of extensions. Though any implementer can define an extension, there is a set of requirements that SHALL be met as part of the definition of the extension.","There can be no stigma associated with the use of extensions by any application, project, or standard - regardless of the institution or jurisdiction that uses or defines the extensions.  The use of extensions is what allows the FHIR specification to retain a core level of simplicity for everyone.","","","","","","","","",,,,,"","value:url}
","Extensions are always sliced by (at least) url",,"open","Element.extension",0,*,"","ele-1:All FHIR elements must have a @value or children {hasValue() or (children().count() > id.count())}
ext-1:Must have either extensions or value[x], not both {extension.exists() != value.exists()}"
"getextendedblocksforpatient.blocks.temporaryRevokes.modifierExtension","getextendedblocksforpatient.blocks.temporaryRevokes.modifierExtension","","extensions
user contentmodifiers","",0,*,"","Y","Y","Extension {[]} {[]}
","Extensions that cannot be ignored even if unrecognized","May be used to represent additional information that is not part of the basic definition of the element and that modifies the understanding of the element in which it is contained and/or the understanding of the containing element's descendants. Usually modifier elements provide negation or qualification. To make the use of extensions safe and manageable, there is a strict set of governance applied to the definition and use of extensions. Though any implementer can define an extension, there is a set of requirements that SHALL be met as part of the definition of the extension. Applications processing a resource are required to check for modifier extensions.

Modifier extensions SHALL NOT change the meaning of any elements on Resource or DomainResource (including cannot change the meaning of modifierExtension itself).","There can be no stigma associated with the use of extensions by any application, project, or standard - regardless of the institution or jurisdiction that uses or defines the extensions.  The use of extensions is what allows the FHIR specification to retain a core level of simplicity for everyone.","Modifier extensions allow for extensions that *cannot* be safely ignored to be clearly distinguished from the vast majority of extensions which can be safely ignored.  This promotes interoperability by eliminating the need for implementers to prohibit the presence of extensions. For further information, see the [definition of modifier extensions](http://hl7.org/fhir/R4/extensibility.html#modifierExtension).","","","","","","","",,,,,"",,,,"BackboneElement.modifierExtension",0,*,"","ele-1:All FHIR elements must have a @value or children {hasValue() or (children().count() > id.count())}
ext-1:Must have either extensions or value[x], not both {extension.exists() != value.exists()}"
"getextendedblocksforpatient.blocks.temporaryRevokes.temporaryRevokeId","getextendedblocksforpatient.blocks.temporaryRevokes.temporaryRevokeId","","","",1,1,"","","","string {[]} {[]}
","Unik ID för tillfällig hävning","Unik ID för tillfällig hävning","","","","","","","","","",,,,,"",,,,"getextendedblocksforpatient.blocks.temporaryRevokes.temporaryRevokeId",1,1,"",""
"getextendedblocksforpatient.blocks.temporaryRevokes.endDate","getextendedblocksforpatient.blocks.temporaryRevokes.endDate","","","",1,1,"","","","dateTime {[]} {[]}
","Datum när hävningen upphör","Datum när hävningen upphör","","","","","","","","","",,,,,"",,,,"getextendedblocksforpatient.blocks.temporaryRevokes.endDate",1,1,"",""
"getextendedblocksforpatient.blocks.temporaryRevokes.revokedForCareUnitId","getextendedblocksforpatient.blocks.temporaryRevokes.revokedForCareUnitId","","","",1,1,"","","","string {[]} {[]}
","HSA-id för vårdenhet","HSA-id för vårdenhet","","","","","","","","","",,,,,"",,,,"getextendedblocksforpatient.blocks.temporaryRevokes.revokedForCareUnitId",1,1,"",""
"getextendedblocksforpatient.blocks.temporaryRevokes.revokedForEmployeeId","getextendedblocksforpatient.blocks.temporaryRevokes.revokedForEmployeeId","","","",0,1,"","","","string {[]} {[]}
","HSA-id för enskild medarbetare","HSA-id för enskild medarbetare","","","","","","","","","",,,,,"",,,,"getextendedblocksforpatient.blocks.temporaryRevokes.revokedForEmployeeId",0,1,"",""
"getextendedblocksforpatient.blocks.temporaryRevokes.reason","getextendedblocksforpatient.blocks.temporaryRevokes.reason","","","",1,1,"","","","code {[]} {[]}
","Orsak till tillfällig hävning","Orsak till tillfällig hävning","","","","","","","","","",,"required","","https://fhir.inera.se/ig/ehr-blocking/ValueSet/temporaryrevokereason-vs","",,,,"getextendedblocksforpatient.blocks.temporaryRevokes.reason",1,1,"",""
"getextendedblocksforpatient.blocks.temporaryRevokes.registrationInfo","getextendedblocksforpatient.blocks.temporaryRevokes.registrationInfo","","","",1,1,"","","","BackboneElement {[]} {[]}
","Aktörsinfo för registrering av hävningen","Aktörsinfo för registrering av hävningen","","","","","","","","","",,,,,"",,,,"getextendedblocksforpatient.blocks.temporaryRevokes.registrationInfo",1,1,"","ele-1:All FHIR elements must have a @value or children {hasValue() or (children().count() > id.count())}
"
"getextendedblocksforpatient.blocks.temporaryRevokes.registrationInfo.id","getextendedblocksforpatient.blocks.temporaryRevokes.registrationInfo.id","","","",0,1,"","","","string {[]} {[]}
","Unique id for inter-element referencing","Unique id for the element within a resource (for internal references). This may be any string value that does not contain spaces.","","","","","","","","","",,,,,"",,,,"Element.id",0,1,"",""
"getextendedblocksforpatient.blocks.temporaryRevokes.registrationInfo.extension","getextendedblocksforpatient.blocks.temporaryRevokes.registrationInfo.extension","","extensions
user content","",0,*,"","","","Extension {[]} {[]}
","Additional content defined by implementations","May be used to represent additional information that is not part of the basic definition of the element. To make the use of extensions safe and manageable, there is a strict set of governance  applied to the definition and use of extensions. Though any implementer can define an extension, there is a set of requirements that SHALL be met as part of the definition of the extension.","There can be no stigma associated with the use of extensions by any application, project, or standard - regardless of the institution or jurisdiction that uses or defines the extensions.  The use of extensions is what allows the FHIR specification to retain a core level of simplicity for everyone.","","","","","","","","",,,,,"","value:url}
","Extensions are always sliced by (at least) url",,"open","Element.extension",0,*,"","ele-1:All FHIR elements must have a @value or children {hasValue() or (children().count() > id.count())}
ext-1:Must have either extensions or value[x], not both {extension.exists() != value.exists()}"
"getextendedblocksforpatient.blocks.temporaryRevokes.registrationInfo.modifierExtension","getextendedblocksforpatient.blocks.temporaryRevokes.registrationInfo.modifierExtension","","extensions
user contentmodifiers","",0,*,"","Y","Y","Extension {[]} {[]}
","Extensions that cannot be ignored even if unrecognized","May be used to represent additional information that is not part of the basic definition of the element and that modifies the understanding of the element in which it is contained and/or the understanding of the containing element's descendants. Usually modifier elements provide negation or qualification. To make the use of extensions safe and manageable, there is a strict set of governance applied to the definition and use of extensions. Though any implementer can define an extension, there is a set of requirements that SHALL be met as part of the definition of the extension. Applications processing a resource are required to check for modifier extensions.

Modifier extensions SHALL NOT change the meaning of any elements on Resource or DomainResource (including cannot change the meaning of modifierExtension itself).","There can be no stigma associated with the use of extensions by any application, project, or standard - regardless of the institution or jurisdiction that uses or defines the extensions.  The use of extensions is what allows the FHIR specification to retain a core level of simplicity for everyone.","Modifier extensions allow for extensions that *cannot* be safely ignored to be clearly distinguished from the vast majority of extensions which can be safely ignored.  This promotes interoperability by eliminating the need for implementers to prohibit the presence of extensions. For further information, see the [definition of modifier extensions](http://hl7.org/fhir/R4/extensibility.html#modifierExtension).","","","","","","","",,,,,"",,,,"BackboneElement.modifierExtension",0,*,"","ele-1:All FHIR elements must have a @value or children {hasValue() or (children().count() > id.count())}
ext-1:Must have either extensions or value[x], not both {extension.exists() != value.exists()}"
"getextendedblocksforpatient.blocks.temporaryRevokes.registrationInfo.requestDate","getextendedblocksforpatient.blocks.temporaryRevokes.registrationInfo.requestDate","","","",1,1,"","","","dateTime {[]} {[]}
","Datum när hävningen begärdes","Datum när hävningen begärdes","","","","","","","","","",,,,,"",,,,"getextendedblocksforpatient.blocks.temporaryRevokes.registrationInfo.requestDate",1,1,"",""
"getextendedblocksforpatient.blocks.temporaryRevokes.registrationInfo.requestedBy","getextendedblocksforpatient.blocks.temporaryRevokes.registrationInfo.requestedBy","","","",1,1,"","","","BackboneElement {[]} {[]}
","Aktören som begärde hävningen","Aktören som begärde hävningen","","","","","","","","","",,,,,"",,,,"getextendedblocksforpatient.blocks.temporaryRevokes.registrationInfo.requestedBy",1,1,"","ele-1:All FHIR elements must have a @value or children {hasValue() or (children().count() > id.count())}
"
"getextendedblocksforpatient.blocks.temporaryRevokes.registrationInfo.requestedBy.id","getextendedblocksforpatient.blocks.temporaryRevokes.registrationInfo.requestedBy.id","","","",0,1,"","","","string {[]} {[]}
","Unique id for inter-element referencing","Unique id for the element within a resource (for internal references). This may be any string value that does not contain spaces.","","","","","","","","","",,,,,"",,,,"Element.id",0,1,"",""
"getextendedblocksforpatient.blocks.temporaryRevokes.registrationInfo.requestedBy.extension","getextendedblocksforpatient.blocks.temporaryRevokes.registrationInfo.requestedBy.extension","","extensions
user content","",0,*,"","","","Extension {[]} {[]}
","Additional content defined by implementations","May be used to represent additional information that is not part of the basic definition of the element. To make the use of extensions safe and manageable, there is a strict set of governance  applied to the definition and use of extensions. Though any implementer can define an extension, there is a set of requirements that SHALL be met as part of the definition of the extension.","There can be no stigma associated with the use of extensions by any application, project, or standard - regardless of the institution or jurisdiction that uses or defines the extensions.  The use of extensions is what allows the FHIR specification to retain a core level of simplicity for everyone.","","","","","","","","",,,,,"","value:url}
","Extensions are always sliced by (at least) url",,"open","Element.extension",0,*,"","ele-1:All FHIR elements must have a @value or children {hasValue() or (children().count() > id.count())}
ext-1:Must have either extensions or value[x], not both {extension.exists() != value.exists()}"
"getextendedblocksforpatient.blocks.temporaryRevokes.registrationInfo.requestedBy.modifierExtension","getextendedblocksforpatient.blocks.temporaryRevokes.registrationInfo.requestedBy.modifierExtension","","extensions
user contentmodifiers","",0,*,"","Y","Y","Extension {[]} {[]}
","Extensions that cannot be ignored even if unrecognized","May be used to represent additional information that is not part of the basic definition of the element and that modifies the understanding of the element in which it is contained and/or the understanding of the containing element's descendants. Usually modifier elements provide negation or qualification. To make the use of extensions safe and manageable, there is a strict set of governance applied to the definition and use of extensions. Though any implementer can define an extension, there is a set of requirements that SHALL be met as part of the definition of the extension. Applications processing a resource are required to check for modifier extensions.

Modifier extensions SHALL NOT change the meaning of any elements on Resource or DomainResource (including cannot change the meaning of modifierExtension itself).","There can be no stigma associated with the use of extensions by any application, project, or standard - regardless of the institution or jurisdiction that uses or defines the extensions.  The use of extensions is what allows the FHIR specification to retain a core level of simplicity for everyone.","Modifier extensions allow for extensions that *cannot* be safely ignored to be clearly distinguished from the vast majority of extensions which can be safely ignored.  This promotes interoperability by eliminating the need for implementers to prohibit the presence of extensions. For further information, see the [definition of modifier extensions](http://hl7.org/fhir/R4/extensibility.html#modifierExtension).","","","","","","","",,,,,"",,,,"BackboneElement.modifierExtension",0,*,"","ele-1:All FHIR elements must have a @value or children {hasValue() or (children().count() > id.count())}
ext-1:Must have either extensions or value[x], not both {extension.exists() != value.exists()}"
"getextendedblocksforpatient.blocks.temporaryRevokes.registrationInfo.requestedBy.employeeId","getextendedblocksforpatient.blocks.temporaryRevokes.registrationInfo.requestedBy.employeeId","","","",1,1,"","","","string {[]} {[]}
","HSA-id för anställd","HSA-id för anställd","","","","","","","","","",,,,,"",,,,"getextendedblocksforpatient.blocks.temporaryRevokes.registrationInfo.requestedBy.employeeId",1,1,"",""
"getextendedblocksforpatient.blocks.temporaryRevokes.registrationInfo.requestedBy.assignmentId","getextendedblocksforpatient.blocks.temporaryRevokes.registrationInfo.requestedBy.assignmentId","","","",0,1,"","","","string {[]} {[]}
","HSA-id för medarbetaruppdrag","HSA-id för medarbetaruppdrag","","","","","","","","","",,,,,"",,,,"getextendedblocksforpatient.blocks.temporaryRevokes.registrationInfo.requestedBy.assignmentId",0,1,"",""
"getextendedblocksforpatient.blocks.temporaryRevokes.registrationInfo.requestedBy.assignmentName","getextendedblocksforpatient.blocks.temporaryRevokes.registrationInfo.requestedBy.assignmentName","","","",0,1,"","","","string {[]} {[]}
","Namn på medarbetaruppdrag","Namn på medarbetaruppdrag","","","","","","","","","",,,,,"",,,,"getextendedblocksforpatient.blocks.temporaryRevokes.registrationInfo.requestedBy.assignmentName",0,1,"",""
"getextendedblocksforpatient.blocks.temporaryRevokes.registrationInfo.registrationDate","getextendedblocksforpatient.blocks.temporaryRevokes.registrationInfo.registrationDate","","","",1,1,"","","","dateTime {[]} {[]}
","Datum när hävningen registrerades","Datum när hävningen registrerades","","","","","","","","","",,,,,"",,,,"getextendedblocksforpatient.blocks.temporaryRevokes.registrationInfo.registrationDate",1,1,"",""
"getextendedblocksforpatient.blocks.temporaryRevokes.registrationInfo.registeredBy","getextendedblocksforpatient.blocks.temporaryRevokes.registrationInfo.registeredBy","","","",1,1,"","","","BackboneElement {[]} {[]}
","Aktören som registrerade hävningen","Aktören som registrerade hävningen","","","","","","","","","",,,,,"",,,,"getextendedblocksforpatient.blocks.temporaryRevokes.registrationInfo.registeredBy",1,1,"","ele-1:All FHIR elements must have a @value or children {hasValue() or (children().count() > id.count())}
"
"getextendedblocksforpatient.blocks.temporaryRevokes.registrationInfo.registeredBy.id","getextendedblocksforpatient.blocks.temporaryRevokes.registrationInfo.registeredBy.id","","","",0,1,"","","","string {[]} {[]}
","Unique id for inter-element referencing","Unique id for the element within a resource (for internal references). This may be any string value that does not contain spaces.","","","","","","","","","",,,,,"",,,,"Element.id",0,1,"",""
"getextendedblocksforpatient.blocks.temporaryRevokes.registrationInfo.registeredBy.extension","getextendedblocksforpatient.blocks.temporaryRevokes.registrationInfo.registeredBy.extension","","extensions
user content","",0,*,"","","","Extension {[]} {[]}
","Additional content defined by implementations","May be used to represent additional information that is not part of the basic definition of the element. To make the use of extensions safe and manageable, there is a strict set of governance  applied to the definition and use of extensions. Though any implementer can define an extension, there is a set of requirements that SHALL be met as part of the definition of the extension.","There can be no stigma associated with the use of extensions by any application, project, or standard - regardless of the institution or jurisdiction that uses or defines the extensions.  The use of extensions is what allows the FHIR specification to retain a core level of simplicity for everyone.","","","","","","","","",,,,,"","value:url}
","Extensions are always sliced by (at least) url",,"open","Element.extension",0,*,"","ele-1:All FHIR elements must have a @value or children {hasValue() or (children().count() > id.count())}
ext-1:Must have either extensions or value[x], not both {extension.exists() != value.exists()}"
"getextendedblocksforpatient.blocks.temporaryRevokes.registrationInfo.registeredBy.modifierExtension","getextendedblocksforpatient.blocks.temporaryRevokes.registrationInfo.registeredBy.modifierExtension","","extensions
user contentmodifiers","",0,*,"","Y","Y","Extension {[]} {[]}
","Extensions that cannot be ignored even if unrecognized","May be used to represent additional information that is not part of the basic definition of the element and that modifies the understanding of the element in which it is contained and/or the understanding of the containing element's descendants. Usually modifier elements provide negation or qualification. To make the use of extensions safe and manageable, there is a strict set of governance applied to the definition and use of extensions. Though any implementer can define an extension, there is a set of requirements that SHALL be met as part of the definition of the extension. Applications processing a resource are required to check for modifier extensions.

Modifier extensions SHALL NOT change the meaning of any elements on Resource or DomainResource (including cannot change the meaning of modifierExtension itself).","There can be no stigma associated with the use of extensions by any application, project, or standard - regardless of the institution or jurisdiction that uses or defines the extensions.  The use of extensions is what allows the FHIR specification to retain a core level of simplicity for everyone.","Modifier extensions allow for extensions that *cannot* be safely ignored to be clearly distinguished from the vast majority of extensions which can be safely ignored.  This promotes interoperability by eliminating the need for implementers to prohibit the presence of extensions. For further information, see the [definition of modifier extensions](http://hl7.org/fhir/R4/extensibility.html#modifierExtension).","","","","","","","",,,,,"",,,,"BackboneElement.modifierExtension",0,*,"","ele-1:All FHIR elements must have a @value or children {hasValue() or (children().count() > id.count())}
ext-1:Must have either extensions or value[x], not both {extension.exists() != value.exists()}"
"getextendedblocksforpatient.blocks.temporaryRevokes.registrationInfo.registeredBy.employeeId","getextendedblocksforpatient.blocks.temporaryRevokes.registrationInfo.registeredBy.employeeId","","","",1,1,"","","","string {[]} {[]}
","HSA-id för anställd","HSA-id för anställd","","","","","","","","","",,,,,"",,,,"getextendedblocksforpatient.blocks.temporaryRevokes.registrationInfo.registeredBy.employeeId",1,1,"",""
"getextendedblocksforpatient.blocks.temporaryRevokes.registrationInfo.registeredBy.assignmentId","getextendedblocksforpatient.blocks.temporaryRevokes.registrationInfo.registeredBy.assignmentId","","","",0,1,"","","","string {[]} {[]}
","HSA-id för medarbetaruppdrag","HSA-id för medarbetaruppdrag","","","","","","","","","",,,,,"",,,,"getextendedblocksforpatient.blocks.temporaryRevokes.registrationInfo.registeredBy.assignmentId",0,1,"",""
"getextendedblocksforpatient.blocks.temporaryRevokes.registrationInfo.registeredBy.assignmentName","getextendedblocksforpatient.blocks.temporaryRevokes.registrationInfo.registeredBy.assignmentName","","","",0,1,"","","","string {[]} {[]}
","Namn på medarbetaruppdrag","Namn på medarbetaruppdrag","","","","","","","","","",,,,,"",,,,"getextendedblocksforpatient.blocks.temporaryRevokes.registrationInfo.registeredBy.assignmentName",0,1,"",""
"getextendedblocksforpatient.blocks.temporaryRevokes.registrationInfo.reasonText","getextendedblocksforpatient.blocks.temporaryRevokes.registrationInfo.reasonText","","","",0,1,"","","","string {[]} {[]}
","Fritext-orsak","Fritext-orsak","","","","","","","","","",,,,,"",,,,"getextendedblocksforpatient.blocks.temporaryRevokes.registrationInfo.reasonText",0,1,"",""
"getextendedblocksforpatient.blocks.temporaryRevokes.cancellationInfo","getextendedblocksforpatient.blocks.temporaryRevokes.cancellationInfo","","","",0,1,"","","","BackboneElement {[]} {[]}
","Aktörsinfo om hävningen har återkallats","Aktörsinfo om hävningen har återkallats","","","","","","","","","",,,,,"",,,,"getextendedblocksforpatient.blocks.temporaryRevokes.cancellationInfo",0,1,"","ele-1:All FHIR elements must have a @value or children {hasValue() or (children().count() > id.count())}
"
"getextendedblocksforpatient.blocks.temporaryRevokes.cancellationInfo.id","getextendedblocksforpatient.blocks.temporaryRevokes.cancellationInfo.id","","","",0,1,"","","","string {[]} {[]}
","Unique id for inter-element referencing","Unique id for the element within a resource (for internal references). This may be any string value that does not contain spaces.","","","","","","","","","",,,,,"",,,,"Element.id",0,1,"",""
"getextendedblocksforpatient.blocks.temporaryRevokes.cancellationInfo.extension","getextendedblocksforpatient.blocks.temporaryRevokes.cancellationInfo.extension","","extensions
user content","",0,*,"","","","Extension {[]} {[]}
","Additional content defined by implementations","May be used to represent additional information that is not part of the basic definition of the element. To make the use of extensions safe and manageable, there is a strict set of governance  applied to the definition and use of extensions. Though any implementer can define an extension, there is a set of requirements that SHALL be met as part of the definition of the extension.","There can be no stigma associated with the use of extensions by any application, project, or standard - regardless of the institution or jurisdiction that uses or defines the extensions.  The use of extensions is what allows the FHIR specification to retain a core level of simplicity for everyone.","","","","","","","","",,,,,"","value:url}
","Extensions are always sliced by (at least) url",,"open","Element.extension",0,*,"","ele-1:All FHIR elements must have a @value or children {hasValue() or (children().count() > id.count())}
ext-1:Must have either extensions or value[x], not both {extension.exists() != value.exists()}"
"getextendedblocksforpatient.blocks.temporaryRevokes.cancellationInfo.modifierExtension","getextendedblocksforpatient.blocks.temporaryRevokes.cancellationInfo.modifierExtension","","extensions
user contentmodifiers","",0,*,"","Y","Y","Extension {[]} {[]}
","Extensions that cannot be ignored even if unrecognized","May be used to represent additional information that is not part of the basic definition of the element and that modifies the understanding of the element in which it is contained and/or the understanding of the containing element's descendants. Usually modifier elements provide negation or qualification. To make the use of extensions safe and manageable, there is a strict set of governance applied to the definition and use of extensions. Though any implementer can define an extension, there is a set of requirements that SHALL be met as part of the definition of the extension. Applications processing a resource are required to check for modifier extensions.

Modifier extensions SHALL NOT change the meaning of any elements on Resource or DomainResource (including cannot change the meaning of modifierExtension itself).","There can be no stigma associated with the use of extensions by any application, project, or standard - regardless of the institution or jurisdiction that uses or defines the extensions.  The use of extensions is what allows the FHIR specification to retain a core level of simplicity for everyone.","Modifier extensions allow for extensions that *cannot* be safely ignored to be clearly distinguished from the vast majority of extensions which can be safely ignored.  This promotes interoperability by eliminating the need for implementers to prohibit the presence of extensions. For further information, see the [definition of modifier extensions](http://hl7.org/fhir/R4/extensibility.html#modifierExtension).","","","","","","","",,,,,"",,,,"BackboneElement.modifierExtension",0,*,"","ele-1:All FHIR elements must have a @value or children {hasValue() or (children().count() > id.count())}
ext-1:Must have either extensions or value[x], not both {extension.exists() != value.exists()}"
"getextendedblocksforpatient.blocks.temporaryRevokes.cancellationInfo.requestDate","getextendedblocksforpatient.blocks.temporaryRevokes.cancellationInfo.requestDate","","","",1,1,"","","","dateTime {[]} {[]}
","Datum när återkallning begärdes","Datum när återkallning begärdes","","","","","","","","","",,,,,"",,,,"getextendedblocksforpatient.blocks.temporaryRevokes.cancellationInfo.requestDate",1,1,"",""
"getextendedblocksforpatient.blocks.temporaryRevokes.cancellationInfo.requestedBy","getextendedblocksforpatient.blocks.temporaryRevokes.cancellationInfo.requestedBy","","","",1,1,"","","","BackboneElement {[]} {[]}
","Aktören som begärde återkallningen","Aktören som begärde återkallningen","","","","","","","","","",,,,,"",,,,"getextendedblocksforpatient.blocks.temporaryRevokes.cancellationInfo.requestedBy",1,1,"","ele-1:All FHIR elements must have a @value or children {hasValue() or (children().count() > id.count())}
"
"getextendedblocksforpatient.blocks.temporaryRevokes.cancellationInfo.requestedBy.id","getextendedblocksforpatient.blocks.temporaryRevokes.cancellationInfo.requestedBy.id","","","",0,1,"","","","string {[]} {[]}
","Unique id for inter-element referencing","Unique id for the element within a resource (for internal references). This may be any string value that does not contain spaces.","","","","","","","","","",,,,,"",,,,"Element.id",0,1,"",""
"getextendedblocksforpatient.blocks.temporaryRevokes.cancellationInfo.requestedBy.extension","getextendedblocksforpatient.blocks.temporaryRevokes.cancellationInfo.requestedBy.extension","","extensions
user content","",0,*,"","","","Extension {[]} {[]}
","Additional content defined by implementations","May be used to represent additional information that is not part of the basic definition of the element. To make the use of extensions safe and manageable, there is a strict set of governance  applied to the definition and use of extensions. Though any implementer can define an extension, there is a set of requirements that SHALL be met as part of the definition of the extension.","There can be no stigma associated with the use of extensions by any application, project, or standard - regardless of the institution or jurisdiction that uses or defines the extensions.  The use of extensions is what allows the FHIR specification to retain a core level of simplicity for everyone.","","","","","","","","",,,,,"","value:url}
","Extensions are always sliced by (at least) url",,"open","Element.extension",0,*,"","ele-1:All FHIR elements must have a @value or children {hasValue() or (children().count() > id.count())}
ext-1:Must have either extensions or value[x], not both {extension.exists() != value.exists()}"
"getextendedblocksforpatient.blocks.temporaryRevokes.cancellationInfo.requestedBy.modifierExtension","getextendedblocksforpatient.blocks.temporaryRevokes.cancellationInfo.requestedBy.modifierExtension","","extensions
user contentmodifiers","",0,*,"","Y","Y","Extension {[]} {[]}
","Extensions that cannot be ignored even if unrecognized","May be used to represent additional information that is not part of the basic definition of the element and that modifies the understanding of the element in which it is contained and/or the understanding of the containing element's descendants. Usually modifier elements provide negation or qualification. To make the use of extensions safe and manageable, there is a strict set of governance applied to the definition and use of extensions. Though any implementer can define an extension, there is a set of requirements that SHALL be met as part of the definition of the extension. Applications processing a resource are required to check for modifier extensions.

Modifier extensions SHALL NOT change the meaning of any elements on Resource or DomainResource (including cannot change the meaning of modifierExtension itself).","There can be no stigma associated with the use of extensions by any application, project, or standard - regardless of the institution or jurisdiction that uses or defines the extensions.  The use of extensions is what allows the FHIR specification to retain a core level of simplicity for everyone.","Modifier extensions allow for extensions that *cannot* be safely ignored to be clearly distinguished from the vast majority of extensions which can be safely ignored.  This promotes interoperability by eliminating the need for implementers to prohibit the presence of extensions. For further information, see the [definition of modifier extensions](http://hl7.org/fhir/R4/extensibility.html#modifierExtension).","","","","","","","",,,,,"",,,,"BackboneElement.modifierExtension",0,*,"","ele-1:All FHIR elements must have a @value or children {hasValue() or (children().count() > id.count())}
ext-1:Must have either extensions or value[x], not both {extension.exists() != value.exists()}"
"getextendedblocksforpatient.blocks.temporaryRevokes.cancellationInfo.requestedBy.employeeId","getextendedblocksforpatient.blocks.temporaryRevokes.cancellationInfo.requestedBy.employeeId","","","",1,1,"","","","string {[]} {[]}
","HSA-id för anställd","HSA-id för anställd","","","","","","","","","",,,,,"",,,,"getextendedblocksforpatient.blocks.temporaryRevokes.cancellationInfo.requestedBy.employeeId",1,1,"",""
"getextendedblocksforpatient.blocks.temporaryRevokes.cancellationInfo.requestedBy.assignmentId","getextendedblocksforpatient.blocks.temporaryRevokes.cancellationInfo.requestedBy.assignmentId","","","",0,1,"","","","string {[]} {[]}
","HSA-id för medarbetaruppdrag","HSA-id för medarbetaruppdrag","","","","","","","","","",,,,,"",,,,"getextendedblocksforpatient.blocks.temporaryRevokes.cancellationInfo.requestedBy.assignmentId",0,1,"",""
"getextendedblocksforpatient.blocks.temporaryRevokes.cancellationInfo.requestedBy.assignmentName","getextendedblocksforpatient.blocks.temporaryRevokes.cancellationInfo.requestedBy.assignmentName","","","",0,1,"","","","string {[]} {[]}
","Namn på medarbetaruppdrag","Namn på medarbetaruppdrag","","","","","","","","","",,,,,"",,,,"getextendedblocksforpatient.blocks.temporaryRevokes.cancellationInfo.requestedBy.assignmentName",0,1,"",""
"getextendedblocksforpatient.blocks.temporaryRevokes.cancellationInfo.registrationDate","getextendedblocksforpatient.blocks.temporaryRevokes.cancellationInfo.registrationDate","","","",1,1,"","","","dateTime {[]} {[]}
","Datum när återkallningen registrerades","Datum när återkallningen registrerades","","","","","","","","","",,,,,"",,,,"getextendedblocksforpatient.blocks.temporaryRevokes.cancellationInfo.registrationDate",1,1,"",""
"getextendedblocksforpatient.blocks.temporaryRevokes.cancellationInfo.registeredBy","getextendedblocksforpatient.blocks.temporaryRevokes.cancellationInfo.registeredBy","","","",1,1,"","","","BackboneElement {[]} {[]}
","Aktören som registrerade återkallningen","Aktören som registrerade återkallningen","","","","","","","","","",,,,,"",,,,"getextendedblocksforpatient.blocks.temporaryRevokes.cancellationInfo.registeredBy",1,1,"","ele-1:All FHIR elements must have a @value or children {hasValue() or (children().count() > id.count())}
"
"getextendedblocksforpatient.blocks.temporaryRevokes.cancellationInfo.registeredBy.id","getextendedblocksforpatient.blocks.temporaryRevokes.cancellationInfo.registeredBy.id","","","",0,1,"","","","string {[]} {[]}
","Unique id for inter-element referencing","Unique id for the element within a resource (for internal references). This may be any string value that does not contain spaces.","","","","","","","","","",,,,,"",,,,"Element.id",0,1,"",""
"getextendedblocksforpatient.blocks.temporaryRevokes.cancellationInfo.registeredBy.extension","getextendedblocksforpatient.blocks.temporaryRevokes.cancellationInfo.registeredBy.extension","","extensions
user content","",0,*,"","","","Extension {[]} {[]}
","Additional content defined by implementations","May be used to represent additional information that is not part of the basic definition of the element. To make the use of extensions safe and manageable, there is a strict set of governance  applied to the definition and use of extensions. Though any implementer can define an extension, there is a set of requirements that SHALL be met as part of the definition of the extension.","There can be no stigma associated with the use of extensions by any application, project, or standard - regardless of the institution or jurisdiction that uses or defines the extensions.  The use of extensions is what allows the FHIR specification to retain a core level of simplicity for everyone.","","","","","","","","",,,,,"","value:url}
","Extensions are always sliced by (at least) url",,"open","Element.extension",0,*,"","ele-1:All FHIR elements must have a @value or children {hasValue() or (children().count() > id.count())}
ext-1:Must have either extensions or value[x], not both {extension.exists() != value.exists()}"
"getextendedblocksforpatient.blocks.temporaryRevokes.cancellationInfo.registeredBy.modifierExtension","getextendedblocksforpatient.blocks.temporaryRevokes.cancellationInfo.registeredBy.modifierExtension","","extensions
user contentmodifiers","",0,*,"","Y","Y","Extension {[]} {[]}
","Extensions that cannot be ignored even if unrecognized","May be used to represent additional information that is not part of the basic definition of the element and that modifies the understanding of the element in which it is contained and/or the understanding of the containing element's descendants. Usually modifier elements provide negation or qualification. To make the use of extensions safe and manageable, there is a strict set of governance applied to the definition and use of extensions. Though any implementer can define an extension, there is a set of requirements that SHALL be met as part of the definition of the extension. Applications processing a resource are required to check for modifier extensions.

Modifier extensions SHALL NOT change the meaning of any elements on Resource or DomainResource (including cannot change the meaning of modifierExtension itself).","There can be no stigma associated with the use of extensions by any application, project, or standard - regardless of the institution or jurisdiction that uses or defines the extensions.  The use of extensions is what allows the FHIR specification to retain a core level of simplicity for everyone.","Modifier extensions allow for extensions that *cannot* be safely ignored to be clearly distinguished from the vast majority of extensions which can be safely ignored.  This promotes interoperability by eliminating the need for implementers to prohibit the presence of extensions. For further information, see the [definition of modifier extensions](http://hl7.org/fhir/R4/extensibility.html#modifierExtension).","","","","","","","",,,,,"",,,,"BackboneElement.modifierExtension",0,*,"","ele-1:All FHIR elements must have a @value or children {hasValue() or (children().count() > id.count())}
ext-1:Must have either extensions or value[x], not both {extension.exists() != value.exists()}"
"getextendedblocksforpatient.blocks.temporaryRevokes.cancellationInfo.registeredBy.employeeId","getextendedblocksforpatient.blocks.temporaryRevokes.cancellationInfo.registeredBy.employeeId","","","",1,1,"","","","string {[]} {[]}
","HSA-id för anställd","HSA-id för anställd","","","","","","","","","",,,,,"",,,,"getextendedblocksforpatient.blocks.temporaryRevokes.cancellationInfo.registeredBy.employeeId",1,1,"",""
"getextendedblocksforpatient.blocks.temporaryRevokes.cancellationInfo.registeredBy.assignmentId","getextendedblocksforpatient.blocks.temporaryRevokes.cancellationInfo.registeredBy.assignmentId","","","",0,1,"","","","string {[]} {[]}
","HSA-id för medarbetaruppdrag","HSA-id för medarbetaruppdrag","","","","","","","","","",,,,,"",,,,"getextendedblocksforpatient.blocks.temporaryRevokes.cancellationInfo.registeredBy.assignmentId",0,1,"",""
"getextendedblocksforpatient.blocks.temporaryRevokes.cancellationInfo.registeredBy.assignmentName","getextendedblocksforpatient.blocks.temporaryRevokes.cancellationInfo.registeredBy.assignmentName","","","",0,1,"","","","string {[]} {[]}
","Namn på medarbetaruppdrag","Namn på medarbetaruppdrag","","","","","","","","","",,,,,"",,,,"getextendedblocksforpatient.blocks.temporaryRevokes.cancellationInfo.registeredBy.assignmentName",0,1,"",""
"getextendedblocksforpatient.blocks.temporaryRevokes.cancellationInfo.reasonText","getextendedblocksforpatient.blocks.temporaryRevokes.cancellationInfo.reasonText","","","",0,1,"","","","string {[]} {[]}
","Fritext-orsak","Fritext-orsak","","","","","","","","","",,,,,"",,,,"getextendedblocksforpatient.blocks.temporaryRevokes.cancellationInfo.reasonText",0,1,"",""
