"Profile","Id","Path","Slice Name","Alias(s)","Label","Min","Max","Must Support?","Is Modifier?","Is Summary?","Type(s)","Short","Definition","Comments","Requirements","Default Value","Meaning When Missing","Fixed Value","Pattern","Example","Minimum Value","Maximum Value","Maximum Length","Binding Strength","Binding Description","Binding Value Set","Code","Slicing Discriminator","Slicing Description","Slicing Ordered","Slicing Rules","Base Path","Base Min","Base Max","Condition(s)","Constraint(s)"
"cancelform-request","cancelform-request","cancelform-request","","","",0,*,"","","","null {[]} {[]}
","CancelForm — Request","Logisk modell för requestparametrar i CancelForm
(RIV-TA urn:riv:infrastructure:supportservices:forminteraction:CancelForm:2).
Avbryter och raderar ett pågående formulär.","","","","","","","","","",,,,,"",,,,"Base",0,*,"",""
"cancelform-request","cancelform-request.formId","cancelform-request.formId","","","",1,1,"","","","string {[]} {[]}
","Formulärets unika ID (GUID) som skall avbrytas","Formulärets unika ID (GUID) som skall avbrytas","","","","","","","","","",,,,,"",,,,"cancelform-request.formId",1,1,"",""
"cancelform-request","cancelform-request.subjectOfCare","cancelform-request.subjectOfCare","","","",0,1,"","","","string {[]} {[]}
","Invånarens personnummer (yyyymmddnnnn)","Invånarens personnummer (yyyymmddnnnn)","","","","","","","","","",,,,,"",,,,"cancelform-request.subjectOfCare",0,1,"",""
"cancelform-request","cancelform-request.reason","cancelform-request.reason","","","",0,1,"","","","string {[]} {[]}
","Anledning till avbrytning (valfri kommentar)","Anledning till avbrytning (valfri kommentar)","","","","","","","","","",,,,,"",,,,"cancelform-request.reason",0,1,"",""
"cancelform","cancelform","cancelform","","","",0,*,"","","","null {[]} {[]}
","CancelForm","Logisk modell för svar (response) i tjänstekontraktet CancelForm
(RIV-TA urn:riv:infrastructure:supportservices:forminteraction:CancelForm:2).
Bekräftar att formuläret har avbrutits och raderats.","","","","","","","","","",,,,,"",,,,"Base",0,*,"",""
"cancelform","cancelform.resultCode","cancelform.resultCode","","","",1,1,"","","","string {[]} {[]}
","Svarskod (OK = formuläret har avbrutits)","Svarskod (OK = formuläret har avbrutits)","","","","","","","","","",,,,,"",,,,"cancelform.resultCode",1,1,"",""
"cancelform","cancelform.comment","cancelform.comment","","","",0,1,"","","","string {[]} {[]}
","Kommentar","Kommentar","","","","","","","","","",,,,,"",,,,"cancelform.comment",0,1,"",""
"createform-request","createform-request","createform-request","","","",0,*,"","","","null {[]} {[]}
","CreateForm — Request","Logisk modell för requestparametrar i CreateForm
(RIV-TA urn:riv:infrastructure:supportservices:forminteraction:CreateForm:2).
Skapar och initierar/startar ett formulär.","","","","","","","","","",,,,,"",,,,"Base",0,*,"",""
"createform-request","createform-request.healthcareFacilityCareUnit","createform-request.healthcareFacilityCareUnit","","","",1,1,"","","","string {[]} {[]}
","Hsa-Id för vårdenhet som ansvarar för formuläret","Hsa-Id för vårdenhet som ansvarar för formuläret","","","","","","","","","",,,,,"",,,,"createform-request.healthcareFacilityCareUnit",1,1,"",""
"createform-request","createform-request.subjectOfCare","createform-request.subjectOfCare","","","",0,1,"","","","string {[]} {[]}
","Personnummer för invånaren (yyyymmddnnnn)","FormTemplate-attributet anonymousForm styr om fältet är obligatoriskt eller frivilligt.","","","","","","","","","",,,,,"",,,,"createform-request.subjectOfCare",0,1,"",""
"createform-request","createform-request.templateId","createform-request.templateId","","","",1,1,"","","","string {[]} {[]}
","Formulärmallets typ-id (KV Malltyp)","Formulärmallets typ-id (KV Malltyp)","","","","","","","","","",,,,,"",,,,"createform-request.templateId",1,1,"",""
"createform-request","createform-request.templateVersion","createform-request.templateVersion","","","",0,1,"","","","string {[]} {[]}
","Önskad version av formulärmallt (valfritt)","Önskad version av formulärmallt (valfritt)","","","","","","","","","",,,,,"",,,,"createform-request.templateVersion",0,1,"",""
"createform-request","createform-request.clinicalProcessInterestId","createform-request.clinicalProcessInterestId","","","",0,1,"","","","string {[]} {[]}
","Hälsoärende-id (HSA-id + unik identifierare)","Hälsoärende-id (HSA-id + unik identifierare)","","","","","","","","","",,,,,"",,,,"createform-request.clinicalProcessInterestId",0,1,"",""
"createform-request","createform-request.formId","createform-request.formId","","","",0,1,"","","","string {[]} {[]}
","Formulär-id genererat av konsumerande system (GUID). Om ej angivet genererar producenten.","Formulär-id genererat av konsumerande system (GUID). Om ej angivet genererar producenten.","","","","","","","","","",,,,,"",,,,"createform-request.formId",0,1,"",""
"createform-request","createform-request.formText","createform-request.formText","","","",0,1,"","","","string {[]} {[]}
","Unik text för formuläret, t.ex. Hälsoundersökning inför besök X","Unik text för formuläret, t.ex. Hälsoundersökning inför besök X","","","","","","","","","",,,,,"",,,,"createform-request.formText",0,1,"",""
"createform","createform","createform","","","",0,*,"","","","null {[]} {[]}
","CreateForm","Logisk modell för svar (response) i tjänstekontraktet CreateForm
(RIV-TA urn:riv:infrastructure:supportservices:forminteraction:CreateForm:2).
Returnerar det skapade formuläret inkl. första sidan med frågor.","","","","","","","","","",,,,,"",,,,"Base",0,*,"",""
"createform","createform.form","createform.form","","","",1,1,"","","","BackboneElement {[]} {[]}
","Formulärobjekt (FormType)","Det skapade formuläret. Returnerar alltid ett formulär. Om fel uppstår returneras SOAP-fault.","","","","","","","","","",,,,,"",,,,"createform.form",1,1,"","ele-1:All FHIR elements must have a @value or children {hasValue() or (children().count() > id.count())}
"
"createform","createform.form.id","createform.form.id","","","",0,1,"","","","string {[]} {[]}
","Unique id for inter-element referencing","Unique id for the element within a resource (for internal references). This may be any string value that does not contain spaces.","","","","","","","","","",,,,,"",,,,"Element.id",0,1,"",""
"createform","createform.form.extension","createform.form.extension","","extensions
user content","",0,*,"","","","Extension {[]} {[]}
","Additional content defined by implementations","May be used to represent additional information that is not part of the basic definition of the element. To make the use of extensions safe and manageable, there is a strict set of governance  applied to the definition and use of extensions. Though any implementer can define an extension, there is a set of requirements that SHALL be met as part of the definition of the extension.","There can be no stigma associated with the use of extensions by any application, project, or standard - regardless of the institution or jurisdiction that uses or defines the extensions.  The use of extensions is what allows the FHIR specification to retain a core level of simplicity for everyone.","","","","","","","","",,,,,"","value:url}
","Extensions are always sliced by (at least) url",,"open","Element.extension",0,*,"","ele-1:All FHIR elements must have a @value or children {hasValue() or (children().count() > id.count())}
ext-1:Must have either extensions or value[x], not both {extension.exists() != value.exists()}"
"createform","createform.form.modifierExtension","createform.form.modifierExtension","","extensions
user contentmodifiers","",0,*,"","Y","Y","Extension {[]} {[]}
","Extensions that cannot be ignored even if unrecognized","May be used to represent additional information that is not part of the basic definition of the element and that modifies the understanding of the element in which it is contained and/or the understanding of the containing element's descendants. Usually modifier elements provide negation or qualification. To make the use of extensions safe and manageable, there is a strict set of governance applied to the definition and use of extensions. Though any implementer can define an extension, there is a set of requirements that SHALL be met as part of the definition of the extension. Applications processing a resource are required to check for modifier extensions.

Modifier extensions SHALL NOT change the meaning of any elements on Resource or DomainResource (including cannot change the meaning of modifierExtension itself).","There can be no stigma associated with the use of extensions by any application, project, or standard - regardless of the institution or jurisdiction that uses or defines the extensions.  The use of extensions is what allows the FHIR specification to retain a core level of simplicity for everyone.","Modifier extensions allow for extensions that *cannot* be safely ignored to be clearly distinguished from the vast majority of extensions which can be safely ignored.  This promotes interoperability by eliminating the need for implementers to prohibit the presence of extensions. For further information, see the [definition of modifier extensions](http://hl7.org/fhir/R4/extensibility.html#modifierExtension).","","","","","","","",,,,,"",,,,"BackboneElement.modifierExtension",0,*,"","ele-1:All FHIR elements must have a @value or children {hasValue() or (children().count() > id.count())}
ext-1:Must have either extensions or value[x], not both {extension.exists() != value.exists()}"
"createform","createform.form.formId","createform.form.formId","","","",1,1,"","","","string {[]} {[]}
","Formulärets unika ID (GUID). Genererat av formulärmotor eller konsument.","Formulärets unika ID (GUID). Genererat av formulärmotor eller konsument.","","","","","","","","","",,,,,"",,,,"createform.form.formId",1,1,"",""
"createform","createform.form.subjectOfCare","createform.form.subjectOfCare","","","",1,1,"","","","string {[]} {[]}
","Patientens personnummer (yyyymmddnnnn)","Patientens personnummer (yyyymmddnnnn)","","","","","","","","","",,,,,"",,,,"createform.form.subjectOfCare",1,1,"",""
"createform","createform.form.healthcareFacilityCareUnit","createform.form.healthcareFacilityCareUnit","","","",1,1,"","","","string {[]} {[]}
","HSA-id för ansvarig vårdenhet","HSA-id för ansvarig vårdenhet","","","","","","","","","",,,,,"",,,,"createform.form.healthcareFacilityCareUnit",1,1,"",""
"createform","createform.form.healthcareFacilityCareUnitName","createform.form.healthcareFacilityCareUnitName","","","",1,1,"","","","string {[]} {[]}
","Vårdenhetens namn","Vårdenhetens namn","","","","","","","","","",,,,,"",,,,"createform.form.healthcareFacilityCareUnitName",1,1,"",""
"createform","createform.form.formStatus","createform.form.formStatus","","","",1,1,"","","","CodeableConcept {[]} {[]}
","Formulärets status","Formulärets status","","","","","","","","","",,"required","","https://fhir.inera.se/ig/infrastructure-supportservices-forminteraction/ValueSet/formstatus-vs","",,,,"createform.form.formStatus",1,1,"",""
"createform","createform.form.createdDateTime","createform.form.createdDateTime","","","",1,1,"","","","string {[]} {[]}
","Datum när formuläret skapades (ISO 8601 yyyyMMddThhmmss)","Datum när formuläret skapades (ISO 8601 yyyyMMddThhmmss)","","","","","","","","","",,,,,"",,,,"createform.form.createdDateTime",1,1,"",""
"createform","createform.form.expireDate","createform.form.expireDate","","","",0,1,"","","","string {[]} {[]}
","Formulärets giltighetstid (ISO 8601 yyyyMMdd)","Formulärets giltighetstid (ISO 8601 yyyyMMdd)","","","","","","","","","",,,,,"",,,,"createform.form.expireDate",0,1,"",""
"createform","createform.form.formText","createform.form.formText","","","",0,1,"","","","string {[]} {[]}
","Unik text för formuläret","Unik text för formuläret","","","","","","","","","",,,,,"",,,,"createform.form.formText",0,1,"",""
"createform","createform.form.formTemplate","createform.form.formTemplate","","","",1,1,"","","","BackboneElement {[]} {[]}
","Formulärmall kopplad till formuläret","Formulärmall kopplad till formuläret","","","","","","","","","",,,,,"",,,,"createform.form.formTemplate",1,1,"","ele-1:All FHIR elements must have a @value or children {hasValue() or (children().count() > id.count())}
"
"createform","createform.form.formTemplate.id","createform.form.formTemplate.id","","","",0,1,"","","","string {[]} {[]}
","Unique id for inter-element referencing","Unique id for the element within a resource (for internal references). This may be any string value that does not contain spaces.","","","","","","","","","",,,,,"",,,,"Element.id",0,1,"",""
"createform","createform.form.formTemplate.extension","createform.form.formTemplate.extension","","extensions
user content","",0,*,"","","","Extension {[]} {[]}
","Additional content defined by implementations","May be used to represent additional information that is not part of the basic definition of the element. To make the use of extensions safe and manageable, there is a strict set of governance  applied to the definition and use of extensions. Though any implementer can define an extension, there is a set of requirements that SHALL be met as part of the definition of the extension.","There can be no stigma associated with the use of extensions by any application, project, or standard - regardless of the institution or jurisdiction that uses or defines the extensions.  The use of extensions is what allows the FHIR specification to retain a core level of simplicity for everyone.","","","","","","","","",,,,,"","value:url}
","Extensions are always sliced by (at least) url",,"open","Element.extension",0,*,"","ele-1:All FHIR elements must have a @value or children {hasValue() or (children().count() > id.count())}
ext-1:Must have either extensions or value[x], not both {extension.exists() != value.exists()}"
"createform","createform.form.formTemplate.modifierExtension","createform.form.formTemplate.modifierExtension","","extensions
user contentmodifiers","",0,*,"","Y","Y","Extension {[]} {[]}
","Extensions that cannot be ignored even if unrecognized","May be used to represent additional information that is not part of the basic definition of the element and that modifies the understanding of the element in which it is contained and/or the understanding of the containing element's descendants. Usually modifier elements provide negation or qualification. To make the use of extensions safe and manageable, there is a strict set of governance applied to the definition and use of extensions. Though any implementer can define an extension, there is a set of requirements that SHALL be met as part of the definition of the extension. Applications processing a resource are required to check for modifier extensions.

Modifier extensions SHALL NOT change the meaning of any elements on Resource or DomainResource (including cannot change the meaning of modifierExtension itself).","There can be no stigma associated with the use of extensions by any application, project, or standard - regardless of the institution or jurisdiction that uses or defines the extensions.  The use of extensions is what allows the FHIR specification to retain a core level of simplicity for everyone.","Modifier extensions allow for extensions that *cannot* be safely ignored to be clearly distinguished from the vast majority of extensions which can be safely ignored.  This promotes interoperability by eliminating the need for implementers to prohibit the presence of extensions. For further information, see the [definition of modifier extensions](http://hl7.org/fhir/R4/extensibility.html#modifierExtension).","","","","","","","",,,,,"",,,,"BackboneElement.modifierExtension",0,*,"","ele-1:All FHIR elements must have a @value or children {hasValue() or (children().count() > id.count())}
ext-1:Must have either extensions or value[x], not both {extension.exists() != value.exists()}"
"createform","createform.form.formTemplate.templateId","createform.form.formTemplate.templateId","","","",1,1,"","","","string {[]} {[]}
","Mallens typ-id","Mallens typ-id","","","","","","","","","",,,,,"",,,,"createform.form.formTemplate.templateId",1,1,"",""
"createform","createform.form.formTemplate.templateVersion","createform.form.formTemplate.templateVersion","","","",1,1,"","","","string {[]} {[]}
","Mallens version","Mallens version","","","","","","","","","",,,,,"",,,,"createform.form.formTemplate.templateVersion",1,1,"",""
"createform","createform.form.formTemplate.formName","createform.form.formTemplate.formName","","","",1,1,"","","","string {[]} {[]}
","Mallens namn","Mallens namn","","","","","","","","","",,,,,"",,,,"createform.form.formTemplate.formName",1,1,"",""
"createform","createform.form.currentPage","createform.form.currentPage","","","",0,1,"","","","BackboneElement {[]} {[]}
","Aktuell sida med frågor","Aktuell sida med frågor","","","","","","","","","",,,,,"",,,,"createform.form.currentPage",0,1,"","ele-1:All FHIR elements must have a @value or children {hasValue() or (children().count() > id.count())}
"
"createform","createform.form.currentPage.id","createform.form.currentPage.id","","","",0,1,"","","","string {[]} {[]}
","Unique id for inter-element referencing","Unique id for the element within a resource (for internal references). This may be any string value that does not contain spaces.","","","","","","","","","",,,,,"",,,,"Element.id",0,1,"",""
"createform","createform.form.currentPage.extension","createform.form.currentPage.extension","","extensions
user content","",0,*,"","","","Extension {[]} {[]}
","Additional content defined by implementations","May be used to represent additional information that is not part of the basic definition of the element. To make the use of extensions safe and manageable, there is a strict set of governance  applied to the definition and use of extensions. Though any implementer can define an extension, there is a set of requirements that SHALL be met as part of the definition of the extension.","There can be no stigma associated with the use of extensions by any application, project, or standard - regardless of the institution or jurisdiction that uses or defines the extensions.  The use of extensions is what allows the FHIR specification to retain a core level of simplicity for everyone.","","","","","","","","",,,,,"","value:url}
","Extensions are always sliced by (at least) url",,"open","Element.extension",0,*,"","ele-1:All FHIR elements must have a @value or children {hasValue() or (children().count() > id.count())}
ext-1:Must have either extensions or value[x], not both {extension.exists() != value.exists()}"
"createform","createform.form.currentPage.modifierExtension","createform.form.currentPage.modifierExtension","","extensions
user contentmodifiers","",0,*,"","Y","Y","Extension {[]} {[]}
","Extensions that cannot be ignored even if unrecognized","May be used to represent additional information that is not part of the basic definition of the element and that modifies the understanding of the element in which it is contained and/or the understanding of the containing element's descendants. Usually modifier elements provide negation or qualification. To make the use of extensions safe and manageable, there is a strict set of governance applied to the definition and use of extensions. Though any implementer can define an extension, there is a set of requirements that SHALL be met as part of the definition of the extension. Applications processing a resource are required to check for modifier extensions.

Modifier extensions SHALL NOT change the meaning of any elements on Resource or DomainResource (including cannot change the meaning of modifierExtension itself).","There can be no stigma associated with the use of extensions by any application, project, or standard - regardless of the institution or jurisdiction that uses or defines the extensions.  The use of extensions is what allows the FHIR specification to retain a core level of simplicity for everyone.","Modifier extensions allow for extensions that *cannot* be safely ignored to be clearly distinguished from the vast majority of extensions which can be safely ignored.  This promotes interoperability by eliminating the need for implementers to prohibit the presence of extensions. For further information, see the [definition of modifier extensions](http://hl7.org/fhir/R4/extensibility.html#modifierExtension).","","","","","","","",,,,,"",,,,"BackboneElement.modifierExtension",0,*,"","ele-1:All FHIR elements must have a @value or children {hasValue() or (children().count() > id.count())}
ext-1:Must have either extensions or value[x], not both {extension.exists() != value.exists()}"
"createform","createform.form.currentPage.pageNumber","createform.form.currentPage.pageNumber","","","",1,1,"","","","integer {[]} {[]}
","Sidnummer","Sidnummer","","","","","","","","","",,,,,"",,,,"createform.form.currentPage.pageNumber",1,1,"",""
"createform","createform.form.currentPage.subject","createform.form.currentPage.subject","","","",0,1,"","","","string {[]} {[]}
","Sidans rubrik","Sidans rubrik","","","","","","","","","",,,,,"",,,,"createform.form.currentPage.subject",0,1,"",""
"createform","createform.form.currentPage.lastPage","createform.form.currentPage.lastPage","","","",1,1,"","","","boolean {[]} {[]}
","Indikerar om detta är sista sidan","Indikerar om detta är sista sidan","","","","","","","","","",,,,,"",,,,"createform.form.currentPage.lastPage",1,1,"",""
"createformrequest-request","createformrequest-request","createformrequest-request","","","",0,*,"","","","null {[]} {[]}
","CreateFormRequest — Request","Logisk modell för requestparametrar i CreateFormRequest
(RIV-TA urn:riv:infrastructure:supportservices:forminteraction:CreateFormRequest:2).
Ett vårdsystem skapar en begäran om att patient skall fylla i ett formulär.
Formulärmotor skapar ett formulär och skickar indexpost till engagemangsindex
(categorization = FormCreated).","","","","","","","","","",,,,,"",,,,"Base",0,*,"",""
"createformrequest-request","createformrequest-request.healthcareFacilityCareUnit","createformrequest-request.healthcareFacilityCareUnit","","","",1,1,"","","","string {[]} {[]}
","HSA-id för vårdenhet (ansvarig enhet)","HSA-id för vårdenhet (ansvarig enhet)","","","","","","","","","",,,,,"",,,,"createformrequest-request.healthcareFacilityCareUnit",1,1,"",""
"createformrequest-request","createformrequest-request.healthcareMedUnit","createformrequest-request.healthcareMedUnit","","","",0,1,"","","","string {[]} {[]}
","HSA-id för medicinsk ansvarig klinik/vårdcentral","HSA-id för medicinsk ansvarig klinik/vårdcentral","","","","","","","","","",,,,,"",,,,"createformrequest-request.healthcareMedUnit",0,1,"",""
"createformrequest-request","createformrequest-request.healthcareCareGiver","createformrequest-request.healthcareCareGiver","","","",0,1,"","","","string {[]} {[]}
","HSA-id för ansvarig vårdgivare (landsting/region)","HSA-id för ansvarig vårdgivare (landsting/region)","","","","","","","","","",,,,,"",,,,"createformrequest-request.healthcareCareGiver",0,1,"",""
"createformrequest-request","createformrequest-request.healthcareSystemId","createformrequest-request.healthcareSystemId","","","",0,1,"","","","string {[]} {[]}
","HSA-id för mottagande system","HSA-id för mottagande system","","","","","","","","","",,,,,"",,,,"createformrequest-request.healthcareSystemId",0,1,"",""
"createformrequest-request","createformrequest-request.subjectOfCare","createformrequest-request.subjectOfCare","","","",1,1,"","","","string {[]} {[]}
","Patientens personnummer (yyyymmddnnnn)","Obligatorisk i CreateFormRequest — formulärbegäran är alltid knuten till en specifik patient.","","","","","","","","","",,,,,"",,,,"createformrequest-request.subjectOfCare",1,1,"",""
"createformrequest-request","createformrequest-request.templateId","createformrequest-request.templateId","","","",1,1,"","","","string {[]} {[]}
","Typ av formulärmall (KV Malltyp)","Typ av formulärmall (KV Malltyp)","","","","","","","","","",,,,,"",,,,"createformrequest-request.templateId",1,1,"",""
"createformrequest-request","createformrequest-request.templateVersion","createformrequest-request.templateVersion","","","",0,1,"","","","string {[]} {[]}
","Önskad version av formulärmallt","Önskad version av formulärmallt","","","","","","","","","",,,,,"",,,,"createformrequest-request.templateVersion",0,1,"",""
"createformrequest-request","createformrequest-request.clinicalProcessInterestId","createformrequest-request.clinicalProcessInterestId","","","",0,1,"","","","string {[]} {[]}
","Hälsoärende-id (HSA-id + unik identifierare)","Hälsoärende-id (HSA-id + unik identifierare)","","","","","","","","","",,,,,"",,,,"createformrequest-request.clinicalProcessInterestId",0,1,"",""
"createformrequest-request","createformrequest-request.formId","createformrequest-request.formId","","","",1,1,"","","","string {[]} {[]}
","Formulär-id genererat av vårdsystemet (GUID). Notera: vårdsystemet genererar detta.","Att notera: Vårdsystemet (konsumenten) genererar ett unikt id för formuläret (FormID).","","","","","","","","","",,,,,"",,,,"createformrequest-request.formId",1,1,"",""
"createformrequest-request","createformrequest-request.expireDate","createformrequest-request.expireDate","","","",0,1,"","","","string {[]} {[]}
","Formulärets giltighetstid (ISO 8601 yyyyMMdd)","Formulärets giltighetstid (ISO 8601 yyyyMMdd)","","","","","","","","","",,,,,"",,,,"createformrequest-request.expireDate",0,1,"",""
"createformrequest-request","createformrequest-request.formText","createformrequest-request.formText","","","",0,1,"","","","string {[]} {[]}
","Unik text för formuläret, t.ex. Hälsoundersökning inför besök X","Unik text för formuläret, t.ex. Hälsoundersökning inför besök X","","","","","","","","","",,,,,"",,,,"createformrequest-request.formText",0,1,"",""
"createformrequest","createformrequest","createformrequest","","","",0,*,"","","","null {[]} {[]}
","CreateFormRequest","Logisk modell för svar (response) i tjänstekontraktet CreateFormRequest
(RIV-TA urn:riv:infrastructure:supportservices:forminteraction:CreateFormRequest:2).
Bekräftar att formulärbegäran har registrerats.","","","","","","","","","",,,,,"",,,,"Base",0,*,"",""
"createformrequest","createformrequest.resultCode","createformrequest.resultCode","","","",1,1,"","","","string {[]} {[]}
","Svarskod (OK = formulärbegäran registrerad)","Svarskod (OK = formulärbegäran registrerad)","","","","","","","","","",,,,,"",,,,"createformrequest.resultCode",1,1,"",""
"createformrequest","createformrequest.comment","createformrequest.comment","","","",0,1,"","","","string {[]} {[]}
","Kommentar","Kommentar","","","","","","","","","",,,,,"",,,,"createformrequest.comment",0,1,"",""
"createformrequest","createformrequest.formId","createformrequest.formId","","","",0,1,"","","","string {[]} {[]}
","Formulär-id (bekräftelse på det ID som skickades i begäran)","Formulär-id (bekräftelse på det ID som skickades i begäran)","","","","","","","","","",,,,,"",,,,"createformrequest.formId",0,1,"",""
"getform-request","getform-request","getform-request","","","",0,*,"","","","null {[]} {[]}
","GetForm — Request","Logisk modell för requestparametrar i GetForm
(RIV-TA urn:riv:infrastructure:supportservices:forminteraction:GetForm:2).
Hämtar ett specifikt formulär inkl. aktuell sida med frågor.","","","","","","","","","",,,,,"",,,,"Base",0,*,"",""
"getform-request","getform-request.formId","getform-request.formId","","","",1,1,"","","","string {[]} {[]}
","Formulärets unika ID (GUID)","Formulärets unika ID (GUID)","","","","","","","","","",,,,,"",,,,"getform-request.formId",1,1,"",""
"getform-request","getform-request.subjectOfCare","getform-request.subjectOfCare","","","",0,1,"","","","string {[]} {[]}
","Invånarens personnummer (yyyymmddnnnn)","Invånarens personnummer (yyyymmddnnnn)","","","","","","","","","",,,,,"",,,,"getform-request.subjectOfCare",0,1,"",""
"getform","getform","getform","","","",0,*,"","","","null {[]} {[]}
","GetForm","Logisk modell för svar (response) i tjänstekontraktet GetForm
(RIV-TA urn:riv:infrastructure:supportservices:forminteraction:GetForm:2).
Returnerar ett specifikt formulär med aktuell sida och frågor.
COMPLETED = Läsläge (komplett formulär returneras).
ONGOING = Senaste/aktuella sida returneras.
PENDING_COMPLETION = Senaste sida returneras.","","","","","","","","","",,,,,"",,,,"Base",0,*,"",""
"getform","getform.form","getform.form","","","",0,1,"","","","BackboneElement {[]} {[]}
","Formulärobjekt med aktuell sida (FormType)","Det hämtade formuläret inkl. aktuell sida. Saknas formuläret returneras SOAP-fault.","","","","","","","","","",,,,,"",,,,"getform.form",0,1,"","ele-1:All FHIR elements must have a @value or children {hasValue() or (children().count() > id.count())}
"
"getform","getform.form.id","getform.form.id","","","",0,1,"","","","string {[]} {[]}
","Unique id for inter-element referencing","Unique id for the element within a resource (for internal references). This may be any string value that does not contain spaces.","","","","","","","","","",,,,,"",,,,"Element.id",0,1,"",""
"getform","getform.form.extension","getform.form.extension","","extensions
user content","",0,*,"","","","Extension {[]} {[]}
","Additional content defined by implementations","May be used to represent additional information that is not part of the basic definition of the element. To make the use of extensions safe and manageable, there is a strict set of governance  applied to the definition and use of extensions. Though any implementer can define an extension, there is a set of requirements that SHALL be met as part of the definition of the extension.","There can be no stigma associated with the use of extensions by any application, project, or standard - regardless of the institution or jurisdiction that uses or defines the extensions.  The use of extensions is what allows the FHIR specification to retain a core level of simplicity for everyone.","","","","","","","","",,,,,"","value:url}
","Extensions are always sliced by (at least) url",,"open","Element.extension",0,*,"","ele-1:All FHIR elements must have a @value or children {hasValue() or (children().count() > id.count())}
ext-1:Must have either extensions or value[x], not both {extension.exists() != value.exists()}"
"getform","getform.form.modifierExtension","getform.form.modifierExtension","","extensions
user contentmodifiers","",0,*,"","Y","Y","Extension {[]} {[]}
","Extensions that cannot be ignored even if unrecognized","May be used to represent additional information that is not part of the basic definition of the element and that modifies the understanding of the element in which it is contained and/or the understanding of the containing element's descendants. Usually modifier elements provide negation or qualification. To make the use of extensions safe and manageable, there is a strict set of governance applied to the definition and use of extensions. Though any implementer can define an extension, there is a set of requirements that SHALL be met as part of the definition of the extension. Applications processing a resource are required to check for modifier extensions.

Modifier extensions SHALL NOT change the meaning of any elements on Resource or DomainResource (including cannot change the meaning of modifierExtension itself).","There can be no stigma associated with the use of extensions by any application, project, or standard - regardless of the institution or jurisdiction that uses or defines the extensions.  The use of extensions is what allows the FHIR specification to retain a core level of simplicity for everyone.","Modifier extensions allow for extensions that *cannot* be safely ignored to be clearly distinguished from the vast majority of extensions which can be safely ignored.  This promotes interoperability by eliminating the need for implementers to prohibit the presence of extensions. For further information, see the [definition of modifier extensions](http://hl7.org/fhir/R4/extensibility.html#modifierExtension).","","","","","","","",,,,,"",,,,"BackboneElement.modifierExtension",0,*,"","ele-1:All FHIR elements must have a @value or children {hasValue() or (children().count() > id.count())}
ext-1:Must have either extensions or value[x], not both {extension.exists() != value.exists()}"
"getform","getform.form.formId","getform.form.formId","","","",1,1,"","","","string {[]} {[]}
","Formulärets unika ID (GUID)","Formulärets unika ID (GUID)","","","","","","","","","",,,,,"",,,,"getform.form.formId",1,1,"",""
"getform","getform.form.subjectOfCare","getform.form.subjectOfCare","","","",1,1,"","","","string {[]} {[]}
","Patientens personnummer","Patientens personnummer","","","","","","","","","",,,,,"",,,,"getform.form.subjectOfCare",1,1,"",""
"getform","getform.form.healthcareFacilityCareUnit","getform.form.healthcareFacilityCareUnit","","","",1,1,"","","","string {[]} {[]}
","HSA-id för vårdenhet","HSA-id för vårdenhet","","","","","","","","","",,,,,"",,,,"getform.form.healthcareFacilityCareUnit",1,1,"",""
"getform","getform.form.healthcareFacilityCareUnitName","getform.form.healthcareFacilityCareUnitName","","","",1,1,"","","","string {[]} {[]}
","Vårdenhetens namn","Vårdenhetens namn","","","","","","","","","",,,,,"",,,,"getform.form.healthcareFacilityCareUnitName",1,1,"",""
"getform","getform.form.formStatus","getform.form.formStatus","","","",1,1,"","","","CodeableConcept {[]} {[]}
","Formulärets status","Formulärets status","","","","","","","","","",,"required","","https://fhir.inera.se/ig/infrastructure-supportservices-forminteraction/ValueSet/formstatus-vs","",,,,"getform.form.formStatus",1,1,"",""
"getform","getform.form.createdDateTime","getform.form.createdDateTime","","","",1,1,"","","","string {[]} {[]}
","Datum när formuläret skapades","Datum när formuläret skapades","","","","","","","","","",,,,,"",,,,"getform.form.createdDateTime",1,1,"",""
"getform","getform.form.lastSavedDate","getform.form.lastSavedDate","","","",0,1,"","","","string {[]} {[]}
","Datum för senaste temporärsparning","Datum för senaste temporärsparning","","","","","","","","","",,,,,"",,,,"getform.form.lastSavedDate",0,1,"",""
"getform","getform.form.expireDate","getform.form.expireDate","","","",0,1,"","","","string {[]} {[]}
","Formulärets giltighetstid","Formulärets giltighetstid","","","","","","","","","",,,,,"",,,,"getform.form.expireDate",0,1,"",""
"getform","getform.form.formText","getform.form.formText","","","",0,1,"","","","string {[]} {[]}
","Unik text för formuläret","Unik text för formuläret","","","","","","","","","",,,,,"",,,,"getform.form.formText",0,1,"",""
"getform","getform.form.formTemplate","getform.form.formTemplate","","","",1,1,"","","","BackboneElement {[]} {[]}
","Formulärmall","Formulärmall","","","","","","","","","",,,,,"",,,,"getform.form.formTemplate",1,1,"","ele-1:All FHIR elements must have a @value or children {hasValue() or (children().count() > id.count())}
"
"getform","getform.form.formTemplate.id","getform.form.formTemplate.id","","","",0,1,"","","","string {[]} {[]}
","Unique id for inter-element referencing","Unique id for the element within a resource (for internal references). This may be any string value that does not contain spaces.","","","","","","","","","",,,,,"",,,,"Element.id",0,1,"",""
"getform","getform.form.formTemplate.extension","getform.form.formTemplate.extension","","extensions
user content","",0,*,"","","","Extension {[]} {[]}
","Additional content defined by implementations","May be used to represent additional information that is not part of the basic definition of the element. To make the use of extensions safe and manageable, there is a strict set of governance  applied to the definition and use of extensions. Though any implementer can define an extension, there is a set of requirements that SHALL be met as part of the definition of the extension.","There can be no stigma associated with the use of extensions by any application, project, or standard - regardless of the institution or jurisdiction that uses or defines the extensions.  The use of extensions is what allows the FHIR specification to retain a core level of simplicity for everyone.","","","","","","","","",,,,,"","value:url}
","Extensions are always sliced by (at least) url",,"open","Element.extension",0,*,"","ele-1:All FHIR elements must have a @value or children {hasValue() or (children().count() > id.count())}
ext-1:Must have either extensions or value[x], not both {extension.exists() != value.exists()}"
"getform","getform.form.formTemplate.modifierExtension","getform.form.formTemplate.modifierExtension","","extensions
user contentmodifiers","",0,*,"","Y","Y","Extension {[]} {[]}
","Extensions that cannot be ignored even if unrecognized","May be used to represent additional information that is not part of the basic definition of the element and that modifies the understanding of the element in which it is contained and/or the understanding of the containing element's descendants. Usually modifier elements provide negation or qualification. To make the use of extensions safe and manageable, there is a strict set of governance applied to the definition and use of extensions. Though any implementer can define an extension, there is a set of requirements that SHALL be met as part of the definition of the extension. Applications processing a resource are required to check for modifier extensions.

Modifier extensions SHALL NOT change the meaning of any elements on Resource or DomainResource (including cannot change the meaning of modifierExtension itself).","There can be no stigma associated with the use of extensions by any application, project, or standard - regardless of the institution or jurisdiction that uses or defines the extensions.  The use of extensions is what allows the FHIR specification to retain a core level of simplicity for everyone.","Modifier extensions allow for extensions that *cannot* be safely ignored to be clearly distinguished from the vast majority of extensions which can be safely ignored.  This promotes interoperability by eliminating the need for implementers to prohibit the presence of extensions. For further information, see the [definition of modifier extensions](http://hl7.org/fhir/R4/extensibility.html#modifierExtension).","","","","","","","",,,,,"",,,,"BackboneElement.modifierExtension",0,*,"","ele-1:All FHIR elements must have a @value or children {hasValue() or (children().count() > id.count())}
ext-1:Must have either extensions or value[x], not both {extension.exists() != value.exists()}"
"getform","getform.form.formTemplate.templateId","getform.form.formTemplate.templateId","","","",1,1,"","","","string {[]} {[]}
","Mallens typ-id","Mallens typ-id","","","","","","","","","",,,,,"",,,,"getform.form.formTemplate.templateId",1,1,"",""
"getform","getform.form.formTemplate.templateVersion","getform.form.formTemplate.templateVersion","","","",1,1,"","","","string {[]} {[]}
","Mallens version","Mallens version","","","","","","","","","",,,,,"",,,,"getform.form.formTemplate.templateVersion",1,1,"",""
"getform","getform.form.formTemplate.formName","getform.form.formTemplate.formName","","","",1,1,"","","","string {[]} {[]}
","Mallens namn","Mallens namn","","","","","","","","","",,,,,"",,,,"getform.form.formTemplate.formName",1,1,"",""
"getform","getform.form.currentPage","getform.form.currentPage","","","",0,1,"","","","BackboneElement {[]} {[]}
","Aktuell sida med frågor (Page)","ONGOING/PENDING_COMPLETION: sista ifyllda sidan. COMPLETED: hela formuläret (alla sidor).","","","","","","","","","",,,,,"",,,,"getform.form.currentPage",0,1,"","ele-1:All FHIR elements must have a @value or children {hasValue() or (children().count() > id.count())}
"
"getform","getform.form.currentPage.id","getform.form.currentPage.id","","","",0,1,"","","","string {[]} {[]}
","Unique id for inter-element referencing","Unique id for the element within a resource (for internal references). This may be any string value that does not contain spaces.","","","","","","","","","",,,,,"",,,,"Element.id",0,1,"",""
"getform","getform.form.currentPage.extension","getform.form.currentPage.extension","","extensions
user content","",0,*,"","","","Extension {[]} {[]}
","Additional content defined by implementations","May be used to represent additional information that is not part of the basic definition of the element. To make the use of extensions safe and manageable, there is a strict set of governance  applied to the definition and use of extensions. Though any implementer can define an extension, there is a set of requirements that SHALL be met as part of the definition of the extension.","There can be no stigma associated with the use of extensions by any application, project, or standard - regardless of the institution or jurisdiction that uses or defines the extensions.  The use of extensions is what allows the FHIR specification to retain a core level of simplicity for everyone.","","","","","","","","",,,,,"","value:url}
","Extensions are always sliced by (at least) url",,"open","Element.extension",0,*,"","ele-1:All FHIR elements must have a @value or children {hasValue() or (children().count() > id.count())}
ext-1:Must have either extensions or value[x], not both {extension.exists() != value.exists()}"
"getform","getform.form.currentPage.modifierExtension","getform.form.currentPage.modifierExtension","","extensions
user contentmodifiers","",0,*,"","Y","Y","Extension {[]} {[]}
","Extensions that cannot be ignored even if unrecognized","May be used to represent additional information that is not part of the basic definition of the element and that modifies the understanding of the element in which it is contained and/or the understanding of the containing element's descendants. Usually modifier elements provide negation or qualification. To make the use of extensions safe and manageable, there is a strict set of governance applied to the definition and use of extensions. Though any implementer can define an extension, there is a set of requirements that SHALL be met as part of the definition of the extension. Applications processing a resource are required to check for modifier extensions.

Modifier extensions SHALL NOT change the meaning of any elements on Resource or DomainResource (including cannot change the meaning of modifierExtension itself).","There can be no stigma associated with the use of extensions by any application, project, or standard - regardless of the institution or jurisdiction that uses or defines the extensions.  The use of extensions is what allows the FHIR specification to retain a core level of simplicity for everyone.","Modifier extensions allow for extensions that *cannot* be safely ignored to be clearly distinguished from the vast majority of extensions which can be safely ignored.  This promotes interoperability by eliminating the need for implementers to prohibit the presence of extensions. For further information, see the [definition of modifier extensions](http://hl7.org/fhir/R4/extensibility.html#modifierExtension).","","","","","","","",,,,,"",,,,"BackboneElement.modifierExtension",0,*,"","ele-1:All FHIR elements must have a @value or children {hasValue() or (children().count() > id.count())}
ext-1:Must have either extensions or value[x], not both {extension.exists() != value.exists()}"
"getform","getform.form.currentPage.pageNumber","getform.form.currentPage.pageNumber","","","",1,1,"","","","integer {[]} {[]}
","Sidans nummer","Sidans nummer","","","","","","","","","",,,,,"",,,,"getform.form.currentPage.pageNumber",1,1,"",""
"getform","getform.form.currentPage.subject","getform.form.currentPage.subject","","","",0,1,"","","","string {[]} {[]}
","Sidans rubrik","Sidans rubrik","","","","","","","","","",,,,,"",,,,"getform.form.currentPage.subject",0,1,"",""
"getform","getform.form.currentPage.lastPage","getform.form.currentPage.lastPage","","","",1,1,"","","","boolean {[]} {[]}
","True = sista sidan i formuläret","True = sista sidan i formuläret","","","","","","","","","",,,,,"",,,,"getform.form.currentPage.lastPage",1,1,"",""
"getform","getform.form.currentPage.informationURL","getform.form.currentPage.informationURL","","","",0,1,"","","","url {[]} {[]}
","URL till hjälpsida","URL till hjälpsida","","","","","","","","","",,,,,"",,,,"getform.form.currentPage.informationURL",0,1,"",""
"getform","getform.form.currentPage.questionBlock","getform.form.currentPage.questionBlock","","","",1,*,"","","","BackboneElement {[]} {[]}
","Frågegruppering(ar) på sidan","Frågegruppering(ar) på sidan","","","","","","","","","",,,,,"",,,,"getform.form.currentPage.questionBlock",1,*,"","ele-1:All FHIR elements must have a @value or children {hasValue() or (children().count() > id.count())}
"
"getform","getform.form.currentPage.questionBlock.id","getform.form.currentPage.questionBlock.id","","","",0,1,"","","","string {[]} {[]}
","Unique id for inter-element referencing","Unique id for the element within a resource (for internal references). This may be any string value that does not contain spaces.","","","","","","","","","",,,,,"",,,,"Element.id",0,1,"",""
"getform","getform.form.currentPage.questionBlock.extension","getform.form.currentPage.questionBlock.extension","","extensions
user content","",0,*,"","","","Extension {[]} {[]}
","Additional content defined by implementations","May be used to represent additional information that is not part of the basic definition of the element. To make the use of extensions safe and manageable, there is a strict set of governance  applied to the definition and use of extensions. Though any implementer can define an extension, there is a set of requirements that SHALL be met as part of the definition of the extension.","There can be no stigma associated with the use of extensions by any application, project, or standard - regardless of the institution or jurisdiction that uses or defines the extensions.  The use of extensions is what allows the FHIR specification to retain a core level of simplicity for everyone.","","","","","","","","",,,,,"","value:url}
","Extensions are always sliced by (at least) url",,"open","Element.extension",0,*,"","ele-1:All FHIR elements must have a @value or children {hasValue() or (children().count() > id.count())}
ext-1:Must have either extensions or value[x], not both {extension.exists() != value.exists()}"
"getform","getform.form.currentPage.questionBlock.modifierExtension","getform.form.currentPage.questionBlock.modifierExtension","","extensions
user contentmodifiers","",0,*,"","Y","Y","Extension {[]} {[]}
","Extensions that cannot be ignored even if unrecognized","May be used to represent additional information that is not part of the basic definition of the element and that modifies the understanding of the element in which it is contained and/or the understanding of the containing element's descendants. Usually modifier elements provide negation or qualification. To make the use of extensions safe and manageable, there is a strict set of governance applied to the definition and use of extensions. Though any implementer can define an extension, there is a set of requirements that SHALL be met as part of the definition of the extension. Applications processing a resource are required to check for modifier extensions.

Modifier extensions SHALL NOT change the meaning of any elements on Resource or DomainResource (including cannot change the meaning of modifierExtension itself).","There can be no stigma associated with the use of extensions by any application, project, or standard - regardless of the institution or jurisdiction that uses or defines the extensions.  The use of extensions is what allows the FHIR specification to retain a core level of simplicity for everyone.","Modifier extensions allow for extensions that *cannot* be safely ignored to be clearly distinguished from the vast majority of extensions which can be safely ignored.  This promotes interoperability by eliminating the need for implementers to prohibit the presence of extensions. For further information, see the [definition of modifier extensions](http://hl7.org/fhir/R4/extensibility.html#modifierExtension).","","","","","","","",,,,,"",,,,"BackboneElement.modifierExtension",0,*,"","ele-1:All FHIR elements must have a @value or children {hasValue() or (children().count() > id.count())}
ext-1:Must have either extensions or value[x], not both {extension.exists() != value.exists()}"
"getform","getform.form.currentPage.questionBlock.blockNumber","getform.form.currentPage.questionBlock.blockNumber","","","",1,1,"","","","integer {[]} {[]}
","Blocknummer","Blocknummer","","","","","","","","","",,,,,"",,,,"getform.form.currentPage.questionBlock.blockNumber",1,1,"",""
"getform","getform.form.currentPage.questionBlock.subject","getform.form.currentPage.questionBlock.subject","","","",0,1,"","","","string {[]} {[]}
","Blockets rubrik","Blockets rubrik","","","","","","","","","",,,,,"",,,,"getform.form.currentPage.questionBlock.subject",0,1,"",""
"getform","getform.form.currentPage.questionBlock.numberOfQuestions","getform.form.currentPage.questionBlock.numberOfQuestions","","","",1,1,"","","","integer {[]} {[]}
","Antal frågor i blocket","Antal frågor i blocket","","","","","","","","","",,,,,"",,,,"getform.form.currentPage.questionBlock.numberOfQuestions",1,1,"",""
"getform","getform.form.currentPage.questionBlock.question","getform.form.currentPage.questionBlock.question","","","",1,*,"","","","BackboneElement {[]} {[]}
","Frågor i blocket","Frågor i blocket","","","","","","","","","",,,,,"",,,,"getform.form.currentPage.questionBlock.question",1,*,"","ele-1:All FHIR elements must have a @value or children {hasValue() or (children().count() > id.count())}
"
"getform","getform.form.currentPage.questionBlock.question.id","getform.form.currentPage.questionBlock.question.id","","","",0,1,"","","","string {[]} {[]}
","Unique id for inter-element referencing","Unique id for the element within a resource (for internal references). This may be any string value that does not contain spaces.","","","","","","","","","",,,,,"",,,,"Element.id",0,1,"",""
"getform","getform.form.currentPage.questionBlock.question.extension","getform.form.currentPage.questionBlock.question.extension","","extensions
user content","",0,*,"","","","Extension {[]} {[]}
","Additional content defined by implementations","May be used to represent additional information that is not part of the basic definition of the element. To make the use of extensions safe and manageable, there is a strict set of governance  applied to the definition and use of extensions. Though any implementer can define an extension, there is a set of requirements that SHALL be met as part of the definition of the extension.","There can be no stigma associated with the use of extensions by any application, project, or standard - regardless of the institution or jurisdiction that uses or defines the extensions.  The use of extensions is what allows the FHIR specification to retain a core level of simplicity for everyone.","","","","","","","","",,,,,"","value:url}
","Extensions are always sliced by (at least) url",,"open","Element.extension",0,*,"","ele-1:All FHIR elements must have a @value or children {hasValue() or (children().count() > id.count())}
ext-1:Must have either extensions or value[x], not both {extension.exists() != value.exists()}"
"getform","getform.form.currentPage.questionBlock.question.modifierExtension","getform.form.currentPage.questionBlock.question.modifierExtension","","extensions
user contentmodifiers","",0,*,"","Y","Y","Extension {[]} {[]}
","Extensions that cannot be ignored even if unrecognized","May be used to represent additional information that is not part of the basic definition of the element and that modifies the understanding of the element in which it is contained and/or the understanding of the containing element's descendants. Usually modifier elements provide negation or qualification. To make the use of extensions safe and manageable, there is a strict set of governance applied to the definition and use of extensions. Though any implementer can define an extension, there is a set of requirements that SHALL be met as part of the definition of the extension. Applications processing a resource are required to check for modifier extensions.

Modifier extensions SHALL NOT change the meaning of any elements on Resource or DomainResource (including cannot change the meaning of modifierExtension itself).","There can be no stigma associated with the use of extensions by any application, project, or standard - regardless of the institution or jurisdiction that uses or defines the extensions.  The use of extensions is what allows the FHIR specification to retain a core level of simplicity for everyone.","Modifier extensions allow for extensions that *cannot* be safely ignored to be clearly distinguished from the vast majority of extensions which can be safely ignored.  This promotes interoperability by eliminating the need for implementers to prohibit the presence of extensions. For further information, see the [definition of modifier extensions](http://hl7.org/fhir/R4/extensibility.html#modifierExtension).","","","","","","","",,,,,"",,,,"BackboneElement.modifierExtension",0,*,"","ele-1:All FHIR elements must have a @value or children {hasValue() or (children().count() > id.count())}
ext-1:Must have either extensions or value[x], not both {extension.exists() != value.exists()}"
"getform","getform.form.currentPage.questionBlock.question.questionId","getform.form.currentPage.questionBlock.question.questionId","","","",1,1,"","","","string {[]} {[]}
","Frågans unika ID","Frågans unika ID","","","","","","","","","",,,,,"",,,,"getform.form.currentPage.questionBlock.question.questionId",1,1,"",""
"getform","getform.form.currentPage.questionBlock.question.questionText","getform.form.currentPage.questionBlock.question.questionText","","","",1,1,"","","","string {[]} {[]}
","Frågetexten","Frågetexten","","","","","","","","","",,,,,"",,,,"getform.form.currentPage.questionBlock.question.questionText",1,1,"",""
"getform","getform.form.currentPage.questionBlock.question.questionType","getform.form.currentPage.questionBlock.question.questionType","","","",1,1,"","","","CodeableConcept {[]} {[]}
","Typ av fråga","Typ av fråga","","","","","","","","","",,"required","","https://fhir.inera.se/ig/infrastructure-supportservices-forminteraction/ValueSet/questiontype-vs","",,,,"getform.form.currentPage.questionBlock.question.questionType",1,1,"",""
"getform","getform.form.currentPage.questionBlock.question.mandatory","getform.form.currentPage.questionBlock.question.mandatory","","","",1,1,"","","","boolean {[]} {[]}
","Om frågan är obligatorisk","Om frågan är obligatorisk","","","","","","","","","",,,,,"",,,,"getform.form.currentPage.questionBlock.question.mandatory",1,1,"",""
"getform","getform.form.currentPage.questionBlock.question.answerAlternative","getform.form.currentPage.questionBlock.question.answerAlternative","","","",0,*,"","","","BackboneElement {[]} {[]}
","Svarsalternativ","Svarsalternativ","","","","","","","","","",,,,,"",,,,"getform.form.currentPage.questionBlock.question.answerAlternative",0,*,"","ele-1:All FHIR elements must have a @value or children {hasValue() or (children().count() > id.count())}
"
"getform","getform.form.currentPage.questionBlock.question.answerAlternative.id","getform.form.currentPage.questionBlock.question.answerAlternative.id","","","",0,1,"","","","string {[]} {[]}
","Unique id for inter-element referencing","Unique id for the element within a resource (for internal references). This may be any string value that does not contain spaces.","","","","","","","","","",,,,,"",,,,"Element.id",0,1,"",""
"getform","getform.form.currentPage.questionBlock.question.answerAlternative.extension","getform.form.currentPage.questionBlock.question.answerAlternative.extension","","extensions
user content","",0,*,"","","","Extension {[]} {[]}
","Additional content defined by implementations","May be used to represent additional information that is not part of the basic definition of the element. To make the use of extensions safe and manageable, there is a strict set of governance  applied to the definition and use of extensions. Though any implementer can define an extension, there is a set of requirements that SHALL be met as part of the definition of the extension.","There can be no stigma associated with the use of extensions by any application, project, or standard - regardless of the institution or jurisdiction that uses or defines the extensions.  The use of extensions is what allows the FHIR specification to retain a core level of simplicity for everyone.","","","","","","","","",,,,,"","value:url}
","Extensions are always sliced by (at least) url",,"open","Element.extension",0,*,"","ele-1:All FHIR elements must have a @value or children {hasValue() or (children().count() > id.count())}
ext-1:Must have either extensions or value[x], not both {extension.exists() != value.exists()}"
"getform","getform.form.currentPage.questionBlock.question.answerAlternative.modifierExtension","getform.form.currentPage.questionBlock.question.answerAlternative.modifierExtension","","extensions
user contentmodifiers","",0,*,"","Y","Y","Extension {[]} {[]}
","Extensions that cannot be ignored even if unrecognized","May be used to represent additional information that is not part of the basic definition of the element and that modifies the understanding of the element in which it is contained and/or the understanding of the containing element's descendants. Usually modifier elements provide negation or qualification. To make the use of extensions safe and manageable, there is a strict set of governance applied to the definition and use of extensions. Though any implementer can define an extension, there is a set of requirements that SHALL be met as part of the definition of the extension. Applications processing a resource are required to check for modifier extensions.

Modifier extensions SHALL NOT change the meaning of any elements on Resource or DomainResource (including cannot change the meaning of modifierExtension itself).","There can be no stigma associated with the use of extensions by any application, project, or standard - regardless of the institution or jurisdiction that uses or defines the extensions.  The use of extensions is what allows the FHIR specification to retain a core level of simplicity for everyone.","Modifier extensions allow for extensions that *cannot* be safely ignored to be clearly distinguished from the vast majority of extensions which can be safely ignored.  This promotes interoperability by eliminating the need for implementers to prohibit the presence of extensions. For further information, see the [definition of modifier extensions](http://hl7.org/fhir/R4/extensibility.html#modifierExtension).","","","","","","","",,,,,"",,,,"BackboneElement.modifierExtension",0,*,"","ele-1:All FHIR elements must have a @value or children {hasValue() or (children().count() > id.count())}
ext-1:Must have either extensions or value[x], not both {extension.exists() != value.exists()}"
"getform","getform.form.currentPage.questionBlock.question.answerAlternative.alternativeId","getform.form.currentPage.questionBlock.question.answerAlternative.alternativeId","","","",1,1,"","","","string {[]} {[]}
","Svarsalternativets ID","Svarsalternativets ID","","","","","","","","","",,,,,"",,,,"getform.form.currentPage.questionBlock.question.answerAlternative.alternativeId",1,1,"",""
"getform","getform.form.currentPage.questionBlock.question.answerAlternative.alternativeText","getform.form.currentPage.questionBlock.question.answerAlternative.alternativeText","","","",1,1,"","","","string {[]} {[]}
","Svarsalternativets text","Svarsalternativets text","","","","","","","","","",,,,,"",,,,"getform.form.currentPage.questionBlock.question.answerAlternative.alternativeText",1,1,"",""
"getform","getform.form.currentPage.questionBlock.question.answer","getform.form.currentPage.questionBlock.question.answer","","","",0,1,"","","","BackboneElement {[]} {[]}
","Givet svar (om formuläret är påbörjat/avslutat)","Givet svar (om formuläret är påbörjat/avslutat)","","","","","","","","","",,,,,"",,,,"getform.form.currentPage.questionBlock.question.answer",0,1,"","ele-1:All FHIR elements must have a @value or children {hasValue() or (children().count() > id.count())}
"
"getform","getform.form.currentPage.questionBlock.question.answer.id","getform.form.currentPage.questionBlock.question.answer.id","","","",0,1,"","","","string {[]} {[]}
","Unique id for inter-element referencing","Unique id for the element within a resource (for internal references). This may be any string value that does not contain spaces.","","","","","","","","","",,,,,"",,,,"Element.id",0,1,"",""
"getform","getform.form.currentPage.questionBlock.question.answer.extension","getform.form.currentPage.questionBlock.question.answer.extension","","extensions
user content","",0,*,"","","","Extension {[]} {[]}
","Additional content defined by implementations","May be used to represent additional information that is not part of the basic definition of the element. To make the use of extensions safe and manageable, there is a strict set of governance  applied to the definition and use of extensions. Though any implementer can define an extension, there is a set of requirements that SHALL be met as part of the definition of the extension.","There can be no stigma associated with the use of extensions by any application, project, or standard - regardless of the institution or jurisdiction that uses or defines the extensions.  The use of extensions is what allows the FHIR specification to retain a core level of simplicity for everyone.","","","","","","","","",,,,,"","value:url}
","Extensions are always sliced by (at least) url",,"open","Element.extension",0,*,"","ele-1:All FHIR elements must have a @value or children {hasValue() or (children().count() > id.count())}
ext-1:Must have either extensions or value[x], not both {extension.exists() != value.exists()}"
"getform","getform.form.currentPage.questionBlock.question.answer.modifierExtension","getform.form.currentPage.questionBlock.question.answer.modifierExtension","","extensions
user contentmodifiers","",0,*,"","Y","Y","Extension {[]} {[]}
","Extensions that cannot be ignored even if unrecognized","May be used to represent additional information that is not part of the basic definition of the element and that modifies the understanding of the element in which it is contained and/or the understanding of the containing element's descendants. Usually modifier elements provide negation or qualification. To make the use of extensions safe and manageable, there is a strict set of governance applied to the definition and use of extensions. Though any implementer can define an extension, there is a set of requirements that SHALL be met as part of the definition of the extension. Applications processing a resource are required to check for modifier extensions.

Modifier extensions SHALL NOT change the meaning of any elements on Resource or DomainResource (including cannot change the meaning of modifierExtension itself).","There can be no stigma associated with the use of extensions by any application, project, or standard - regardless of the institution or jurisdiction that uses or defines the extensions.  The use of extensions is what allows the FHIR specification to retain a core level of simplicity for everyone.","Modifier extensions allow for extensions that *cannot* be safely ignored to be clearly distinguished from the vast majority of extensions which can be safely ignored.  This promotes interoperability by eliminating the need for implementers to prohibit the presence of extensions. For further information, see the [definition of modifier extensions](http://hl7.org/fhir/R4/extensibility.html#modifierExtension).","","","","","","","",,,,,"",,,,"BackboneElement.modifierExtension",0,*,"","ele-1:All FHIR elements must have a @value or children {hasValue() or (children().count() > id.count())}
ext-1:Must have either extensions or value[x], not both {extension.exists() != value.exists()}"
"getform","getform.form.currentPage.questionBlock.question.answer.answerText","getform.form.currentPage.questionBlock.question.answer.answerText","","","",0,1,"","","","string {[]} {[]}
","Svarstext","Svarstext","","","","","","","","","",,,,,"",,,,"getform.form.currentPage.questionBlock.question.answer.answerText",0,1,"",""
"getform","getform.form.currentPage.questionBlock.question.answer.answeredAlternativeId","getform.form.currentPage.questionBlock.question.answer.answeredAlternativeId","","","",0,1,"","","","string {[]} {[]}
","ID för valt svarsalternativ","ID för valt svarsalternativ","","","","","","","","","",,,,,"",,,,"getform.form.currentPage.questionBlock.question.answer.answeredAlternativeId",0,1,"",""
"getformquestionpage-request","getformquestionpage-request","getformquestionpage-request","","","",0,*,"","","","null {[]} {[]}
","GetFormQuestionPage — Request","Logisk modell för requestparametrar i GetFormQuestionPage
(RIV-TA urn:riv:infrastructure:supportservices:forminteraction:GetFormQuestionPage:2).
Hoppa/navigera framåt eller bakåt i ett formulär.","","","","","","","","","",,,,,"",,,,"Base",0,*,"",""
"getformquestionpage-request","getformquestionpage-request.formId","getformquestionpage-request.formId","","","",1,1,"","","","string {[]} {[]}
","Formulärets unika ID (GUID)","Formulärets unika ID (GUID)","","","","","","","","","",,,,,"",,,,"getformquestionpage-request.formId",1,1,"",""
"getformquestionpage-request","getformquestionpage-request.pageNumber","getformquestionpage-request.pageNumber","","","",1,1,"","","","integer {[]} {[]}
","Nummer på sidan navigering utgår ifrån. Ange 0 + FORWARD för första sidan, 0 + BACK för sista sidan.","Nummer på sidan navigering utgår ifrån. Ange 0 + FORWARD för första sidan, 0 + BACK för sista sidan.","","","","","","","","","",,,,,"",,,,"getformquestionpage-request.pageNumber",1,1,"",""
"getformquestionpage-request","getformquestionpage-request.direction","getformquestionpage-request.direction","","","",1,1,"","","","string {[]} {[]}
","Riktning: FORWARD eller BACK","BACK ej tillåtet om PageNumber = 1. FORWARD ej tillåtet om LastPage = true.","","","","","","","","","",,,,,"",,,,"getformquestionpage-request.direction",1,1,"",""
"getformquestionpage-request","getformquestionpage-request.subjectOfCare","getformquestionpage-request.subjectOfCare","","","",0,1,"","","","string {[]} {[]}
","Invånarens personnummer (yyyymmddnnnn)","Invånarens personnummer (yyyymmddnnnn)","","","","","","","","","",,,,,"",,,,"getformquestionpage-request.subjectOfCare",0,1,"",""
"getformquestionpage","getformquestionpage","getformquestionpage","","","",0,*,"","","","null {[]} {[]}
","GetFormQuestionPage","Logisk modell för svar (response) i tjänstekontraktet GetFormQuestionPage
(RIV-TA urn:riv:infrastructure:supportservices:forminteraction:GetFormQuestionPage:2).
Returnerar formuläret med den begärda sidan.","","","","","","","","","",,,,,"",,,,"Base",0,*,"",""
"getformquestionpage","getformquestionpage.form","getformquestionpage.form","","","",0,1,"","","","BackboneElement {[]} {[]}
","Formulärobjekt med navigerad sida (FormType)","Formuläret med den navigerade sidan. Vid fel (ogiltigt sidnummer/riktning) returneras SOAP-fault.","","","","","","","","","",,,,,"",,,,"getformquestionpage.form",0,1,"","ele-1:All FHIR elements must have a @value or children {hasValue() or (children().count() > id.count())}
"
"getformquestionpage","getformquestionpage.form.id","getformquestionpage.form.id","","","",0,1,"","","","string {[]} {[]}
","Unique id for inter-element referencing","Unique id for the element within a resource (for internal references). This may be any string value that does not contain spaces.","","","","","","","","","",,,,,"",,,,"Element.id",0,1,"",""
"getformquestionpage","getformquestionpage.form.extension","getformquestionpage.form.extension","","extensions
user content","",0,*,"","","","Extension {[]} {[]}
","Additional content defined by implementations","May be used to represent additional information that is not part of the basic definition of the element. To make the use of extensions safe and manageable, there is a strict set of governance  applied to the definition and use of extensions. Though any implementer can define an extension, there is a set of requirements that SHALL be met as part of the definition of the extension.","There can be no stigma associated with the use of extensions by any application, project, or standard - regardless of the institution or jurisdiction that uses or defines the extensions.  The use of extensions is what allows the FHIR specification to retain a core level of simplicity for everyone.","","","","","","","","",,,,,"","value:url}
","Extensions are always sliced by (at least) url",,"open","Element.extension",0,*,"","ele-1:All FHIR elements must have a @value or children {hasValue() or (children().count() > id.count())}
ext-1:Must have either extensions or value[x], not both {extension.exists() != value.exists()}"
"getformquestionpage","getformquestionpage.form.modifierExtension","getformquestionpage.form.modifierExtension","","extensions
user contentmodifiers","",0,*,"","Y","Y","Extension {[]} {[]}
","Extensions that cannot be ignored even if unrecognized","May be used to represent additional information that is not part of the basic definition of the element and that modifies the understanding of the element in which it is contained and/or the understanding of the containing element's descendants. Usually modifier elements provide negation or qualification. To make the use of extensions safe and manageable, there is a strict set of governance applied to the definition and use of extensions. Though any implementer can define an extension, there is a set of requirements that SHALL be met as part of the definition of the extension. Applications processing a resource are required to check for modifier extensions.

Modifier extensions SHALL NOT change the meaning of any elements on Resource or DomainResource (including cannot change the meaning of modifierExtension itself).","There can be no stigma associated with the use of extensions by any application, project, or standard - regardless of the institution or jurisdiction that uses or defines the extensions.  The use of extensions is what allows the FHIR specification to retain a core level of simplicity for everyone.","Modifier extensions allow for extensions that *cannot* be safely ignored to be clearly distinguished from the vast majority of extensions which can be safely ignored.  This promotes interoperability by eliminating the need for implementers to prohibit the presence of extensions. For further information, see the [definition of modifier extensions](http://hl7.org/fhir/R4/extensibility.html#modifierExtension).","","","","","","","",,,,,"",,,,"BackboneElement.modifierExtension",0,*,"","ele-1:All FHIR elements must have a @value or children {hasValue() or (children().count() > id.count())}
ext-1:Must have either extensions or value[x], not both {extension.exists() != value.exists()}"
"getformquestionpage","getformquestionpage.form.formId","getformquestionpage.form.formId","","","",1,1,"","","","string {[]} {[]}
","Formulärets unika ID","Formulärets unika ID","","","","","","","","","",,,,,"",,,,"getformquestionpage.form.formId",1,1,"",""
"getformquestionpage","getformquestionpage.form.formStatus","getformquestionpage.form.formStatus","","","",1,1,"","","","CodeableConcept {[]} {[]}
","Formulärets status","Formulärets status","","","","","","","","","",,"required","","https://fhir.inera.se/ig/infrastructure-supportservices-forminteraction/ValueSet/formstatus-vs","",,,,"getformquestionpage.form.formStatus",1,1,"",""
"getformquestionpage","getformquestionpage.form.currentPage","getformquestionpage.form.currentPage","","","",0,1,"","","","BackboneElement {[]} {[]}
","Den begärda sidan med frågor","Den begärda sidan med frågor","","","","","","","","","",,,,,"",,,,"getformquestionpage.form.currentPage",0,1,"","ele-1:All FHIR elements must have a @value or children {hasValue() or (children().count() > id.count())}
"
"getformquestionpage","getformquestionpage.form.currentPage.id","getformquestionpage.form.currentPage.id","","","",0,1,"","","","string {[]} {[]}
","Unique id for inter-element referencing","Unique id for the element within a resource (for internal references). This may be any string value that does not contain spaces.","","","","","","","","","",,,,,"",,,,"Element.id",0,1,"",""
"getformquestionpage","getformquestionpage.form.currentPage.extension","getformquestionpage.form.currentPage.extension","","extensions
user content","",0,*,"","","","Extension {[]} {[]}
","Additional content defined by implementations","May be used to represent additional information that is not part of the basic definition of the element. To make the use of extensions safe and manageable, there is a strict set of governance  applied to the definition and use of extensions. Though any implementer can define an extension, there is a set of requirements that SHALL be met as part of the definition of the extension.","There can be no stigma associated with the use of extensions by any application, project, or standard - regardless of the institution or jurisdiction that uses or defines the extensions.  The use of extensions is what allows the FHIR specification to retain a core level of simplicity for everyone.","","","","","","","","",,,,,"","value:url}
","Extensions are always sliced by (at least) url",,"open","Element.extension",0,*,"","ele-1:All FHIR elements must have a @value or children {hasValue() or (children().count() > id.count())}
ext-1:Must have either extensions or value[x], not both {extension.exists() != value.exists()}"
"getformquestionpage","getformquestionpage.form.currentPage.modifierExtension","getformquestionpage.form.currentPage.modifierExtension","","extensions
user contentmodifiers","",0,*,"","Y","Y","Extension {[]} {[]}
","Extensions that cannot be ignored even if unrecognized","May be used to represent additional information that is not part of the basic definition of the element and that modifies the understanding of the element in which it is contained and/or the understanding of the containing element's descendants. Usually modifier elements provide negation or qualification. To make the use of extensions safe and manageable, there is a strict set of governance applied to the definition and use of extensions. Though any implementer can define an extension, there is a set of requirements that SHALL be met as part of the definition of the extension. Applications processing a resource are required to check for modifier extensions.

Modifier extensions SHALL NOT change the meaning of any elements on Resource or DomainResource (including cannot change the meaning of modifierExtension itself).","There can be no stigma associated with the use of extensions by any application, project, or standard - regardless of the institution or jurisdiction that uses or defines the extensions.  The use of extensions is what allows the FHIR specification to retain a core level of simplicity for everyone.","Modifier extensions allow for extensions that *cannot* be safely ignored to be clearly distinguished from the vast majority of extensions which can be safely ignored.  This promotes interoperability by eliminating the need for implementers to prohibit the presence of extensions. For further information, see the [definition of modifier extensions](http://hl7.org/fhir/R4/extensibility.html#modifierExtension).","","","","","","","",,,,,"",,,,"BackboneElement.modifierExtension",0,*,"","ele-1:All FHIR elements must have a @value or children {hasValue() or (children().count() > id.count())}
ext-1:Must have either extensions or value[x], not both {extension.exists() != value.exists()}"
"getformquestionpage","getformquestionpage.form.currentPage.pageNumber","getformquestionpage.form.currentPage.pageNumber","","","",1,1,"","","","integer {[]} {[]}
","Sidans nummer","Sidans nummer","","","","","","","","","",,,,,"",,,,"getformquestionpage.form.currentPage.pageNumber",1,1,"",""
"getformquestionpage","getformquestionpage.form.currentPage.subject","getformquestionpage.form.currentPage.subject","","","",0,1,"","","","string {[]} {[]}
","Sidans rubrik","Sidans rubrik","","","","","","","","","",,,,,"",,,,"getformquestionpage.form.currentPage.subject",0,1,"",""
"getformquestionpage","getformquestionpage.form.currentPage.lastPage","getformquestionpage.form.currentPage.lastPage","","","",1,1,"","","","boolean {[]} {[]}
","True = sista sidan i formuläret","True = sista sidan i formuläret","","","","","","","","","",,,,,"",,,,"getformquestionpage.form.currentPage.lastPage",1,1,"",""
"getformquestionpage","getformquestionpage.form.currentPage.questionBlock","getformquestionpage.form.currentPage.questionBlock","","","",1,*,"","","","BackboneElement {[]} {[]}
","Frågegruppering(ar)","Frågegruppering(ar)","","","","","","","","","",,,,,"",,,,"getformquestionpage.form.currentPage.questionBlock",1,*,"","ele-1:All FHIR elements must have a @value or children {hasValue() or (children().count() > id.count())}
"
"getformquestionpage","getformquestionpage.form.currentPage.questionBlock.id","getformquestionpage.form.currentPage.questionBlock.id","","","",0,1,"","","","string {[]} {[]}
","Unique id for inter-element referencing","Unique id for the element within a resource (for internal references). This may be any string value that does not contain spaces.","","","","","","","","","",,,,,"",,,,"Element.id",0,1,"",""
"getformquestionpage","getformquestionpage.form.currentPage.questionBlock.extension","getformquestionpage.form.currentPage.questionBlock.extension","","extensions
user content","",0,*,"","","","Extension {[]} {[]}
","Additional content defined by implementations","May be used to represent additional information that is not part of the basic definition of the element. To make the use of extensions safe and manageable, there is a strict set of governance  applied to the definition and use of extensions. Though any implementer can define an extension, there is a set of requirements that SHALL be met as part of the definition of the extension.","There can be no stigma associated with the use of extensions by any application, project, or standard - regardless of the institution or jurisdiction that uses or defines the extensions.  The use of extensions is what allows the FHIR specification to retain a core level of simplicity for everyone.","","","","","","","","",,,,,"","value:url}
","Extensions are always sliced by (at least) url",,"open","Element.extension",0,*,"","ele-1:All FHIR elements must have a @value or children {hasValue() or (children().count() > id.count())}
ext-1:Must have either extensions or value[x], not both {extension.exists() != value.exists()}"
"getformquestionpage","getformquestionpage.form.currentPage.questionBlock.modifierExtension","getformquestionpage.form.currentPage.questionBlock.modifierExtension","","extensions
user contentmodifiers","",0,*,"","Y","Y","Extension {[]} {[]}
","Extensions that cannot be ignored even if unrecognized","May be used to represent additional information that is not part of the basic definition of the element and that modifies the understanding of the element in which it is contained and/or the understanding of the containing element's descendants. Usually modifier elements provide negation or qualification. To make the use of extensions safe and manageable, there is a strict set of governance applied to the definition and use of extensions. Though any implementer can define an extension, there is a set of requirements that SHALL be met as part of the definition of the extension. Applications processing a resource are required to check for modifier extensions.

Modifier extensions SHALL NOT change the meaning of any elements on Resource or DomainResource (including cannot change the meaning of modifierExtension itself).","There can be no stigma associated with the use of extensions by any application, project, or standard - regardless of the institution or jurisdiction that uses or defines the extensions.  The use of extensions is what allows the FHIR specification to retain a core level of simplicity for everyone.","Modifier extensions allow for extensions that *cannot* be safely ignored to be clearly distinguished from the vast majority of extensions which can be safely ignored.  This promotes interoperability by eliminating the need for implementers to prohibit the presence of extensions. For further information, see the [definition of modifier extensions](http://hl7.org/fhir/R4/extensibility.html#modifierExtension).","","","","","","","",,,,,"",,,,"BackboneElement.modifierExtension",0,*,"","ele-1:All FHIR elements must have a @value or children {hasValue() or (children().count() > id.count())}
ext-1:Must have either extensions or value[x], not both {extension.exists() != value.exists()}"
"getformquestionpage","getformquestionpage.form.currentPage.questionBlock.blockNumber","getformquestionpage.form.currentPage.questionBlock.blockNumber","","","",1,1,"","","","integer {[]} {[]}
","Blocknummer","Blocknummer","","","","","","","","","",,,,,"",,,,"getformquestionpage.form.currentPage.questionBlock.blockNumber",1,1,"",""
"getformquestionpage","getformquestionpage.form.currentPage.questionBlock.subject","getformquestionpage.form.currentPage.questionBlock.subject","","","",0,1,"","","","string {[]} {[]}
","Blockets rubrik","Blockets rubrik","","","","","","","","","",,,,,"",,,,"getformquestionpage.form.currentPage.questionBlock.subject",0,1,"",""
"getformquestionpage","getformquestionpage.form.currentPage.questionBlock.question","getformquestionpage.form.currentPage.questionBlock.question","","","",1,*,"","","","BackboneElement {[]} {[]}
","Frågor i blocket","Frågor i blocket","","","","","","","","","",,,,,"",,,,"getformquestionpage.form.currentPage.questionBlock.question",1,*,"","ele-1:All FHIR elements must have a @value or children {hasValue() or (children().count() > id.count())}
"
"getformquestionpage","getformquestionpage.form.currentPage.questionBlock.question.id","getformquestionpage.form.currentPage.questionBlock.question.id","","","",0,1,"","","","string {[]} {[]}
","Unique id for inter-element referencing","Unique id for the element within a resource (for internal references). This may be any string value that does not contain spaces.","","","","","","","","","",,,,,"",,,,"Element.id",0,1,"",""
"getformquestionpage","getformquestionpage.form.currentPage.questionBlock.question.extension","getformquestionpage.form.currentPage.questionBlock.question.extension","","extensions
user content","",0,*,"","","","Extension {[]} {[]}
","Additional content defined by implementations","May be used to represent additional information that is not part of the basic definition of the element. To make the use of extensions safe and manageable, there is a strict set of governance  applied to the definition and use of extensions. Though any implementer can define an extension, there is a set of requirements that SHALL be met as part of the definition of the extension.","There can be no stigma associated with the use of extensions by any application, project, or standard - regardless of the institution or jurisdiction that uses or defines the extensions.  The use of extensions is what allows the FHIR specification to retain a core level of simplicity for everyone.","","","","","","","","",,,,,"","value:url}
","Extensions are always sliced by (at least) url",,"open","Element.extension",0,*,"","ele-1:All FHIR elements must have a @value or children {hasValue() or (children().count() > id.count())}
ext-1:Must have either extensions or value[x], not both {extension.exists() != value.exists()}"
"getformquestionpage","getformquestionpage.form.currentPage.questionBlock.question.modifierExtension","getformquestionpage.form.currentPage.questionBlock.question.modifierExtension","","extensions
user contentmodifiers","",0,*,"","Y","Y","Extension {[]} {[]}
","Extensions that cannot be ignored even if unrecognized","May be used to represent additional information that is not part of the basic definition of the element and that modifies the understanding of the element in which it is contained and/or the understanding of the containing element's descendants. Usually modifier elements provide negation or qualification. To make the use of extensions safe and manageable, there is a strict set of governance applied to the definition and use of extensions. Though any implementer can define an extension, there is a set of requirements that SHALL be met as part of the definition of the extension. Applications processing a resource are required to check for modifier extensions.

Modifier extensions SHALL NOT change the meaning of any elements on Resource or DomainResource (including cannot change the meaning of modifierExtension itself).","There can be no stigma associated with the use of extensions by any application, project, or standard - regardless of the institution or jurisdiction that uses or defines the extensions.  The use of extensions is what allows the FHIR specification to retain a core level of simplicity for everyone.","Modifier extensions allow for extensions that *cannot* be safely ignored to be clearly distinguished from the vast majority of extensions which can be safely ignored.  This promotes interoperability by eliminating the need for implementers to prohibit the presence of extensions. For further information, see the [definition of modifier extensions](http://hl7.org/fhir/R4/extensibility.html#modifierExtension).","","","","","","","",,,,,"",,,,"BackboneElement.modifierExtension",0,*,"","ele-1:All FHIR elements must have a @value or children {hasValue() or (children().count() > id.count())}
ext-1:Must have either extensions or value[x], not both {extension.exists() != value.exists()}"
"getformquestionpage","getformquestionpage.form.currentPage.questionBlock.question.questionId","getformquestionpage.form.currentPage.questionBlock.question.questionId","","","",1,1,"","","","string {[]} {[]}
","Frågans unika ID","Frågans unika ID","","","","","","","","","",,,,,"",,,,"getformquestionpage.form.currentPage.questionBlock.question.questionId",1,1,"",""
"getformquestionpage","getformquestionpage.form.currentPage.questionBlock.question.questionText","getformquestionpage.form.currentPage.questionBlock.question.questionText","","","",1,1,"","","","string {[]} {[]}
","Frågetext","Frågetext","","","","","","","","","",,,,,"",,,,"getformquestionpage.form.currentPage.questionBlock.question.questionText",1,1,"",""
"getformquestionpage","getformquestionpage.form.currentPage.questionBlock.question.answer","getformquestionpage.form.currentPage.questionBlock.question.answer","","","",0,1,"","","","BackboneElement {[]} {[]}
","Eventuellt befintligt svar","Eventuellt befintligt svar","","","","","","","","","",,,,,"",,,,"getformquestionpage.form.currentPage.questionBlock.question.answer",0,1,"","ele-1:All FHIR elements must have a @value or children {hasValue() or (children().count() > id.count())}
"
"getformquestionpage","getformquestionpage.form.currentPage.questionBlock.question.answer.id","getformquestionpage.form.currentPage.questionBlock.question.answer.id","","","",0,1,"","","","string {[]} {[]}
","Unique id for inter-element referencing","Unique id for the element within a resource (for internal references). This may be any string value that does not contain spaces.","","","","","","","","","",,,,,"",,,,"Element.id",0,1,"",""
"getformquestionpage","getformquestionpage.form.currentPage.questionBlock.question.answer.extension","getformquestionpage.form.currentPage.questionBlock.question.answer.extension","","extensions
user content","",0,*,"","","","Extension {[]} {[]}
","Additional content defined by implementations","May be used to represent additional information that is not part of the basic definition of the element. To make the use of extensions safe and manageable, there is a strict set of governance  applied to the definition and use of extensions. Though any implementer can define an extension, there is a set of requirements that SHALL be met as part of the definition of the extension.","There can be no stigma associated with the use of extensions by any application, project, or standard - regardless of the institution or jurisdiction that uses or defines the extensions.  The use of extensions is what allows the FHIR specification to retain a core level of simplicity for everyone.","","","","","","","","",,,,,"","value:url}
","Extensions are always sliced by (at least) url",,"open","Element.extension",0,*,"","ele-1:All FHIR elements must have a @value or children {hasValue() or (children().count() > id.count())}
ext-1:Must have either extensions or value[x], not both {extension.exists() != value.exists()}"
"getformquestionpage","getformquestionpage.form.currentPage.questionBlock.question.answer.modifierExtension","getformquestionpage.form.currentPage.questionBlock.question.answer.modifierExtension","","extensions
user contentmodifiers","",0,*,"","Y","Y","Extension {[]} {[]}
","Extensions that cannot be ignored even if unrecognized","May be used to represent additional information that is not part of the basic definition of the element and that modifies the understanding of the element in which it is contained and/or the understanding of the containing element's descendants. Usually modifier elements provide negation or qualification. To make the use of extensions safe and manageable, there is a strict set of governance applied to the definition and use of extensions. Though any implementer can define an extension, there is a set of requirements that SHALL be met as part of the definition of the extension. Applications processing a resource are required to check for modifier extensions.

Modifier extensions SHALL NOT change the meaning of any elements on Resource or DomainResource (including cannot change the meaning of modifierExtension itself).","There can be no stigma associated with the use of extensions by any application, project, or standard - regardless of the institution or jurisdiction that uses or defines the extensions.  The use of extensions is what allows the FHIR specification to retain a core level of simplicity for everyone.","Modifier extensions allow for extensions that *cannot* be safely ignored to be clearly distinguished from the vast majority of extensions which can be safely ignored.  This promotes interoperability by eliminating the need for implementers to prohibit the presence of extensions. For further information, see the [definition of modifier extensions](http://hl7.org/fhir/R4/extensibility.html#modifierExtension).","","","","","","","",,,,,"",,,,"BackboneElement.modifierExtension",0,*,"","ele-1:All FHIR elements must have a @value or children {hasValue() or (children().count() > id.count())}
ext-1:Must have either extensions or value[x], not both {extension.exists() != value.exists()}"
"getformquestionpage","getformquestionpage.form.currentPage.questionBlock.question.answer.answerText","getformquestionpage.form.currentPage.questionBlock.question.answer.answerText","","","",0,1,"","","","string {[]} {[]}
","Svarstext","Svarstext","","","","","","","","","",,,,,"",,,,"getformquestionpage.form.currentPage.questionBlock.question.answer.answerText",0,1,"",""
"getforms-request","getforms-request","getforms-request","","","",0,*,"","","","null {[]} {[]}
","GetForms — Request","Logisk modell för requestparametrar i GetForms
(RIV-TA urn:riv:infrastructure:supportservices:forminteraction:GetForms:2).
Hämtar alla pågående eller avslutade formulär för en invånare.","","","","","","","","","",,,,,"",,,,"Base",0,*,"",""
"getforms-request","getforms-request.healthcareFacilityCareUnit","getforms-request.healthcareFacilityCareUnit","","","",1,1,"","","","string {[]} {[]}
","HSA-id för vårdenhet","HSA-id för vårdenhet","","","","","","","","","",,,,,"",,,,"getforms-request.healthcareFacilityCareUnit",1,1,"",""
"getforms-request","getforms-request.subjectOfCare","getforms-request.subjectOfCare","","","",0,1,"","","","string {[]} {[]}
","Invånarens personnummer (yyyymmddnnnn)","Invånarens personnummer (yyyymmddnnnn)","","","","","","","","","",,,,,"",,,,"getforms-request.subjectOfCare",0,1,"",""
"getforms-request","getforms-request.formStatus","getforms-request.formStatus","","","",0,*,"","","","CodeableConcept {[]} {[]}
","Filterering på formulärstatus","Filterering på formulärstatus","","","","","","","","","",,"required","","https://fhir.inera.se/ig/infrastructure-supportservices-forminteraction/ValueSet/formstatus-vs","",,,,"getforms-request.formStatus",0,*,"",""
"getforms-request","getforms-request.clinicalProcessInterestId","getforms-request.clinicalProcessInterestId","","","",0,1,"","","","string {[]} {[]}
","Hälsoärende-id","Hälsoärende-id","","","","","","","","","",,,,,"",,,,"getforms-request.clinicalProcessInterestId",0,1,"",""
"getforms","getforms","getforms","","","",0,*,"","","","null {[]} {[]}
","GetForms","Logisk modell för svar (response) i tjänstekontraktet GetForms
(RIV-TA urn:riv:infrastructure:supportservices:forminteraction:GetForms:2).
Returnerar lista med formulär (summering, ej komplett formulär med frågor).","","","","","","","","","",,,,,"",,,,"Base",0,*,"",""
"getforms","getforms.form","getforms.form","","","",0,*,"","","","BackboneElement {[]} {[]}
","Lista med formulär (FormType — summering)","Lista med formulär för invånaren. Tom lista = inga formulär hittades för angivna parametrar.","","","","","","","","","",,,,,"",,,,"getforms.form",0,*,"","ele-1:All FHIR elements must have a @value or children {hasValue() or (children().count() > id.count())}
"
"getforms","getforms.form.id","getforms.form.id","","","",0,1,"","","","string {[]} {[]}
","Unique id for inter-element referencing","Unique id for the element within a resource (for internal references). This may be any string value that does not contain spaces.","","","","","","","","","",,,,,"",,,,"Element.id",0,1,"",""
"getforms","getforms.form.extension","getforms.form.extension","","extensions
user content","",0,*,"","","","Extension {[]} {[]}
","Additional content defined by implementations","May be used to represent additional information that is not part of the basic definition of the element. To make the use of extensions safe and manageable, there is a strict set of governance  applied to the definition and use of extensions. Though any implementer can define an extension, there is a set of requirements that SHALL be met as part of the definition of the extension.","There can be no stigma associated with the use of extensions by any application, project, or standard - regardless of the institution or jurisdiction that uses or defines the extensions.  The use of extensions is what allows the FHIR specification to retain a core level of simplicity for everyone.","","","","","","","","",,,,,"","value:url}
","Extensions are always sliced by (at least) url",,"open","Element.extension",0,*,"","ele-1:All FHIR elements must have a @value or children {hasValue() or (children().count() > id.count())}
ext-1:Must have either extensions or value[x], not both {extension.exists() != value.exists()}"
"getforms","getforms.form.modifierExtension","getforms.form.modifierExtension","","extensions
user contentmodifiers","",0,*,"","Y","Y","Extension {[]} {[]}
","Extensions that cannot be ignored even if unrecognized","May be used to represent additional information that is not part of the basic definition of the element and that modifies the understanding of the element in which it is contained and/or the understanding of the containing element's descendants. Usually modifier elements provide negation or qualification. To make the use of extensions safe and manageable, there is a strict set of governance applied to the definition and use of extensions. Though any implementer can define an extension, there is a set of requirements that SHALL be met as part of the definition of the extension. Applications processing a resource are required to check for modifier extensions.

Modifier extensions SHALL NOT change the meaning of any elements on Resource or DomainResource (including cannot change the meaning of modifierExtension itself).","There can be no stigma associated with the use of extensions by any application, project, or standard - regardless of the institution or jurisdiction that uses or defines the extensions.  The use of extensions is what allows the FHIR specification to retain a core level of simplicity for everyone.","Modifier extensions allow for extensions that *cannot* be safely ignored to be clearly distinguished from the vast majority of extensions which can be safely ignored.  This promotes interoperability by eliminating the need for implementers to prohibit the presence of extensions. For further information, see the [definition of modifier extensions](http://hl7.org/fhir/R4/extensibility.html#modifierExtension).","","","","","","","",,,,,"",,,,"BackboneElement.modifierExtension",0,*,"","ele-1:All FHIR elements must have a @value or children {hasValue() or (children().count() > id.count())}
ext-1:Must have either extensions or value[x], not both {extension.exists() != value.exists()}"
"getforms","getforms.form.formId","getforms.form.formId","","","",1,1,"","","","string {[]} {[]}
","Formulärets unika ID (GUID)","Formulärets unika ID (GUID)","","","","","","","","","",,,,,"",,,,"getforms.form.formId",1,1,"",""
"getforms","getforms.form.subjectOfCare","getforms.form.subjectOfCare","","","",1,1,"","","","string {[]} {[]}
","Patientens personnummer","Patientens personnummer","","","","","","","","","",,,,,"",,,,"getforms.form.subjectOfCare",1,1,"",""
"getforms","getforms.form.healthcareFacilityCareUnit","getforms.form.healthcareFacilityCareUnit","","","",1,1,"","","","string {[]} {[]}
","HSA-id för vårdenhet","HSA-id för vårdenhet","","","","","","","","","",,,,,"",,,,"getforms.form.healthcareFacilityCareUnit",1,1,"",""
"getforms","getforms.form.healthcareFacilityCareUnitName","getforms.form.healthcareFacilityCareUnitName","","","",1,1,"","","","string {[]} {[]}
","Vårdenhetens namn","Vårdenhetens namn","","","","","","","","","",,,,,"",,,,"getforms.form.healthcareFacilityCareUnitName",1,1,"",""
"getforms","getforms.form.formStatus","getforms.form.formStatus","","","",1,1,"","","","CodeableConcept {[]} {[]}
","Formulärets status","Formulärets status","","","","","","","","","",,"required","","https://fhir.inera.se/ig/infrastructure-supportservices-forminteraction/ValueSet/formstatus-vs","",,,,"getforms.form.formStatus",1,1,"",""
"getforms","getforms.form.createdDateTime","getforms.form.createdDateTime","","","",1,1,"","","","string {[]} {[]}
","Datum när formuläret skapades","Datum när formuläret skapades","","","","","","","","","",,,,,"",,,,"getforms.form.createdDateTime",1,1,"",""
"getforms","getforms.form.lastSavedDate","getforms.form.lastSavedDate","","","",0,1,"","","","string {[]} {[]}
","Datum för senaste temporärsparning","Datum för senaste temporärsparning","","","","","","","","","",,,,,"",,,,"getforms.form.lastSavedDate",0,1,"",""
"getforms","getforms.form.expireDate","getforms.form.expireDate","","","",0,1,"","","","string {[]} {[]}
","Formulärets giltighetstid","Formulärets giltighetstid","","","","","","","","","",,,,,"",,,,"getforms.form.expireDate",0,1,"",""
"getforms","getforms.form.formText","getforms.form.formText","","","",0,1,"","","","string {[]} {[]}
","Unik text för formuläret","Unik text för formuläret","","","","","","","","","",,,,,"",,,,"getforms.form.formText",0,1,"",""
"getforms","getforms.form.formTemplate","getforms.form.formTemplate","","","",1,1,"","","","BackboneElement {[]} {[]}
","Formulärmall kopplad till formuläret","Formulärmall kopplad till formuläret","","","","","","","","","",,,,,"",,,,"getforms.form.formTemplate",1,1,"","ele-1:All FHIR elements must have a @value or children {hasValue() or (children().count() > id.count())}
"
"getforms","getforms.form.formTemplate.id","getforms.form.formTemplate.id","","","",0,1,"","","","string {[]} {[]}
","Unique id for inter-element referencing","Unique id for the element within a resource (for internal references). This may be any string value that does not contain spaces.","","","","","","","","","",,,,,"",,,,"Element.id",0,1,"",""
"getforms","getforms.form.formTemplate.extension","getforms.form.formTemplate.extension","","extensions
user content","",0,*,"","","","Extension {[]} {[]}
","Additional content defined by implementations","May be used to represent additional information that is not part of the basic definition of the element. To make the use of extensions safe and manageable, there is a strict set of governance  applied to the definition and use of extensions. Though any implementer can define an extension, there is a set of requirements that SHALL be met as part of the definition of the extension.","There can be no stigma associated with the use of extensions by any application, project, or standard - regardless of the institution or jurisdiction that uses or defines the extensions.  The use of extensions is what allows the FHIR specification to retain a core level of simplicity for everyone.","","","","","","","","",,,,,"","value:url}
","Extensions are always sliced by (at least) url",,"open","Element.extension",0,*,"","ele-1:All FHIR elements must have a @value or children {hasValue() or (children().count() > id.count())}
ext-1:Must have either extensions or value[x], not both {extension.exists() != value.exists()}"
"getforms","getforms.form.formTemplate.modifierExtension","getforms.form.formTemplate.modifierExtension","","extensions
user contentmodifiers","",0,*,"","Y","Y","Extension {[]} {[]}
","Extensions that cannot be ignored even if unrecognized","May be used to represent additional information that is not part of the basic definition of the element and that modifies the understanding of the element in which it is contained and/or the understanding of the containing element's descendants. Usually modifier elements provide negation or qualification. To make the use of extensions safe and manageable, there is a strict set of governance applied to the definition and use of extensions. Though any implementer can define an extension, there is a set of requirements that SHALL be met as part of the definition of the extension. Applications processing a resource are required to check for modifier extensions.

Modifier extensions SHALL NOT change the meaning of any elements on Resource or DomainResource (including cannot change the meaning of modifierExtension itself).","There can be no stigma associated with the use of extensions by any application, project, or standard - regardless of the institution or jurisdiction that uses or defines the extensions.  The use of extensions is what allows the FHIR specification to retain a core level of simplicity for everyone.","Modifier extensions allow for extensions that *cannot* be safely ignored to be clearly distinguished from the vast majority of extensions which can be safely ignored.  This promotes interoperability by eliminating the need for implementers to prohibit the presence of extensions. For further information, see the [definition of modifier extensions](http://hl7.org/fhir/R4/extensibility.html#modifierExtension).","","","","","","","",,,,,"",,,,"BackboneElement.modifierExtension",0,*,"","ele-1:All FHIR elements must have a @value or children {hasValue() or (children().count() > id.count())}
ext-1:Must have either extensions or value[x], not both {extension.exists() != value.exists()}"
"getforms","getforms.form.formTemplate.templateId","getforms.form.formTemplate.templateId","","","",1,1,"","","","string {[]} {[]}
","Mallens typ-id","Mallens typ-id","","","","","","","","","",,,,,"",,,,"getforms.form.formTemplate.templateId",1,1,"",""
"getforms","getforms.form.formTemplate.templateVersion","getforms.form.formTemplate.templateVersion","","","",1,1,"","","","string {[]} {[]}
","Mallens version","Mallens version","","","","","","","","","",,,,,"",,,,"getforms.form.formTemplate.templateVersion",1,1,"",""
"getforms","getforms.form.formTemplate.formName","getforms.form.formTemplate.formName","","","",1,1,"","","","string {[]} {[]}
","Mallens namn","Mallens namn","","","","","","","","","",,,,,"",,,,"getforms.form.formTemplate.formName",1,1,"",""
"getformtemplate-request","getformtemplate-request","getformtemplate-request","","","",0,*,"","","","null {[]} {[]}
","GetFormTemplate — Request","Logisk modell för requestparametrar i GetFormTemplate
(RIV-TA urn:riv:infrastructure:supportservices:forminteraction:GetFormTemplate:2).
Hämtar en specifik formulärmall inkl. alla sidor och frågor.","","","","","","","","","",,,,,"",,,,"Base",0,*,"",""
"getformtemplate-request","getformtemplate-request.healthcareFacilityCareUnit","getformtemplate-request.healthcareFacilityCareUnit","","","",1,1,"","","","string {[]} {[]}
","HSA-id för vårdenhet","HSA-id för vårdenhet","","","","","","","","","",,,,,"",,,,"getformtemplate-request.healthcareFacilityCareUnit",1,1,"",""
"getformtemplate-request","getformtemplate-request.templateId","getformtemplate-request.templateId","","","",1,1,"","","","string {[]} {[]}
","Typ av formulärmall (KV Malltyp)","Typ av formulärmall (KV Malltyp)","","","","","","","","","",,,,,"",,,,"getformtemplate-request.templateId",1,1,"",""
"getformtemplate-request","getformtemplate-request.templateVersion","getformtemplate-request.templateVersion","","","",0,1,"","","","string {[]} {[]}
","Önskad version","Önskad version","","","","","","","","","",,,,,"",,,,"getformtemplate-request.templateVersion",0,1,"",""
"getformtemplate","getformtemplate","getformtemplate","","","",0,*,"","","","null {[]} {[]}
","GetFormTemplate","Logisk modell för svar (response) i tjänstekontraktet GetFormTemplate
(RIV-TA urn:riv:infrastructure:supportservices:forminteraction:GetFormTemplate:2).
Returnerar komplett formulärmall inkl. alla sidor, frågegrupperingar och frågor.","","","","","","","","","",,,,,"",,,,"Base",0,*,"",""
"getformtemplate","getformtemplate.formTemplate","getformtemplate.formTemplate","","","",0,1,"","","","BackboneElement {[]} {[]}
","Formulärmall (FormTemplate — komplett med sidor)","Komplett formulärmall. Saknas mallen returneras tomt svar.","","","","","","","","","",,,,,"",,,,"getformtemplate.formTemplate",0,1,"","ele-1:All FHIR elements must have a @value or children {hasValue() or (children().count() > id.count())}
"
"getformtemplate","getformtemplate.formTemplate.id","getformtemplate.formTemplate.id","","","",0,1,"","","","string {[]} {[]}
","Unique id for inter-element referencing","Unique id for the element within a resource (for internal references). This may be any string value that does not contain spaces.","","","","","","","","","",,,,,"",,,,"Element.id",0,1,"",""
"getformtemplate","getformtemplate.formTemplate.extension","getformtemplate.formTemplate.extension","","extensions
user content","",0,*,"","","","Extension {[]} {[]}
","Additional content defined by implementations","May be used to represent additional information that is not part of the basic definition of the element. To make the use of extensions safe and manageable, there is a strict set of governance  applied to the definition and use of extensions. Though any implementer can define an extension, there is a set of requirements that SHALL be met as part of the definition of the extension.","There can be no stigma associated with the use of extensions by any application, project, or standard - regardless of the institution or jurisdiction that uses or defines the extensions.  The use of extensions is what allows the FHIR specification to retain a core level of simplicity for everyone.","","","","","","","","",,,,,"","value:url}
","Extensions are always sliced by (at least) url",,"open","Element.extension",0,*,"","ele-1:All FHIR elements must have a @value or children {hasValue() or (children().count() > id.count())}
ext-1:Must have either extensions or value[x], not both {extension.exists() != value.exists()}"
"getformtemplate","getformtemplate.formTemplate.modifierExtension","getformtemplate.formTemplate.modifierExtension","","extensions
user contentmodifiers","",0,*,"","Y","Y","Extension {[]} {[]}
","Extensions that cannot be ignored even if unrecognized","May be used to represent additional information that is not part of the basic definition of the element and that modifies the understanding of the element in which it is contained and/or the understanding of the containing element's descendants. Usually modifier elements provide negation or qualification. To make the use of extensions safe and manageable, there is a strict set of governance applied to the definition and use of extensions. Though any implementer can define an extension, there is a set of requirements that SHALL be met as part of the definition of the extension. Applications processing a resource are required to check for modifier extensions.

Modifier extensions SHALL NOT change the meaning of any elements on Resource or DomainResource (including cannot change the meaning of modifierExtension itself).","There can be no stigma associated with the use of extensions by any application, project, or standard - regardless of the institution or jurisdiction that uses or defines the extensions.  The use of extensions is what allows the FHIR specification to retain a core level of simplicity for everyone.","Modifier extensions allow for extensions that *cannot* be safely ignored to be clearly distinguished from the vast majority of extensions which can be safely ignored.  This promotes interoperability by eliminating the need for implementers to prohibit the presence of extensions. For further information, see the [definition of modifier extensions](http://hl7.org/fhir/R4/extensibility.html#modifierExtension).","","","","","","","",,,,,"",,,,"BackboneElement.modifierExtension",0,*,"","ele-1:All FHIR elements must have a @value or children {hasValue() or (children().count() > id.count())}
ext-1:Must have either extensions or value[x], not both {extension.exists() != value.exists()}"
"getformtemplate","getformtemplate.formTemplate.templateId","getformtemplate.formTemplate.templateId","","","",1,1,"","","","string {[]} {[]}
","Mallens typ-id","Mallens typ-id","","","","","","","","","",,,,,"",,,,"getformtemplate.formTemplate.templateId",1,1,"",""
"getformtemplate","getformtemplate.formTemplate.templateVersion","getformtemplate.formTemplate.templateVersion","","","",1,1,"","","","string {[]} {[]}
","Mallens version","Mallens version","","","","","","","","","",,,,,"",,,,"getformtemplate.formTemplate.templateVersion",1,1,"",""
"getformtemplate","getformtemplate.formTemplate.formName","getformtemplate.formTemplate.formName","","","",1,1,"","","","string {[]} {[]}
","Mallens namn","Mallens namn","","","","","","","","","",,,,,"",,,,"getformtemplate.formTemplate.formName",1,1,"",""
"getformtemplate","getformtemplate.formTemplate.formTitle","getformtemplate.formTemplate.formTitle","","","",0,1,"","","","string {[]} {[]}
","Mallens rubrik","Mallens rubrik","","","","","","","","","",,,,,"",,,,"getformtemplate.formTemplate.formTitle",0,1,"",""
"getformtemplate","getformtemplate.formTemplate.description","getformtemplate.formTemplate.description","","","",0,1,"","","","string {[]} {[]}
","Formulärets beskrivning och instruktioner","Formulärets beskrivning och instruktioner","","","","","","","","","",,,,,"",,,,"getformtemplate.formTemplate.description",0,1,"",""
"getformtemplate","getformtemplate.formTemplate.descriptionInternal","getformtemplate.formTemplate.descriptionInternal","","","",0,1,"","","","string {[]} {[]}
","Beskrivning avsedd för personal","Beskrivning avsedd för personal","","","","","","","","","",,,,,"",,,,"getformtemplate.formTemplate.descriptionInternal",0,1,"",""
"getformtemplate","getformtemplate.formTemplate.category","getformtemplate.formTemplate.category","","","",1,1,"","","","CodeableConcept {[]} {[]}
","Formulärets kategori","Formulärets kategori","","","","","","","","","",,"required","","https://fhir.inera.se/ig/infrastructure-supportservices-forminteraction/ValueSet/formcategory-vs","",,,,"getformtemplate.formTemplate.category",1,1,"",""
"getformtemplate","getformtemplate.formTemplate.publishStatus","getformtemplate.formTemplate.publishStatus","","","",1,1,"","","","CodeableConcept {[]} {[]}
","Publiceringsstatus","Publiceringsstatus","","","","","","","","","",,"required","","https://fhir.inera.se/ig/infrastructure-supportservices-forminteraction/ValueSet/publishstatus-vs","",,,,"getformtemplate.formTemplate.publishStatus",1,1,"",""
"getformtemplate","getformtemplate.formTemplate.mandatory","getformtemplate.formTemplate.mandatory","","","",1,1,"","","","boolean {[]} {[]}
","Om formuläret är obligatoriskt","Om formuläret är obligatoriskt","","","","","","","","","",,,,,"",,,,"getformtemplate.formTemplate.mandatory",1,1,"",""
"getformtemplate","getformtemplate.formTemplate.formLanguage","getformtemplate.formTemplate.formLanguage","","","",1,1,"","","","string {[]} {[]}
","Språkkod (SS-ISO 639-1:2005)","Språkkod (SS-ISO 639-1:2005)","","","","","","","","","",,,,,"",,,,"getformtemplate.formTemplate.formLanguage",1,1,"",""
"getformtemplate","getformtemplate.formTemplate.anonymousForm","getformtemplate.formTemplate.anonymousForm","","","",0,1,"","","","boolean {[]} {[]}
","Om formuläret tillåter anonym användning","Om formuläret tillåter anonym användning","","","","","","","","","",,,,,"",,,,"getformtemplate.formTemplate.anonymousForm",0,1,"",""
"getformtemplate","getformtemplate.formTemplate.term","getformtemplate.formTemplate.term","","","",1,1,"","","","string {[]} {[]}
","Villkorstext","Villkorstext","","","","","","","","","",,,,,"",,,,"getformtemplate.formTemplate.term",1,1,"",""
"getformtemplate","getformtemplate.formTemplate.informationURL","getformtemplate.formTemplate.informationURL","","","",0,1,"","","","url {[]} {[]}
","URL till ytterligare information","URL till ytterligare information","","","","","","","","","",,,,,"",,,,"getformtemplate.formTemplate.informationURL",0,1,"",""
"getformtemplate","getformtemplate.formTemplate.healthcareFacilityUnit","getformtemplate.formTemplate.healthcareFacilityUnit","","","",1,1,"","","","string {[]} {[]}
","HSA-id för mallens ägare","HSA-id för mallens ägare","","","","","","","","","",,,,,"",,,,"getformtemplate.formTemplate.healthcareFacilityUnit",1,1,"",""
"getformtemplate","getformtemplate.formTemplate.maxNumberOfPages","getformtemplate.formTemplate.maxNumberOfPages","","","",1,1,"","","","integer {[]} {[]}
","Maximalt antal sidor","Maximalt antal sidor","","","","","","","","","",,,,,"",,,,"getformtemplate.formTemplate.maxNumberOfPages",1,1,"",""
"getformtemplate","getformtemplate.formTemplate.minNumberOfPages","getformtemplate.formTemplate.minNumberOfPages","","","",1,1,"","","","integer {[]} {[]}
","Minimalt antal sidor","Minimalt antal sidor","","","","","","","","","",,,,,"",,,,"getformtemplate.formTemplate.minNumberOfPages",1,1,"",""
"getformtemplate","getformtemplate.formTemplate.maxNumberOfQuestion","getformtemplate.formTemplate.maxNumberOfQuestion","","","",1,1,"","","","integer {[]} {[]}
","Maximalt antal frågor","Maximalt antal frågor","","","","","","","","","",,,,,"",,,,"getformtemplate.formTemplate.maxNumberOfQuestion",1,1,"",""
"getformtemplate","getformtemplate.formTemplate.minNumberOfQuestion","getformtemplate.formTemplate.minNumberOfQuestion","","","",1,1,"","","","integer {[]} {[]}
","Minimalt antal frågor","Minimalt antal frågor","","","","","","","","","",,,,,"",,,,"getformtemplate.formTemplate.minNumberOfQuestion",1,1,"",""
"getformtemplate","getformtemplate.formTemplate.templatePropagate","getformtemplate.formTemplate.templatePropagate","","","",0,*,"","","","BackboneElement {[]} {[]}
","Malldelning (om mallen delas)","Malldelning (om mallen delas)","","","","","","","","","",,,,,"",,,,"getformtemplate.formTemplate.templatePropagate",0,*,"","ele-1:All FHIR elements must have a @value or children {hasValue() or (children().count() > id.count())}
"
"getformtemplate","getformtemplate.formTemplate.templatePropagate.id","getformtemplate.formTemplate.templatePropagate.id","","","",0,1,"","","","string {[]} {[]}
","Unique id for inter-element referencing","Unique id for the element within a resource (for internal references). This may be any string value that does not contain spaces.","","","","","","","","","",,,,,"",,,,"Element.id",0,1,"",""
"getformtemplate","getformtemplate.formTemplate.templatePropagate.extension","getformtemplate.formTemplate.templatePropagate.extension","","extensions
user content","",0,*,"","","","Extension {[]} {[]}
","Additional content defined by implementations","May be used to represent additional information that is not part of the basic definition of the element. To make the use of extensions safe and manageable, there is a strict set of governance  applied to the definition and use of extensions. Though any implementer can define an extension, there is a set of requirements that SHALL be met as part of the definition of the extension.","There can be no stigma associated with the use of extensions by any application, project, or standard - regardless of the institution or jurisdiction that uses or defines the extensions.  The use of extensions is what allows the FHIR specification to retain a core level of simplicity for everyone.","","","","","","","","",,,,,"","value:url}
","Extensions are always sliced by (at least) url",,"open","Element.extension",0,*,"","ele-1:All FHIR elements must have a @value or children {hasValue() or (children().count() > id.count())}
ext-1:Must have either extensions or value[x], not both {extension.exists() != value.exists()}"
"getformtemplate","getformtemplate.formTemplate.templatePropagate.modifierExtension","getformtemplate.formTemplate.templatePropagate.modifierExtension","","extensions
user contentmodifiers","",0,*,"","Y","Y","Extension {[]} {[]}
","Extensions that cannot be ignored even if unrecognized","May be used to represent additional information that is not part of the basic definition of the element and that modifies the understanding of the element in which it is contained and/or the understanding of the containing element's descendants. Usually modifier elements provide negation or qualification. To make the use of extensions safe and manageable, there is a strict set of governance applied to the definition and use of extensions. Though any implementer can define an extension, there is a set of requirements that SHALL be met as part of the definition of the extension. Applications processing a resource are required to check for modifier extensions.

Modifier extensions SHALL NOT change the meaning of any elements on Resource or DomainResource (including cannot change the meaning of modifierExtension itself).","There can be no stigma associated with the use of extensions by any application, project, or standard - regardless of the institution or jurisdiction that uses or defines the extensions.  The use of extensions is what allows the FHIR specification to retain a core level of simplicity for everyone.","Modifier extensions allow for extensions that *cannot* be safely ignored to be clearly distinguished from the vast majority of extensions which can be safely ignored.  This promotes interoperability by eliminating the need for implementers to prohibit the presence of extensions. For further information, see the [definition of modifier extensions](http://hl7.org/fhir/R4/extensibility.html#modifierExtension).","","","","","","","",,,,,"",,,,"BackboneElement.modifierExtension",0,*,"","ele-1:All FHIR elements must have a @value or children {hasValue() or (children().count() > id.count())}
ext-1:Must have either extensions or value[x], not both {extension.exists() != value.exists()}"
"getformtemplate","getformtemplate.formTemplate.templatePropagate.targetCareUnit","getformtemplate.formTemplate.templatePropagate.targetCareUnit","","","",1,1,"","","","string {[]} {[]}
","HSA-id för enhet som mallen delas med","HSA-id för enhet som mallen delas med","","","","","","","","","",,,,,"",,,,"getformtemplate.formTemplate.templatePropagate.targetCareUnit",1,1,"",""
"getformtemplate","getformtemplate.formTemplate.pages","getformtemplate.formTemplate.pages","","","",0,*,"","","","BackboneElement {[]} {[]}
","Sidor i mallen (TemplatePage)","Sidor i mallen (TemplatePage)","","","","","","","","","",,,,,"",,,,"getformtemplate.formTemplate.pages",0,*,"","ele-1:All FHIR elements must have a @value or children {hasValue() or (children().count() > id.count())}
"
"getformtemplate","getformtemplate.formTemplate.pages.id","getformtemplate.formTemplate.pages.id","","","",0,1,"","","","string {[]} {[]}
","Unique id for inter-element referencing","Unique id for the element within a resource (for internal references). This may be any string value that does not contain spaces.","","","","","","","","","",,,,,"",,,,"Element.id",0,1,"",""
"getformtemplate","getformtemplate.formTemplate.pages.extension","getformtemplate.formTemplate.pages.extension","","extensions
user content","",0,*,"","","","Extension {[]} {[]}
","Additional content defined by implementations","May be used to represent additional information that is not part of the basic definition of the element. To make the use of extensions safe and manageable, there is a strict set of governance  applied to the definition and use of extensions. Though any implementer can define an extension, there is a set of requirements that SHALL be met as part of the definition of the extension.","There can be no stigma associated with the use of extensions by any application, project, or standard - regardless of the institution or jurisdiction that uses or defines the extensions.  The use of extensions is what allows the FHIR specification to retain a core level of simplicity for everyone.","","","","","","","","",,,,,"","value:url}
","Extensions are always sliced by (at least) url",,"open","Element.extension",0,*,"","ele-1:All FHIR elements must have a @value or children {hasValue() or (children().count() > id.count())}
ext-1:Must have either extensions or value[x], not both {extension.exists() != value.exists()}"
"getformtemplate","getformtemplate.formTemplate.pages.modifierExtension","getformtemplate.formTemplate.pages.modifierExtension","","extensions
user contentmodifiers","",0,*,"","Y","Y","Extension {[]} {[]}
","Extensions that cannot be ignored even if unrecognized","May be used to represent additional information that is not part of the basic definition of the element and that modifies the understanding of the element in which it is contained and/or the understanding of the containing element's descendants. Usually modifier elements provide negation or qualification. To make the use of extensions safe and manageable, there is a strict set of governance applied to the definition and use of extensions. Though any implementer can define an extension, there is a set of requirements that SHALL be met as part of the definition of the extension. Applications processing a resource are required to check for modifier extensions.

Modifier extensions SHALL NOT change the meaning of any elements on Resource or DomainResource (including cannot change the meaning of modifierExtension itself).","There can be no stigma associated with the use of extensions by any application, project, or standard - regardless of the institution or jurisdiction that uses or defines the extensions.  The use of extensions is what allows the FHIR specification to retain a core level of simplicity for everyone.","Modifier extensions allow for extensions that *cannot* be safely ignored to be clearly distinguished from the vast majority of extensions which can be safely ignored.  This promotes interoperability by eliminating the need for implementers to prohibit the presence of extensions. For further information, see the [definition of modifier extensions](http://hl7.org/fhir/R4/extensibility.html#modifierExtension).","","","","","","","",,,,,"",,,,"BackboneElement.modifierExtension",0,*,"","ele-1:All FHIR elements must have a @value or children {hasValue() or (children().count() > id.count())}
ext-1:Must have either extensions or value[x], not both {extension.exists() != value.exists()}"
"getformtemplate","getformtemplate.formTemplate.pages.pageNumber","getformtemplate.formTemplate.pages.pageNumber","","","",1,1,"","","","integer {[]} {[]}
","Sidans nummer","Sidans nummer","","","","","","","","","",,,,,"",,,,"getformtemplate.formTemplate.pages.pageNumber",1,1,"",""
"getformtemplate","getformtemplate.formTemplate.pages.subject","getformtemplate.formTemplate.pages.subject","","","",0,1,"","","","string {[]} {[]}
","Sidans rubrik","Sidans rubrik","","","","","","","","","",,,,,"",,,,"getformtemplate.formTemplate.pages.subject",0,1,"",""
"getformtemplate","getformtemplate.formTemplate.pages.description","getformtemplate.formTemplate.pages.description","","","",0,1,"","","","string {[]} {[]}
","Sidans beskrivning","Sidans beskrivning","","","","","","","","","",,,,,"",,,,"getformtemplate.formTemplate.pages.description",0,1,"",""
"getformtemplate","getformtemplate.formTemplate.pages.templateQuestionBlock","getformtemplate.formTemplate.pages.templateQuestionBlock","","","",1,*,"","","","BackboneElement {[]} {[]}
","Frågegrupperingsmallar (TemplateQuestionBlock)","Frågegrupperingsmallar (TemplateQuestionBlock)","","","","","","","","","",,,,,"",,,,"getformtemplate.formTemplate.pages.templateQuestionBlock",1,*,"","ele-1:All FHIR elements must have a @value or children {hasValue() or (children().count() > id.count())}
"
"getformtemplate","getformtemplate.formTemplate.pages.templateQuestionBlock.id","getformtemplate.formTemplate.pages.templateQuestionBlock.id","","","",0,1,"","","","string {[]} {[]}
","Unique id for inter-element referencing","Unique id for the element within a resource (for internal references). This may be any string value that does not contain spaces.","","","","","","","","","",,,,,"",,,,"Element.id",0,1,"",""
"getformtemplate","getformtemplate.formTemplate.pages.templateQuestionBlock.extension","getformtemplate.formTemplate.pages.templateQuestionBlock.extension","","extensions
user content","",0,*,"","","","Extension {[]} {[]}
","Additional content defined by implementations","May be used to represent additional information that is not part of the basic definition of the element. To make the use of extensions safe and manageable, there is a strict set of governance  applied to the definition and use of extensions. Though any implementer can define an extension, there is a set of requirements that SHALL be met as part of the definition of the extension.","There can be no stigma associated with the use of extensions by any application, project, or standard - regardless of the institution or jurisdiction that uses or defines the extensions.  The use of extensions is what allows the FHIR specification to retain a core level of simplicity for everyone.","","","","","","","","",,,,,"","value:url}
","Extensions are always sliced by (at least) url",,"open","Element.extension",0,*,"","ele-1:All FHIR elements must have a @value or children {hasValue() or (children().count() > id.count())}
ext-1:Must have either extensions or value[x], not both {extension.exists() != value.exists()}"
"getformtemplate","getformtemplate.formTemplate.pages.templateQuestionBlock.modifierExtension","getformtemplate.formTemplate.pages.templateQuestionBlock.modifierExtension","","extensions
user contentmodifiers","",0,*,"","Y","Y","Extension {[]} {[]}
","Extensions that cannot be ignored even if unrecognized","May be used to represent additional information that is not part of the basic definition of the element and that modifies the understanding of the element in which it is contained and/or the understanding of the containing element's descendants. Usually modifier elements provide negation or qualification. To make the use of extensions safe and manageable, there is a strict set of governance applied to the definition and use of extensions. Though any implementer can define an extension, there is a set of requirements that SHALL be met as part of the definition of the extension. Applications processing a resource are required to check for modifier extensions.

Modifier extensions SHALL NOT change the meaning of any elements on Resource or DomainResource (including cannot change the meaning of modifierExtension itself).","There can be no stigma associated with the use of extensions by any application, project, or standard - regardless of the institution or jurisdiction that uses or defines the extensions.  The use of extensions is what allows the FHIR specification to retain a core level of simplicity for everyone.","Modifier extensions allow for extensions that *cannot* be safely ignored to be clearly distinguished from the vast majority of extensions which can be safely ignored.  This promotes interoperability by eliminating the need for implementers to prohibit the presence of extensions. For further information, see the [definition of modifier extensions](http://hl7.org/fhir/R4/extensibility.html#modifierExtension).","","","","","","","",,,,,"",,,,"BackboneElement.modifierExtension",0,*,"","ele-1:All FHIR elements must have a @value or children {hasValue() or (children().count() > id.count())}
ext-1:Must have either extensions or value[x], not both {extension.exists() != value.exists()}"
"getformtemplate","getformtemplate.formTemplate.pages.templateQuestionBlock.blockNumber","getformtemplate.formTemplate.pages.templateQuestionBlock.blockNumber","","","",1,1,"","","","integer {[]} {[]}
","Blocknummer","Blocknummer","","","","","","","","","",,,,,"",,,,"getformtemplate.formTemplate.pages.templateQuestionBlock.blockNumber",1,1,"",""
"getformtemplate","getformtemplate.formTemplate.pages.templateQuestionBlock.subject","getformtemplate.formTemplate.pages.templateQuestionBlock.subject","","","",0,1,"","","","string {[]} {[]}
","Blockets rubrik","Blockets rubrik","","","","","","","","","",,,,,"",,,,"getformtemplate.formTemplate.pages.templateQuestionBlock.subject",0,1,"",""
"getformtemplate","getformtemplate.formTemplate.pages.templateQuestionBlock.description","getformtemplate.formTemplate.pages.templateQuestionBlock.description","","","",0,1,"","","","string {[]} {[]}
","Blockets beskrivning","Blockets beskrivning","","","","","","","","","",,,,,"",,,,"getformtemplate.formTemplate.pages.templateQuestionBlock.description",0,1,"",""
"getformtemplate","getformtemplate.formTemplate.pages.templateQuestionBlock.numberOfQuestions","getformtemplate.formTemplate.pages.templateQuestionBlock.numberOfQuestions","","","",1,1,"","","","integer {[]} {[]}
","Antal frågor","Antal frågor","","","","","","","","","",,,,,"",,,,"getformtemplate.formTemplate.pages.templateQuestionBlock.numberOfQuestions",1,1,"",""
"getformtemplate","getformtemplate.formTemplate.pages.templateQuestionBlock.templateQuestion","getformtemplate.formTemplate.pages.templateQuestionBlock.templateQuestion","","","",1,*,"","","","BackboneElement {[]} {[]}
","Frågmallar (TemplateQuestion)","Frågmallar (TemplateQuestion)","","","","","","","","","",,,,,"",,,,"getformtemplate.formTemplate.pages.templateQuestionBlock.templateQuestion",1,*,"","ele-1:All FHIR elements must have a @value or children {hasValue() or (children().count() > id.count())}
"
"getformtemplate","getformtemplate.formTemplate.pages.templateQuestionBlock.templateQuestion.id","getformtemplate.formTemplate.pages.templateQuestionBlock.templateQuestion.id","","","",0,1,"","","","string {[]} {[]}
","Unique id for inter-element referencing","Unique id for the element within a resource (for internal references). This may be any string value that does not contain spaces.","","","","","","","","","",,,,,"",,,,"Element.id",0,1,"",""
"getformtemplate","getformtemplate.formTemplate.pages.templateQuestionBlock.templateQuestion.extension","getformtemplate.formTemplate.pages.templateQuestionBlock.templateQuestion.extension","","extensions
user content","",0,*,"","","","Extension {[]} {[]}
","Additional content defined by implementations","May be used to represent additional information that is not part of the basic definition of the element. To make the use of extensions safe and manageable, there is a strict set of governance  applied to the definition and use of extensions. Though any implementer can define an extension, there is a set of requirements that SHALL be met as part of the definition of the extension.","There can be no stigma associated with the use of extensions by any application, project, or standard - regardless of the institution or jurisdiction that uses or defines the extensions.  The use of extensions is what allows the FHIR specification to retain a core level of simplicity for everyone.","","","","","","","","",,,,,"","value:url}
","Extensions are always sliced by (at least) url",,"open","Element.extension",0,*,"","ele-1:All FHIR elements must have a @value or children {hasValue() or (children().count() > id.count())}
ext-1:Must have either extensions or value[x], not both {extension.exists() != value.exists()}"
"getformtemplate","getformtemplate.formTemplate.pages.templateQuestionBlock.templateQuestion.modifierExtension","getformtemplate.formTemplate.pages.templateQuestionBlock.templateQuestion.modifierExtension","","extensions
user contentmodifiers","",0,*,"","Y","Y","Extension {[]} {[]}
","Extensions that cannot be ignored even if unrecognized","May be used to represent additional information that is not part of the basic definition of the element and that modifies the understanding of the element in which it is contained and/or the understanding of the containing element's descendants. Usually modifier elements provide negation or qualification. To make the use of extensions safe and manageable, there is a strict set of governance applied to the definition and use of extensions. Though any implementer can define an extension, there is a set of requirements that SHALL be met as part of the definition of the extension. Applications processing a resource are required to check for modifier extensions.

Modifier extensions SHALL NOT change the meaning of any elements on Resource or DomainResource (including cannot change the meaning of modifierExtension itself).","There can be no stigma associated with the use of extensions by any application, project, or standard - regardless of the institution or jurisdiction that uses or defines the extensions.  The use of extensions is what allows the FHIR specification to retain a core level of simplicity for everyone.","Modifier extensions allow for extensions that *cannot* be safely ignored to be clearly distinguished from the vast majority of extensions which can be safely ignored.  This promotes interoperability by eliminating the need for implementers to prohibit the presence of extensions. For further information, see the [definition of modifier extensions](http://hl7.org/fhir/R4/extensibility.html#modifierExtension).","","","","","","","",,,,,"",,,,"BackboneElement.modifierExtension",0,*,"","ele-1:All FHIR elements must have a @value or children {hasValue() or (children().count() > id.count())}
ext-1:Must have either extensions or value[x], not both {extension.exists() != value.exists()}"
"getformtemplate","getformtemplate.formTemplate.pages.templateQuestionBlock.templateQuestion.questionId","getformtemplate.formTemplate.pages.templateQuestionBlock.templateQuestion.questionId","","","",1,1,"","","","string {[]} {[]}
","Frågans unika ID i mallen","Frågans unika ID i mallen","","","","","","","","","",,,,,"",,,,"getformtemplate.formTemplate.pages.templateQuestionBlock.templateQuestion.questionId",1,1,"",""
"getformtemplate","getformtemplate.formTemplate.pages.templateQuestionBlock.templateQuestion.questionText","getformtemplate.formTemplate.pages.templateQuestionBlock.templateQuestion.questionText","","","",1,1,"","","","string {[]} {[]}
","Frågetext","Frågetext","","","","","","","","","",,,,,"",,,,"getformtemplate.formTemplate.pages.templateQuestionBlock.templateQuestion.questionText",1,1,"",""
"getformtemplate","getformtemplate.formTemplate.pages.templateQuestionBlock.templateQuestion.questionType","getformtemplate.formTemplate.pages.templateQuestionBlock.templateQuestion.questionType","","","",1,1,"","","","CodeableConcept {[]} {[]}
","Typ av fråga","Typ av fråga","","","","","","","","","",,"required","","https://fhir.inera.se/ig/infrastructure-supportservices-forminteraction/ValueSet/questiontype-vs","",,,,"getformtemplate.formTemplate.pages.templateQuestionBlock.templateQuestion.questionType",1,1,"",""
"getformtemplate","getformtemplate.formTemplate.pages.templateQuestionBlock.templateQuestion.mandatory","getformtemplate.formTemplate.pages.templateQuestionBlock.templateQuestion.mandatory","","","",1,1,"","","","boolean {[]} {[]}
","Om frågan är obligatorisk","Om frågan är obligatorisk","","","","","","","","","",,,,,"",,,,"getformtemplate.formTemplate.pages.templateQuestionBlock.templateQuestion.mandatory",1,1,"",""
"getformtemplate","getformtemplate.formTemplate.pages.templateQuestionBlock.templateQuestion.answerAlternative","getformtemplate.formTemplate.pages.templateQuestionBlock.templateQuestion.answerAlternative","","","",0,*,"","","","BackboneElement {[]} {[]}
","Svarsalternativ","Svarsalternativ","","","","","","","","","",,,,,"",,,,"getformtemplate.formTemplate.pages.templateQuestionBlock.templateQuestion.answerAlternative",0,*,"","ele-1:All FHIR elements must have a @value or children {hasValue() or (children().count() > id.count())}
"
"getformtemplate","getformtemplate.formTemplate.pages.templateQuestionBlock.templateQuestion.answerAlternative.id","getformtemplate.formTemplate.pages.templateQuestionBlock.templateQuestion.answerAlternative.id","","","",0,1,"","","","string {[]} {[]}
","Unique id for inter-element referencing","Unique id for the element within a resource (for internal references). This may be any string value that does not contain spaces.","","","","","","","","","",,,,,"",,,,"Element.id",0,1,"",""
"getformtemplate","getformtemplate.formTemplate.pages.templateQuestionBlock.templateQuestion.answerAlternative.extension","getformtemplate.formTemplate.pages.templateQuestionBlock.templateQuestion.answerAlternative.extension","","extensions
user content","",0,*,"","","","Extension {[]} {[]}
","Additional content defined by implementations","May be used to represent additional information that is not part of the basic definition of the element. To make the use of extensions safe and manageable, there is a strict set of governance  applied to the definition and use of extensions. Though any implementer can define an extension, there is a set of requirements that SHALL be met as part of the definition of the extension.","There can be no stigma associated with the use of extensions by any application, project, or standard - regardless of the institution or jurisdiction that uses or defines the extensions.  The use of extensions is what allows the FHIR specification to retain a core level of simplicity for everyone.","","","","","","","","",,,,,"","value:url}
","Extensions are always sliced by (at least) url",,"open","Element.extension",0,*,"","ele-1:All FHIR elements must have a @value or children {hasValue() or (children().count() > id.count())}
ext-1:Must have either extensions or value[x], not both {extension.exists() != value.exists()}"
"getformtemplate","getformtemplate.formTemplate.pages.templateQuestionBlock.templateQuestion.answerAlternative.modifierExtension","getformtemplate.formTemplate.pages.templateQuestionBlock.templateQuestion.answerAlternative.modifierExtension","","extensions
user contentmodifiers","",0,*,"","Y","Y","Extension {[]} {[]}
","Extensions that cannot be ignored even if unrecognized","May be used to represent additional information that is not part of the basic definition of the element and that modifies the understanding of the element in which it is contained and/or the understanding of the containing element's descendants. Usually modifier elements provide negation or qualification. To make the use of extensions safe and manageable, there is a strict set of governance applied to the definition and use of extensions. Though any implementer can define an extension, there is a set of requirements that SHALL be met as part of the definition of the extension. Applications processing a resource are required to check for modifier extensions.

Modifier extensions SHALL NOT change the meaning of any elements on Resource or DomainResource (including cannot change the meaning of modifierExtension itself).","There can be no stigma associated with the use of extensions by any application, project, or standard - regardless of the institution or jurisdiction that uses or defines the extensions.  The use of extensions is what allows the FHIR specification to retain a core level of simplicity for everyone.","Modifier extensions allow for extensions that *cannot* be safely ignored to be clearly distinguished from the vast majority of extensions which can be safely ignored.  This promotes interoperability by eliminating the need for implementers to prohibit the presence of extensions. For further information, see the [definition of modifier extensions](http://hl7.org/fhir/R4/extensibility.html#modifierExtension).","","","","","","","",,,,,"",,,,"BackboneElement.modifierExtension",0,*,"","ele-1:All FHIR elements must have a @value or children {hasValue() or (children().count() > id.count())}
ext-1:Must have either extensions or value[x], not both {extension.exists() != value.exists()}"
"getformtemplate","getformtemplate.formTemplate.pages.templateQuestionBlock.templateQuestion.answerAlternative.alternativeId","getformtemplate.formTemplate.pages.templateQuestionBlock.templateQuestion.answerAlternative.alternativeId","","","",1,1,"","","","string {[]} {[]}
","Svarsalternativets ID","Svarsalternativets ID","","","","","","","","","",,,,,"",,,,"getformtemplate.formTemplate.pages.templateQuestionBlock.templateQuestion.answerAlternative.alternativeId",1,1,"",""
"getformtemplate","getformtemplate.formTemplate.pages.templateQuestionBlock.templateQuestion.answerAlternative.alternativeText","getformtemplate.formTemplate.pages.templateQuestionBlock.templateQuestion.answerAlternative.alternativeText","","","",1,1,"","","","string {[]} {[]}
","Svarsalternativets text","Svarsalternativets text","","","","","","","","","",,,,,"",,,,"getformtemplate.formTemplate.pages.templateQuestionBlock.templateQuestion.answerAlternative.alternativeText",1,1,"",""
"getformtemplates-request","getformtemplates-request","getformtemplates-request","","","",0,*,"","","","null {[]} {[]}
","GetFormTemplates — Request","Logisk modell för requestparametrar i GetFormTemplates
(RIV-TA urn:riv:infrastructure:supportservices:forminteraction:GetFormTemplates:2).
Tjänst för att hämta tillgängliga formulärmallar för invånare.","","","","","","","","","",,,,,"",,,,"Base",0,*,"",""
"getformtemplates-request","getformtemplates-request.healthcareFacilityCareUnit","getformtemplates-request.healthcareFacilityCareUnit","","","",1,1,"","","","string {[]} {[]}
","Hsa-Id för vårdenhet (enhets-id). T.ex. se2321000016-1hz3","HSA-id för vårdenhet/enhets-id. Obligatoriskt.","","","","","","","","","",,,,,"",,,,"getformtemplates-request.healthcareFacilityCareUnit",1,1,"",""
"getformtemplates-request","getformtemplates-request.publishedStatus","getformtemplates-request.publishedStatus","","","",0,*,"","","","CodeableConcept {[]} {[]}
","Indikerar vilken status en mall skall ha","Filtreringsparameter för mallens publiceringsstatus. Valfri, kan ange flera.","","","","","","","","","",,"required","","https://fhir.inera.se/ig/infrastructure-supportservices-forminteraction/ValueSet/publishstatus-vs","",,,,"getformtemplates-request.publishedStatus",0,*,"",""
"getformtemplates-request","getformtemplates-request.subjectOfCare","getformtemplates-request.subjectOfCare","","","",0,1,"","","","string {[]} {[]}
","Starkt autentiserad användares personnummer (yyyymmddnnnn)","Personnummer för den invånare formuläret avser. FormTemplate-attributet anonymousForm
styr huruvida formulärmotorn hanterar detta fält som obligatoriskt eller frivilligt.","","","","","","","","","",,,,,"",,,,"getformtemplates-request.subjectOfCare",0,1,"",""
"getformtemplates-request","getformtemplates-request.templateId","getformtemplates-request.templateId","","","",0,*,"","","","string {[]} {[]}
","Typ av formulärmall (kodverk KV Malltyp)","Filtrerar svar på specifik formulärtyp. Om ej angiven returneras ALLA tillgängliga mallar.","","","","","","","","","",,,,,"",,,,"getformtemplates-request.templateId",0,*,"",""
"getformtemplates-request","getformtemplates-request.clinicalProcessInterestId","getformtemplates-request.clinicalProcessInterestId","","","",0,*,"","","","string {[]} {[]}
","Hälsoärende — HSA-id för framställarens enhet/process + unik identifierare","Globalt/nationellt hälsoärende ID. Filtrerar formulär kopplade till ett eller flera hälsoärenden.","","","","","","","","","",,,,,"",,,,"getformtemplates-request.clinicalProcessInterestId",0,*,"",""
"getformtemplates","getformtemplates","getformtemplates","","","",0,*,"","","","null {[]} {[]}
","GetFormTemplates","Logisk modell för svar (response) i tjänstekontraktet GetFormTemplates
(RIV-TA urn:riv:infrastructure:supportservices:forminteraction:GetFormTemplates:2).
Returnerar lista med tillgängliga formulärmallar.","","","","","","","","","",,,,,"",,,,"Base",0,*,"",""
"getformtemplates","getformtemplates.formTemplate","getformtemplates.formTemplate","","","",0,*,"","","","BackboneElement {[]} {[]}
","Formulärmall (objekt FormTemplateInfoType)","Lista med tillgängliga formulärmallar baserat på sökparametrarna. Tom lista = inga mallar hittades.","","","","","","","","","",,,,,"",,,,"getformtemplates.formTemplate",0,*,"","ele-1:All FHIR elements must have a @value or children {hasValue() or (children().count() > id.count())}
"
"getformtemplates","getformtemplates.formTemplate.id","getformtemplates.formTemplate.id","","","",0,1,"","","","string {[]} {[]}
","Unique id for inter-element referencing","Unique id for the element within a resource (for internal references). This may be any string value that does not contain spaces.","","","","","","","","","",,,,,"",,,,"Element.id",0,1,"",""
"getformtemplates","getformtemplates.formTemplate.extension","getformtemplates.formTemplate.extension","","extensions
user content","",0,*,"","","","Extension {[]} {[]}
","Additional content defined by implementations","May be used to represent additional information that is not part of the basic definition of the element. To make the use of extensions safe and manageable, there is a strict set of governance  applied to the definition and use of extensions. Though any implementer can define an extension, there is a set of requirements that SHALL be met as part of the definition of the extension.","There can be no stigma associated with the use of extensions by any application, project, or standard - regardless of the institution or jurisdiction that uses or defines the extensions.  The use of extensions is what allows the FHIR specification to retain a core level of simplicity for everyone.","","","","","","","","",,,,,"","value:url}
","Extensions are always sliced by (at least) url",,"open","Element.extension",0,*,"","ele-1:All FHIR elements must have a @value or children {hasValue() or (children().count() > id.count())}
ext-1:Must have either extensions or value[x], not both {extension.exists() != value.exists()}"
"getformtemplates","getformtemplates.formTemplate.modifierExtension","getformtemplates.formTemplate.modifierExtension","","extensions
user contentmodifiers","",0,*,"","Y","Y","Extension {[]} {[]}
","Extensions that cannot be ignored even if unrecognized","May be used to represent additional information that is not part of the basic definition of the element and that modifies the understanding of the element in which it is contained and/or the understanding of the containing element's descendants. Usually modifier elements provide negation or qualification. To make the use of extensions safe and manageable, there is a strict set of governance applied to the definition and use of extensions. Though any implementer can define an extension, there is a set of requirements that SHALL be met as part of the definition of the extension. Applications processing a resource are required to check for modifier extensions.

Modifier extensions SHALL NOT change the meaning of any elements on Resource or DomainResource (including cannot change the meaning of modifierExtension itself).","There can be no stigma associated with the use of extensions by any application, project, or standard - regardless of the institution or jurisdiction that uses or defines the extensions.  The use of extensions is what allows the FHIR specification to retain a core level of simplicity for everyone.","Modifier extensions allow for extensions that *cannot* be safely ignored to be clearly distinguished from the vast majority of extensions which can be safely ignored.  This promotes interoperability by eliminating the need for implementers to prohibit the presence of extensions. For further information, see the [definition of modifier extensions](http://hl7.org/fhir/R4/extensibility.html#modifierExtension).","","","","","","","",,,,,"",,,,"BackboneElement.modifierExtension",0,*,"","ele-1:All FHIR elements must have a @value or children {hasValue() or (children().count() > id.count())}
ext-1:Must have either extensions or value[x], not both {extension.exists() != value.exists()}"
"getformtemplates","getformtemplates.formTemplate.anonymousForm","getformtemplates.formTemplate.anonymousForm","","","",0,1,"","","","boolean {[]} {[]}
","Tillåter anonym användning. True = SubjectOfCare ej obligatorisk","Tillåter anonym användning. True = SubjectOfCare ej obligatorisk","","","","","","","","","",,,,,"",,,,"getformtemplates.formTemplate.anonymousForm",0,1,"",""
"getformtemplates","getformtemplates.formTemplate.category","getformtemplates.formTemplate.category","","","",1,1,"","","","CodeableConcept {[]} {[]}
","Formulärets kategori (KV Formulärkategori)","Formulärets kategori (KV Formulärkategori)","","","","","","","","","",,"required","","https://fhir.inera.se/ig/infrastructure-supportservices-forminteraction/ValueSet/formcategory-vs","",,,,"getformtemplates.formTemplate.category",1,1,"",""
"getformtemplates","getformtemplates.formTemplate.formCompleteText","getformtemplates.formTemplate.formCompleteText","","","",0,1,"","","","string {[]} {[]}
","Text som visas när formuläret är besvarat","Text som visas när formuläret är besvarat","","","","","","","","","",,,,,"",,,,"getformtemplates.formTemplate.formCompleteText",0,1,"",""
"getformtemplates","getformtemplates.formTemplate.publishStatus","getformtemplates.formTemplate.publishStatus","","","",1,1,"","","","CodeableConcept {[]} {[]}
","Mallens publiceringsstatus (KV Publicerings status)","Mallens publiceringsstatus (KV Publicerings status)","","","","","","","","","",,"required","","https://fhir.inera.se/ig/infrastructure-supportservices-forminteraction/ValueSet/publishstatus-vs","",,,,"getformtemplates.formTemplate.publishStatus",1,1,"",""
"getformtemplates","getformtemplates.formTemplate.templateId","getformtemplates.formTemplate.templateId","","","",1,1,"","","","string {[]} {[]}
","Typ av formulär — KV Malltyp (t.ex. MHV1 för Mödrahälsovårdsjournal)","Typ av formulär — KV Malltyp (t.ex. MHV1 för Mödrahälsovårdsjournal)","","","","","","","","","",,,,,"",,,,"getformtemplates.formTemplate.templateId",1,1,"",""
"getformtemplates","getformtemplates.formTemplate.templateVersion","getformtemplates.formTemplate.templateVersion","","","",1,1,"","","","string {[]} {[]}
","Mallens version","Mallens version","","","","","","","","","",,,,,"",,,,"getformtemplates.formTemplate.templateVersion",1,1,"",""
"getformtemplates","getformtemplates.formTemplate.mandatory","getformtemplates.formTemplate.mandatory","","","",1,1,"","","","boolean {[]} {[]}
","Om formuläret är obligatoriskt för användaren","Om formuläret är obligatoriskt för användaren","","","","","","","","","",,,,,"",,,,"getformtemplates.formTemplate.mandatory",1,1,"",""
"getformtemplates","getformtemplates.formTemplate.formLanguage","getformtemplates.formTemplate.formLanguage","","","",1,1,"","","","string {[]} {[]}
","Språkkod enligt SS-ISO 639-1:2005 (t.ex. sv eller en)","Språkkod enligt SS-ISO 639-1:2005 (t.ex. sv eller en)","","","","","","","","","",,,,,"",,,,"getformtemplates.formTemplate.formLanguage",1,1,"",""
"getformtemplates","getformtemplates.formTemplate.formTitle","getformtemplates.formTemplate.formTitle","","","",0,1,"","","","string {[]} {[]}
","Mallens/formulärets rubrik","Mallens/formulärets rubrik","","","","","","","","","",,,,,"",,,,"getformtemplates.formTemplate.formTitle",0,1,"",""
"getformtemplates","getformtemplates.formTemplate.formName","getformtemplates.formTemplate.formName","","","",1,1,"","","","string {[]} {[]}
","Mallens namn (t.ex. Hälsodeklaration Mödravård)","Mallens namn (t.ex. Hälsodeklaration Mödravård)","","","","","","","","","",,,,,"",,,,"getformtemplates.formTemplate.formName",1,1,"",""
"getformtemplates","getformtemplates.formTemplate.description","getformtemplates.formTemplate.description","","","",0,1,"","","","string {[]} {[]}
","Formulärets beskrivning och instruktioner","Formulärets beskrivning och instruktioner","","","","","","","","","",,,,,"",,,,"getformtemplates.formTemplate.description",0,1,"",""
"getformtemplates","getformtemplates.formTemplate.informationURL","getformtemplates.formTemplate.informationURL","","","",0,1,"","","","url {[]} {[]}
","URL till ytterligare/relevant information","URL till ytterligare/relevant information","","","","","","","","","",,,,,"",,,,"getformtemplates.formTemplate.informationURL",0,1,"",""
"getformtemplates","getformtemplates.formTemplate.term","getformtemplates.formTemplate.term","","","",1,1,"","","","string {[]} {[]}
","Villkor kopplade till formuläret","Villkor kopplade till formuläret","","","","","","","","","",,,,,"",,,,"getformtemplates.formTemplate.term",1,1,"",""
"getformtemplates","getformtemplates.formTemplate.maxNumberOfPages","getformtemplates.formTemplate.maxNumberOfPages","","","",1,1,"","","","integer {[]} {[]}
","Maximalt antal sidor i formuläret","Maximalt antal sidor i formuläret","","","","","","","","","",,,,,"",,,,"getformtemplates.formTemplate.maxNumberOfPages",1,1,"",""
"getformtemplates","getformtemplates.formTemplate.minNumberOfPages","getformtemplates.formTemplate.minNumberOfPages","","","",1,1,"","","","integer {[]} {[]}
","Minimalt antal sidor i formuläret","Minimalt antal sidor i formuläret","","","","","","","","","",,,,,"",,,,"getformtemplates.formTemplate.minNumberOfPages",1,1,"",""
"getformtemplates","getformtemplates.formTemplate.maxNumberOfQuestion","getformtemplates.formTemplate.maxNumberOfQuestion","","","",1,1,"","","","integer {[]} {[]}
","Maximalt antal frågor i formuläret","Maximalt antal frågor i formuläret","","","","","","","","","",,,,,"",,,,"getformtemplates.formTemplate.maxNumberOfQuestion",1,1,"",""
"getformtemplates","getformtemplates.formTemplate.minNumberOfQuestion","getformtemplates.formTemplate.minNumberOfQuestion","","","",1,1,"","","","integer {[]} {[]}
","Minimalt antal frågor i formuläret","Minimalt antal frågor i formuläret","","","","","","","","","",,,,,"",,,,"getformtemplates.formTemplate.minNumberOfQuestion",1,1,"",""
"saveform-request","saveform-request","saveform-request","","","",0,*,"","","","null {[]} {[]}
","SaveForm — Request","Logisk modell för requestparametrar i SaveForm
(RIV-TA urn:riv:infrastructure:supportservices:forminteraction:SaveForm:2).
Avslutar och sparar ett formulär. Formuläret byter status till COMPLETED.","","","","","","","","","",,,,,"",,,,"Base",0,*,"",""
"saveform-request","saveform-request.formId","saveform-request.formId","","","",1,1,"","","","string {[]} {[]}
","Formulärets unika ID (GUID)","Formulärets unika ID (GUID)","","","","","","","","","",,,,,"",,,,"saveform-request.formId",1,1,"",""
"saveform-request","saveform-request.subjectOfCare","saveform-request.subjectOfCare","","","",0,1,"","","","string {[]} {[]}
","Invånarens personnummer (yyyymmddnnnn)","Invånarens personnummer (yyyymmddnnnn)","","","","","","","","","",,,,,"",,,,"saveform-request.subjectOfCare",0,1,"",""
"saveform-request","saveform-request.pageAnswer","saveform-request.pageAnswer","","","",0,1,"","","","BackboneElement {[]} {[]}
","Sida med sista besvarade frågor (om ej redan sparade)","Sida med sista besvarade frågor (om ej redan sparade)","","","","","","","","","",,,,,"",,,,"saveform-request.pageAnswer",0,1,"","ele-1:All FHIR elements must have a @value or children {hasValue() or (children().count() > id.count())}
"
"saveform-request","saveform-request.pageAnswer.id","saveform-request.pageAnswer.id","","","",0,1,"","","","string {[]} {[]}
","Unique id for inter-element referencing","Unique id for the element within a resource (for internal references). This may be any string value that does not contain spaces.","","","","","","","","","",,,,,"",,,,"Element.id",0,1,"",""
"saveform-request","saveform-request.pageAnswer.extension","saveform-request.pageAnswer.extension","","extensions
user content","",0,*,"","","","Extension {[]} {[]}
","Additional content defined by implementations","May be used to represent additional information that is not part of the basic definition of the element. To make the use of extensions safe and manageable, there is a strict set of governance  applied to the definition and use of extensions. Though any implementer can define an extension, there is a set of requirements that SHALL be met as part of the definition of the extension.","There can be no stigma associated with the use of extensions by any application, project, or standard - regardless of the institution or jurisdiction that uses or defines the extensions.  The use of extensions is what allows the FHIR specification to retain a core level of simplicity for everyone.","","","","","","","","",,,,,"","value:url}
","Extensions are always sliced by (at least) url",,"open","Element.extension",0,*,"","ele-1:All FHIR elements must have a @value or children {hasValue() or (children().count() > id.count())}
ext-1:Must have either extensions or value[x], not both {extension.exists() != value.exists()}"
"saveform-request","saveform-request.pageAnswer.modifierExtension","saveform-request.pageAnswer.modifierExtension","","extensions
user contentmodifiers","",0,*,"","Y","Y","Extension {[]} {[]}
","Extensions that cannot be ignored even if unrecognized","May be used to represent additional information that is not part of the basic definition of the element and that modifies the understanding of the element in which it is contained and/or the understanding of the containing element's descendants. Usually modifier elements provide negation or qualification. To make the use of extensions safe and manageable, there is a strict set of governance applied to the definition and use of extensions. Though any implementer can define an extension, there is a set of requirements that SHALL be met as part of the definition of the extension. Applications processing a resource are required to check for modifier extensions.

Modifier extensions SHALL NOT change the meaning of any elements on Resource or DomainResource (including cannot change the meaning of modifierExtension itself).","There can be no stigma associated with the use of extensions by any application, project, or standard - regardless of the institution or jurisdiction that uses or defines the extensions.  The use of extensions is what allows the FHIR specification to retain a core level of simplicity for everyone.","Modifier extensions allow for extensions that *cannot* be safely ignored to be clearly distinguished from the vast majority of extensions which can be safely ignored.  This promotes interoperability by eliminating the need for implementers to prohibit the presence of extensions. For further information, see the [definition of modifier extensions](http://hl7.org/fhir/R4/extensibility.html#modifierExtension).","","","","","","","",,,,,"",,,,"BackboneElement.modifierExtension",0,*,"","ele-1:All FHIR elements must have a @value or children {hasValue() or (children().count() > id.count())}
ext-1:Must have either extensions or value[x], not both {extension.exists() != value.exists()}"
"saveform-request","saveform-request.pageAnswer.pageNumber","saveform-request.pageAnswer.pageNumber","","","",1,1,"","","","integer {[]} {[]}
","Sidans nummer","Sidans nummer","","","","","","","","","",,,,,"",,,,"saveform-request.pageAnswer.pageNumber",1,1,"",""
"saveform-request","saveform-request.pageAnswer.questionBlock","saveform-request.pageAnswer.questionBlock","","","",1,*,"","","","BackboneElement {[]} {[]}
","Frågegrupperingar med svar","Frågegrupperingar med svar","","","","","","","","","",,,,,"",,,,"saveform-request.pageAnswer.questionBlock",1,*,"","ele-1:All FHIR elements must have a @value or children {hasValue() or (children().count() > id.count())}
"
"saveform-request","saveform-request.pageAnswer.questionBlock.id","saveform-request.pageAnswer.questionBlock.id","","","",0,1,"","","","string {[]} {[]}
","Unique id for inter-element referencing","Unique id for the element within a resource (for internal references). This may be any string value that does not contain spaces.","","","","","","","","","",,,,,"",,,,"Element.id",0,1,"",""
"saveform-request","saveform-request.pageAnswer.questionBlock.extension","saveform-request.pageAnswer.questionBlock.extension","","extensions
user content","",0,*,"","","","Extension {[]} {[]}
","Additional content defined by implementations","May be used to represent additional information that is not part of the basic definition of the element. To make the use of extensions safe and manageable, there is a strict set of governance  applied to the definition and use of extensions. Though any implementer can define an extension, there is a set of requirements that SHALL be met as part of the definition of the extension.","There can be no stigma associated with the use of extensions by any application, project, or standard - regardless of the institution or jurisdiction that uses or defines the extensions.  The use of extensions is what allows the FHIR specification to retain a core level of simplicity for everyone.","","","","","","","","",,,,,"","value:url}
","Extensions are always sliced by (at least) url",,"open","Element.extension",0,*,"","ele-1:All FHIR elements must have a @value or children {hasValue() or (children().count() > id.count())}
ext-1:Must have either extensions or value[x], not both {extension.exists() != value.exists()}"
"saveform-request","saveform-request.pageAnswer.questionBlock.modifierExtension","saveform-request.pageAnswer.questionBlock.modifierExtension","","extensions
user contentmodifiers","",0,*,"","Y","Y","Extension {[]} {[]}
","Extensions that cannot be ignored even if unrecognized","May be used to represent additional information that is not part of the basic definition of the element and that modifies the understanding of the element in which it is contained and/or the understanding of the containing element's descendants. Usually modifier elements provide negation or qualification. To make the use of extensions safe and manageable, there is a strict set of governance applied to the definition and use of extensions. Though any implementer can define an extension, there is a set of requirements that SHALL be met as part of the definition of the extension. Applications processing a resource are required to check for modifier extensions.

Modifier extensions SHALL NOT change the meaning of any elements on Resource or DomainResource (including cannot change the meaning of modifierExtension itself).","There can be no stigma associated with the use of extensions by any application, project, or standard - regardless of the institution or jurisdiction that uses or defines the extensions.  The use of extensions is what allows the FHIR specification to retain a core level of simplicity for everyone.","Modifier extensions allow for extensions that *cannot* be safely ignored to be clearly distinguished from the vast majority of extensions which can be safely ignored.  This promotes interoperability by eliminating the need for implementers to prohibit the presence of extensions. For further information, see the [definition of modifier extensions](http://hl7.org/fhir/R4/extensibility.html#modifierExtension).","","","","","","","",,,,,"",,,,"BackboneElement.modifierExtension",0,*,"","ele-1:All FHIR elements must have a @value or children {hasValue() or (children().count() > id.count())}
ext-1:Must have either extensions or value[x], not both {extension.exists() != value.exists()}"
"saveform-request","saveform-request.pageAnswer.questionBlock.question","saveform-request.pageAnswer.questionBlock.question","","","",1,*,"","","","BackboneElement {[]} {[]}
","Frågor med svar","Frågor med svar","","","","","","","","","",,,,,"",,,,"saveform-request.pageAnswer.questionBlock.question",1,*,"","ele-1:All FHIR elements must have a @value or children {hasValue() or (children().count() > id.count())}
"
"saveform-request","saveform-request.pageAnswer.questionBlock.question.id","saveform-request.pageAnswer.questionBlock.question.id","","","",0,1,"","","","string {[]} {[]}
","Unique id for inter-element referencing","Unique id for the element within a resource (for internal references). This may be any string value that does not contain spaces.","","","","","","","","","",,,,,"",,,,"Element.id",0,1,"",""
"saveform-request","saveform-request.pageAnswer.questionBlock.question.extension","saveform-request.pageAnswer.questionBlock.question.extension","","extensions
user content","",0,*,"","","","Extension {[]} {[]}
","Additional content defined by implementations","May be used to represent additional information that is not part of the basic definition of the element. To make the use of extensions safe and manageable, there is a strict set of governance  applied to the definition and use of extensions. Though any implementer can define an extension, there is a set of requirements that SHALL be met as part of the definition of the extension.","There can be no stigma associated with the use of extensions by any application, project, or standard - regardless of the institution or jurisdiction that uses or defines the extensions.  The use of extensions is what allows the FHIR specification to retain a core level of simplicity for everyone.","","","","","","","","",,,,,"","value:url}
","Extensions are always sliced by (at least) url",,"open","Element.extension",0,*,"","ele-1:All FHIR elements must have a @value or children {hasValue() or (children().count() > id.count())}
ext-1:Must have either extensions or value[x], not both {extension.exists() != value.exists()}"
"saveform-request","saveform-request.pageAnswer.questionBlock.question.modifierExtension","saveform-request.pageAnswer.questionBlock.question.modifierExtension","","extensions
user contentmodifiers","",0,*,"","Y","Y","Extension {[]} {[]}
","Extensions that cannot be ignored even if unrecognized","May be used to represent additional information that is not part of the basic definition of the element and that modifies the understanding of the element in which it is contained and/or the understanding of the containing element's descendants. Usually modifier elements provide negation or qualification. To make the use of extensions safe and manageable, there is a strict set of governance applied to the definition and use of extensions. Though any implementer can define an extension, there is a set of requirements that SHALL be met as part of the definition of the extension. Applications processing a resource are required to check for modifier extensions.

Modifier extensions SHALL NOT change the meaning of any elements on Resource or DomainResource (including cannot change the meaning of modifierExtension itself).","There can be no stigma associated with the use of extensions by any application, project, or standard - regardless of the institution or jurisdiction that uses or defines the extensions.  The use of extensions is what allows the FHIR specification to retain a core level of simplicity for everyone.","Modifier extensions allow for extensions that *cannot* be safely ignored to be clearly distinguished from the vast majority of extensions which can be safely ignored.  This promotes interoperability by eliminating the need for implementers to prohibit the presence of extensions. For further information, see the [definition of modifier extensions](http://hl7.org/fhir/R4/extensibility.html#modifierExtension).","","","","","","","",,,,,"",,,,"BackboneElement.modifierExtension",0,*,"","ele-1:All FHIR elements must have a @value or children {hasValue() or (children().count() > id.count())}
ext-1:Must have either extensions or value[x], not both {extension.exists() != value.exists()}"
"saveform-request","saveform-request.pageAnswer.questionBlock.question.questionId","saveform-request.pageAnswer.questionBlock.question.questionId","","","",1,1,"","","","string {[]} {[]}
","Frågans ID","Frågans ID","","","","","","","","","",,,,,"",,,,"saveform-request.pageAnswer.questionBlock.question.questionId",1,1,"",""
"saveform-request","saveform-request.pageAnswer.questionBlock.question.answer","saveform-request.pageAnswer.questionBlock.question.answer","","","",0,1,"","","","BackboneElement {[]} {[]}
","Invånarens svar","Invånarens svar","","","","","","","","","",,,,,"",,,,"saveform-request.pageAnswer.questionBlock.question.answer",0,1,"","ele-1:All FHIR elements must have a @value or children {hasValue() or (children().count() > id.count())}
"
"saveform-request","saveform-request.pageAnswer.questionBlock.question.answer.id","saveform-request.pageAnswer.questionBlock.question.answer.id","","","",0,1,"","","","string {[]} {[]}
","Unique id for inter-element referencing","Unique id for the element within a resource (for internal references). This may be any string value that does not contain spaces.","","","","","","","","","",,,,,"",,,,"Element.id",0,1,"",""
"saveform-request","saveform-request.pageAnswer.questionBlock.question.answer.extension","saveform-request.pageAnswer.questionBlock.question.answer.extension","","extensions
user content","",0,*,"","","","Extension {[]} {[]}
","Additional content defined by implementations","May be used to represent additional information that is not part of the basic definition of the element. To make the use of extensions safe and manageable, there is a strict set of governance  applied to the definition and use of extensions. Though any implementer can define an extension, there is a set of requirements that SHALL be met as part of the definition of the extension.","There can be no stigma associated with the use of extensions by any application, project, or standard - regardless of the institution or jurisdiction that uses or defines the extensions.  The use of extensions is what allows the FHIR specification to retain a core level of simplicity for everyone.","","","","","","","","",,,,,"","value:url}
","Extensions are always sliced by (at least) url",,"open","Element.extension",0,*,"","ele-1:All FHIR elements must have a @value or children {hasValue() or (children().count() > id.count())}
ext-1:Must have either extensions or value[x], not both {extension.exists() != value.exists()}"
"saveform-request","saveform-request.pageAnswer.questionBlock.question.answer.modifierExtension","saveform-request.pageAnswer.questionBlock.question.answer.modifierExtension","","extensions
user contentmodifiers","",0,*,"","Y","Y","Extension {[]} {[]}
","Extensions that cannot be ignored even if unrecognized","May be used to represent additional information that is not part of the basic definition of the element and that modifies the understanding of the element in which it is contained and/or the understanding of the containing element's descendants. Usually modifier elements provide negation or qualification. To make the use of extensions safe and manageable, there is a strict set of governance applied to the definition and use of extensions. Though any implementer can define an extension, there is a set of requirements that SHALL be met as part of the definition of the extension. Applications processing a resource are required to check for modifier extensions.

Modifier extensions SHALL NOT change the meaning of any elements on Resource or DomainResource (including cannot change the meaning of modifierExtension itself).","There can be no stigma associated with the use of extensions by any application, project, or standard - regardless of the institution or jurisdiction that uses or defines the extensions.  The use of extensions is what allows the FHIR specification to retain a core level of simplicity for everyone.","Modifier extensions allow for extensions that *cannot* be safely ignored to be clearly distinguished from the vast majority of extensions which can be safely ignored.  This promotes interoperability by eliminating the need for implementers to prohibit the presence of extensions. For further information, see the [definition of modifier extensions](http://hl7.org/fhir/R4/extensibility.html#modifierExtension).","","","","","","","",,,,,"",,,,"BackboneElement.modifierExtension",0,*,"","ele-1:All FHIR elements must have a @value or children {hasValue() or (children().count() > id.count())}
ext-1:Must have either extensions or value[x], not both {extension.exists() != value.exists()}"
"saveform-request","saveform-request.pageAnswer.questionBlock.question.answer.answerText","saveform-request.pageAnswer.questionBlock.question.answer.answerText","","","",0,1,"","","","string {[]} {[]}
","Svarstext","Svarstext","","","","","","","","","",,,,,"",,,,"saveform-request.pageAnswer.questionBlock.question.answer.answerText",0,1,"",""
"saveform-request","saveform-request.pageAnswer.questionBlock.question.answer.answeredAlternativeId","saveform-request.pageAnswer.questionBlock.question.answer.answeredAlternativeId","","","",0,1,"","","","string {[]} {[]}
","ID för valt svarsalternativ","ID för valt svarsalternativ","","","","","","","","","",,,,,"",,,,"saveform-request.pageAnswer.questionBlock.question.answer.answeredAlternativeId",0,1,"",""
"saveform","saveform","saveform","","","",0,*,"","","","null {[]} {[]}
","SaveForm","Logisk modell för svar (response) i tjänstekontraktet SaveForm
(RIV-TA urn:riv:infrastructure:supportservices:forminteraction:SaveForm:2).
Bekräftar att formuläret har avslutats och fått status COMPLETED.
Formulärmotorn skickar notifiering till engagemangsindex (categorization = FormComplete).","","","","","","","","","",,,,,"",,,,"Base",0,*,"",""
"saveform","saveform.resultCode","saveform.resultCode","","","",1,1,"","","","string {[]} {[]}
","Svarskod (OK = formuläret har avslutats)","Svarskod (OK = formuläret har avslutats)","","","","","","","","","",,,,,"",,,,"saveform.resultCode",1,1,"",""
"saveform","saveform.comment","saveform.comment","","","",0,1,"","","","string {[]} {[]}
","Kommentar","Kommentar","","","","","","","","","",,,,,"",,,,"saveform.comment",0,1,"",""
"saveform","saveform.formId","saveform.formId","","","",0,1,"","","","string {[]} {[]}
","Formulärets unika ID (bekräftelse)","Formulärets unika ID (bekräftelse)","","","","","","","","","",,,,,"",,,,"saveform.formId",0,1,"",""
"saveformpage-request","saveformpage-request","saveformpage-request","","","",0,*,"","","","null {[]} {[]}
","SaveFormPage — Request","Logisk modell för requestparametrar i SaveFormPage
(RIV-TA urn:riv:infrastructure:supportservices:forminteraction:SaveFormPage:2).
Sparar invånarens besvarade frågor på en sida under pågående formulärsession.
Om temporarySave anges: spara utan validering, returnera samma sida.","","","","","","","","","",,,,,"",,,,"Base",0,*,"",""
"saveformpage-request","saveformpage-request.formId","saveformpage-request.formId","","","",1,1,"","","","string {[]} {[]}
","Formulärets unika ID (GUID)","Formulärets unika ID (GUID)","","","","","","","","","",,,,,"",,,,"saveformpage-request.formId",1,1,"",""
"saveformpage-request","saveformpage-request.subjectOfCare","saveformpage-request.subjectOfCare","","","",0,1,"","","","string {[]} {[]}
","Invånarens personnummer (yyyymmddnnnn)","Invånarens personnummer (yyyymmddnnnn)","","","","","","","","","",,,,,"",,,,"saveformpage-request.subjectOfCare",0,1,"",""
"saveformpage-request","saveformpage-request.pageAnswer","saveformpage-request.pageAnswer","","","",1,1,"","","","BackboneElement {[]} {[]}
","Sida med besvarade frågor att spara","Innehåller sidans nummer och alla svar som invånaren har lämnat.","","","","","","","","","",,,,,"",,,,"saveformpage-request.pageAnswer",1,1,"","ele-1:All FHIR elements must have a @value or children {hasValue() or (children().count() > id.count())}
"
"saveformpage-request","saveformpage-request.pageAnswer.id","saveformpage-request.pageAnswer.id","","","",0,1,"","","","string {[]} {[]}
","Unique id for inter-element referencing","Unique id for the element within a resource (for internal references). This may be any string value that does not contain spaces.","","","","","","","","","",,,,,"",,,,"Element.id",0,1,"",""
"saveformpage-request","saveformpage-request.pageAnswer.extension","saveformpage-request.pageAnswer.extension","","extensions
user content","",0,*,"","","","Extension {[]} {[]}
","Additional content defined by implementations","May be used to represent additional information that is not part of the basic definition of the element. To make the use of extensions safe and manageable, there is a strict set of governance  applied to the definition and use of extensions. Though any implementer can define an extension, there is a set of requirements that SHALL be met as part of the definition of the extension.","There can be no stigma associated with the use of extensions by any application, project, or standard - regardless of the institution or jurisdiction that uses or defines the extensions.  The use of extensions is what allows the FHIR specification to retain a core level of simplicity for everyone.","","","","","","","","",,,,,"","value:url}
","Extensions are always sliced by (at least) url",,"open","Element.extension",0,*,"","ele-1:All FHIR elements must have a @value or children {hasValue() or (children().count() > id.count())}
ext-1:Must have either extensions or value[x], not both {extension.exists() != value.exists()}"
"saveformpage-request","saveformpage-request.pageAnswer.modifierExtension","saveformpage-request.pageAnswer.modifierExtension","","extensions
user contentmodifiers","",0,*,"","Y","Y","Extension {[]} {[]}
","Extensions that cannot be ignored even if unrecognized","May be used to represent additional information that is not part of the basic definition of the element and that modifies the understanding of the element in which it is contained and/or the understanding of the containing element's descendants. Usually modifier elements provide negation or qualification. To make the use of extensions safe and manageable, there is a strict set of governance applied to the definition and use of extensions. Though any implementer can define an extension, there is a set of requirements that SHALL be met as part of the definition of the extension. Applications processing a resource are required to check for modifier extensions.

Modifier extensions SHALL NOT change the meaning of any elements on Resource or DomainResource (including cannot change the meaning of modifierExtension itself).","There can be no stigma associated with the use of extensions by any application, project, or standard - regardless of the institution or jurisdiction that uses or defines the extensions.  The use of extensions is what allows the FHIR specification to retain a core level of simplicity for everyone.","Modifier extensions allow for extensions that *cannot* be safely ignored to be clearly distinguished from the vast majority of extensions which can be safely ignored.  This promotes interoperability by eliminating the need for implementers to prohibit the presence of extensions. For further information, see the [definition of modifier extensions](http://hl7.org/fhir/R4/extensibility.html#modifierExtension).","","","","","","","",,,,,"",,,,"BackboneElement.modifierExtension",0,*,"","ele-1:All FHIR elements must have a @value or children {hasValue() or (children().count() > id.count())}
ext-1:Must have either extensions or value[x], not both {extension.exists() != value.exists()}"
"saveformpage-request","saveformpage-request.pageAnswer.pageNumber","saveformpage-request.pageAnswer.pageNumber","","","",1,1,"","","","integer {[]} {[]}
","Sidans nummer","Sidans nummer","","","","","","","","","",,,,,"",,,,"saveformpage-request.pageAnswer.pageNumber",1,1,"",""
"saveformpage-request","saveformpage-request.pageAnswer.questionBlock","saveformpage-request.pageAnswer.questionBlock","","","",1,*,"","","","BackboneElement {[]} {[]}
","Frågegrupperingar med svar","Frågegrupperingar med svar","","","","","","","","","",,,,,"",,,,"saveformpage-request.pageAnswer.questionBlock",1,*,"","ele-1:All FHIR elements must have a @value or children {hasValue() or (children().count() > id.count())}
"
"saveformpage-request","saveformpage-request.pageAnswer.questionBlock.id","saveformpage-request.pageAnswer.questionBlock.id","","","",0,1,"","","","string {[]} {[]}
","Unique id for inter-element referencing","Unique id for the element within a resource (for internal references). This may be any string value that does not contain spaces.","","","","","","","","","",,,,,"",,,,"Element.id",0,1,"",""
"saveformpage-request","saveformpage-request.pageAnswer.questionBlock.extension","saveformpage-request.pageAnswer.questionBlock.extension","","extensions
user content","",0,*,"","","","Extension {[]} {[]}
","Additional content defined by implementations","May be used to represent additional information that is not part of the basic definition of the element. To make the use of extensions safe and manageable, there is a strict set of governance  applied to the definition and use of extensions. Though any implementer can define an extension, there is a set of requirements that SHALL be met as part of the definition of the extension.","There can be no stigma associated with the use of extensions by any application, project, or standard - regardless of the institution or jurisdiction that uses or defines the extensions.  The use of extensions is what allows the FHIR specification to retain a core level of simplicity for everyone.","","","","","","","","",,,,,"","value:url}
","Extensions are always sliced by (at least) url",,"open","Element.extension",0,*,"","ele-1:All FHIR elements must have a @value or children {hasValue() or (children().count() > id.count())}
ext-1:Must have either extensions or value[x], not both {extension.exists() != value.exists()}"
"saveformpage-request","saveformpage-request.pageAnswer.questionBlock.modifierExtension","saveformpage-request.pageAnswer.questionBlock.modifierExtension","","extensions
user contentmodifiers","",0,*,"","Y","Y","Extension {[]} {[]}
","Extensions that cannot be ignored even if unrecognized","May be used to represent additional information that is not part of the basic definition of the element and that modifies the understanding of the element in which it is contained and/or the understanding of the containing element's descendants. Usually modifier elements provide negation or qualification. To make the use of extensions safe and manageable, there is a strict set of governance applied to the definition and use of extensions. Though any implementer can define an extension, there is a set of requirements that SHALL be met as part of the definition of the extension. Applications processing a resource are required to check for modifier extensions.

Modifier extensions SHALL NOT change the meaning of any elements on Resource or DomainResource (including cannot change the meaning of modifierExtension itself).","There can be no stigma associated with the use of extensions by any application, project, or standard - regardless of the institution or jurisdiction that uses or defines the extensions.  The use of extensions is what allows the FHIR specification to retain a core level of simplicity for everyone.","Modifier extensions allow for extensions that *cannot* be safely ignored to be clearly distinguished from the vast majority of extensions which can be safely ignored.  This promotes interoperability by eliminating the need for implementers to prohibit the presence of extensions. For further information, see the [definition of modifier extensions](http://hl7.org/fhir/R4/extensibility.html#modifierExtension).","","","","","","","",,,,,"",,,,"BackboneElement.modifierExtension",0,*,"","ele-1:All FHIR elements must have a @value or children {hasValue() or (children().count() > id.count())}
ext-1:Must have either extensions or value[x], not both {extension.exists() != value.exists()}"
"saveformpage-request","saveformpage-request.pageAnswer.questionBlock.question","saveformpage-request.pageAnswer.questionBlock.question","","","",1,*,"","","","BackboneElement {[]} {[]}
","Frågor med svar","Frågor med svar","","","","","","","","","",,,,,"",,,,"saveformpage-request.pageAnswer.questionBlock.question",1,*,"","ele-1:All FHIR elements must have a @value or children {hasValue() or (children().count() > id.count())}
"
"saveformpage-request","saveformpage-request.pageAnswer.questionBlock.question.id","saveformpage-request.pageAnswer.questionBlock.question.id","","","",0,1,"","","","string {[]} {[]}
","Unique id for inter-element referencing","Unique id for the element within a resource (for internal references). This may be any string value that does not contain spaces.","","","","","","","","","",,,,,"",,,,"Element.id",0,1,"",""
"saveformpage-request","saveformpage-request.pageAnswer.questionBlock.question.extension","saveformpage-request.pageAnswer.questionBlock.question.extension","","extensions
user content","",0,*,"","","","Extension {[]} {[]}
","Additional content defined by implementations","May be used to represent additional information that is not part of the basic definition of the element. To make the use of extensions safe and manageable, there is a strict set of governance  applied to the definition and use of extensions. Though any implementer can define an extension, there is a set of requirements that SHALL be met as part of the definition of the extension.","There can be no stigma associated with the use of extensions by any application, project, or standard - regardless of the institution or jurisdiction that uses or defines the extensions.  The use of extensions is what allows the FHIR specification to retain a core level of simplicity for everyone.","","","","","","","","",,,,,"","value:url}
","Extensions are always sliced by (at least) url",,"open","Element.extension",0,*,"","ele-1:All FHIR elements must have a @value or children {hasValue() or (children().count() > id.count())}
ext-1:Must have either extensions or value[x], not both {extension.exists() != value.exists()}"
"saveformpage-request","saveformpage-request.pageAnswer.questionBlock.question.modifierExtension","saveformpage-request.pageAnswer.questionBlock.question.modifierExtension","","extensions
user contentmodifiers","",0,*,"","Y","Y","Extension {[]} {[]}
","Extensions that cannot be ignored even if unrecognized","May be used to represent additional information that is not part of the basic definition of the element and that modifies the understanding of the element in which it is contained and/or the understanding of the containing element's descendants. Usually modifier elements provide negation or qualification. To make the use of extensions safe and manageable, there is a strict set of governance applied to the definition and use of extensions. Though any implementer can define an extension, there is a set of requirements that SHALL be met as part of the definition of the extension. Applications processing a resource are required to check for modifier extensions.

Modifier extensions SHALL NOT change the meaning of any elements on Resource or DomainResource (including cannot change the meaning of modifierExtension itself).","There can be no stigma associated with the use of extensions by any application, project, or standard - regardless of the institution or jurisdiction that uses or defines the extensions.  The use of extensions is what allows the FHIR specification to retain a core level of simplicity for everyone.","Modifier extensions allow for extensions that *cannot* be safely ignored to be clearly distinguished from the vast majority of extensions which can be safely ignored.  This promotes interoperability by eliminating the need for implementers to prohibit the presence of extensions. For further information, see the [definition of modifier extensions](http://hl7.org/fhir/R4/extensibility.html#modifierExtension).","","","","","","","",,,,,"",,,,"BackboneElement.modifierExtension",0,*,"","ele-1:All FHIR elements must have a @value or children {hasValue() or (children().count() > id.count())}
ext-1:Must have either extensions or value[x], not both {extension.exists() != value.exists()}"
"saveformpage-request","saveformpage-request.pageAnswer.questionBlock.question.questionId","saveformpage-request.pageAnswer.questionBlock.question.questionId","","","",1,1,"","","","string {[]} {[]}
","Frågans ID","Frågans ID","","","","","","","","","",,,,,"",,,,"saveformpage-request.pageAnswer.questionBlock.question.questionId",1,1,"",""
"saveformpage-request","saveformpage-request.pageAnswer.questionBlock.question.answer","saveformpage-request.pageAnswer.questionBlock.question.answer","","","",0,1,"","","","BackboneElement {[]} {[]}
","Invånarens svar","Invånarens svar","","","","","","","","","",,,,,"",,,,"saveformpage-request.pageAnswer.questionBlock.question.answer",0,1,"","ele-1:All FHIR elements must have a @value or children {hasValue() or (children().count() > id.count())}
"
"saveformpage-request","saveformpage-request.pageAnswer.questionBlock.question.answer.id","saveformpage-request.pageAnswer.questionBlock.question.answer.id","","","",0,1,"","","","string {[]} {[]}
","Unique id for inter-element referencing","Unique id for the element within a resource (for internal references). This may be any string value that does not contain spaces.","","","","","","","","","",,,,,"",,,,"Element.id",0,1,"",""
"saveformpage-request","saveformpage-request.pageAnswer.questionBlock.question.answer.extension","saveformpage-request.pageAnswer.questionBlock.question.answer.extension","","extensions
user content","",0,*,"","","","Extension {[]} {[]}
","Additional content defined by implementations","May be used to represent additional information that is not part of the basic definition of the element. To make the use of extensions safe and manageable, there is a strict set of governance  applied to the definition and use of extensions. Though any implementer can define an extension, there is a set of requirements that SHALL be met as part of the definition of the extension.","There can be no stigma associated with the use of extensions by any application, project, or standard - regardless of the institution or jurisdiction that uses or defines the extensions.  The use of extensions is what allows the FHIR specification to retain a core level of simplicity for everyone.","","","","","","","","",,,,,"","value:url}
","Extensions are always sliced by (at least) url",,"open","Element.extension",0,*,"","ele-1:All FHIR elements must have a @value or children {hasValue() or (children().count() > id.count())}
ext-1:Must have either extensions or value[x], not both {extension.exists() != value.exists()}"
"saveformpage-request","saveformpage-request.pageAnswer.questionBlock.question.answer.modifierExtension","saveformpage-request.pageAnswer.questionBlock.question.answer.modifierExtension","","extensions
user contentmodifiers","",0,*,"","Y","Y","Extension {[]} {[]}
","Extensions that cannot be ignored even if unrecognized","May be used to represent additional information that is not part of the basic definition of the element and that modifies the understanding of the element in which it is contained and/or the understanding of the containing element's descendants. Usually modifier elements provide negation or qualification. To make the use of extensions safe and manageable, there is a strict set of governance applied to the definition and use of extensions. Though any implementer can define an extension, there is a set of requirements that SHALL be met as part of the definition of the extension. Applications processing a resource are required to check for modifier extensions.

Modifier extensions SHALL NOT change the meaning of any elements on Resource or DomainResource (including cannot change the meaning of modifierExtension itself).","There can be no stigma associated with the use of extensions by any application, project, or standard - regardless of the institution or jurisdiction that uses or defines the extensions.  The use of extensions is what allows the FHIR specification to retain a core level of simplicity for everyone.","Modifier extensions allow for extensions that *cannot* be safely ignored to be clearly distinguished from the vast majority of extensions which can be safely ignored.  This promotes interoperability by eliminating the need for implementers to prohibit the presence of extensions. For further information, see the [definition of modifier extensions](http://hl7.org/fhir/R4/extensibility.html#modifierExtension).","","","","","","","",,,,,"",,,,"BackboneElement.modifierExtension",0,*,"","ele-1:All FHIR elements must have a @value or children {hasValue() or (children().count() > id.count())}
ext-1:Must have either extensions or value[x], not both {extension.exists() != value.exists()}"
"saveformpage-request","saveformpage-request.pageAnswer.questionBlock.question.answer.answerText","saveformpage-request.pageAnswer.questionBlock.question.answer.answerText","","","",0,1,"","","","string {[]} {[]}
","Svarstext","Svarstext","","","","","","","","","",,,,,"",,,,"saveformpage-request.pageAnswer.questionBlock.question.answer.answerText",0,1,"",""
"saveformpage-request","saveformpage-request.pageAnswer.questionBlock.question.answer.answeredAlternativeId","saveformpage-request.pageAnswer.questionBlock.question.answer.answeredAlternativeId","","","",0,1,"","","","string {[]} {[]}
","ID för valt svarsalternativ","ID för valt svarsalternativ","","","","","","","","","",,,,,"",,,,"saveformpage-request.pageAnswer.questionBlock.question.answer.answeredAlternativeId",0,1,"",""
"saveformpage-request","saveformpage-request.temporarySave","saveformpage-request.temporarySave","","","",0,1,"","","","boolean {[]} {[]}
","Om true: temporärspara utan validering och returnera samma sida","Om true: temporärspara utan validering och returnera samma sida","","","","","","","","","",,,,,"",,,,"saveformpage-request.temporarySave",0,1,"",""
"saveformpage","saveformpage","saveformpage","","","",0,*,"","","","null {[]} {[]}
","SaveFormPage","Logisk modell för svar (response) i tjänstekontraktet SaveFormPage
(RIV-TA urn:riv:infrastructure:supportservices:forminteraction:SaveFormPage:2).
Returnerar nästa sida med frågor (eller samma sida vid temporarySave).
Vid valideringsfel returneras felindikering via ResultCode och AnswerStatus.","","","","","","","","","",,,,,"",,,,"Base",0,*,"",""
"saveformpage","saveformpage.form","saveformpage.form","","","",0,1,"","","","BackboneElement {[]} {[]}
","Formuläret med nästa sida (eller samma sida vid temporarySave)","Formuläret med nästa sida (eller samma sida vid temporarySave)","","","","","","","","","",,,,,"",,,,"saveformpage.form",0,1,"","ele-1:All FHIR elements must have a @value or children {hasValue() or (children().count() > id.count())}
"
"saveformpage","saveformpage.form.id","saveformpage.form.id","","","",0,1,"","","","string {[]} {[]}
","Unique id for inter-element referencing","Unique id for the element within a resource (for internal references). This may be any string value that does not contain spaces.","","","","","","","","","",,,,,"",,,,"Element.id",0,1,"",""
"saveformpage","saveformpage.form.extension","saveformpage.form.extension","","extensions
user content","",0,*,"","","","Extension {[]} {[]}
","Additional content defined by implementations","May be used to represent additional information that is not part of the basic definition of the element. To make the use of extensions safe and manageable, there is a strict set of governance  applied to the definition and use of extensions. Though any implementer can define an extension, there is a set of requirements that SHALL be met as part of the definition of the extension.","There can be no stigma associated with the use of extensions by any application, project, or standard - regardless of the institution or jurisdiction that uses or defines the extensions.  The use of extensions is what allows the FHIR specification to retain a core level of simplicity for everyone.","","","","","","","","",,,,,"","value:url}
","Extensions are always sliced by (at least) url",,"open","Element.extension",0,*,"","ele-1:All FHIR elements must have a @value or children {hasValue() or (children().count() > id.count())}
ext-1:Must have either extensions or value[x], not both {extension.exists() != value.exists()}"
"saveformpage","saveformpage.form.modifierExtension","saveformpage.form.modifierExtension","","extensions
user contentmodifiers","",0,*,"","Y","Y","Extension {[]} {[]}
","Extensions that cannot be ignored even if unrecognized","May be used to represent additional information that is not part of the basic definition of the element and that modifies the understanding of the element in which it is contained and/or the understanding of the containing element's descendants. Usually modifier elements provide negation or qualification. To make the use of extensions safe and manageable, there is a strict set of governance applied to the definition and use of extensions. Though any implementer can define an extension, there is a set of requirements that SHALL be met as part of the definition of the extension. Applications processing a resource are required to check for modifier extensions.

Modifier extensions SHALL NOT change the meaning of any elements on Resource or DomainResource (including cannot change the meaning of modifierExtension itself).","There can be no stigma associated with the use of extensions by any application, project, or standard - regardless of the institution or jurisdiction that uses or defines the extensions.  The use of extensions is what allows the FHIR specification to retain a core level of simplicity for everyone.","Modifier extensions allow for extensions that *cannot* be safely ignored to be clearly distinguished from the vast majority of extensions which can be safely ignored.  This promotes interoperability by eliminating the need for implementers to prohibit the presence of extensions. For further information, see the [definition of modifier extensions](http://hl7.org/fhir/R4/extensibility.html#modifierExtension).","","","","","","","",,,,,"",,,,"BackboneElement.modifierExtension",0,*,"","ele-1:All FHIR elements must have a @value or children {hasValue() or (children().count() > id.count())}
ext-1:Must have either extensions or value[x], not both {extension.exists() != value.exists()}"
"saveformpage","saveformpage.form.formId","saveformpage.form.formId","","","",1,1,"","","","string {[]} {[]}
","Formulärets unika ID","Formulärets unika ID","","","","","","","","","",,,,,"",,,,"saveformpage.form.formId",1,1,"",""
"saveformpage","saveformpage.form.formStatus","saveformpage.form.formStatus","","","",1,1,"","","","CodeableConcept {[]} {[]}
","Formulärets status","Formulärets status","","","","","","","","","",,"required","","https://fhir.inera.se/ig/infrastructure-supportservices-forminteraction/ValueSet/formstatus-vs","",,,,"saveformpage.form.formStatus",1,1,"",""
"saveformpage","saveformpage.form.currentPage","saveformpage.form.currentPage","","","",0,1,"","","","BackboneElement {[]} {[]}
","Nästa/aktuella sida med frågor","Nästa/aktuella sida med frågor","","","","","","","","","",,,,,"",,,,"saveformpage.form.currentPage",0,1,"","ele-1:All FHIR elements must have a @value or children {hasValue() or (children().count() > id.count())}
"
"saveformpage","saveformpage.form.currentPage.id","saveformpage.form.currentPage.id","","","",0,1,"","","","string {[]} {[]}
","Unique id for inter-element referencing","Unique id for the element within a resource (for internal references). This may be any string value that does not contain spaces.","","","","","","","","","",,,,,"",,,,"Element.id",0,1,"",""
"saveformpage","saveformpage.form.currentPage.extension","saveformpage.form.currentPage.extension","","extensions
user content","",0,*,"","","","Extension {[]} {[]}
","Additional content defined by implementations","May be used to represent additional information that is not part of the basic definition of the element. To make the use of extensions safe and manageable, there is a strict set of governance  applied to the definition and use of extensions. Though any implementer can define an extension, there is a set of requirements that SHALL be met as part of the definition of the extension.","There can be no stigma associated with the use of extensions by any application, project, or standard - regardless of the institution or jurisdiction that uses or defines the extensions.  The use of extensions is what allows the FHIR specification to retain a core level of simplicity for everyone.","","","","","","","","",,,,,"","value:url}
","Extensions are always sliced by (at least) url",,"open","Element.extension",0,*,"","ele-1:All FHIR elements must have a @value or children {hasValue() or (children().count() > id.count())}
ext-1:Must have either extensions or value[x], not both {extension.exists() != value.exists()}"
"saveformpage","saveformpage.form.currentPage.modifierExtension","saveformpage.form.currentPage.modifierExtension","","extensions
user contentmodifiers","",0,*,"","Y","Y","Extension {[]} {[]}
","Extensions that cannot be ignored even if unrecognized","May be used to represent additional information that is not part of the basic definition of the element and that modifies the understanding of the element in which it is contained and/or the understanding of the containing element's descendants. Usually modifier elements provide negation or qualification. To make the use of extensions safe and manageable, there is a strict set of governance applied to the definition and use of extensions. Though any implementer can define an extension, there is a set of requirements that SHALL be met as part of the definition of the extension. Applications processing a resource are required to check for modifier extensions.

Modifier extensions SHALL NOT change the meaning of any elements on Resource or DomainResource (including cannot change the meaning of modifierExtension itself).","There can be no stigma associated with the use of extensions by any application, project, or standard - regardless of the institution or jurisdiction that uses or defines the extensions.  The use of extensions is what allows the FHIR specification to retain a core level of simplicity for everyone.","Modifier extensions allow for extensions that *cannot* be safely ignored to be clearly distinguished from the vast majority of extensions which can be safely ignored.  This promotes interoperability by eliminating the need for implementers to prohibit the presence of extensions. For further information, see the [definition of modifier extensions](http://hl7.org/fhir/R4/extensibility.html#modifierExtension).","","","","","","","",,,,,"",,,,"BackboneElement.modifierExtension",0,*,"","ele-1:All FHIR elements must have a @value or children {hasValue() or (children().count() > id.count())}
ext-1:Must have either extensions or value[x], not both {extension.exists() != value.exists()}"
"saveformpage","saveformpage.form.currentPage.pageNumber","saveformpage.form.currentPage.pageNumber","","","",1,1,"","","","integer {[]} {[]}
","Sidans nummer","Sidans nummer","","","","","","","","","",,,,,"",,,,"saveformpage.form.currentPage.pageNumber",1,1,"",""
"saveformpage","saveformpage.form.currentPage.subject","saveformpage.form.currentPage.subject","","","",0,1,"","","","string {[]} {[]}
","Sidans rubrik","Sidans rubrik","","","","","","","","","",,,,,"",,,,"saveformpage.form.currentPage.subject",0,1,"",""
"saveformpage","saveformpage.form.currentPage.lastPage","saveformpage.form.currentPage.lastPage","","","",1,1,"","","","boolean {[]} {[]}
","True = sista sidan","True = sista sidan","","","","","","","","","",,,,,"",,,,"saveformpage.form.currentPage.lastPage",1,1,"",""
"saveformpage","saveformpage.form.currentPage.questionBlock","saveformpage.form.currentPage.questionBlock","","","",1,*,"","","","BackboneElement {[]} {[]}
","Frågegrupperingar","Frågegrupperingar","","","","","","","","","",,,,,"",,,,"saveformpage.form.currentPage.questionBlock",1,*,"","ele-1:All FHIR elements must have a @value or children {hasValue() or (children().count() > id.count())}
"
"saveformpage","saveformpage.form.currentPage.questionBlock.id","saveformpage.form.currentPage.questionBlock.id","","","",0,1,"","","","string {[]} {[]}
","Unique id for inter-element referencing","Unique id for the element within a resource (for internal references). This may be any string value that does not contain spaces.","","","","","","","","","",,,,,"",,,,"Element.id",0,1,"",""
"saveformpage","saveformpage.form.currentPage.questionBlock.extension","saveformpage.form.currentPage.questionBlock.extension","","extensions
user content","",0,*,"","","","Extension {[]} {[]}
","Additional content defined by implementations","May be used to represent additional information that is not part of the basic definition of the element. To make the use of extensions safe and manageable, there is a strict set of governance  applied to the definition and use of extensions. Though any implementer can define an extension, there is a set of requirements that SHALL be met as part of the definition of the extension.","There can be no stigma associated with the use of extensions by any application, project, or standard - regardless of the institution or jurisdiction that uses or defines the extensions.  The use of extensions is what allows the FHIR specification to retain a core level of simplicity for everyone.","","","","","","","","",,,,,"","value:url}
","Extensions are always sliced by (at least) url",,"open","Element.extension",0,*,"","ele-1:All FHIR elements must have a @value or children {hasValue() or (children().count() > id.count())}
ext-1:Must have either extensions or value[x], not both {extension.exists() != value.exists()}"
"saveformpage","saveformpage.form.currentPage.questionBlock.modifierExtension","saveformpage.form.currentPage.questionBlock.modifierExtension","","extensions
user contentmodifiers","",0,*,"","Y","Y","Extension {[]} {[]}
","Extensions that cannot be ignored even if unrecognized","May be used to represent additional information that is not part of the basic definition of the element and that modifies the understanding of the element in which it is contained and/or the understanding of the containing element's descendants. Usually modifier elements provide negation or qualification. To make the use of extensions safe and manageable, there is a strict set of governance applied to the definition and use of extensions. Though any implementer can define an extension, there is a set of requirements that SHALL be met as part of the definition of the extension. Applications processing a resource are required to check for modifier extensions.

Modifier extensions SHALL NOT change the meaning of any elements on Resource or DomainResource (including cannot change the meaning of modifierExtension itself).","There can be no stigma associated with the use of extensions by any application, project, or standard - regardless of the institution or jurisdiction that uses or defines the extensions.  The use of extensions is what allows the FHIR specification to retain a core level of simplicity for everyone.","Modifier extensions allow for extensions that *cannot* be safely ignored to be clearly distinguished from the vast majority of extensions which can be safely ignored.  This promotes interoperability by eliminating the need for implementers to prohibit the presence of extensions. For further information, see the [definition of modifier extensions](http://hl7.org/fhir/R4/extensibility.html#modifierExtension).","","","","","","","",,,,,"",,,,"BackboneElement.modifierExtension",0,*,"","ele-1:All FHIR elements must have a @value or children {hasValue() or (children().count() > id.count())}
ext-1:Must have either extensions or value[x], not both {extension.exists() != value.exists()}"
"saveformpage","saveformpage.form.currentPage.questionBlock.question","saveformpage.form.currentPage.questionBlock.question","","","",1,*,"","","","BackboneElement {[]} {[]}
","Frågor med eventuell felindikering","Frågor med eventuell felindikering","","","","","","","","","",,,,,"",,,,"saveformpage.form.currentPage.questionBlock.question",1,*,"","ele-1:All FHIR elements must have a @value or children {hasValue() or (children().count() > id.count())}
"
"saveformpage","saveformpage.form.currentPage.questionBlock.question.id","saveformpage.form.currentPage.questionBlock.question.id","","","",0,1,"","","","string {[]} {[]}
","Unique id for inter-element referencing","Unique id for the element within a resource (for internal references). This may be any string value that does not contain spaces.","","","","","","","","","",,,,,"",,,,"Element.id",0,1,"",""
"saveformpage","saveformpage.form.currentPage.questionBlock.question.extension","saveformpage.form.currentPage.questionBlock.question.extension","","extensions
user content","",0,*,"","","","Extension {[]} {[]}
","Additional content defined by implementations","May be used to represent additional information that is not part of the basic definition of the element. To make the use of extensions safe and manageable, there is a strict set of governance  applied to the definition and use of extensions. Though any implementer can define an extension, there is a set of requirements that SHALL be met as part of the definition of the extension.","There can be no stigma associated with the use of extensions by any application, project, or standard - regardless of the institution or jurisdiction that uses or defines the extensions.  The use of extensions is what allows the FHIR specification to retain a core level of simplicity for everyone.","","","","","","","","",,,,,"","value:url}
","Extensions are always sliced by (at least) url",,"open","Element.extension",0,*,"","ele-1:All FHIR elements must have a @value or children {hasValue() or (children().count() > id.count())}
ext-1:Must have either extensions or value[x], not both {extension.exists() != value.exists()}"
"saveformpage","saveformpage.form.currentPage.questionBlock.question.modifierExtension","saveformpage.form.currentPage.questionBlock.question.modifierExtension","","extensions
user contentmodifiers","",0,*,"","Y","Y","Extension {[]} {[]}
","Extensions that cannot be ignored even if unrecognized","May be used to represent additional information that is not part of the basic definition of the element and that modifies the understanding of the element in which it is contained and/or the understanding of the containing element's descendants. Usually modifier elements provide negation or qualification. To make the use of extensions safe and manageable, there is a strict set of governance applied to the definition and use of extensions. Though any implementer can define an extension, there is a set of requirements that SHALL be met as part of the definition of the extension. Applications processing a resource are required to check for modifier extensions.

Modifier extensions SHALL NOT change the meaning of any elements on Resource or DomainResource (including cannot change the meaning of modifierExtension itself).","There can be no stigma associated with the use of extensions by any application, project, or standard - regardless of the institution or jurisdiction that uses or defines the extensions.  The use of extensions is what allows the FHIR specification to retain a core level of simplicity for everyone.","Modifier extensions allow for extensions that *cannot* be safely ignored to be clearly distinguished from the vast majority of extensions which can be safely ignored.  This promotes interoperability by eliminating the need for implementers to prohibit the presence of extensions. For further information, see the [definition of modifier extensions](http://hl7.org/fhir/R4/extensibility.html#modifierExtension).","","","","","","","",,,,,"",,,,"BackboneElement.modifierExtension",0,*,"","ele-1:All FHIR elements must have a @value or children {hasValue() or (children().count() > id.count())}
ext-1:Must have either extensions or value[x], not both {extension.exists() != value.exists()}"
"saveformpage","saveformpage.form.currentPage.questionBlock.question.questionId","saveformpage.form.currentPage.questionBlock.question.questionId","","","",1,1,"","","","string {[]} {[]}
","Frågans ID","Frågans ID","","","","","","","","","",,,,,"",,,,"saveformpage.form.currentPage.questionBlock.question.questionId",1,1,"",""
"saveformpage","saveformpage.form.currentPage.questionBlock.question.questionText","saveformpage.form.currentPage.questionBlock.question.questionText","","","",1,1,"","","","string {[]} {[]}
","Frågetext","Frågetext","","","","","","","","","",,,,,"",,,,"saveformpage.form.currentPage.questionBlock.question.questionText",1,1,"",""
"saveformpage","saveformpage.form.currentPage.questionBlock.question.answerStatus","saveformpage.form.currentPage.questionBlock.question.answerStatus","","","",0,1,"","","","BackboneElement {[]} {[]}
","Valideringsstatus (vid fel)","Valideringsstatus (vid fel)","","","","","","","","","",,,,,"",,,,"saveformpage.form.currentPage.questionBlock.question.answerStatus",0,1,"","ele-1:All FHIR elements must have a @value or children {hasValue() or (children().count() > id.count())}
"
"saveformpage","saveformpage.form.currentPage.questionBlock.question.answerStatus.id","saveformpage.form.currentPage.questionBlock.question.answerStatus.id","","","",0,1,"","","","string {[]} {[]}
","Unique id for inter-element referencing","Unique id for the element within a resource (for internal references). This may be any string value that does not contain spaces.","","","","","","","","","",,,,,"",,,,"Element.id",0,1,"",""
"saveformpage","saveformpage.form.currentPage.questionBlock.question.answerStatus.extension","saveformpage.form.currentPage.questionBlock.question.answerStatus.extension","","extensions
user content","",0,*,"","","","Extension {[]} {[]}
","Additional content defined by implementations","May be used to represent additional information that is not part of the basic definition of the element. To make the use of extensions safe and manageable, there is a strict set of governance  applied to the definition and use of extensions. Though any implementer can define an extension, there is a set of requirements that SHALL be met as part of the definition of the extension.","There can be no stigma associated with the use of extensions by any application, project, or standard - regardless of the institution or jurisdiction that uses or defines the extensions.  The use of extensions is what allows the FHIR specification to retain a core level of simplicity for everyone.","","","","","","","","",,,,,"","value:url}
","Extensions are always sliced by (at least) url",,"open","Element.extension",0,*,"","ele-1:All FHIR elements must have a @value or children {hasValue() or (children().count() > id.count())}
ext-1:Must have either extensions or value[x], not both {extension.exists() != value.exists()}"
"saveformpage","saveformpage.form.currentPage.questionBlock.question.answerStatus.modifierExtension","saveformpage.form.currentPage.questionBlock.question.answerStatus.modifierExtension","","extensions
user contentmodifiers","",0,*,"","Y","Y","Extension {[]} {[]}
","Extensions that cannot be ignored even if unrecognized","May be used to represent additional information that is not part of the basic definition of the element and that modifies the understanding of the element in which it is contained and/or the understanding of the containing element's descendants. Usually modifier elements provide negation or qualification. To make the use of extensions safe and manageable, there is a strict set of governance applied to the definition and use of extensions. Though any implementer can define an extension, there is a set of requirements that SHALL be met as part of the definition of the extension. Applications processing a resource are required to check for modifier extensions.

Modifier extensions SHALL NOT change the meaning of any elements on Resource or DomainResource (including cannot change the meaning of modifierExtension itself).","There can be no stigma associated with the use of extensions by any application, project, or standard - regardless of the institution or jurisdiction that uses or defines the extensions.  The use of extensions is what allows the FHIR specification to retain a core level of simplicity for everyone.","Modifier extensions allow for extensions that *cannot* be safely ignored to be clearly distinguished from the vast majority of extensions which can be safely ignored.  This promotes interoperability by eliminating the need for implementers to prohibit the presence of extensions. For further information, see the [definition of modifier extensions](http://hl7.org/fhir/R4/extensibility.html#modifierExtension).","","","","","","","",,,,,"",,,,"BackboneElement.modifierExtension",0,*,"","ele-1:All FHIR elements must have a @value or children {hasValue() or (children().count() > id.count())}
ext-1:Must have either extensions or value[x], not both {extension.exists() != value.exists()}"
"saveformpage","saveformpage.form.currentPage.questionBlock.question.answerStatus.resultCode","saveformpage.form.currentPage.questionBlock.question.answerStatus.resultCode","","","",1,1,"","","","string {[]} {[]}
","Svarskod: OK, ERROR etc.","Svarskod: OK, ERROR etc.","","","","","","","","","",,,,,"",,,,"saveformpage.form.currentPage.questionBlock.question.answerStatus.resultCode",1,1,"",""
"saveformpage","saveformpage.form.currentPage.questionBlock.question.answerStatus.comment","saveformpage.form.currentPage.questionBlock.question.answerStatus.comment","","","",0,1,"","","","string {[]} {[]}
","Kommentar/felbeskrivning","Kommentar/felbeskrivning","","","","","","","","","",,,,,"",,,,"saveformpage.form.currentPage.questionBlock.question.answerStatus.comment",0,1,"",""
"saveformtemplate-request","saveformtemplate-request","saveformtemplate-request","","","",0,*,"","","","null {[]} {[]}
","SaveFormTemplate — Request","Logisk modell för requestparametrar i SaveFormTemplate
(RIV-TA urn:riv:infrastructure:supportservices:forminteraction:SaveFormTemplate:2).
Sparar en formulärmall hos tjänsteproducenten.","","","","","","","","","",,,,,"",,,,"Base",0,*,"",""
"saveformtemplate-request","saveformtemplate-request.formTemplate","saveformtemplate-request.formTemplate","","","",1,1,"","","","BackboneElement {[]} {[]}
","Formulärmallen som skall sparas (FormTemplate)","Komplett formulärmall med sidor och frågor. Se GetFormTemplate för detaljerad struktur.","","","","","","","","","",,,,,"",,,,"saveformtemplate-request.formTemplate",1,1,"","ele-1:All FHIR elements must have a @value or children {hasValue() or (children().count() > id.count())}
"
"saveformtemplate-request","saveformtemplate-request.formTemplate.id","saveformtemplate-request.formTemplate.id","","","",0,1,"","","","string {[]} {[]}
","Unique id for inter-element referencing","Unique id for the element within a resource (for internal references). This may be any string value that does not contain spaces.","","","","","","","","","",,,,,"",,,,"Element.id",0,1,"",""
"saveformtemplate-request","saveformtemplate-request.formTemplate.extension","saveformtemplate-request.formTemplate.extension","","extensions
user content","",0,*,"","","","Extension {[]} {[]}
","Additional content defined by implementations","May be used to represent additional information that is not part of the basic definition of the element. To make the use of extensions safe and manageable, there is a strict set of governance  applied to the definition and use of extensions. Though any implementer can define an extension, there is a set of requirements that SHALL be met as part of the definition of the extension.","There can be no stigma associated with the use of extensions by any application, project, or standard - regardless of the institution or jurisdiction that uses or defines the extensions.  The use of extensions is what allows the FHIR specification to retain a core level of simplicity for everyone.","","","","","","","","",,,,,"","value:url}
","Extensions are always sliced by (at least) url",,"open","Element.extension",0,*,"","ele-1:All FHIR elements must have a @value or children {hasValue() or (children().count() > id.count())}
ext-1:Must have either extensions or value[x], not both {extension.exists() != value.exists()}"
"saveformtemplate-request","saveformtemplate-request.formTemplate.modifierExtension","saveformtemplate-request.formTemplate.modifierExtension","","extensions
user contentmodifiers","",0,*,"","Y","Y","Extension {[]} {[]}
","Extensions that cannot be ignored even if unrecognized","May be used to represent additional information that is not part of the basic definition of the element and that modifies the understanding of the element in which it is contained and/or the understanding of the containing element's descendants. Usually modifier elements provide negation or qualification. To make the use of extensions safe and manageable, there is a strict set of governance applied to the definition and use of extensions. Though any implementer can define an extension, there is a set of requirements that SHALL be met as part of the definition of the extension. Applications processing a resource are required to check for modifier extensions.

Modifier extensions SHALL NOT change the meaning of any elements on Resource or DomainResource (including cannot change the meaning of modifierExtension itself).","There can be no stigma associated with the use of extensions by any application, project, or standard - regardless of the institution or jurisdiction that uses or defines the extensions.  The use of extensions is what allows the FHIR specification to retain a core level of simplicity for everyone.","Modifier extensions allow for extensions that *cannot* be safely ignored to be clearly distinguished from the vast majority of extensions which can be safely ignored.  This promotes interoperability by eliminating the need for implementers to prohibit the presence of extensions. For further information, see the [definition of modifier extensions](http://hl7.org/fhir/R4/extensibility.html#modifierExtension).","","","","","","","",,,,,"",,,,"BackboneElement.modifierExtension",0,*,"","ele-1:All FHIR elements must have a @value or children {hasValue() or (children().count() > id.count())}
ext-1:Must have either extensions or value[x], not both {extension.exists() != value.exists()}"
"saveformtemplate-request","saveformtemplate-request.formTemplate.templateId","saveformtemplate-request.formTemplate.templateId","","","",1,1,"","","","string {[]} {[]}
","Mallens typ-id","Mallens typ-id","","","","","","","","","",,,,,"",,,,"saveformtemplate-request.formTemplate.templateId",1,1,"",""
"saveformtemplate-request","saveformtemplate-request.formTemplate.templateVersion","saveformtemplate-request.formTemplate.templateVersion","","","",1,1,"","","","string {[]} {[]}
","Mallens version","Mallens version","","","","","","","","","",,,,,"",,,,"saveformtemplate-request.formTemplate.templateVersion",1,1,"",""
"saveformtemplate-request","saveformtemplate-request.formTemplate.formName","saveformtemplate-request.formTemplate.formName","","","",1,1,"","","","string {[]} {[]}
","Mallens namn","Mallens namn","","","","","","","","","",,,,,"",,,,"saveformtemplate-request.formTemplate.formName",1,1,"",""
"saveformtemplate-request","saveformtemplate-request.formTemplate.formTitle","saveformtemplate-request.formTemplate.formTitle","","","",0,1,"","","","string {[]} {[]}
","Mallens rubrik","Mallens rubrik","","","","","","","","","",,,,,"",,,,"saveformtemplate-request.formTemplate.formTitle",0,1,"",""
"saveformtemplate-request","saveformtemplate-request.formTemplate.description","saveformtemplate-request.formTemplate.description","","","",0,1,"","","","string {[]} {[]}
","Formulärets beskrivning","Formulärets beskrivning","","","","","","","","","",,,,,"",,,,"saveformtemplate-request.formTemplate.description",0,1,"",""
"saveformtemplate-request","saveformtemplate-request.formTemplate.descriptionInternal","saveformtemplate-request.formTemplate.descriptionInternal","","","",0,1,"","","","string {[]} {[]}
","Intern beskrivning för personal","Intern beskrivning för personal","","","","","","","","","",,,,,"",,,,"saveformtemplate-request.formTemplate.descriptionInternal",0,1,"",""
"saveformtemplate-request","saveformtemplate-request.formTemplate.category","saveformtemplate-request.formTemplate.category","","","",1,1,"","","","CodeableConcept {[]} {[]}
","Formulärets kategori","Formulärets kategori","","","","","","","","","",,"required","","https://fhir.inera.se/ig/infrastructure-supportservices-forminteraction/ValueSet/formcategory-vs","",,,,"saveformtemplate-request.formTemplate.category",1,1,"",""
"saveformtemplate-request","saveformtemplate-request.formTemplate.publishStatus","saveformtemplate-request.formTemplate.publishStatus","","","",1,1,"","","","CodeableConcept {[]} {[]}
","Publiceringsstatus","Publiceringsstatus","","","","","","","","","",,"required","","https://fhir.inera.se/ig/infrastructure-supportservices-forminteraction/ValueSet/publishstatus-vs","",,,,"saveformtemplate-request.formTemplate.publishStatus",1,1,"",""
"saveformtemplate-request","saveformtemplate-request.formTemplate.mandatory","saveformtemplate-request.formTemplate.mandatory","","","",1,1,"","","","boolean {[]} {[]}
","Om formuläret är obligatoriskt","Om formuläret är obligatoriskt","","","","","","","","","",,,,,"",,,,"saveformtemplate-request.formTemplate.mandatory",1,1,"",""
"saveformtemplate-request","saveformtemplate-request.formTemplate.formLanguage","saveformtemplate-request.formTemplate.formLanguage","","","",1,1,"","","","string {[]} {[]}
","Språkkod","Språkkod","","","","","","","","","",,,,,"",,,,"saveformtemplate-request.formTemplate.formLanguage",1,1,"",""
"saveformtemplate-request","saveformtemplate-request.formTemplate.anonymousForm","saveformtemplate-request.formTemplate.anonymousForm","","","",0,1,"","","","boolean {[]} {[]}
","Om formuläret tillåter anonym användning","Om formuläret tillåter anonym användning","","","","","","","","","",,,,,"",,,,"saveformtemplate-request.formTemplate.anonymousForm",0,1,"",""
"saveformtemplate-request","saveformtemplate-request.formTemplate.healthcareFacilityUnit","saveformtemplate-request.formTemplate.healthcareFacilityUnit","","","",1,1,"","","","string {[]} {[]}
","HSA-id för mallens ägare","HSA-id för mallens ägare","","","","","","","","","",,,,,"",,,,"saveformtemplate-request.formTemplate.healthcareFacilityUnit",1,1,"",""
"saveformtemplate-request","saveformtemplate-request.formTemplate.pages","saveformtemplate-request.formTemplate.pages","","","",0,*,"","","","BackboneElement {[]} {[]}
","Sidor i mallen","Sidor i mallen","","","","","","","","","",,,,,"",,,,"saveformtemplate-request.formTemplate.pages",0,*,"","ele-1:All FHIR elements must have a @value or children {hasValue() or (children().count() > id.count())}
"
"saveformtemplate-request","saveformtemplate-request.formTemplate.pages.id","saveformtemplate-request.formTemplate.pages.id","","","",0,1,"","","","string {[]} {[]}
","Unique id for inter-element referencing","Unique id for the element within a resource (for internal references). This may be any string value that does not contain spaces.","","","","","","","","","",,,,,"",,,,"Element.id",0,1,"",""
"saveformtemplate-request","saveformtemplate-request.formTemplate.pages.extension","saveformtemplate-request.formTemplate.pages.extension","","extensions
user content","",0,*,"","","","Extension {[]} {[]}
","Additional content defined by implementations","May be used to represent additional information that is not part of the basic definition of the element. To make the use of extensions safe and manageable, there is a strict set of governance  applied to the definition and use of extensions. Though any implementer can define an extension, there is a set of requirements that SHALL be met as part of the definition of the extension.","There can be no stigma associated with the use of extensions by any application, project, or standard - regardless of the institution or jurisdiction that uses or defines the extensions.  The use of extensions is what allows the FHIR specification to retain a core level of simplicity for everyone.","","","","","","","","",,,,,"","value:url}
","Extensions are always sliced by (at least) url",,"open","Element.extension",0,*,"","ele-1:All FHIR elements must have a @value or children {hasValue() or (children().count() > id.count())}
ext-1:Must have either extensions or value[x], not both {extension.exists() != value.exists()}"
"saveformtemplate-request","saveformtemplate-request.formTemplate.pages.modifierExtension","saveformtemplate-request.formTemplate.pages.modifierExtension","","extensions
user contentmodifiers","",0,*,"","Y","Y","Extension {[]} {[]}
","Extensions that cannot be ignored even if unrecognized","May be used to represent additional information that is not part of the basic definition of the element and that modifies the understanding of the element in which it is contained and/or the understanding of the containing element's descendants. Usually modifier elements provide negation or qualification. To make the use of extensions safe and manageable, there is a strict set of governance applied to the definition and use of extensions. Though any implementer can define an extension, there is a set of requirements that SHALL be met as part of the definition of the extension. Applications processing a resource are required to check for modifier extensions.

Modifier extensions SHALL NOT change the meaning of any elements on Resource or DomainResource (including cannot change the meaning of modifierExtension itself).","There can be no stigma associated with the use of extensions by any application, project, or standard - regardless of the institution or jurisdiction that uses or defines the extensions.  The use of extensions is what allows the FHIR specification to retain a core level of simplicity for everyone.","Modifier extensions allow for extensions that *cannot* be safely ignored to be clearly distinguished from the vast majority of extensions which can be safely ignored.  This promotes interoperability by eliminating the need for implementers to prohibit the presence of extensions. For further information, see the [definition of modifier extensions](http://hl7.org/fhir/R4/extensibility.html#modifierExtension).","","","","","","","",,,,,"",,,,"BackboneElement.modifierExtension",0,*,"","ele-1:All FHIR elements must have a @value or children {hasValue() or (children().count() > id.count())}
ext-1:Must have either extensions or value[x], not both {extension.exists() != value.exists()}"
"saveformtemplate-request","saveformtemplate-request.formTemplate.pages.pageNumber","saveformtemplate-request.formTemplate.pages.pageNumber","","","",1,1,"","","","integer {[]} {[]}
","Sidans nummer","Sidans nummer","","","","","","","","","",,,,,"",,,,"saveformtemplate-request.formTemplate.pages.pageNumber",1,1,"",""
"saveformtemplate-request","saveformtemplate-request.formTemplate.pages.subject","saveformtemplate-request.formTemplate.pages.subject","","","",0,1,"","","","string {[]} {[]}
","Sidans rubrik","Sidans rubrik","","","","","","","","","",,,,,"",,,,"saveformtemplate-request.formTemplate.pages.subject",0,1,"",""
"saveformtemplate-request","saveformtemplate-request.formTemplate.pages.templateQuestionBlock","saveformtemplate-request.formTemplate.pages.templateQuestionBlock","","","",1,*,"","","","BackboneElement {[]} {[]}
","Frågegrupperingsmallar","Frågegrupperingsmallar","","","","","","","","","",,,,,"",,,,"saveformtemplate-request.formTemplate.pages.templateQuestionBlock",1,*,"","ele-1:All FHIR elements must have a @value or children {hasValue() or (children().count() > id.count())}
"
"saveformtemplate-request","saveformtemplate-request.formTemplate.pages.templateQuestionBlock.id","saveformtemplate-request.formTemplate.pages.templateQuestionBlock.id","","","",0,1,"","","","string {[]} {[]}
","Unique id for inter-element referencing","Unique id for the element within a resource (for internal references). This may be any string value that does not contain spaces.","","","","","","","","","",,,,,"",,,,"Element.id",0,1,"",""
"saveformtemplate-request","saveformtemplate-request.formTemplate.pages.templateQuestionBlock.extension","saveformtemplate-request.formTemplate.pages.templateQuestionBlock.extension","","extensions
user content","",0,*,"","","","Extension {[]} {[]}
","Additional content defined by implementations","May be used to represent additional information that is not part of the basic definition of the element. To make the use of extensions safe and manageable, there is a strict set of governance  applied to the definition and use of extensions. Though any implementer can define an extension, there is a set of requirements that SHALL be met as part of the definition of the extension.","There can be no stigma associated with the use of extensions by any application, project, or standard - regardless of the institution or jurisdiction that uses or defines the extensions.  The use of extensions is what allows the FHIR specification to retain a core level of simplicity for everyone.","","","","","","","","",,,,,"","value:url}
","Extensions are always sliced by (at least) url",,"open","Element.extension",0,*,"","ele-1:All FHIR elements must have a @value or children {hasValue() or (children().count() > id.count())}
ext-1:Must have either extensions or value[x], not both {extension.exists() != value.exists()}"
"saveformtemplate-request","saveformtemplate-request.formTemplate.pages.templateQuestionBlock.modifierExtension","saveformtemplate-request.formTemplate.pages.templateQuestionBlock.modifierExtension","","extensions
user contentmodifiers","",0,*,"","Y","Y","Extension {[]} {[]}
","Extensions that cannot be ignored even if unrecognized","May be used to represent additional information that is not part of the basic definition of the element and that modifies the understanding of the element in which it is contained and/or the understanding of the containing element's descendants. Usually modifier elements provide negation or qualification. To make the use of extensions safe and manageable, there is a strict set of governance applied to the definition and use of extensions. Though any implementer can define an extension, there is a set of requirements that SHALL be met as part of the definition of the extension. Applications processing a resource are required to check for modifier extensions.

Modifier extensions SHALL NOT change the meaning of any elements on Resource or DomainResource (including cannot change the meaning of modifierExtension itself).","There can be no stigma associated with the use of extensions by any application, project, or standard - regardless of the institution or jurisdiction that uses or defines the extensions.  The use of extensions is what allows the FHIR specification to retain a core level of simplicity for everyone.","Modifier extensions allow for extensions that *cannot* be safely ignored to be clearly distinguished from the vast majority of extensions which can be safely ignored.  This promotes interoperability by eliminating the need for implementers to prohibit the presence of extensions. For further information, see the [definition of modifier extensions](http://hl7.org/fhir/R4/extensibility.html#modifierExtension).","","","","","","","",,,,,"",,,,"BackboneElement.modifierExtension",0,*,"","ele-1:All FHIR elements must have a @value or children {hasValue() or (children().count() > id.count())}
ext-1:Must have either extensions or value[x], not both {extension.exists() != value.exists()}"
"saveformtemplate-request","saveformtemplate-request.formTemplate.pages.templateQuestionBlock.blockNumber","saveformtemplate-request.formTemplate.pages.templateQuestionBlock.blockNumber","","","",1,1,"","","","integer {[]} {[]}
","Blocknummer","Blocknummer","","","","","","","","","",,,,,"",,,,"saveformtemplate-request.formTemplate.pages.templateQuestionBlock.blockNumber",1,1,"",""
"saveformtemplate-request","saveformtemplate-request.formTemplate.pages.templateQuestionBlock.templateQuestion","saveformtemplate-request.formTemplate.pages.templateQuestionBlock.templateQuestion","","","",1,*,"","","","BackboneElement {[]} {[]}
","Frågmallar","Frågmallar","","","","","","","","","",,,,,"",,,,"saveformtemplate-request.formTemplate.pages.templateQuestionBlock.templateQuestion",1,*,"","ele-1:All FHIR elements must have a @value or children {hasValue() or (children().count() > id.count())}
"
"saveformtemplate-request","saveformtemplate-request.formTemplate.pages.templateQuestionBlock.templateQuestion.id","saveformtemplate-request.formTemplate.pages.templateQuestionBlock.templateQuestion.id","","","",0,1,"","","","string {[]} {[]}
","Unique id for inter-element referencing","Unique id for the element within a resource (for internal references). This may be any string value that does not contain spaces.","","","","","","","","","",,,,,"",,,,"Element.id",0,1,"",""
"saveformtemplate-request","saveformtemplate-request.formTemplate.pages.templateQuestionBlock.templateQuestion.extension","saveformtemplate-request.formTemplate.pages.templateQuestionBlock.templateQuestion.extension","","extensions
user content","",0,*,"","","","Extension {[]} {[]}
","Additional content defined by implementations","May be used to represent additional information that is not part of the basic definition of the element. To make the use of extensions safe and manageable, there is a strict set of governance  applied to the definition and use of extensions. Though any implementer can define an extension, there is a set of requirements that SHALL be met as part of the definition of the extension.","There can be no stigma associated with the use of extensions by any application, project, or standard - regardless of the institution or jurisdiction that uses or defines the extensions.  The use of extensions is what allows the FHIR specification to retain a core level of simplicity for everyone.","","","","","","","","",,,,,"","value:url}
","Extensions are always sliced by (at least) url",,"open","Element.extension",0,*,"","ele-1:All FHIR elements must have a @value or children {hasValue() or (children().count() > id.count())}
ext-1:Must have either extensions or value[x], not both {extension.exists() != value.exists()}"
"saveformtemplate-request","saveformtemplate-request.formTemplate.pages.templateQuestionBlock.templateQuestion.modifierExtension","saveformtemplate-request.formTemplate.pages.templateQuestionBlock.templateQuestion.modifierExtension","","extensions
user contentmodifiers","",0,*,"","Y","Y","Extension {[]} {[]}
","Extensions that cannot be ignored even if unrecognized","May be used to represent additional information that is not part of the basic definition of the element and that modifies the understanding of the element in which it is contained and/or the understanding of the containing element's descendants. Usually modifier elements provide negation or qualification. To make the use of extensions safe and manageable, there is a strict set of governance applied to the definition and use of extensions. Though any implementer can define an extension, there is a set of requirements that SHALL be met as part of the definition of the extension. Applications processing a resource are required to check for modifier extensions.

Modifier extensions SHALL NOT change the meaning of any elements on Resource or DomainResource (including cannot change the meaning of modifierExtension itself).","There can be no stigma associated with the use of extensions by any application, project, or standard - regardless of the institution or jurisdiction that uses or defines the extensions.  The use of extensions is what allows the FHIR specification to retain a core level of simplicity for everyone.","Modifier extensions allow for extensions that *cannot* be safely ignored to be clearly distinguished from the vast majority of extensions which can be safely ignored.  This promotes interoperability by eliminating the need for implementers to prohibit the presence of extensions. For further information, see the [definition of modifier extensions](http://hl7.org/fhir/R4/extensibility.html#modifierExtension).","","","","","","","",,,,,"",,,,"BackboneElement.modifierExtension",0,*,"","ele-1:All FHIR elements must have a @value or children {hasValue() or (children().count() > id.count())}
ext-1:Must have either extensions or value[x], not both {extension.exists() != value.exists()}"
"saveformtemplate-request","saveformtemplate-request.formTemplate.pages.templateQuestionBlock.templateQuestion.questionId","saveformtemplate-request.formTemplate.pages.templateQuestionBlock.templateQuestion.questionId","","","",1,1,"","","","string {[]} {[]}
","Frågans ID","Frågans ID","","","","","","","","","",,,,,"",,,,"saveformtemplate-request.formTemplate.pages.templateQuestionBlock.templateQuestion.questionId",1,1,"",""
"saveformtemplate-request","saveformtemplate-request.formTemplate.pages.templateQuestionBlock.templateQuestion.questionText","saveformtemplate-request.formTemplate.pages.templateQuestionBlock.templateQuestion.questionText","","","",1,1,"","","","string {[]} {[]}
","Frågetext","Frågetext","","","","","","","","","",,,,,"",,,,"saveformtemplate-request.formTemplate.pages.templateQuestionBlock.templateQuestion.questionText",1,1,"",""
"saveformtemplate-request","saveformtemplate-request.formTemplate.pages.templateQuestionBlock.templateQuestion.questionType","saveformtemplate-request.formTemplate.pages.templateQuestionBlock.templateQuestion.questionType","","","",1,1,"","","","CodeableConcept {[]} {[]}
","Typ av fråga","Typ av fråga","","","","","","","","","",,"required","","https://fhir.inera.se/ig/infrastructure-supportservices-forminteraction/ValueSet/questiontype-vs","",,,,"saveformtemplate-request.formTemplate.pages.templateQuestionBlock.templateQuestion.questionType",1,1,"",""
"saveformtemplate-request","saveformtemplate-request.formTemplate.pages.templateQuestionBlock.templateQuestion.mandatory","saveformtemplate-request.formTemplate.pages.templateQuestionBlock.templateQuestion.mandatory","","","",1,1,"","","","boolean {[]} {[]}
","Om frågan är obligatorisk","Om frågan är obligatorisk","","","","","","","","","",,,,,"",,,,"saveformtemplate-request.formTemplate.pages.templateQuestionBlock.templateQuestion.mandatory",1,1,"",""
"saveformtemplate-request","saveformtemplate-request.formTemplate.pages.templateQuestionBlock.templateQuestion.answerAlternative","saveformtemplate-request.formTemplate.pages.templateQuestionBlock.templateQuestion.answerAlternative","","","",0,*,"","","","BackboneElement {[]} {[]}
","Svarsalternativ","Svarsalternativ","","","","","","","","","",,,,,"",,,,"saveformtemplate-request.formTemplate.pages.templateQuestionBlock.templateQuestion.answerAlternative",0,*,"","ele-1:All FHIR elements must have a @value or children {hasValue() or (children().count() > id.count())}
"
"saveformtemplate-request","saveformtemplate-request.formTemplate.pages.templateQuestionBlock.templateQuestion.answerAlternative.id","saveformtemplate-request.formTemplate.pages.templateQuestionBlock.templateQuestion.answerAlternative.id","","","",0,1,"","","","string {[]} {[]}
","Unique id for inter-element referencing","Unique id for the element within a resource (for internal references). This may be any string value that does not contain spaces.","","","","","","","","","",,,,,"",,,,"Element.id",0,1,"",""
"saveformtemplate-request","saveformtemplate-request.formTemplate.pages.templateQuestionBlock.templateQuestion.answerAlternative.extension","saveformtemplate-request.formTemplate.pages.templateQuestionBlock.templateQuestion.answerAlternative.extension","","extensions
user content","",0,*,"","","","Extension {[]} {[]}
","Additional content defined by implementations","May be used to represent additional information that is not part of the basic definition of the element. To make the use of extensions safe and manageable, there is a strict set of governance  applied to the definition and use of extensions. Though any implementer can define an extension, there is a set of requirements that SHALL be met as part of the definition of the extension.","There can be no stigma associated with the use of extensions by any application, project, or standard - regardless of the institution or jurisdiction that uses or defines the extensions.  The use of extensions is what allows the FHIR specification to retain a core level of simplicity for everyone.","","","","","","","","",,,,,"","value:url}
","Extensions are always sliced by (at least) url",,"open","Element.extension",0,*,"","ele-1:All FHIR elements must have a @value or children {hasValue() or (children().count() > id.count())}
ext-1:Must have either extensions or value[x], not both {extension.exists() != value.exists()}"
"saveformtemplate-request","saveformtemplate-request.formTemplate.pages.templateQuestionBlock.templateQuestion.answerAlternative.modifierExtension","saveformtemplate-request.formTemplate.pages.templateQuestionBlock.templateQuestion.answerAlternative.modifierExtension","","extensions
user contentmodifiers","",0,*,"","Y","Y","Extension {[]} {[]}
","Extensions that cannot be ignored even if unrecognized","May be used to represent additional information that is not part of the basic definition of the element and that modifies the understanding of the element in which it is contained and/or the understanding of the containing element's descendants. Usually modifier elements provide negation or qualification. To make the use of extensions safe and manageable, there is a strict set of governance applied to the definition and use of extensions. Though any implementer can define an extension, there is a set of requirements that SHALL be met as part of the definition of the extension. Applications processing a resource are required to check for modifier extensions.

Modifier extensions SHALL NOT change the meaning of any elements on Resource or DomainResource (including cannot change the meaning of modifierExtension itself).","There can be no stigma associated with the use of extensions by any application, project, or standard - regardless of the institution or jurisdiction that uses or defines the extensions.  The use of extensions is what allows the FHIR specification to retain a core level of simplicity for everyone.","Modifier extensions allow for extensions that *cannot* be safely ignored to be clearly distinguished from the vast majority of extensions which can be safely ignored.  This promotes interoperability by eliminating the need for implementers to prohibit the presence of extensions. For further information, see the [definition of modifier extensions](http://hl7.org/fhir/R4/extensibility.html#modifierExtension).","","","","","","","",,,,,"",,,,"BackboneElement.modifierExtension",0,*,"","ele-1:All FHIR elements must have a @value or children {hasValue() or (children().count() > id.count())}
ext-1:Must have either extensions or value[x], not both {extension.exists() != value.exists()}"
"saveformtemplate-request","saveformtemplate-request.formTemplate.pages.templateQuestionBlock.templateQuestion.answerAlternative.alternativeId","saveformtemplate-request.formTemplate.pages.templateQuestionBlock.templateQuestion.answerAlternative.alternativeId","","","",1,1,"","","","string {[]} {[]}
","Alternativets ID","Alternativets ID","","","","","","","","","",,,,,"",,,,"saveformtemplate-request.formTemplate.pages.templateQuestionBlock.templateQuestion.answerAlternative.alternativeId",1,1,"",""
"saveformtemplate-request","saveformtemplate-request.formTemplate.pages.templateQuestionBlock.templateQuestion.answerAlternative.alternativeText","saveformtemplate-request.formTemplate.pages.templateQuestionBlock.templateQuestion.answerAlternative.alternativeText","","","",1,1,"","","","string {[]} {[]}
","Alternativets text","Alternativets text","","","","","","","","","",,,,,"",,,,"saveformtemplate-request.formTemplate.pages.templateQuestionBlock.templateQuestion.answerAlternative.alternativeText",1,1,"",""
"saveformtemplate","saveformtemplate","saveformtemplate","","","",0,*,"","","","null {[]} {[]}
","SaveFormTemplate","Logisk modell för svar (response) i tjänstekontraktet SaveFormTemplate
(RIV-TA urn:riv:infrastructure:supportservices:forminteraction:SaveFormTemplate:2).
Bekräftar att formulärmallen har sparats.","","","","","","","","","",,,,,"",,,,"Base",0,*,"",""
"saveformtemplate","saveformtemplate.resultCode","saveformtemplate.resultCode","","","",1,1,"","","","string {[]} {[]}
","Svarskod (OK = mallen har sparats)","Svarskod (OK = mallen har sparats)","","","","","","","","","",,,,,"",,,,"saveformtemplate.resultCode",1,1,"",""
"saveformtemplate","saveformtemplate.comment","saveformtemplate.comment","","","",0,1,"","","","string {[]} {[]}
","Kommentar","Kommentar","","","","","","","","","",,,,,"",,,,"saveformtemplate.comment",0,1,"",""
"saveformtemplate","saveformtemplate.formTemplates","saveformtemplate.formTemplates","","","",0,*,"","","","BackboneElement {[]} {[]}
","Sparade mallar (bekräftelse, FormTemplateType)","ASSUME: TKB anger Response: FormTemplates [0..*] FormTemplateType — oklart om detta är
en lista med alla mallar eller bara den sparade mallen. Antagande: det är en bekräftelse.","","","","","","","","","",,,,,"",,,,"saveformtemplate.formTemplates",0,*,"","ele-1:All FHIR elements must have a @value or children {hasValue() or (children().count() > id.count())}
"
"saveformtemplate","saveformtemplate.formTemplates.id","saveformtemplate.formTemplates.id","","","",0,1,"","","","string {[]} {[]}
","Unique id for inter-element referencing","Unique id for the element within a resource (for internal references). This may be any string value that does not contain spaces.","","","","","","","","","",,,,,"",,,,"Element.id",0,1,"",""
"saveformtemplate","saveformtemplate.formTemplates.extension","saveformtemplate.formTemplates.extension","","extensions
user content","",0,*,"","","","Extension {[]} {[]}
","Additional content defined by implementations","May be used to represent additional information that is not part of the basic definition of the element. To make the use of extensions safe and manageable, there is a strict set of governance  applied to the definition and use of extensions. Though any implementer can define an extension, there is a set of requirements that SHALL be met as part of the definition of the extension.","There can be no stigma associated with the use of extensions by any application, project, or standard - regardless of the institution or jurisdiction that uses or defines the extensions.  The use of extensions is what allows the FHIR specification to retain a core level of simplicity for everyone.","","","","","","","","",,,,,"","value:url}
","Extensions are always sliced by (at least) url",,"open","Element.extension",0,*,"","ele-1:All FHIR elements must have a @value or children {hasValue() or (children().count() > id.count())}
ext-1:Must have either extensions or value[x], not both {extension.exists() != value.exists()}"
"saveformtemplate","saveformtemplate.formTemplates.modifierExtension","saveformtemplate.formTemplates.modifierExtension","","extensions
user contentmodifiers","",0,*,"","Y","Y","Extension {[]} {[]}
","Extensions that cannot be ignored even if unrecognized","May be used to represent additional information that is not part of the basic definition of the element and that modifies the understanding of the element in which it is contained and/or the understanding of the containing element's descendants. Usually modifier elements provide negation or qualification. To make the use of extensions safe and manageable, there is a strict set of governance applied to the definition and use of extensions. Though any implementer can define an extension, there is a set of requirements that SHALL be met as part of the definition of the extension. Applications processing a resource are required to check for modifier extensions.

Modifier extensions SHALL NOT change the meaning of any elements on Resource or DomainResource (including cannot change the meaning of modifierExtension itself).","There can be no stigma associated with the use of extensions by any application, project, or standard - regardless of the institution or jurisdiction that uses or defines the extensions.  The use of extensions is what allows the FHIR specification to retain a core level of simplicity for everyone.","Modifier extensions allow for extensions that *cannot* be safely ignored to be clearly distinguished from the vast majority of extensions which can be safely ignored.  This promotes interoperability by eliminating the need for implementers to prohibit the presence of extensions. For further information, see the [definition of modifier extensions](http://hl7.org/fhir/R4/extensibility.html#modifierExtension).","","","","","","","",,,,,"",,,,"BackboneElement.modifierExtension",0,*,"","ele-1:All FHIR elements must have a @value or children {hasValue() or (children().count() > id.count())}
ext-1:Must have either extensions or value[x], not both {extension.exists() != value.exists()}"
"saveformtemplate","saveformtemplate.formTemplates.templateId","saveformtemplate.formTemplates.templateId","","","",1,1,"","","","string {[]} {[]}
","Mallens typ-id","Mallens typ-id","","","","","","","","","",,,,,"",,,,"saveformtemplate.formTemplates.templateId",1,1,"",""
"saveformtemplate","saveformtemplate.formTemplates.templateVersion","saveformtemplate.formTemplates.templateVersion","","","",1,1,"","","","string {[]} {[]}
","Mallens version","Mallens version","","","","","","","","","",,,,,"",,,,"saveformtemplate.formTemplates.templateVersion",1,1,"",""
