"Profile","Id","Path","Slice Name","Alias(s)","Label","Min","Max","Must Support?","Is Modifier?","Is Summary?","Type(s)","Short","Definition","Comments","Requirements","Default Value","Meaning When Missing","Fixed Value","Pattern","Example","Minimum Value","Maximum Value","Maximum Length","Binding Strength","Binding Description","Binding Value Set","Code","Slicing Discriminator","Slicing Description","Slicing Ordered","Slicing Rules","Base Path","Base Min","Base Max","Condition(s)","Constraint(s)"
"getaccesslogsforpatient-request","getaccesslogsforpatient-request","getaccesslogsforpatient-request","","","",0,*,"","","","null {[]} {[]}
","GetAccessLogsForPatient — Request","Logisk modell för requestparametrar i GetAccessLogsForPatient.
Obs: queuedReportId ska INTE användas när aggregerande tjänst anropas.","","","","","","","","","",,,,,"",,,,"Base",0,*,"",""
"getaccesslogsforpatient-request","getaccesslogsforpatient-request.patientId","getaccesslogsforpatient-request.patientId","","","",1,1,"","","","Identifier {[]} {[]}
","Patientens personnummer, samordningsnummer eller reservnummer","Patientens personnummer, samordningsnummer eller reservnummer","","","","","","","","","",,,,,"",,,,"getaccesslogsforpatient-request.patientId",1,1,"",""
"getaccesslogsforpatient-request","getaccesslogsforpatient-request.fromDate","getaccesslogsforpatient-request.fromDate","","","",1,1,"","","","dateTime {[]} {[]}
","Obligatoriskt startdatum för rapportuttaget","Obligatoriskt startdatum för rapportuttaget","","","","","","","","","",,,,,"",,,,"getaccesslogsforpatient-request.fromDate",1,1,"",""
"getaccesslogsforpatient-request","getaccesslogsforpatient-request.toDate","getaccesslogsforpatient-request.toDate","","","",1,1,"","","","dateTime {[]} {[]}
","Obligatoriskt slutdatum för rapportuttaget","Obligatoriskt slutdatum för rapportuttaget","","","","","","","","","",,,,,"",,,,"getaccesslogsforpatient-request.toDate",1,1,"",""
"getaccesslogsforpatient-request","getaccesslogsforpatient-request.queuedReportId","getaccesslogsforpatient-request.queuedReportId","","","",0,1,"","","","string {[]} {[]}
","Id på en pågående rapport (UUID) — ej vid aggregerande anrop","Id på en pågående rapport (UUID) — ej vid aggregerande anrop","","","","","","","","","",,,,,"",,,,"getaccesslogsforpatient-request.queuedReportId",0,1,"",""
"getaccesslogsforpatient","getaccesslogsforpatient","getaccesslogsforpatient","","","",0,*,"","","","null {[]} {[]}
","GetAccessLogsForPatient","Logisk modell för tjänstekontraktet GetAccessLogsForPatient
(RIV-TA urn:riv:ehr:log:querying:GetAccessLogsForPatientResponder:1).
Representerar responsens informationsstruktur (log.querying:AccessLogsResult).
Returnerar lista för angiven patient med vilka vårdaktörer som har haft åtkomst
till information, inklusive tidpunkt, syfte och resurstyp.
Stödjer aggregering — queuedReportId får inte användas vid aggregerande anrop.","","","","","","","","","",,,,,"",,,,"Base",0,*,"",""
"getaccesslogsforpatient","getaccesslogsforpatient.result","getaccesslogsforpatient.result","","","",1,1,"","","","BackboneElement {[]} {[]}
","Resultatkontainer","Resultatkontainer","","","","","","","","","",,,,,"",,,,"getaccesslogsforpatient.result",1,1,"","ele-1:All FHIR elements must have a @value or children {hasValue() or (children().count() > id.count())}
"
"getaccesslogsforpatient","getaccesslogsforpatient.result.id","getaccesslogsforpatient.result.id","","","",0,1,"","","","string {[]} {[]}
","Unique id for inter-element referencing","Unique id for the element within a resource (for internal references). This may be any string value that does not contain spaces.","","","","","","","","","",,,,,"",,,,"Element.id",0,1,"",""
"getaccesslogsforpatient","getaccesslogsforpatient.result.extension","getaccesslogsforpatient.result.extension","","extensions
user content","",0,*,"","","","Extension {[]} {[]}
","Additional content defined by implementations","May be used to represent additional information that is not part of the basic definition of the element. To make the use of extensions safe and manageable, there is a strict set of governance  applied to the definition and use of extensions. Though any implementer can define an extension, there is a set of requirements that SHALL be met as part of the definition of the extension.","There can be no stigma associated with the use of extensions by any application, project, or standard - regardless of the institution or jurisdiction that uses or defines the extensions.  The use of extensions is what allows the FHIR specification to retain a core level of simplicity for everyone.","","","","","","","","",,,,,"","value:url}
","Extensions are always sliced by (at least) url",,"open","Element.extension",0,*,"","ele-1:All FHIR elements must have a @value or children {hasValue() or (children().count() > id.count())}
ext-1:Must have either extensions or value[x], not both {extension.exists() != value.exists()}"
"getaccesslogsforpatient","getaccesslogsforpatient.result.modifierExtension","getaccesslogsforpatient.result.modifierExtension","","extensions
user contentmodifiers","",0,*,"","Y","Y","Extension {[]} {[]}
","Extensions that cannot be ignored even if unrecognized","May be used to represent additional information that is not part of the basic definition of the element and that modifies the understanding of the element in which it is contained and/or the understanding of the containing element's descendants. Usually modifier elements provide negation or qualification. To make the use of extensions safe and manageable, there is a strict set of governance applied to the definition and use of extensions. Though any implementer can define an extension, there is a set of requirements that SHALL be met as part of the definition of the extension. Applications processing a resource are required to check for modifier extensions.

Modifier extensions SHALL NOT change the meaning of any elements on Resource or DomainResource (including cannot change the meaning of modifierExtension itself).","There can be no stigma associated with the use of extensions by any application, project, or standard - regardless of the institution or jurisdiction that uses or defines the extensions.  The use of extensions is what allows the FHIR specification to retain a core level of simplicity for everyone.","Modifier extensions allow for extensions that *cannot* be safely ignored to be clearly distinguished from the vast majority of extensions which can be safely ignored.  This promotes interoperability by eliminating the need for implementers to prohibit the presence of extensions. For further information, see the [definition of modifier extensions](http://hl7.org/fhir/R4/extensibility.html#modifierExtension).","","","","","","","",,,,,"",,,,"BackboneElement.modifierExtension",0,*,"","ele-1:All FHIR elements must have a @value or children {hasValue() or (children().count() > id.count())}
ext-1:Must have either extensions or value[x], not both {extension.exists() != value.exists()}"
"getaccesslogsforpatient","getaccesslogsforpatient.result.resultCode","getaccesslogsforpatient.result.resultCode","","","",1,1,"","","","code {[]} {[]}
","Statuskod","Statuskod","","","","","","","","","",,"required","","https://fhir.inera.se/ig/ehr-log/ValueSet/resultcode-vs","",,,,"getaccesslogsforpatient.result.resultCode",1,1,"",""
"getaccesslogsforpatient","getaccesslogsforpatient.result.resultText","getaccesslogsforpatient.result.resultText","","","",0,1,"","","","string {[]} {[]}
","Beskrivande text","Beskrivande text","","","","","","","","","",,,,,"",,,,"getaccesslogsforpatient.result.resultText",0,1,"",""
"getaccesslogsforpatient","getaccesslogsforpatient.result.startInterval","getaccesslogsforpatient.result.startInterval","","","",0,1,"","","","dateTime {[]} {[]}
","Start på tillgängligt datumintervall","Start på tillgängligt datumintervall","","","","","","","","","",,,,,"",,,,"getaccesslogsforpatient.result.startInterval",0,1,"",""
"getaccesslogsforpatient","getaccesslogsforpatient.result.endInterval","getaccesslogsforpatient.result.endInterval","","","",0,1,"","","","dateTime {[]} {[]}
","Slut på tillgängligt datumintervall","Slut på tillgängligt datumintervall","","","","","","","","","",,,,,"",,,,"getaccesslogsforpatient.result.endInterval",0,1,"",""
"getaccesslogsforpatient","getaccesslogsforpatient.result.queuedReportId","getaccesslogsforpatient.result.queuedReportId","","","",0,1,"","","","string {[]} {[]}
","Id för pågående rapport (UUID)","Ska inte returneras/användas när aggregerande tjänst anropas.","","","","","","","","","",,,,,"",,,,"getaccesslogsforpatient.result.queuedReportId",0,1,"",""
"getaccesslogsforpatient","getaccesslogsforpatient.result.queueTime","getaccesslogsforpatient.result.queueTime","","","",0,1,"","","","integer {[]} {[]}
","Uppskattad väntetid i sekunder","Uppskattad väntetid i sekunder","","","","","","","","","",,,,,"",,,,"getaccesslogsforpatient.result.queueTime",0,1,"",""
"getaccesslogsforpatient","getaccesslogsforpatient.accessLogs","getaccesslogsforpatient.accessLogs","","","",0,1,"","","","BackboneElement {[]} {[]}
","Samling av åtkomstloggar","Samling av åtkomstloggar","","","","","","","","","",,,,,"",,,,"getaccesslogsforpatient.accessLogs",0,1,"","ele-1:All FHIR elements must have a @value or children {hasValue() or (children().count() > id.count())}
"
"getaccesslogsforpatient","getaccesslogsforpatient.accessLogs.id","getaccesslogsforpatient.accessLogs.id","","","",0,1,"","","","string {[]} {[]}
","Unique id for inter-element referencing","Unique id for the element within a resource (for internal references). This may be any string value that does not contain spaces.","","","","","","","","","",,,,,"",,,,"Element.id",0,1,"",""
"getaccesslogsforpatient","getaccesslogsforpatient.accessLogs.extension","getaccesslogsforpatient.accessLogs.extension","","extensions
user content","",0,*,"","","","Extension {[]} {[]}
","Additional content defined by implementations","May be used to represent additional information that is not part of the basic definition of the element. To make the use of extensions safe and manageable, there is a strict set of governance  applied to the definition and use of extensions. Though any implementer can define an extension, there is a set of requirements that SHALL be met as part of the definition of the extension.","There can be no stigma associated with the use of extensions by any application, project, or standard - regardless of the institution or jurisdiction that uses or defines the extensions.  The use of extensions is what allows the FHIR specification to retain a core level of simplicity for everyone.","","","","","","","","",,,,,"","value:url}
","Extensions are always sliced by (at least) url",,"open","Element.extension",0,*,"","ele-1:All FHIR elements must have a @value or children {hasValue() or (children().count() > id.count())}
ext-1:Must have either extensions or value[x], not both {extension.exists() != value.exists()}"
"getaccesslogsforpatient","getaccesslogsforpatient.accessLogs.modifierExtension","getaccesslogsforpatient.accessLogs.modifierExtension","","extensions
user contentmodifiers","",0,*,"","Y","Y","Extension {[]} {[]}
","Extensions that cannot be ignored even if unrecognized","May be used to represent additional information that is not part of the basic definition of the element and that modifies the understanding of the element in which it is contained and/or the understanding of the containing element's descendants. Usually modifier elements provide negation or qualification. To make the use of extensions safe and manageable, there is a strict set of governance applied to the definition and use of extensions. Though any implementer can define an extension, there is a set of requirements that SHALL be met as part of the definition of the extension. Applications processing a resource are required to check for modifier extensions.

Modifier extensions SHALL NOT change the meaning of any elements on Resource or DomainResource (including cannot change the meaning of modifierExtension itself).","There can be no stigma associated with the use of extensions by any application, project, or standard - regardless of the institution or jurisdiction that uses or defines the extensions.  The use of extensions is what allows the FHIR specification to retain a core level of simplicity for everyone.","Modifier extensions allow for extensions that *cannot* be safely ignored to be clearly distinguished from the vast majority of extensions which can be safely ignored.  This promotes interoperability by eliminating the need for implementers to prohibit the presence of extensions. For further information, see the [definition of modifier extensions](http://hl7.org/fhir/R4/extensibility.html#modifierExtension).","","","","","","","",,,,,"",,,,"BackboneElement.modifierExtension",0,*,"","ele-1:All FHIR elements must have a @value or children {hasValue() or (children().count() > id.count())}
ext-1:Must have either extensions or value[x], not both {extension.exists() != value.exists()}"
"getaccesslogsforpatient","getaccesslogsforpatient.accessLogs.accessLog","getaccesslogsforpatient.accessLogs.accessLog","","","",0,*,"","","","BackboneElement {[]} {[]}
","En åtkomstlogg","Representerar en enskild åtkomst — vem som haft åtkomst, när, varför och till vilken resurs.
Datatyp: log.querying:AccessLogType.","","","","","","","","","",,,,,"",,,,"getaccesslogsforpatient.accessLogs.accessLog",0,*,"","ele-1:All FHIR elements must have a @value or children {hasValue() or (children().count() > id.count())}
"
"getaccesslogsforpatient","getaccesslogsforpatient.accessLogs.accessLog.id","getaccesslogsforpatient.accessLogs.accessLog.id","","","",0,1,"","","","string {[]} {[]}
","Unique id for inter-element referencing","Unique id for the element within a resource (for internal references). This may be any string value that does not contain spaces.","","","","","","","","","",,,,,"",,,,"Element.id",0,1,"",""
"getaccesslogsforpatient","getaccesslogsforpatient.accessLogs.accessLog.extension","getaccesslogsforpatient.accessLogs.accessLog.extension","","extensions
user content","",0,*,"","","","Extension {[]} {[]}
","Additional content defined by implementations","May be used to represent additional information that is not part of the basic definition of the element. To make the use of extensions safe and manageable, there is a strict set of governance  applied to the definition and use of extensions. Though any implementer can define an extension, there is a set of requirements that SHALL be met as part of the definition of the extension.","There can be no stigma associated with the use of extensions by any application, project, or standard - regardless of the institution or jurisdiction that uses or defines the extensions.  The use of extensions is what allows the FHIR specification to retain a core level of simplicity for everyone.","","","","","","","","",,,,,"","value:url}
","Extensions are always sliced by (at least) url",,"open","Element.extension",0,*,"","ele-1:All FHIR elements must have a @value or children {hasValue() or (children().count() > id.count())}
ext-1:Must have either extensions or value[x], not both {extension.exists() != value.exists()}"
"getaccesslogsforpatient","getaccesslogsforpatient.accessLogs.accessLog.modifierExtension","getaccesslogsforpatient.accessLogs.accessLog.modifierExtension","","extensions
user contentmodifiers","",0,*,"","Y","Y","Extension {[]} {[]}
","Extensions that cannot be ignored even if unrecognized","May be used to represent additional information that is not part of the basic definition of the element and that modifies the understanding of the element in which it is contained and/or the understanding of the containing element's descendants. Usually modifier elements provide negation or qualification. To make the use of extensions safe and manageable, there is a strict set of governance applied to the definition and use of extensions. Though any implementer can define an extension, there is a set of requirements that SHALL be met as part of the definition of the extension. Applications processing a resource are required to check for modifier extensions.

Modifier extensions SHALL NOT change the meaning of any elements on Resource or DomainResource (including cannot change the meaning of modifierExtension itself).","There can be no stigma associated with the use of extensions by any application, project, or standard - regardless of the institution or jurisdiction that uses or defines the extensions.  The use of extensions is what allows the FHIR specification to retain a core level of simplicity for everyone.","Modifier extensions allow for extensions that *cannot* be safely ignored to be clearly distinguished from the vast majority of extensions which can be safely ignored.  This promotes interoperability by eliminating the need for implementers to prohibit the presence of extensions. For further information, see the [definition of modifier extensions](http://hl7.org/fhir/R4/extensibility.html#modifierExtension).","","","","","","","",,,,,"",,,,"BackboneElement.modifierExtension",0,*,"","ele-1:All FHIR elements must have a @value or children {hasValue() or (children().count() > id.count())}
ext-1:Must have either extensions or value[x], not both {extension.exists() != value.exists()}"
"getaccesslogsforpatient","getaccesslogsforpatient.accessLogs.accessLog.careProviderId","getaccesslogsforpatient.accessLogs.accessLog.careProviderId","","","",1,1,"","","","Identifier {[]} {[]}
","HSA-id för vårdgivaren vars medarbetare haft åtkomst","HSA-id för vårdgivaren vars medarbetare haft åtkomst","","","","","","","","","",,,,,"",,,,"getaccesslogsforpatient.accessLogs.accessLog.careProviderId",1,1,"",""
"getaccesslogsforpatient","getaccesslogsforpatient.accessLogs.accessLog.careProviderName","getaccesslogsforpatient.accessLogs.accessLog.careProviderName","","","",0,1,"","","","string {[]} {[]}
","Vårdgivarens namn","Vårdgivarens namn","","","","","","","","","",,,,,"",,,,"getaccesslogsforpatient.accessLogs.accessLog.careProviderName",0,1,"",""
"getaccesslogsforpatient","getaccesslogsforpatient.accessLogs.accessLog.careUnitId","getaccesslogsforpatient.accessLogs.accessLog.careUnitId","","","",1,1,"","","","Identifier {[]} {[]}
","HSA-id för vårdenhet","HSA-id för vårdenhet","","","","","","","","","",,,,,"",,,,"getaccesslogsforpatient.accessLogs.accessLog.careUnitId",1,1,"",""
"getaccesslogsforpatient","getaccesslogsforpatient.accessLogs.accessLog.careUnitName","getaccesslogsforpatient.accessLogs.accessLog.careUnitName","","","",0,1,"","","","string {[]} {[]}
","Vårdenhetens namn","Vårdenhetens namn","","","","","","","","","",,,,,"",,,,"getaccesslogsforpatient.accessLogs.accessLog.careUnitName",0,1,"",""
"getaccesslogsforpatient","getaccesslogsforpatient.accessLogs.accessLog.userId","getaccesslogsforpatient.accessLogs.accessLog.userId","","","",1,1,"","","","Identifier {[]} {[]}
","HSA-id för medarbetaren som haft åtkomst","HSA-id för medarbetaren som haft åtkomst","","","","","","","","","",,,,,"",,,,"getaccesslogsforpatient.accessLogs.accessLog.userId",1,1,"",""
"getaccesslogsforpatient","getaccesslogsforpatient.accessLogs.accessLog.userName","getaccesslogsforpatient.accessLogs.accessLog.userName","","","",0,1,"","","","string {[]} {[]}
","Medarbetarens namn","Medarbetarens namn","","","","","","","","","",,,,,"",,,,"getaccesslogsforpatient.accessLogs.accessLog.userName",0,1,"",""
"getaccesslogsforpatient","getaccesslogsforpatient.accessLogs.accessLog.userTitle","getaccesslogsforpatient.accessLogs.accessLog.userTitle","","","",0,1,"","","","string {[]} {[]}
","Medarbetarens yrkestitel","Medarbetarens yrkestitel","","","","","","","","","",,,,,"",,,,"getaccesslogsforpatient.accessLogs.accessLog.userTitle",0,1,"",""
"getaccesslogsforpatient","getaccesslogsforpatient.accessLogs.accessLog.accessDate","getaccesslogsforpatient.accessLogs.accessLog.accessDate","","","",1,1,"","","","dateTime {[]} {[]}
","Tidpunkt för åtkomst","Tidpunkt för åtkomst","","","","","","","","","",,,,,"",,,,"getaccesslogsforpatient.accessLogs.accessLog.accessDate",1,1,"",""
"getaccesslogsforpatient","getaccesslogsforpatient.accessLogs.accessLog.purpose","getaccesslogsforpatient.accessLogs.accessLog.purpose","","","",1,1,"","","","string {[]} {[]}
","Syfte med åtkomsten","Syfte med åtkomsten","","","","","","","","","",,,,,"",,,,"getaccesslogsforpatient.accessLogs.accessLog.purpose",1,1,"",""
"getaccesslogsforpatient","getaccesslogsforpatient.accessLogs.accessLog.resourceType","getaccesslogsforpatient.accessLogs.accessLog.resourceType","","","",1,1,"","","","string {[]} {[]}
","Typ av resurs som åtkomsten avsåg","Typ av resurs som åtkomsten avsåg","","","","","","","","","",,,,,"",,,,"getaccesslogsforpatient.accessLogs.accessLog.resourceType",1,1,"",""
"getinfologsforcareprovider-request","getinfologsforcareprovider-request","getinfologsforcareprovider-request","","","",0,*,"","","","null {[]} {[]}
","GetInfoLogsForCareProvider — Request","Logisk modell för requestparametrar i GetInfoLogsForCareProvider.","","","","","","","","","",,,,,"",,,,"Base",0,*,"",""
"getinfologsforcareprovider-request","getinfologsforcareprovider-request.careProviderId","getinfologsforcareprovider-request.careProviderId","","","",1,1,"","","","Identifier {[]} {[]}
","Vårdgivare som är informationsägare (HSA-id)","Vårdgivare som är informationsägare (HSA-id)","","","","","","","","","",,,,,"",,,,"getinfologsforcareprovider-request.careProviderId",1,1,"",""
"getinfologsforcareprovider-request","getinfologsforcareprovider-request.fromDate","getinfologsforcareprovider-request.fromDate","","","",1,1,"","","","dateTime {[]} {[]}
","Obligatoriskt startdatum för rapportuttaget","Obligatoriskt startdatum för rapportuttaget","","","","","","","","","",,,,,"",,,,"getinfologsforcareprovider-request.fromDate",1,1,"",""
"getinfologsforcareprovider-request","getinfologsforcareprovider-request.toDate","getinfologsforcareprovider-request.toDate","","","",1,1,"","","","dateTime {[]} {[]}
","Obligatoriskt slutdatum för rapportuttaget","Obligatoriskt slutdatum för rapportuttaget","","","","","","","","","",,,,,"",,,,"getinfologsforcareprovider-request.toDate",1,1,"",""
"getinfologsforcareprovider-request","getinfologsforcareprovider-request.queuedReportId","getinfologsforcareprovider-request.queuedReportId","","","",0,1,"","","","string {[]} {[]}
","Id på en pågående rapport (UUID, 36 tecken)","Id på en pågående rapport (UUID, 36 tecken)","","","","","","","","","",,,,,"",,,,"getinfologsforcareprovider-request.queuedReportId",0,1,"",""
"getinfologsforcareprovider","getinfologsforcareprovider","getinfologsforcareprovider","","","",0,*,"","","","null {[]} {[]}
","GetInfoLogsForCareProvider","Logisk modell för tjänstekontraktet GetInfoLogsForCareProvider
(RIV-TA urn:riv:ehr:log:querying:GetInfoLogsForCareProviderResponder:1).
Representerar responsens informationsstruktur (log.querying:InfoLogsResult).
Returnerar lista för angiven informationsägande vårdgivare med vilka externa
vårdgivare som har haft åtkomst till vårdgivarens information.","","","","","","","","","",,,,,"",,,,"Base",0,*,"",""
"getinfologsforcareprovider","getinfologsforcareprovider.result","getinfologsforcareprovider.result","","","",1,1,"","","","BackboneElement {[]} {[]}
","Resultatkontainer","Resultatkontainer","","","","","","","","","",,,,,"",,,,"getinfologsforcareprovider.result",1,1,"","ele-1:All FHIR elements must have a @value or children {hasValue() or (children().count() > id.count())}
"
"getinfologsforcareprovider","getinfologsforcareprovider.result.id","getinfologsforcareprovider.result.id","","","",0,1,"","","","string {[]} {[]}
","Unique id for inter-element referencing","Unique id for the element within a resource (for internal references). This may be any string value that does not contain spaces.","","","","","","","","","",,,,,"",,,,"Element.id",0,1,"",""
"getinfologsforcareprovider","getinfologsforcareprovider.result.extension","getinfologsforcareprovider.result.extension","","extensions
user content","",0,*,"","","","Extension {[]} {[]}
","Additional content defined by implementations","May be used to represent additional information that is not part of the basic definition of the element. To make the use of extensions safe and manageable, there is a strict set of governance  applied to the definition and use of extensions. Though any implementer can define an extension, there is a set of requirements that SHALL be met as part of the definition of the extension.","There can be no stigma associated with the use of extensions by any application, project, or standard - regardless of the institution or jurisdiction that uses or defines the extensions.  The use of extensions is what allows the FHIR specification to retain a core level of simplicity for everyone.","","","","","","","","",,,,,"","value:url}
","Extensions are always sliced by (at least) url",,"open","Element.extension",0,*,"","ele-1:All FHIR elements must have a @value or children {hasValue() or (children().count() > id.count())}
ext-1:Must have either extensions or value[x], not both {extension.exists() != value.exists()}"
"getinfologsforcareprovider","getinfologsforcareprovider.result.modifierExtension","getinfologsforcareprovider.result.modifierExtension","","extensions
user contentmodifiers","",0,*,"","Y","Y","Extension {[]} {[]}
","Extensions that cannot be ignored even if unrecognized","May be used to represent additional information that is not part of the basic definition of the element and that modifies the understanding of the element in which it is contained and/or the understanding of the containing element's descendants. Usually modifier elements provide negation or qualification. To make the use of extensions safe and manageable, there is a strict set of governance applied to the definition and use of extensions. Though any implementer can define an extension, there is a set of requirements that SHALL be met as part of the definition of the extension. Applications processing a resource are required to check for modifier extensions.

Modifier extensions SHALL NOT change the meaning of any elements on Resource or DomainResource (including cannot change the meaning of modifierExtension itself).","There can be no stigma associated with the use of extensions by any application, project, or standard - regardless of the institution or jurisdiction that uses or defines the extensions.  The use of extensions is what allows the FHIR specification to retain a core level of simplicity for everyone.","Modifier extensions allow for extensions that *cannot* be safely ignored to be clearly distinguished from the vast majority of extensions which can be safely ignored.  This promotes interoperability by eliminating the need for implementers to prohibit the presence of extensions. For further information, see the [definition of modifier extensions](http://hl7.org/fhir/R4/extensibility.html#modifierExtension).","","","","","","","",,,,,"",,,,"BackboneElement.modifierExtension",0,*,"","ele-1:All FHIR elements must have a @value or children {hasValue() or (children().count() > id.count())}
ext-1:Must have either extensions or value[x], not both {extension.exists() != value.exists()}"
"getinfologsforcareprovider","getinfologsforcareprovider.result.resultCode","getinfologsforcareprovider.result.resultCode","","","",1,1,"","","","code {[]} {[]}
","Statuskod","Statuskod","","","","","","","","","",,"required","","https://fhir.inera.se/ig/ehr-log/ValueSet/resultcode-vs","",,,,"getinfologsforcareprovider.result.resultCode",1,1,"",""
"getinfologsforcareprovider","getinfologsforcareprovider.result.resultText","getinfologsforcareprovider.result.resultText","","","",0,1,"","","","string {[]} {[]}
","Beskrivande text","Beskrivande text","","","","","","","","","",,,,,"",,,,"getinfologsforcareprovider.result.resultText",0,1,"",""
"getinfologsforcareprovider","getinfologsforcareprovider.result.startInterval","getinfologsforcareprovider.result.startInterval","","","",0,1,"","","","dateTime {[]} {[]}
","Start på tillgängligt datumintervall","Start på tillgängligt datumintervall","","","","","","","","","",,,,,"",,,,"getinfologsforcareprovider.result.startInterval",0,1,"",""
"getinfologsforcareprovider","getinfologsforcareprovider.result.endInterval","getinfologsforcareprovider.result.endInterval","","","",0,1,"","","","dateTime {[]} {[]}
","Slut på tillgängligt datumintervall","Slut på tillgängligt datumintervall","","","","","","","","","",,,,,"",,,,"getinfologsforcareprovider.result.endInterval",0,1,"",""
"getinfologsforcareprovider","getinfologsforcareprovider.result.queuedReportId","getinfologsforcareprovider.result.queuedReportId","","","",0,1,"","","","string {[]} {[]}
","Id för pågående rapport (UUID)","Id för pågående rapport (UUID)","","","","","","","","","",,,,,"",,,,"getinfologsforcareprovider.result.queuedReportId",0,1,"",""
"getinfologsforcareprovider","getinfologsforcareprovider.result.queueTime","getinfologsforcareprovider.result.queueTime","","","",0,1,"","","","integer {[]} {[]}
","Uppskattad väntetid i sekunder","Uppskattad väntetid i sekunder","","","","","","","","","",,,,,"",,,,"getinfologsforcareprovider.result.queueTime",0,1,"",""
"getinfologsforcareprovider","getinfologsforcareprovider.careProviders","getinfologsforcareprovider.careProviders","","","",0,1,"","","","BackboneElement {[]} {[]}
","Samling av externa vårdgivare med åtkomst","Samling av externa vårdgivare med åtkomst","","","","","","","","","",,,,,"",,,,"getinfologsforcareprovider.careProviders",0,1,"","ele-1:All FHIR elements must have a @value or children {hasValue() or (children().count() > id.count())}
"
"getinfologsforcareprovider","getinfologsforcareprovider.careProviders.id","getinfologsforcareprovider.careProviders.id","","","",0,1,"","","","string {[]} {[]}
","Unique id for inter-element referencing","Unique id for the element within a resource (for internal references). This may be any string value that does not contain spaces.","","","","","","","","","",,,,,"",,,,"Element.id",0,1,"",""
"getinfologsforcareprovider","getinfologsforcareprovider.careProviders.extension","getinfologsforcareprovider.careProviders.extension","","extensions
user content","",0,*,"","","","Extension {[]} {[]}
","Additional content defined by implementations","May be used to represent additional information that is not part of the basic definition of the element. To make the use of extensions safe and manageable, there is a strict set of governance  applied to the definition and use of extensions. Though any implementer can define an extension, there is a set of requirements that SHALL be met as part of the definition of the extension.","There can be no stigma associated with the use of extensions by any application, project, or standard - regardless of the institution or jurisdiction that uses or defines the extensions.  The use of extensions is what allows the FHIR specification to retain a core level of simplicity for everyone.","","","","","","","","",,,,,"","value:url}
","Extensions are always sliced by (at least) url",,"open","Element.extension",0,*,"","ele-1:All FHIR elements must have a @value or children {hasValue() or (children().count() > id.count())}
ext-1:Must have either extensions or value[x], not both {extension.exists() != value.exists()}"
"getinfologsforcareprovider","getinfologsforcareprovider.careProviders.modifierExtension","getinfologsforcareprovider.careProviders.modifierExtension","","extensions
user contentmodifiers","",0,*,"","Y","Y","Extension {[]} {[]}
","Extensions that cannot be ignored even if unrecognized","May be used to represent additional information that is not part of the basic definition of the element and that modifies the understanding of the element in which it is contained and/or the understanding of the containing element's descendants. Usually modifier elements provide negation or qualification. To make the use of extensions safe and manageable, there is a strict set of governance applied to the definition and use of extensions. Though any implementer can define an extension, there is a set of requirements that SHALL be met as part of the definition of the extension. Applications processing a resource are required to check for modifier extensions.

Modifier extensions SHALL NOT change the meaning of any elements on Resource or DomainResource (including cannot change the meaning of modifierExtension itself).","There can be no stigma associated with the use of extensions by any application, project, or standard - regardless of the institution or jurisdiction that uses or defines the extensions.  The use of extensions is what allows the FHIR specification to retain a core level of simplicity for everyone.","Modifier extensions allow for extensions that *cannot* be safely ignored to be clearly distinguished from the vast majority of extensions which can be safely ignored.  This promotes interoperability by eliminating the need for implementers to prohibit the presence of extensions. For further information, see the [definition of modifier extensions](http://hl7.org/fhir/R4/extensibility.html#modifierExtension).","","","","","","","",,,,,"",,,,"BackboneElement.modifierExtension",0,*,"","ele-1:All FHIR elements must have a @value or children {hasValue() or (children().count() > id.count())}
ext-1:Must have either extensions or value[x], not both {extension.exists() != value.exists()}"
"getinfologsforcareprovider","getinfologsforcareprovider.careProviders.careProvider","getinfologsforcareprovider.careProviders.careProvider","","","",0,*,"","","","BackboneElement {[]} {[]}
","En extern vårdgivare","En extern vårdgivare","","","","","","","","","",,,,,"",,,,"getinfologsforcareprovider.careProviders.careProvider",0,*,"","ele-1:All FHIR elements must have a @value or children {hasValue() or (children().count() > id.count())}
"
"getinfologsforcareprovider","getinfologsforcareprovider.careProviders.careProvider.id","getinfologsforcareprovider.careProviders.careProvider.id","","","",0,1,"","","","string {[]} {[]}
","Unique id for inter-element referencing","Unique id for the element within a resource (for internal references). This may be any string value that does not contain spaces.","","","","","","","","","",,,,,"",,,,"Element.id",0,1,"",""
"getinfologsforcareprovider","getinfologsforcareprovider.careProviders.careProvider.extension","getinfologsforcareprovider.careProviders.careProvider.extension","","extensions
user content","",0,*,"","","","Extension {[]} {[]}
","Additional content defined by implementations","May be used to represent additional information that is not part of the basic definition of the element. To make the use of extensions safe and manageable, there is a strict set of governance  applied to the definition and use of extensions. Though any implementer can define an extension, there is a set of requirements that SHALL be met as part of the definition of the extension.","There can be no stigma associated with the use of extensions by any application, project, or standard - regardless of the institution or jurisdiction that uses or defines the extensions.  The use of extensions is what allows the FHIR specification to retain a core level of simplicity for everyone.","","","","","","","","",,,,,"","value:url}
","Extensions are always sliced by (at least) url",,"open","Element.extension",0,*,"","ele-1:All FHIR elements must have a @value or children {hasValue() or (children().count() > id.count())}
ext-1:Must have either extensions or value[x], not both {extension.exists() != value.exists()}"
"getinfologsforcareprovider","getinfologsforcareprovider.careProviders.careProvider.modifierExtension","getinfologsforcareprovider.careProviders.careProvider.modifierExtension","","extensions
user contentmodifiers","",0,*,"","Y","Y","Extension {[]} {[]}
","Extensions that cannot be ignored even if unrecognized","May be used to represent additional information that is not part of the basic definition of the element and that modifies the understanding of the element in which it is contained and/or the understanding of the containing element's descendants. Usually modifier elements provide negation or qualification. To make the use of extensions safe and manageable, there is a strict set of governance applied to the definition and use of extensions. Though any implementer can define an extension, there is a set of requirements that SHALL be met as part of the definition of the extension. Applications processing a resource are required to check for modifier extensions.

Modifier extensions SHALL NOT change the meaning of any elements on Resource or DomainResource (including cannot change the meaning of modifierExtension itself).","There can be no stigma associated with the use of extensions by any application, project, or standard - regardless of the institution or jurisdiction that uses or defines the extensions.  The use of extensions is what allows the FHIR specification to retain a core level of simplicity for everyone.","Modifier extensions allow for extensions that *cannot* be safely ignored to be clearly distinguished from the vast majority of extensions which can be safely ignored.  This promotes interoperability by eliminating the need for implementers to prohibit the presence of extensions. For further information, see the [definition of modifier extensions](http://hl7.org/fhir/R4/extensibility.html#modifierExtension).","","","","","","","",,,,,"",,,,"BackboneElement.modifierExtension",0,*,"","ele-1:All FHIR elements must have a @value or children {hasValue() or (children().count() > id.count())}
ext-1:Must have either extensions or value[x], not both {extension.exists() != value.exists()}"
"getinfologsforcareprovider","getinfologsforcareprovider.careProviders.careProvider.careProviderId","getinfologsforcareprovider.careProviders.careProvider.careProviderId","","","",1,1,"","","","Identifier {[]} {[]}
","HSA-id för den externa vårdgivaren","HSA-id för den externa vårdgivaren","","","","","","","","","",,,,,"",,,,"getinfologsforcareprovider.careProviders.careProvider.careProviderId",1,1,"",""
"getinfologsforcareprovider","getinfologsforcareprovider.careProviders.careProvider.careProviderName","getinfologsforcareprovider.careProviders.careProvider.careProviderName","","","",0,1,"","","","string {[]} {[]}
","Den externa vårdgivarens namn","Den externa vårdgivarens namn","","","","","","","","","",,,,,"",,,,"getinfologsforcareprovider.careProviders.careProvider.careProviderName",0,1,"",""
"getinfologsforpatient-request","getinfologsforpatient-request","getinfologsforpatient-request","","","",0,*,"","","","null {[]} {[]}
","GetInfoLogsForPatient — Request","Logisk modell för requestparametrar i GetInfoLogsForPatient.","","","","","","","","","",,,,,"",,,,"Base",0,*,"",""
"getinfologsforpatient-request","getinfologsforpatient-request.careProviderId","getinfologsforpatient-request.careProviderId","","","",1,1,"","","","Identifier {[]} {[]}
","Vårdgivare som är informationsägare (HSA-id)","Vårdgivare som är informationsägare (HSA-id)","","","","","","","","","",,,,,"",,,,"getinfologsforpatient-request.careProviderId",1,1,"",""
"getinfologsforpatient-request","getinfologsforpatient-request.patientId","getinfologsforpatient-request.patientId","","","",1,1,"","","","Identifier {[]} {[]}
","Patientens personnummer, samordningsnummer eller reservnummer","Patientens personnummer, samordningsnummer eller reservnummer","","","","","","","","","",,,,,"",,,,"getinfologsforpatient-request.patientId",1,1,"",""
"getinfologsforpatient-request","getinfologsforpatient-request.fromDate","getinfologsforpatient-request.fromDate","","","",1,1,"","","","dateTime {[]} {[]}
","Obligatoriskt startdatum för rapportuttaget","Obligatoriskt startdatum för rapportuttaget","","","","","","","","","",,,,,"",,,,"getinfologsforpatient-request.fromDate",1,1,"",""
"getinfologsforpatient-request","getinfologsforpatient-request.toDate","getinfologsforpatient-request.toDate","","","",1,1,"","","","dateTime {[]} {[]}
","Obligatoriskt slutdatum för rapportuttaget","Obligatoriskt slutdatum för rapportuttaget","","","","","","","","","",,,,,"",,,,"getinfologsforpatient-request.toDate",1,1,"",""
"getinfologsforpatient-request","getinfologsforpatient-request.queuedReportId","getinfologsforpatient-request.queuedReportId","","","",0,1,"","","","string {[]} {[]}
","Id på en pågående rapport (UUID, 36 tecken)","Id på en pågående rapport (UUID, 36 tecken)","","","","","","","","","",,,,,"",,,,"getinfologsforpatient-request.queuedReportId",0,1,"",""
"getinfologsforpatient","getinfologsforpatient","getinfologsforpatient","","","",0,*,"","","","null {[]} {[]}
","GetInfoLogsForPatient","Logisk modell för tjänstekontraktet GetInfoLogsForPatient
(RIV-TA urn:riv:ehr:log:querying:GetInfoLogsForPatientResponder:1).
Representerar responsens informationsstruktur (log.querying:InfoLogsResult).
Returnerar lista för angiven informationsägande vårdgivare och patient med
vilka externa vårdgivare som haft åtkomst till information.","","","","","","","","","",,,,,"",,,,"Base",0,*,"",""
"getinfologsforpatient","getinfologsforpatient.result","getinfologsforpatient.result","","","",1,1,"","","","BackboneElement {[]} {[]}
","Resultatkontainer","Resultatkontainer","","","","","","","","","",,,,,"",,,,"getinfologsforpatient.result",1,1,"","ele-1:All FHIR elements must have a @value or children {hasValue() or (children().count() > id.count())}
"
"getinfologsforpatient","getinfologsforpatient.result.id","getinfologsforpatient.result.id","","","",0,1,"","","","string {[]} {[]}
","Unique id for inter-element referencing","Unique id for the element within a resource (for internal references). This may be any string value that does not contain spaces.","","","","","","","","","",,,,,"",,,,"Element.id",0,1,"",""
"getinfologsforpatient","getinfologsforpatient.result.extension","getinfologsforpatient.result.extension","","extensions
user content","",0,*,"","","","Extension {[]} {[]}
","Additional content defined by implementations","May be used to represent additional information that is not part of the basic definition of the element. To make the use of extensions safe and manageable, there is a strict set of governance  applied to the definition and use of extensions. Though any implementer can define an extension, there is a set of requirements that SHALL be met as part of the definition of the extension.","There can be no stigma associated with the use of extensions by any application, project, or standard - regardless of the institution or jurisdiction that uses or defines the extensions.  The use of extensions is what allows the FHIR specification to retain a core level of simplicity for everyone.","","","","","","","","",,,,,"","value:url}
","Extensions are always sliced by (at least) url",,"open","Element.extension",0,*,"","ele-1:All FHIR elements must have a @value or children {hasValue() or (children().count() > id.count())}
ext-1:Must have either extensions or value[x], not both {extension.exists() != value.exists()}"
"getinfologsforpatient","getinfologsforpatient.result.modifierExtension","getinfologsforpatient.result.modifierExtension","","extensions
user contentmodifiers","",0,*,"","Y","Y","Extension {[]} {[]}
","Extensions that cannot be ignored even if unrecognized","May be used to represent additional information that is not part of the basic definition of the element and that modifies the understanding of the element in which it is contained and/or the understanding of the containing element's descendants. Usually modifier elements provide negation or qualification. To make the use of extensions safe and manageable, there is a strict set of governance applied to the definition and use of extensions. Though any implementer can define an extension, there is a set of requirements that SHALL be met as part of the definition of the extension. Applications processing a resource are required to check for modifier extensions.

Modifier extensions SHALL NOT change the meaning of any elements on Resource or DomainResource (including cannot change the meaning of modifierExtension itself).","There can be no stigma associated with the use of extensions by any application, project, or standard - regardless of the institution or jurisdiction that uses or defines the extensions.  The use of extensions is what allows the FHIR specification to retain a core level of simplicity for everyone.","Modifier extensions allow for extensions that *cannot* be safely ignored to be clearly distinguished from the vast majority of extensions which can be safely ignored.  This promotes interoperability by eliminating the need for implementers to prohibit the presence of extensions. For further information, see the [definition of modifier extensions](http://hl7.org/fhir/R4/extensibility.html#modifierExtension).","","","","","","","",,,,,"",,,,"BackboneElement.modifierExtension",0,*,"","ele-1:All FHIR elements must have a @value or children {hasValue() or (children().count() > id.count())}
ext-1:Must have either extensions or value[x], not both {extension.exists() != value.exists()}"
"getinfologsforpatient","getinfologsforpatient.result.resultCode","getinfologsforpatient.result.resultCode","","","",1,1,"","","","code {[]} {[]}
","Statuskod","Statuskod","","","","","","","","","",,"required","","https://fhir.inera.se/ig/ehr-log/ValueSet/resultcode-vs","",,,,"getinfologsforpatient.result.resultCode",1,1,"",""
"getinfologsforpatient","getinfologsforpatient.result.resultText","getinfologsforpatient.result.resultText","","","",0,1,"","","","string {[]} {[]}
","Beskrivande text","Beskrivande text","","","","","","","","","",,,,,"",,,,"getinfologsforpatient.result.resultText",0,1,"",""
"getinfologsforpatient","getinfologsforpatient.result.startInterval","getinfologsforpatient.result.startInterval","","","",0,1,"","","","dateTime {[]} {[]}
","Start på tillgängligt datumintervall","Start på tillgängligt datumintervall","","","","","","","","","",,,,,"",,,,"getinfologsforpatient.result.startInterval",0,1,"",""
"getinfologsforpatient","getinfologsforpatient.result.endInterval","getinfologsforpatient.result.endInterval","","","",0,1,"","","","dateTime {[]} {[]}
","Slut på tillgängligt datumintervall","Slut på tillgängligt datumintervall","","","","","","","","","",,,,,"",,,,"getinfologsforpatient.result.endInterval",0,1,"",""
"getinfologsforpatient","getinfologsforpatient.result.queuedReportId","getinfologsforpatient.result.queuedReportId","","","",0,1,"","","","string {[]} {[]}
","Id för pågående rapport (UUID)","Id för pågående rapport (UUID)","","","","","","","","","",,,,,"",,,,"getinfologsforpatient.result.queuedReportId",0,1,"",""
"getinfologsforpatient","getinfologsforpatient.result.queueTime","getinfologsforpatient.result.queueTime","","","",0,1,"","","","integer {[]} {[]}
","Uppskattad väntetid i sekunder","Uppskattad väntetid i sekunder","","","","","","","","","",,,,,"",,,,"getinfologsforpatient.result.queueTime",0,1,"",""
"getinfologsforpatient","getinfologsforpatient.careProviders","getinfologsforpatient.careProviders","","","",0,1,"","","","BackboneElement {[]} {[]}
","Samling av externa vårdgivare med åtkomst","Samling av externa vårdgivare med åtkomst","","","","","","","","","",,,,,"",,,,"getinfologsforpatient.careProviders",0,1,"","ele-1:All FHIR elements must have a @value or children {hasValue() or (children().count() > id.count())}
"
"getinfologsforpatient","getinfologsforpatient.careProviders.id","getinfologsforpatient.careProviders.id","","","",0,1,"","","","string {[]} {[]}
","Unique id for inter-element referencing","Unique id for the element within a resource (for internal references). This may be any string value that does not contain spaces.","","","","","","","","","",,,,,"",,,,"Element.id",0,1,"",""
"getinfologsforpatient","getinfologsforpatient.careProviders.extension","getinfologsforpatient.careProviders.extension","","extensions
user content","",0,*,"","","","Extension {[]} {[]}
","Additional content defined by implementations","May be used to represent additional information that is not part of the basic definition of the element. To make the use of extensions safe and manageable, there is a strict set of governance  applied to the definition and use of extensions. Though any implementer can define an extension, there is a set of requirements that SHALL be met as part of the definition of the extension.","There can be no stigma associated with the use of extensions by any application, project, or standard - regardless of the institution or jurisdiction that uses or defines the extensions.  The use of extensions is what allows the FHIR specification to retain a core level of simplicity for everyone.","","","","","","","","",,,,,"","value:url}
","Extensions are always sliced by (at least) url",,"open","Element.extension",0,*,"","ele-1:All FHIR elements must have a @value or children {hasValue() or (children().count() > id.count())}
ext-1:Must have either extensions or value[x], not both {extension.exists() != value.exists()}"
"getinfologsforpatient","getinfologsforpatient.careProviders.modifierExtension","getinfologsforpatient.careProviders.modifierExtension","","extensions
user contentmodifiers","",0,*,"","Y","Y","Extension {[]} {[]}
","Extensions that cannot be ignored even if unrecognized","May be used to represent additional information that is not part of the basic definition of the element and that modifies the understanding of the element in which it is contained and/or the understanding of the containing element's descendants. Usually modifier elements provide negation or qualification. To make the use of extensions safe and manageable, there is a strict set of governance applied to the definition and use of extensions. Though any implementer can define an extension, there is a set of requirements that SHALL be met as part of the definition of the extension. Applications processing a resource are required to check for modifier extensions.

Modifier extensions SHALL NOT change the meaning of any elements on Resource or DomainResource (including cannot change the meaning of modifierExtension itself).","There can be no stigma associated with the use of extensions by any application, project, or standard - regardless of the institution or jurisdiction that uses or defines the extensions.  The use of extensions is what allows the FHIR specification to retain a core level of simplicity for everyone.","Modifier extensions allow for extensions that *cannot* be safely ignored to be clearly distinguished from the vast majority of extensions which can be safely ignored.  This promotes interoperability by eliminating the need for implementers to prohibit the presence of extensions. For further information, see the [definition of modifier extensions](http://hl7.org/fhir/R4/extensibility.html#modifierExtension).","","","","","","","",,,,,"",,,,"BackboneElement.modifierExtension",0,*,"","ele-1:All FHIR elements must have a @value or children {hasValue() or (children().count() > id.count())}
ext-1:Must have either extensions or value[x], not both {extension.exists() != value.exists()}"
"getinfologsforpatient","getinfologsforpatient.careProviders.careProvider","getinfologsforpatient.careProviders.careProvider","","","",0,*,"","","","BackboneElement {[]} {[]}
","En extern vårdgivare","En extern vårdgivare","","","","","","","","","",,,,,"",,,,"getinfologsforpatient.careProviders.careProvider",0,*,"","ele-1:All FHIR elements must have a @value or children {hasValue() or (children().count() > id.count())}
"
"getinfologsforpatient","getinfologsforpatient.careProviders.careProvider.id","getinfologsforpatient.careProviders.careProvider.id","","","",0,1,"","","","string {[]} {[]}
","Unique id for inter-element referencing","Unique id for the element within a resource (for internal references). This may be any string value that does not contain spaces.","","","","","","","","","",,,,,"",,,,"Element.id",0,1,"",""
"getinfologsforpatient","getinfologsforpatient.careProviders.careProvider.extension","getinfologsforpatient.careProviders.careProvider.extension","","extensions
user content","",0,*,"","","","Extension {[]} {[]}
","Additional content defined by implementations","May be used to represent additional information that is not part of the basic definition of the element. To make the use of extensions safe and manageable, there is a strict set of governance  applied to the definition and use of extensions. Though any implementer can define an extension, there is a set of requirements that SHALL be met as part of the definition of the extension.","There can be no stigma associated with the use of extensions by any application, project, or standard - regardless of the institution or jurisdiction that uses or defines the extensions.  The use of extensions is what allows the FHIR specification to retain a core level of simplicity for everyone.","","","","","","","","",,,,,"","value:url}
","Extensions are always sliced by (at least) url",,"open","Element.extension",0,*,"","ele-1:All FHIR elements must have a @value or children {hasValue() or (children().count() > id.count())}
ext-1:Must have either extensions or value[x], not both {extension.exists() != value.exists()}"
"getinfologsforpatient","getinfologsforpatient.careProviders.careProvider.modifierExtension","getinfologsforpatient.careProviders.careProvider.modifierExtension","","extensions
user contentmodifiers","",0,*,"","Y","Y","Extension {[]} {[]}
","Extensions that cannot be ignored even if unrecognized","May be used to represent additional information that is not part of the basic definition of the element and that modifies the understanding of the element in which it is contained and/or the understanding of the containing element's descendants. Usually modifier elements provide negation or qualification. To make the use of extensions safe and manageable, there is a strict set of governance applied to the definition and use of extensions. Though any implementer can define an extension, there is a set of requirements that SHALL be met as part of the definition of the extension. Applications processing a resource are required to check for modifier extensions.

Modifier extensions SHALL NOT change the meaning of any elements on Resource or DomainResource (including cannot change the meaning of modifierExtension itself).","There can be no stigma associated with the use of extensions by any application, project, or standard - regardless of the institution or jurisdiction that uses or defines the extensions.  The use of extensions is what allows the FHIR specification to retain a core level of simplicity for everyone.","Modifier extensions allow for extensions that *cannot* be safely ignored to be clearly distinguished from the vast majority of extensions which can be safely ignored.  This promotes interoperability by eliminating the need for implementers to prohibit the presence of extensions. For further information, see the [definition of modifier extensions](http://hl7.org/fhir/R4/extensibility.html#modifierExtension).","","","","","","","",,,,,"",,,,"BackboneElement.modifierExtension",0,*,"","ele-1:All FHIR elements must have a @value or children {hasValue() or (children().count() > id.count())}
ext-1:Must have either extensions or value[x], not both {extension.exists() != value.exists()}"
"getinfologsforpatient","getinfologsforpatient.careProviders.careProvider.careProviderId","getinfologsforpatient.careProviders.careProvider.careProviderId","","","",1,1,"","","","Identifier {[]} {[]}
","HSA-id för den externa vårdgivaren","HSA-id för den externa vårdgivaren","","","","","","","","","",,,,,"",,,,"getinfologsforpatient.careProviders.careProvider.careProviderId",1,1,"",""
"getinfologsforpatient","getinfologsforpatient.careProviders.careProvider.careProviderName","getinfologsforpatient.careProviders.careProvider.careProviderName","","","",0,1,"","","","string {[]} {[]}
","Den externa vårdgivarens namn","Den externa vårdgivarens namn","","","","","","","","","",,,,,"",,,,"getinfologsforpatient.careProviders.careProvider.careProviderName",0,1,"",""
"getlogsforcareprovider-request","getlogsforcareprovider-request","getlogsforcareprovider-request","","","",0,*,"","","","null {[]} {[]}
","GetLogsForCareProvider — Request","Logisk modell för requestparametrar i GetLogsForCareProvider.","","","","","","","","","",,,,,"",,,,"Base",0,*,"",""
"getlogsforcareprovider-request","getlogsforcareprovider-request.careProviderId","getlogsforcareprovider-request.careProviderId","","","",1,1,"","","","Identifier {[]} {[]}
","Vårdgivare som är ägare till loggposter","HSA-id för vårdgivaren vars loggposter ska hämtas. Kardinalitet: Obligatorisk.","","","","","","","","","",,,,,"",,,,"getlogsforcareprovider-request.careProviderId",1,1,"",""
"getlogsforcareprovider-request","getlogsforcareprovider-request.fromDate","getlogsforcareprovider-request.fromDate","","","",1,1,"","","","dateTime {[]} {[]}
","Obligatoriskt startdatum för rapportuttaget","Obligatoriskt startdatum för rapportuttaget","","","","","","","","","",,,,,"",,,,"getlogsforcareprovider-request.fromDate",1,1,"",""
"getlogsforcareprovider-request","getlogsforcareprovider-request.toDate","getlogsforcareprovider-request.toDate","","","",1,1,"","","","dateTime {[]} {[]}
","Obligatoriskt slutdatum för rapportuttaget","Obligatoriskt slutdatum för rapportuttaget","","","","","","","","","",,,,,"",,,,"getlogsforcareprovider-request.toDate",1,1,"",""
"getlogsforcareprovider-request","getlogsforcareprovider-request.queuedReportId","getlogsforcareprovider-request.queuedReportId","","","",0,1,"","","","string {[]} {[]}
","Id på en pågående rapport (UUID, 36 tecken)","Returneras från tidigare anrop med REPORTONQUEUE/REPORTINPROCESS.
Måste anges vid uppföljande anrop för att undvika att ny rapport skapas.
Kardinalitet: Valfri.","","","","","","","","","",,,,,"",,,,"getlogsforcareprovider-request.queuedReportId",0,1,"",""
"getlogsforcareprovider-request","getlogsforcareprovider-request.careUnitId","getlogsforcareprovider-request.careUnitId","","","",0,1,"","","","Identifier {[]} {[]}
","HSA-id för specifik vårdenhet (valfritt filter)","HSA-id för specifik vårdenhet (valfritt filter)","","","","","","","","","",,,,,"",,,,"getlogsforcareprovider-request.careUnitId",0,1,"",""
"getlogsforcareprovider","getlogsforcareprovider","getlogsforcareprovider","","","",0,*,"","","","null {[]} {[]}
","GetLogsForCareProvider","Logisk modell för tjänstekontraktet GetLogsForCareProvider
(RIV-TA urn:riv:ehr:log:querying:GetLogsForCareProviderResponder:1).
Representerar responsens informationsstruktur (log.querying:LogsResult).
Returnerar loggposter för angiven vårdgivare.","","","","","","","","","",,,,,"",,,,"Base",0,*,"",""
"getlogsforcareprovider","getlogsforcareprovider.result","getlogsforcareprovider.result","","","",1,1,"","","","BackboneElement {[]} {[]}
","Resultatkontainer","Resultatkontainer","","","","","","","","","",,,,,"",,,,"getlogsforcareprovider.result",1,1,"","ele-1:All FHIR elements must have a @value or children {hasValue() or (children().count() > id.count())}
"
"getlogsforcareprovider","getlogsforcareprovider.result.id","getlogsforcareprovider.result.id","","","",0,1,"","","","string {[]} {[]}
","Unique id for inter-element referencing","Unique id for the element within a resource (for internal references). This may be any string value that does not contain spaces.","","","","","","","","","",,,,,"",,,,"Element.id",0,1,"",""
"getlogsforcareprovider","getlogsforcareprovider.result.extension","getlogsforcareprovider.result.extension","","extensions
user content","",0,*,"","","","Extension {[]} {[]}
","Additional content defined by implementations","May be used to represent additional information that is not part of the basic definition of the element. To make the use of extensions safe and manageable, there is a strict set of governance  applied to the definition and use of extensions. Though any implementer can define an extension, there is a set of requirements that SHALL be met as part of the definition of the extension.","There can be no stigma associated with the use of extensions by any application, project, or standard - regardless of the institution or jurisdiction that uses or defines the extensions.  The use of extensions is what allows the FHIR specification to retain a core level of simplicity for everyone.","","","","","","","","",,,,,"","value:url}
","Extensions are always sliced by (at least) url",,"open","Element.extension",0,*,"","ele-1:All FHIR elements must have a @value or children {hasValue() or (children().count() > id.count())}
ext-1:Must have either extensions or value[x], not both {extension.exists() != value.exists()}"
"getlogsforcareprovider","getlogsforcareprovider.result.modifierExtension","getlogsforcareprovider.result.modifierExtension","","extensions
user contentmodifiers","",0,*,"","Y","Y","Extension {[]} {[]}
","Extensions that cannot be ignored even if unrecognized","May be used to represent additional information that is not part of the basic definition of the element and that modifies the understanding of the element in which it is contained and/or the understanding of the containing element's descendants. Usually modifier elements provide negation or qualification. To make the use of extensions safe and manageable, there is a strict set of governance applied to the definition and use of extensions. Though any implementer can define an extension, there is a set of requirements that SHALL be met as part of the definition of the extension. Applications processing a resource are required to check for modifier extensions.

Modifier extensions SHALL NOT change the meaning of any elements on Resource or DomainResource (including cannot change the meaning of modifierExtension itself).","There can be no stigma associated with the use of extensions by any application, project, or standard - regardless of the institution or jurisdiction that uses or defines the extensions.  The use of extensions is what allows the FHIR specification to retain a core level of simplicity for everyone.","Modifier extensions allow for extensions that *cannot* be safely ignored to be clearly distinguished from the vast majority of extensions which can be safely ignored.  This promotes interoperability by eliminating the need for implementers to prohibit the presence of extensions. For further information, see the [definition of modifier extensions](http://hl7.org/fhir/R4/extensibility.html#modifierExtension).","","","","","","","",,,,,"",,,,"BackboneElement.modifierExtension",0,*,"","ele-1:All FHIR elements must have a @value or children {hasValue() or (children().count() > id.count())}
ext-1:Must have either extensions or value[x], not both {extension.exists() != value.exists()}"
"getlogsforcareprovider","getlogsforcareprovider.result.resultCode","getlogsforcareprovider.result.resultCode","","","",1,1,"","","","code {[]} {[]}
","Statuskod för tjänsteanropet","Statuskod. Tillåtna värden: OK, ERROR, REPORTONQUEUE, REPORTINPROCESS,
REPORTNOTFOUND, MAXQUERYRESULTEXCEEDED.
Kardinalitet: Obligatorisk.","","","","","","","","","",,"required","","https://fhir.inera.se/ig/ehr-log/ValueSet/resultcode-vs","",,,,"getlogsforcareprovider.result.resultCode",1,1,"",""
"getlogsforcareprovider","getlogsforcareprovider.result.resultText","getlogsforcareprovider.result.resultText","","","",0,1,"","","","string {[]} {[]}
","Beskrivande text till statuskoden","Beskrivande text till statuskoden","","","","","","","","","",,,,,"",,,,"getlogsforcareprovider.result.resultText",0,1,"",""
"getlogsforcareprovider","getlogsforcareprovider.result.startInterval","getlogsforcareprovider.result.startInterval","","","",0,1,"","","","dateTime {[]} {[]}
","Start på tillgängligt datumintervall för loggdata","Start på tillgängligt datumintervall för loggdata","","","","","","","","","",,,,,"",,,,"getlogsforcareprovider.result.startInterval",0,1,"",""
"getlogsforcareprovider","getlogsforcareprovider.result.endInterval","getlogsforcareprovider.result.endInterval","","","",0,1,"","","","dateTime {[]} {[]}
","Slut på tillgängligt datumintervall för loggdata","Slut på tillgängligt datumintervall för loggdata","","","","","","","","","",,,,,"",,,,"getlogsforcareprovider.result.endInterval",0,1,"",""
"getlogsforcareprovider","getlogsforcareprovider.result.queuedReportId","getlogsforcareprovider.result.queuedReportId","","","",0,1,"","","","string {[]} {[]}
","Id för en pågående rapport","Returneras med statuskod REPORTONQUEUE eller REPORTINPROCESS.
Format: UUID (36 tecken). Kardinalitet: Valfri.","","","","","","","","","",,,,,"",,,,"getlogsforcareprovider.result.queuedReportId",0,1,"",""
"getlogsforcareprovider","getlogsforcareprovider.result.queueTime","getlogsforcareprovider.result.queueTime","","","",0,1,"","","","integer {[]} {[]}
","Uppskattad tid (sekunder) tills rapporten är klar","Uppskattad tid (sekunder) tills rapporten är klar","","","","","","","","","",,,,,"",,,,"getlogsforcareprovider.result.queueTime",0,1,"",""
"getlogsforcareprovider","getlogsforcareprovider.logs","getlogsforcareprovider.logs","","","",0,1,"","","","BackboneElement {[]} {[]}
","Samling av loggposter","Samling av loggposter","","","","","","","","","",,,,,"",,,,"getlogsforcareprovider.logs",0,1,"","ele-1:All FHIR elements must have a @value or children {hasValue() or (children().count() > id.count())}
"
"getlogsforcareprovider","getlogsforcareprovider.logs.id","getlogsforcareprovider.logs.id","","","",0,1,"","","","string {[]} {[]}
","Unique id for inter-element referencing","Unique id for the element within a resource (for internal references). This may be any string value that does not contain spaces.","","","","","","","","","",,,,,"",,,,"Element.id",0,1,"",""
"getlogsforcareprovider","getlogsforcareprovider.logs.extension","getlogsforcareprovider.logs.extension","","extensions
user content","",0,*,"","","","Extension {[]} {[]}
","Additional content defined by implementations","May be used to represent additional information that is not part of the basic definition of the element. To make the use of extensions safe and manageable, there is a strict set of governance  applied to the definition and use of extensions. Though any implementer can define an extension, there is a set of requirements that SHALL be met as part of the definition of the extension.","There can be no stigma associated with the use of extensions by any application, project, or standard - regardless of the institution or jurisdiction that uses or defines the extensions.  The use of extensions is what allows the FHIR specification to retain a core level of simplicity for everyone.","","","","","","","","",,,,,"","value:url}
","Extensions are always sliced by (at least) url",,"open","Element.extension",0,*,"","ele-1:All FHIR elements must have a @value or children {hasValue() or (children().count() > id.count())}
ext-1:Must have either extensions or value[x], not both {extension.exists() != value.exists()}"
"getlogsforcareprovider","getlogsforcareprovider.logs.modifierExtension","getlogsforcareprovider.logs.modifierExtension","","extensions
user contentmodifiers","",0,*,"","Y","Y","Extension {[]} {[]}
","Extensions that cannot be ignored even if unrecognized","May be used to represent additional information that is not part of the basic definition of the element and that modifies the understanding of the element in which it is contained and/or the understanding of the containing element's descendants. Usually modifier elements provide negation or qualification. To make the use of extensions safe and manageable, there is a strict set of governance applied to the definition and use of extensions. Though any implementer can define an extension, there is a set of requirements that SHALL be met as part of the definition of the extension. Applications processing a resource are required to check for modifier extensions.

Modifier extensions SHALL NOT change the meaning of any elements on Resource or DomainResource (including cannot change the meaning of modifierExtension itself).","There can be no stigma associated with the use of extensions by any application, project, or standard - regardless of the institution or jurisdiction that uses or defines the extensions.  The use of extensions is what allows the FHIR specification to retain a core level of simplicity for everyone.","Modifier extensions allow for extensions that *cannot* be safely ignored to be clearly distinguished from the vast majority of extensions which can be safely ignored.  This promotes interoperability by eliminating the need for implementers to prohibit the presence of extensions. For further information, see the [definition of modifier extensions](http://hl7.org/fhir/R4/extensibility.html#modifierExtension).","","","","","","","",,,,,"",,,,"BackboneElement.modifierExtension",0,*,"","ele-1:All FHIR elements must have a @value or children {hasValue() or (children().count() > id.count())}
ext-1:Must have either extensions or value[x], not both {extension.exists() != value.exists()}"
"getlogsforcareprovider","getlogsforcareprovider.logs.log","getlogsforcareprovider.logs.log","","","",0,*,"","","","BackboneElement {[]} {[]}
","En loggpost","En loggpost","","","","","","","","","",,,,,"",,,,"getlogsforcareprovider.logs.log",0,*,"","ele-1:All FHIR elements must have a @value or children {hasValue() or (children().count() > id.count())}
"
"getlogsforcareprovider","getlogsforcareprovider.logs.log.id","getlogsforcareprovider.logs.log.id","","","",0,1,"","","","string {[]} {[]}
","Unique id for inter-element referencing","Unique id for the element within a resource (for internal references). This may be any string value that does not contain spaces.","","","","","","","","","",,,,,"",,,,"Element.id",0,1,"",""
"getlogsforcareprovider","getlogsforcareprovider.logs.log.extension","getlogsforcareprovider.logs.log.extension","","extensions
user content","",0,*,"","","","Extension {[]} {[]}
","Additional content defined by implementations","May be used to represent additional information that is not part of the basic definition of the element. To make the use of extensions safe and manageable, there is a strict set of governance  applied to the definition and use of extensions. Though any implementer can define an extension, there is a set of requirements that SHALL be met as part of the definition of the extension.","There can be no stigma associated with the use of extensions by any application, project, or standard - regardless of the institution or jurisdiction that uses or defines the extensions.  The use of extensions is what allows the FHIR specification to retain a core level of simplicity for everyone.","","","","","","","","",,,,,"","value:url}
","Extensions are always sliced by (at least) url",,"open","Element.extension",0,*,"","ele-1:All FHIR elements must have a @value or children {hasValue() or (children().count() > id.count())}
ext-1:Must have either extensions or value[x], not both {extension.exists() != value.exists()}"
"getlogsforcareprovider","getlogsforcareprovider.logs.log.modifierExtension","getlogsforcareprovider.logs.log.modifierExtension","","extensions
user contentmodifiers","",0,*,"","Y","Y","Extension {[]} {[]}
","Extensions that cannot be ignored even if unrecognized","May be used to represent additional information that is not part of the basic definition of the element and that modifies the understanding of the element in which it is contained and/or the understanding of the containing element's descendants. Usually modifier elements provide negation or qualification. To make the use of extensions safe and manageable, there is a strict set of governance applied to the definition and use of extensions. Though any implementer can define an extension, there is a set of requirements that SHALL be met as part of the definition of the extension. Applications processing a resource are required to check for modifier extensions.

Modifier extensions SHALL NOT change the meaning of any elements on Resource or DomainResource (including cannot change the meaning of modifierExtension itself).","There can be no stigma associated with the use of extensions by any application, project, or standard - regardless of the institution or jurisdiction that uses or defines the extensions.  The use of extensions is what allows the FHIR specification to retain a core level of simplicity for everyone.","Modifier extensions allow for extensions that *cannot* be safely ignored to be clearly distinguished from the vast majority of extensions which can be safely ignored.  This promotes interoperability by eliminating the need for implementers to prohibit the presence of extensions. For further information, see the [definition of modifier extensions](http://hl7.org/fhir/R4/extensibility.html#modifierExtension).","","","","","","","",,,,,"",,,,"BackboneElement.modifierExtension",0,*,"","ele-1:All FHIR elements must have a @value or children {hasValue() or (children().count() > id.count())}
ext-1:Must have either extensions or value[x], not both {extension.exists() != value.exists()}"
"getlogsforcareprovider","getlogsforcareprovider.logs.log.logId","getlogsforcareprovider.logs.log.logId","","","",1,1,"","","","string {[]} {[]}
","Unikt UUID-identifikationsnummer för loggposten","Unikt UUID-identifikationsnummer för loggposten","","","","","","","","","",,,,,"",,,,"getlogsforcareprovider.logs.log.logId",1,1,"",""
"getlogsforcareprovider","getlogsforcareprovider.logs.log.system","getlogsforcareprovider.logs.log.system","","","",1,1,"","","","BackboneElement {[]} {[]}
","Systemet som loggat","Systemet som loggat","","","","","","","","","",,,,,"",,,,"getlogsforcareprovider.logs.log.system",1,1,"","ele-1:All FHIR elements must have a @value or children {hasValue() or (children().count() > id.count())}
"
"getlogsforcareprovider","getlogsforcareprovider.logs.log.system.id","getlogsforcareprovider.logs.log.system.id","","","",0,1,"","","","string {[]} {[]}
","Unique id for inter-element referencing","Unique id for the element within a resource (for internal references). This may be any string value that does not contain spaces.","","","","","","","","","",,,,,"",,,,"Element.id",0,1,"",""
"getlogsforcareprovider","getlogsforcareprovider.logs.log.system.extension","getlogsforcareprovider.logs.log.system.extension","","extensions
user content","",0,*,"","","","Extension {[]} {[]}
","Additional content defined by implementations","May be used to represent additional information that is not part of the basic definition of the element. To make the use of extensions safe and manageable, there is a strict set of governance  applied to the definition and use of extensions. Though any implementer can define an extension, there is a set of requirements that SHALL be met as part of the definition of the extension.","There can be no stigma associated with the use of extensions by any application, project, or standard - regardless of the institution or jurisdiction that uses or defines the extensions.  The use of extensions is what allows the FHIR specification to retain a core level of simplicity for everyone.","","","","","","","","",,,,,"","value:url}
","Extensions are always sliced by (at least) url",,"open","Element.extension",0,*,"","ele-1:All FHIR elements must have a @value or children {hasValue() or (children().count() > id.count())}
ext-1:Must have either extensions or value[x], not both {extension.exists() != value.exists()}"
"getlogsforcareprovider","getlogsforcareprovider.logs.log.system.modifierExtension","getlogsforcareprovider.logs.log.system.modifierExtension","","extensions
user contentmodifiers","",0,*,"","Y","Y","Extension {[]} {[]}
","Extensions that cannot be ignored even if unrecognized","May be used to represent additional information that is not part of the basic definition of the element and that modifies the understanding of the element in which it is contained and/or the understanding of the containing element's descendants. Usually modifier elements provide negation or qualification. To make the use of extensions safe and manageable, there is a strict set of governance applied to the definition and use of extensions. Though any implementer can define an extension, there is a set of requirements that SHALL be met as part of the definition of the extension. Applications processing a resource are required to check for modifier extensions.

Modifier extensions SHALL NOT change the meaning of any elements on Resource or DomainResource (including cannot change the meaning of modifierExtension itself).","There can be no stigma associated with the use of extensions by any application, project, or standard - regardless of the institution or jurisdiction that uses or defines the extensions.  The use of extensions is what allows the FHIR specification to retain a core level of simplicity for everyone.","Modifier extensions allow for extensions that *cannot* be safely ignored to be clearly distinguished from the vast majority of extensions which can be safely ignored.  This promotes interoperability by eliminating the need for implementers to prohibit the presence of extensions. For further information, see the [definition of modifier extensions](http://hl7.org/fhir/R4/extensibility.html#modifierExtension).","","","","","","","",,,,,"",,,,"BackboneElement.modifierExtension",0,*,"","ele-1:All FHIR elements must have a @value or children {hasValue() or (children().count() > id.count())}
ext-1:Must have either extensions or value[x], not both {extension.exists() != value.exists()}"
"getlogsforcareprovider","getlogsforcareprovider.logs.log.system.systemId","getlogsforcareprovider.logs.log.system.systemId","","","",1,1,"","","","Identifier {[]} {[]}
","Systemets HSA-id","Systemets HSA-id","","","","","","","","","",,,,,"",,,,"getlogsforcareprovider.logs.log.system.systemId",1,1,"",""
"getlogsforcareprovider","getlogsforcareprovider.logs.log.system.systemName","getlogsforcareprovider.logs.log.system.systemName","","","",0,1,"","","","string {[]} {[]}
","Systemets namn","Systemets namn","","","","","","","","","",,,,,"",,,,"getlogsforcareprovider.logs.log.system.systemName",0,1,"",""
"getlogsforcareprovider","getlogsforcareprovider.logs.log.activity","getlogsforcareprovider.logs.log.activity","","","",1,1,"","","","BackboneElement {[]} {[]}
","Aktivitetsinformation","Aktivitetsinformation","","","","","","","","","",,,,,"",,,,"getlogsforcareprovider.logs.log.activity",1,1,"","ele-1:All FHIR elements must have a @value or children {hasValue() or (children().count() > id.count())}
"
"getlogsforcareprovider","getlogsforcareprovider.logs.log.activity.id","getlogsforcareprovider.logs.log.activity.id","","","",0,1,"","","","string {[]} {[]}
","Unique id for inter-element referencing","Unique id for the element within a resource (for internal references). This may be any string value that does not contain spaces.","","","","","","","","","",,,,,"",,,,"Element.id",0,1,"",""
"getlogsforcareprovider","getlogsforcareprovider.logs.log.activity.extension","getlogsforcareprovider.logs.log.activity.extension","","extensions
user content","",0,*,"","","","Extension {[]} {[]}
","Additional content defined by implementations","May be used to represent additional information that is not part of the basic definition of the element. To make the use of extensions safe and manageable, there is a strict set of governance  applied to the definition and use of extensions. Though any implementer can define an extension, there is a set of requirements that SHALL be met as part of the definition of the extension.","There can be no stigma associated with the use of extensions by any application, project, or standard - regardless of the institution or jurisdiction that uses or defines the extensions.  The use of extensions is what allows the FHIR specification to retain a core level of simplicity for everyone.","","","","","","","","",,,,,"","value:url}
","Extensions are always sliced by (at least) url",,"open","Element.extension",0,*,"","ele-1:All FHIR elements must have a @value or children {hasValue() or (children().count() > id.count())}
ext-1:Must have either extensions or value[x], not both {extension.exists() != value.exists()}"
"getlogsforcareprovider","getlogsforcareprovider.logs.log.activity.modifierExtension","getlogsforcareprovider.logs.log.activity.modifierExtension","","extensions
user contentmodifiers","",0,*,"","Y","Y","Extension {[]} {[]}
","Extensions that cannot be ignored even if unrecognized","May be used to represent additional information that is not part of the basic definition of the element and that modifies the understanding of the element in which it is contained and/or the understanding of the containing element's descendants. Usually modifier elements provide negation or qualification. To make the use of extensions safe and manageable, there is a strict set of governance applied to the definition and use of extensions. Though any implementer can define an extension, there is a set of requirements that SHALL be met as part of the definition of the extension. Applications processing a resource are required to check for modifier extensions.

Modifier extensions SHALL NOT change the meaning of any elements on Resource or DomainResource (including cannot change the meaning of modifierExtension itself).","There can be no stigma associated with the use of extensions by any application, project, or standard - regardless of the institution or jurisdiction that uses or defines the extensions.  The use of extensions is what allows the FHIR specification to retain a core level of simplicity for everyone.","Modifier extensions allow for extensions that *cannot* be safely ignored to be clearly distinguished from the vast majority of extensions which can be safely ignored.  This promotes interoperability by eliminating the need for implementers to prohibit the presence of extensions. For further information, see the [definition of modifier extensions](http://hl7.org/fhir/R4/extensibility.html#modifierExtension).","","","","","","","",,,,,"",,,,"BackboneElement.modifierExtension",0,*,"","ele-1:All FHIR elements must have a @value or children {hasValue() or (children().count() > id.count())}
ext-1:Must have either extensions or value[x], not both {extension.exists() != value.exists()}"
"getlogsforcareprovider","getlogsforcareprovider.logs.log.activity.activityType","getlogsforcareprovider.logs.log.activity.activityType","","","",1,1,"","","","code {[]} {[]}
","Typ av aktivitet","Typ av aktivitet","","","","","","","","","",,"required","","https://fhir.inera.se/ig/ehr-log/ValueSet/activitytype-vs","",,,,"getlogsforcareprovider.logs.log.activity.activityType",1,1,"",""
"getlogsforcareprovider","getlogsforcareprovider.logs.log.activity.activityLevel","getlogsforcareprovider.logs.log.activity.activityLevel","","","",0,1,"","","","string {[]} {[]}
","Aktivitetsnivå","Aktivitetsnivå","","","","","","","","","",,,,,"",,,,"getlogsforcareprovider.logs.log.activity.activityLevel",0,1,"",""
"getlogsforcareprovider","getlogsforcareprovider.logs.log.activity.activityArgs","getlogsforcareprovider.logs.log.activity.activityArgs","","","",0,1,"","","","string {[]} {[]}
","Övriga aktivitetsparametrar","Övriga aktivitetsparametrar","","","","","","","","","",,,,,"",,,,"getlogsforcareprovider.logs.log.activity.activityArgs",0,1,"",""
"getlogsforcareprovider","getlogsforcareprovider.logs.log.activity.startDate","getlogsforcareprovider.logs.log.activity.startDate","","","",1,1,"","","","dateTime {[]} {[]}
","Tidpunkt för aktiviteten","Tidpunkt för aktiviteten","","","","","","","","","",,,,,"",,,,"getlogsforcareprovider.logs.log.activity.startDate",1,1,"",""
"getlogsforcareprovider","getlogsforcareprovider.logs.log.activity.purpose","getlogsforcareprovider.logs.log.activity.purpose","","","",1,1,"","","","string {[]} {[]}
","Syfte med aktiviteten","Syfte med aktiviteten","","","","","","","","","",,,,,"",,,,"getlogsforcareprovider.logs.log.activity.purpose",1,1,"",""
"getlogsforcareprovider","getlogsforcareprovider.logs.log.user","getlogsforcareprovider.logs.log.user","","","",1,1,"","","","BackboneElement {[]} {[]}
","Användaren som utförde aktiviteten","Användaren som utförde aktiviteten","","","","","","","","","",,,,,"",,,,"getlogsforcareprovider.logs.log.user",1,1,"","ele-1:All FHIR elements must have a @value or children {hasValue() or (children().count() > id.count())}
"
"getlogsforcareprovider","getlogsforcareprovider.logs.log.user.id","getlogsforcareprovider.logs.log.user.id","","","",0,1,"","","","string {[]} {[]}
","Unique id for inter-element referencing","Unique id for the element within a resource (for internal references). This may be any string value that does not contain spaces.","","","","","","","","","",,,,,"",,,,"Element.id",0,1,"",""
"getlogsforcareprovider","getlogsforcareprovider.logs.log.user.extension","getlogsforcareprovider.logs.log.user.extension","","extensions
user content","",0,*,"","","","Extension {[]} {[]}
","Additional content defined by implementations","May be used to represent additional information that is not part of the basic definition of the element. To make the use of extensions safe and manageable, there is a strict set of governance  applied to the definition and use of extensions. Though any implementer can define an extension, there is a set of requirements that SHALL be met as part of the definition of the extension.","There can be no stigma associated with the use of extensions by any application, project, or standard - regardless of the institution or jurisdiction that uses or defines the extensions.  The use of extensions is what allows the FHIR specification to retain a core level of simplicity for everyone.","","","","","","","","",,,,,"","value:url}
","Extensions are always sliced by (at least) url",,"open","Element.extension",0,*,"","ele-1:All FHIR elements must have a @value or children {hasValue() or (children().count() > id.count())}
ext-1:Must have either extensions or value[x], not both {extension.exists() != value.exists()}"
"getlogsforcareprovider","getlogsforcareprovider.logs.log.user.modifierExtension","getlogsforcareprovider.logs.log.user.modifierExtension","","extensions
user contentmodifiers","",0,*,"","Y","Y","Extension {[]} {[]}
","Extensions that cannot be ignored even if unrecognized","May be used to represent additional information that is not part of the basic definition of the element and that modifies the understanding of the element in which it is contained and/or the understanding of the containing element's descendants. Usually modifier elements provide negation or qualification. To make the use of extensions safe and manageable, there is a strict set of governance applied to the definition and use of extensions. Though any implementer can define an extension, there is a set of requirements that SHALL be met as part of the definition of the extension. Applications processing a resource are required to check for modifier extensions.

Modifier extensions SHALL NOT change the meaning of any elements on Resource or DomainResource (including cannot change the meaning of modifierExtension itself).","There can be no stigma associated with the use of extensions by any application, project, or standard - regardless of the institution or jurisdiction that uses or defines the extensions.  The use of extensions is what allows the FHIR specification to retain a core level of simplicity for everyone.","Modifier extensions allow for extensions that *cannot* be safely ignored to be clearly distinguished from the vast majority of extensions which can be safely ignored.  This promotes interoperability by eliminating the need for implementers to prohibit the presence of extensions. For further information, see the [definition of modifier extensions](http://hl7.org/fhir/R4/extensibility.html#modifierExtension).","","","","","","","",,,,,"",,,,"BackboneElement.modifierExtension",0,*,"","ele-1:All FHIR elements must have a @value or children {hasValue() or (children().count() > id.count())}
ext-1:Must have either extensions or value[x], not both {extension.exists() != value.exists()}"
"getlogsforcareprovider","getlogsforcareprovider.logs.log.user.userId","getlogsforcareprovider.logs.log.user.userId","","","",1,1,"","","","Identifier {[]} {[]}
","Användarens HSA-id","Användarens HSA-id","","","","","","","","","",,,,,"",,,,"getlogsforcareprovider.logs.log.user.userId",1,1,"",""
"getlogsforcareprovider","getlogsforcareprovider.logs.log.user.employeeName","getlogsforcareprovider.logs.log.user.employeeName","","","",0,1,"","","","string {[]} {[]}
","Användarens namn","Användarens namn","","","","","","","","","",,,,,"",,,,"getlogsforcareprovider.logs.log.user.employeeName",0,1,"",""
"getlogsforcareprovider","getlogsforcareprovider.logs.log.user.personId","getlogsforcareprovider.logs.log.user.personId","","","",0,1,"","","","Identifier {[]} {[]}
","Medarbetarens personnummer","Medarbetarens personnummer","","","","","","","","","",,,,,"",,,,"getlogsforcareprovider.logs.log.user.personId",0,1,"",""
"getlogsforcareprovider","getlogsforcareprovider.logs.log.user.assignment","getlogsforcareprovider.logs.log.user.assignment","","","",0,1,"","","","string {[]} {[]}
","Medarbetarens uppdragsnamn","Medarbetarens uppdragsnamn","","","","","","","","","",,,,,"",,,,"getlogsforcareprovider.logs.log.user.assignment",0,1,"",""
"getlogsforcareprovider","getlogsforcareprovider.logs.log.user.title","getlogsforcareprovider.logs.log.user.title","","","",0,1,"","","","string {[]} {[]}
","Medarbetarens yrkestitel","Medarbetarens yrkestitel","","","","","","","","","",,,,,"",,,,"getlogsforcareprovider.logs.log.user.title",0,1,"",""
"getlogsforcareprovider","getlogsforcareprovider.logs.log.user.careProvider","getlogsforcareprovider.logs.log.user.careProvider","","","",1,1,"","","","BackboneElement {[]} {[]}
","Användarens vårdgivare","Användarens vårdgivare","","","","","","","","","",,,,,"",,,,"getlogsforcareprovider.logs.log.user.careProvider",1,1,"","ele-1:All FHIR elements must have a @value or children {hasValue() or (children().count() > id.count())}
"
"getlogsforcareprovider","getlogsforcareprovider.logs.log.user.careProvider.id","getlogsforcareprovider.logs.log.user.careProvider.id","","","",0,1,"","","","string {[]} {[]}
","Unique id for inter-element referencing","Unique id for the element within a resource (for internal references). This may be any string value that does not contain spaces.","","","","","","","","","",,,,,"",,,,"Element.id",0,1,"",""
"getlogsforcareprovider","getlogsforcareprovider.logs.log.user.careProvider.extension","getlogsforcareprovider.logs.log.user.careProvider.extension","","extensions
user content","",0,*,"","","","Extension {[]} {[]}
","Additional content defined by implementations","May be used to represent additional information that is not part of the basic definition of the element. To make the use of extensions safe and manageable, there is a strict set of governance  applied to the definition and use of extensions. Though any implementer can define an extension, there is a set of requirements that SHALL be met as part of the definition of the extension.","There can be no stigma associated with the use of extensions by any application, project, or standard - regardless of the institution or jurisdiction that uses or defines the extensions.  The use of extensions is what allows the FHIR specification to retain a core level of simplicity for everyone.","","","","","","","","",,,,,"","value:url}
","Extensions are always sliced by (at least) url",,"open","Element.extension",0,*,"","ele-1:All FHIR elements must have a @value or children {hasValue() or (children().count() > id.count())}
ext-1:Must have either extensions or value[x], not both {extension.exists() != value.exists()}"
"getlogsforcareprovider","getlogsforcareprovider.logs.log.user.careProvider.modifierExtension","getlogsforcareprovider.logs.log.user.careProvider.modifierExtension","","extensions
user contentmodifiers","",0,*,"","Y","Y","Extension {[]} {[]}
","Extensions that cannot be ignored even if unrecognized","May be used to represent additional information that is not part of the basic definition of the element and that modifies the understanding of the element in which it is contained and/or the understanding of the containing element's descendants. Usually modifier elements provide negation or qualification. To make the use of extensions safe and manageable, there is a strict set of governance applied to the definition and use of extensions. Though any implementer can define an extension, there is a set of requirements that SHALL be met as part of the definition of the extension. Applications processing a resource are required to check for modifier extensions.

Modifier extensions SHALL NOT change the meaning of any elements on Resource or DomainResource (including cannot change the meaning of modifierExtension itself).","There can be no stigma associated with the use of extensions by any application, project, or standard - regardless of the institution or jurisdiction that uses or defines the extensions.  The use of extensions is what allows the FHIR specification to retain a core level of simplicity for everyone.","Modifier extensions allow for extensions that *cannot* be safely ignored to be clearly distinguished from the vast majority of extensions which can be safely ignored.  This promotes interoperability by eliminating the need for implementers to prohibit the presence of extensions. For further information, see the [definition of modifier extensions](http://hl7.org/fhir/R4/extensibility.html#modifierExtension).","","","","","","","",,,,,"",,,,"BackboneElement.modifierExtension",0,*,"","ele-1:All FHIR elements must have a @value or children {hasValue() or (children().count() > id.count())}
ext-1:Must have either extensions or value[x], not both {extension.exists() != value.exists()}"
"getlogsforcareprovider","getlogsforcareprovider.logs.log.user.careProvider.careProviderId","getlogsforcareprovider.logs.log.user.careProvider.careProviderId","","","",1,1,"","","","Identifier {[]} {[]}
","Vårdgivarens HSA-id","Vårdgivarens HSA-id","","","","","","","","","",,,,,"",,,,"getlogsforcareprovider.logs.log.user.careProvider.careProviderId",1,1,"",""
"getlogsforcareprovider","getlogsforcareprovider.logs.log.user.careProvider.careProviderName","getlogsforcareprovider.logs.log.user.careProvider.careProviderName","","","",0,1,"","","","string {[]} {[]}
","Vårdgivarens namn","Vårdgivarens namn","","","","","","","","","",,,,,"",,,,"getlogsforcareprovider.logs.log.user.careProvider.careProviderName",0,1,"",""
"getlogsforcareprovider","getlogsforcareprovider.logs.log.user.careUnit","getlogsforcareprovider.logs.log.user.careUnit","","","",1,1,"","","","BackboneElement {[]} {[]}
","Användarens vårdenhet","Användarens vårdenhet","","","","","","","","","",,,,,"",,,,"getlogsforcareprovider.logs.log.user.careUnit",1,1,"","ele-1:All FHIR elements must have a @value or children {hasValue() or (children().count() > id.count())}
"
"getlogsforcareprovider","getlogsforcareprovider.logs.log.user.careUnit.id","getlogsforcareprovider.logs.log.user.careUnit.id","","","",0,1,"","","","string {[]} {[]}
","Unique id for inter-element referencing","Unique id for the element within a resource (for internal references). This may be any string value that does not contain spaces.","","","","","","","","","",,,,,"",,,,"Element.id",0,1,"",""
"getlogsforcareprovider","getlogsforcareprovider.logs.log.user.careUnit.extension","getlogsforcareprovider.logs.log.user.careUnit.extension","","extensions
user content","",0,*,"","","","Extension {[]} {[]}
","Additional content defined by implementations","May be used to represent additional information that is not part of the basic definition of the element. To make the use of extensions safe and manageable, there is a strict set of governance  applied to the definition and use of extensions. Though any implementer can define an extension, there is a set of requirements that SHALL be met as part of the definition of the extension.","There can be no stigma associated with the use of extensions by any application, project, or standard - regardless of the institution or jurisdiction that uses or defines the extensions.  The use of extensions is what allows the FHIR specification to retain a core level of simplicity for everyone.","","","","","","","","",,,,,"","value:url}
","Extensions are always sliced by (at least) url",,"open","Element.extension",0,*,"","ele-1:All FHIR elements must have a @value or children {hasValue() or (children().count() > id.count())}
ext-1:Must have either extensions or value[x], not both {extension.exists() != value.exists()}"
"getlogsforcareprovider","getlogsforcareprovider.logs.log.user.careUnit.modifierExtension","getlogsforcareprovider.logs.log.user.careUnit.modifierExtension","","extensions
user contentmodifiers","",0,*,"","Y","Y","Extension {[]} {[]}
","Extensions that cannot be ignored even if unrecognized","May be used to represent additional information that is not part of the basic definition of the element and that modifies the understanding of the element in which it is contained and/or the understanding of the containing element's descendants. Usually modifier elements provide negation or qualification. To make the use of extensions safe and manageable, there is a strict set of governance applied to the definition and use of extensions. Though any implementer can define an extension, there is a set of requirements that SHALL be met as part of the definition of the extension. Applications processing a resource are required to check for modifier extensions.

Modifier extensions SHALL NOT change the meaning of any elements on Resource or DomainResource (including cannot change the meaning of modifierExtension itself).","There can be no stigma associated with the use of extensions by any application, project, or standard - regardless of the institution or jurisdiction that uses or defines the extensions.  The use of extensions is what allows the FHIR specification to retain a core level of simplicity for everyone.","Modifier extensions allow for extensions that *cannot* be safely ignored to be clearly distinguished from the vast majority of extensions which can be safely ignored.  This promotes interoperability by eliminating the need for implementers to prohibit the presence of extensions. For further information, see the [definition of modifier extensions](http://hl7.org/fhir/R4/extensibility.html#modifierExtension).","","","","","","","",,,,,"",,,,"BackboneElement.modifierExtension",0,*,"","ele-1:All FHIR elements must have a @value or children {hasValue() or (children().count() > id.count())}
ext-1:Must have either extensions or value[x], not both {extension.exists() != value.exists()}"
"getlogsforcareprovider","getlogsforcareprovider.logs.log.user.careUnit.careUnitId","getlogsforcareprovider.logs.log.user.careUnit.careUnitId","","","",1,1,"","","","Identifier {[]} {[]}
","Vårdenhetens HSA-id","Vårdenhetens HSA-id","","","","","","","","","",,,,,"",,,,"getlogsforcareprovider.logs.log.user.careUnit.careUnitId",1,1,"",""
"getlogsforcareprovider","getlogsforcareprovider.logs.log.user.careUnit.careUnitName","getlogsforcareprovider.logs.log.user.careUnit.careUnitName","","","",0,1,"","","","string {[]} {[]}
","Vårdenhetens namn","Vårdenhetens namn","","","","","","","","","",,,,,"",,,,"getlogsforcareprovider.logs.log.user.careUnit.careUnitName",0,1,"",""
"getlogsforcareprovider","getlogsforcareprovider.logs.log.resources","getlogsforcareprovider.logs.log.resources","","","",1,1,"","","","BackboneElement {[]} {[]}
","Resurser som aktiviteten avsåg","Resurser som aktiviteten avsåg","","","","","","","","","",,,,,"",,,,"getlogsforcareprovider.logs.log.resources",1,1,"","ele-1:All FHIR elements must have a @value or children {hasValue() or (children().count() > id.count())}
"
"getlogsforcareprovider","getlogsforcareprovider.logs.log.resources.id","getlogsforcareprovider.logs.log.resources.id","","","",0,1,"","","","string {[]} {[]}
","Unique id for inter-element referencing","Unique id for the element within a resource (for internal references). This may be any string value that does not contain spaces.","","","","","","","","","",,,,,"",,,,"Element.id",0,1,"",""
"getlogsforcareprovider","getlogsforcareprovider.logs.log.resources.extension","getlogsforcareprovider.logs.log.resources.extension","","extensions
user content","",0,*,"","","","Extension {[]} {[]}
","Additional content defined by implementations","May be used to represent additional information that is not part of the basic definition of the element. To make the use of extensions safe and manageable, there is a strict set of governance  applied to the definition and use of extensions. Though any implementer can define an extension, there is a set of requirements that SHALL be met as part of the definition of the extension.","There can be no stigma associated with the use of extensions by any application, project, or standard - regardless of the institution or jurisdiction that uses or defines the extensions.  The use of extensions is what allows the FHIR specification to retain a core level of simplicity for everyone.","","","","","","","","",,,,,"","value:url}
","Extensions are always sliced by (at least) url",,"open","Element.extension",0,*,"","ele-1:All FHIR elements must have a @value or children {hasValue() or (children().count() > id.count())}
ext-1:Must have either extensions or value[x], not both {extension.exists() != value.exists()}"
"getlogsforcareprovider","getlogsforcareprovider.logs.log.resources.modifierExtension","getlogsforcareprovider.logs.log.resources.modifierExtension","","extensions
user contentmodifiers","",0,*,"","Y","Y","Extension {[]} {[]}
","Extensions that cannot be ignored even if unrecognized","May be used to represent additional information that is not part of the basic definition of the element and that modifies the understanding of the element in which it is contained and/or the understanding of the containing element's descendants. Usually modifier elements provide negation or qualification. To make the use of extensions safe and manageable, there is a strict set of governance applied to the definition and use of extensions. Though any implementer can define an extension, there is a set of requirements that SHALL be met as part of the definition of the extension. Applications processing a resource are required to check for modifier extensions.

Modifier extensions SHALL NOT change the meaning of any elements on Resource or DomainResource (including cannot change the meaning of modifierExtension itself).","There can be no stigma associated with the use of extensions by any application, project, or standard - regardless of the institution or jurisdiction that uses or defines the extensions.  The use of extensions is what allows the FHIR specification to retain a core level of simplicity for everyone.","Modifier extensions allow for extensions that *cannot* be safely ignored to be clearly distinguished from the vast majority of extensions which can be safely ignored.  This promotes interoperability by eliminating the need for implementers to prohibit the presence of extensions. For further information, see the [definition of modifier extensions](http://hl7.org/fhir/R4/extensibility.html#modifierExtension).","","","","","","","",,,,,"",,,,"BackboneElement.modifierExtension",0,*,"","ele-1:All FHIR elements must have a @value or children {hasValue() or (children().count() > id.count())}
ext-1:Must have either extensions or value[x], not both {extension.exists() != value.exists()}"
"getlogsforcareprovider","getlogsforcareprovider.logs.log.resources.resource","getlogsforcareprovider.logs.log.resources.resource","","","",1,*,"","","","BackboneElement {[]} {[]}
","En resurs","En resurs","","","","","","","","","",,,,,"",,,,"getlogsforcareprovider.logs.log.resources.resource",1,*,"","ele-1:All FHIR elements must have a @value or children {hasValue() or (children().count() > id.count())}
"
"getlogsforcareprovider","getlogsforcareprovider.logs.log.resources.resource.id","getlogsforcareprovider.logs.log.resources.resource.id","","","",0,1,"","","","string {[]} {[]}
","Unique id for inter-element referencing","Unique id for the element within a resource (for internal references). This may be any string value that does not contain spaces.","","","","","","","","","",,,,,"",,,,"Element.id",0,1,"",""
"getlogsforcareprovider","getlogsforcareprovider.logs.log.resources.resource.extension","getlogsforcareprovider.logs.log.resources.resource.extension","","extensions
user content","",0,*,"","","","Extension {[]} {[]}
","Additional content defined by implementations","May be used to represent additional information that is not part of the basic definition of the element. To make the use of extensions safe and manageable, there is a strict set of governance  applied to the definition and use of extensions. Though any implementer can define an extension, there is a set of requirements that SHALL be met as part of the definition of the extension.","There can be no stigma associated with the use of extensions by any application, project, or standard - regardless of the institution or jurisdiction that uses or defines the extensions.  The use of extensions is what allows the FHIR specification to retain a core level of simplicity for everyone.","","","","","","","","",,,,,"","value:url}
","Extensions are always sliced by (at least) url",,"open","Element.extension",0,*,"","ele-1:All FHIR elements must have a @value or children {hasValue() or (children().count() > id.count())}
ext-1:Must have either extensions or value[x], not both {extension.exists() != value.exists()}"
"getlogsforcareprovider","getlogsforcareprovider.logs.log.resources.resource.modifierExtension","getlogsforcareprovider.logs.log.resources.resource.modifierExtension","","extensions
user contentmodifiers","",0,*,"","Y","Y","Extension {[]} {[]}
","Extensions that cannot be ignored even if unrecognized","May be used to represent additional information that is not part of the basic definition of the element and that modifies the understanding of the element in which it is contained and/or the understanding of the containing element's descendants. Usually modifier elements provide negation or qualification. To make the use of extensions safe and manageable, there is a strict set of governance applied to the definition and use of extensions. Though any implementer can define an extension, there is a set of requirements that SHALL be met as part of the definition of the extension. Applications processing a resource are required to check for modifier extensions.

Modifier extensions SHALL NOT change the meaning of any elements on Resource or DomainResource (including cannot change the meaning of modifierExtension itself).","There can be no stigma associated with the use of extensions by any application, project, or standard - regardless of the institution or jurisdiction that uses or defines the extensions.  The use of extensions is what allows the FHIR specification to retain a core level of simplicity for everyone.","Modifier extensions allow for extensions that *cannot* be safely ignored to be clearly distinguished from the vast majority of extensions which can be safely ignored.  This promotes interoperability by eliminating the need for implementers to prohibit the presence of extensions. For further information, see the [definition of modifier extensions](http://hl7.org/fhir/R4/extensibility.html#modifierExtension).","","","","","","","",,,,,"",,,,"BackboneElement.modifierExtension",0,*,"","ele-1:All FHIR elements must have a @value or children {hasValue() or (children().count() > id.count())}
ext-1:Must have either extensions or value[x], not both {extension.exists() != value.exists()}"
"getlogsforcareprovider","getlogsforcareprovider.logs.log.resources.resource.resourceType","getlogsforcareprovider.logs.log.resources.resource.resourceType","","","",1,1,"","","","string {[]} {[]}
","Resurstyp","Resurstyp","","","","","","","","","",,,,,"",,,,"getlogsforcareprovider.logs.log.resources.resource.resourceType",1,1,"",""
"getlogsforcareprovider","getlogsforcareprovider.logs.log.resources.resource.patient","getlogsforcareprovider.logs.log.resources.resource.patient","","","",0,1,"","","","BackboneElement {[]} {[]}
","Patient","Patient","","","","","","","","","",,,,,"",,,,"getlogsforcareprovider.logs.log.resources.resource.patient",0,1,"","ele-1:All FHIR elements must have a @value or children {hasValue() or (children().count() > id.count())}
"
"getlogsforcareprovider","getlogsforcareprovider.logs.log.resources.resource.patient.id","getlogsforcareprovider.logs.log.resources.resource.patient.id","","","",0,1,"","","","string {[]} {[]}
","Unique id for inter-element referencing","Unique id for the element within a resource (for internal references). This may be any string value that does not contain spaces.","","","","","","","","","",,,,,"",,,,"Element.id",0,1,"",""
"getlogsforcareprovider","getlogsforcareprovider.logs.log.resources.resource.patient.extension","getlogsforcareprovider.logs.log.resources.resource.patient.extension","","extensions
user content","",0,*,"","","","Extension {[]} {[]}
","Additional content defined by implementations","May be used to represent additional information that is not part of the basic definition of the element. To make the use of extensions safe and manageable, there is a strict set of governance  applied to the definition and use of extensions. Though any implementer can define an extension, there is a set of requirements that SHALL be met as part of the definition of the extension.","There can be no stigma associated with the use of extensions by any application, project, or standard - regardless of the institution or jurisdiction that uses or defines the extensions.  The use of extensions is what allows the FHIR specification to retain a core level of simplicity for everyone.","","","","","","","","",,,,,"","value:url}
","Extensions are always sliced by (at least) url",,"open","Element.extension",0,*,"","ele-1:All FHIR elements must have a @value or children {hasValue() or (children().count() > id.count())}
ext-1:Must have either extensions or value[x], not both {extension.exists() != value.exists()}"
"getlogsforcareprovider","getlogsforcareprovider.logs.log.resources.resource.patient.modifierExtension","getlogsforcareprovider.logs.log.resources.resource.patient.modifierExtension","","extensions
user contentmodifiers","",0,*,"","Y","Y","Extension {[]} {[]}
","Extensions that cannot be ignored even if unrecognized","May be used to represent additional information that is not part of the basic definition of the element and that modifies the understanding of the element in which it is contained and/or the understanding of the containing element's descendants. Usually modifier elements provide negation or qualification. To make the use of extensions safe and manageable, there is a strict set of governance applied to the definition and use of extensions. Though any implementer can define an extension, there is a set of requirements that SHALL be met as part of the definition of the extension. Applications processing a resource are required to check for modifier extensions.

Modifier extensions SHALL NOT change the meaning of any elements on Resource or DomainResource (including cannot change the meaning of modifierExtension itself).","There can be no stigma associated with the use of extensions by any application, project, or standard - regardless of the institution or jurisdiction that uses or defines the extensions.  The use of extensions is what allows the FHIR specification to retain a core level of simplicity for everyone.","Modifier extensions allow for extensions that *cannot* be safely ignored to be clearly distinguished from the vast majority of extensions which can be safely ignored.  This promotes interoperability by eliminating the need for implementers to prohibit the presence of extensions. For further information, see the [definition of modifier extensions](http://hl7.org/fhir/R4/extensibility.html#modifierExtension).","","","","","","","",,,,,"",,,,"BackboneElement.modifierExtension",0,*,"","ele-1:All FHIR elements must have a @value or children {hasValue() or (children().count() > id.count())}
ext-1:Must have either extensions or value[x], not both {extension.exists() != value.exists()}"
"getlogsforcareprovider","getlogsforcareprovider.logs.log.resources.resource.patient.patientId","getlogsforcareprovider.logs.log.resources.resource.patient.patientId","","","",1,1,"","","","Identifier {[]} {[]}
","Patientidentifierare","Patientidentifierare","","","","","","","","","",,,,,"",,,,"getlogsforcareprovider.logs.log.resources.resource.patient.patientId",1,1,"",""
"getlogsforcareprovider","getlogsforcareprovider.logs.log.resources.resource.patient.patientName","getlogsforcareprovider.logs.log.resources.resource.patient.patientName","","","",0,1,"","","","string {[]} {[]}
","Patientens namn","Patientens namn","","","","","","","","","",,,,,"",,,,"getlogsforcareprovider.logs.log.resources.resource.patient.patientName",0,1,"",""
"getlogsforcareprovider","getlogsforcareprovider.logs.log.resources.resource.careProvider","getlogsforcareprovider.logs.log.resources.resource.careProvider","","","",1,1,"","","","BackboneElement {[]} {[]}
","Resursens ägande vårdgivare","Resursens ägande vårdgivare","","","","","","","","","",,,,,"",,,,"getlogsforcareprovider.logs.log.resources.resource.careProvider",1,1,"","ele-1:All FHIR elements must have a @value or children {hasValue() or (children().count() > id.count())}
"
"getlogsforcareprovider","getlogsforcareprovider.logs.log.resources.resource.careProvider.id","getlogsforcareprovider.logs.log.resources.resource.careProvider.id","","","",0,1,"","","","string {[]} {[]}
","Unique id for inter-element referencing","Unique id for the element within a resource (for internal references). This may be any string value that does not contain spaces.","","","","","","","","","",,,,,"",,,,"Element.id",0,1,"",""
"getlogsforcareprovider","getlogsforcareprovider.logs.log.resources.resource.careProvider.extension","getlogsforcareprovider.logs.log.resources.resource.careProvider.extension","","extensions
user content","",0,*,"","","","Extension {[]} {[]}
","Additional content defined by implementations","May be used to represent additional information that is not part of the basic definition of the element. To make the use of extensions safe and manageable, there is a strict set of governance  applied to the definition and use of extensions. Though any implementer can define an extension, there is a set of requirements that SHALL be met as part of the definition of the extension.","There can be no stigma associated with the use of extensions by any application, project, or standard - regardless of the institution or jurisdiction that uses or defines the extensions.  The use of extensions is what allows the FHIR specification to retain a core level of simplicity for everyone.","","","","","","","","",,,,,"","value:url}
","Extensions are always sliced by (at least) url",,"open","Element.extension",0,*,"","ele-1:All FHIR elements must have a @value or children {hasValue() or (children().count() > id.count())}
ext-1:Must have either extensions or value[x], not both {extension.exists() != value.exists()}"
"getlogsforcareprovider","getlogsforcareprovider.logs.log.resources.resource.careProvider.modifierExtension","getlogsforcareprovider.logs.log.resources.resource.careProvider.modifierExtension","","extensions
user contentmodifiers","",0,*,"","Y","Y","Extension {[]} {[]}
","Extensions that cannot be ignored even if unrecognized","May be used to represent additional information that is not part of the basic definition of the element and that modifies the understanding of the element in which it is contained and/or the understanding of the containing element's descendants. Usually modifier elements provide negation or qualification. To make the use of extensions safe and manageable, there is a strict set of governance applied to the definition and use of extensions. Though any implementer can define an extension, there is a set of requirements that SHALL be met as part of the definition of the extension. Applications processing a resource are required to check for modifier extensions.

Modifier extensions SHALL NOT change the meaning of any elements on Resource or DomainResource (including cannot change the meaning of modifierExtension itself).","There can be no stigma associated with the use of extensions by any application, project, or standard - regardless of the institution or jurisdiction that uses or defines the extensions.  The use of extensions is what allows the FHIR specification to retain a core level of simplicity for everyone.","Modifier extensions allow for extensions that *cannot* be safely ignored to be clearly distinguished from the vast majority of extensions which can be safely ignored.  This promotes interoperability by eliminating the need for implementers to prohibit the presence of extensions. For further information, see the [definition of modifier extensions](http://hl7.org/fhir/R4/extensibility.html#modifierExtension).","","","","","","","",,,,,"",,,,"BackboneElement.modifierExtension",0,*,"","ele-1:All FHIR elements must have a @value or children {hasValue() or (children().count() > id.count())}
ext-1:Must have either extensions or value[x], not both {extension.exists() != value.exists()}"
"getlogsforcareprovider","getlogsforcareprovider.logs.log.resources.resource.careProvider.careProviderId","getlogsforcareprovider.logs.log.resources.resource.careProvider.careProviderId","","","",1,1,"","","","Identifier {[]} {[]}
","Vårdgivarens HSA-id","Vårdgivarens HSA-id","","","","","","","","","",,,,,"",,,,"getlogsforcareprovider.logs.log.resources.resource.careProvider.careProviderId",1,1,"",""
"getlogsforcareprovider","getlogsforcareprovider.logs.log.resources.resource.careProvider.careProviderName","getlogsforcareprovider.logs.log.resources.resource.careProvider.careProviderName","","","",0,1,"","","","string {[]} {[]}
","Vårdgivarens namn","Vårdgivarens namn","","","","","","","","","",,,,,"",,,,"getlogsforcareprovider.logs.log.resources.resource.careProvider.careProviderName",0,1,"",""
"getlogsforcareprovider","getlogsforcareprovider.logs.log.resources.resource.careUnit","getlogsforcareprovider.logs.log.resources.resource.careUnit","","","",0,1,"","","","BackboneElement {[]} {[]}
","Resursens vårdenhet","Resursens vårdenhet","","","","","","","","","",,,,,"",,,,"getlogsforcareprovider.logs.log.resources.resource.careUnit",0,1,"","ele-1:All FHIR elements must have a @value or children {hasValue() or (children().count() > id.count())}
"
"getlogsforcareprovider","getlogsforcareprovider.logs.log.resources.resource.careUnit.id","getlogsforcareprovider.logs.log.resources.resource.careUnit.id","","","",0,1,"","","","string {[]} {[]}
","Unique id for inter-element referencing","Unique id for the element within a resource (for internal references). This may be any string value that does not contain spaces.","","","","","","","","","",,,,,"",,,,"Element.id",0,1,"",""
"getlogsforcareprovider","getlogsforcareprovider.logs.log.resources.resource.careUnit.extension","getlogsforcareprovider.logs.log.resources.resource.careUnit.extension","","extensions
user content","",0,*,"","","","Extension {[]} {[]}
","Additional content defined by implementations","May be used to represent additional information that is not part of the basic definition of the element. To make the use of extensions safe and manageable, there is a strict set of governance  applied to the definition and use of extensions. Though any implementer can define an extension, there is a set of requirements that SHALL be met as part of the definition of the extension.","There can be no stigma associated with the use of extensions by any application, project, or standard - regardless of the institution or jurisdiction that uses or defines the extensions.  The use of extensions is what allows the FHIR specification to retain a core level of simplicity for everyone.","","","","","","","","",,,,,"","value:url}
","Extensions are always sliced by (at least) url",,"open","Element.extension",0,*,"","ele-1:All FHIR elements must have a @value or children {hasValue() or (children().count() > id.count())}
ext-1:Must have either extensions or value[x], not both {extension.exists() != value.exists()}"
"getlogsforcareprovider","getlogsforcareprovider.logs.log.resources.resource.careUnit.modifierExtension","getlogsforcareprovider.logs.log.resources.resource.careUnit.modifierExtension","","extensions
user contentmodifiers","",0,*,"","Y","Y","Extension {[]} {[]}
","Extensions that cannot be ignored even if unrecognized","May be used to represent additional information that is not part of the basic definition of the element and that modifies the understanding of the element in which it is contained and/or the understanding of the containing element's descendants. Usually modifier elements provide negation or qualification. To make the use of extensions safe and manageable, there is a strict set of governance applied to the definition and use of extensions. Though any implementer can define an extension, there is a set of requirements that SHALL be met as part of the definition of the extension. Applications processing a resource are required to check for modifier extensions.

Modifier extensions SHALL NOT change the meaning of any elements on Resource or DomainResource (including cannot change the meaning of modifierExtension itself).","There can be no stigma associated with the use of extensions by any application, project, or standard - regardless of the institution or jurisdiction that uses or defines the extensions.  The use of extensions is what allows the FHIR specification to retain a core level of simplicity for everyone.","Modifier extensions allow for extensions that *cannot* be safely ignored to be clearly distinguished from the vast majority of extensions which can be safely ignored.  This promotes interoperability by eliminating the need for implementers to prohibit the presence of extensions. For further information, see the [definition of modifier extensions](http://hl7.org/fhir/R4/extensibility.html#modifierExtension).","","","","","","","",,,,,"",,,,"BackboneElement.modifierExtension",0,*,"","ele-1:All FHIR elements must have a @value or children {hasValue() or (children().count() > id.count())}
ext-1:Must have either extensions or value[x], not both {extension.exists() != value.exists()}"
"getlogsforcareprovider","getlogsforcareprovider.logs.log.resources.resource.careUnit.careUnitId","getlogsforcareprovider.logs.log.resources.resource.careUnit.careUnitId","","","",1,1,"","","","Identifier {[]} {[]}
","Vårdenhetens HSA-id","Vårdenhetens HSA-id","","","","","","","","","",,,,,"",,,,"getlogsforcareprovider.logs.log.resources.resource.careUnit.careUnitId",1,1,"",""
"getlogsforcareprovider","getlogsforcareprovider.logs.log.resources.resource.careUnit.careUnitName","getlogsforcareprovider.logs.log.resources.resource.careUnit.careUnitName","","","",0,1,"","","","string {[]} {[]}
","Vårdenhetens namn","Vårdenhetens namn","","","","","","","","","",,,,,"",,,,"getlogsforcareprovider.logs.log.resources.resource.careUnit.careUnitName",0,1,"",""
"getlogsforpatient-request","getlogsforpatient-request","getlogsforpatient-request","","","",0,*,"","","","null {[]} {[]}
","GetLogsForPatient — Request","Logisk modell för requestparametrar i GetLogsForPatient.","","","","","","","","","",,,,,"",,,,"Base",0,*,"",""
"getlogsforpatient-request","getlogsforpatient-request.careProviderId","getlogsforpatient-request.careProviderId","","","",1,1,"","","","Identifier {[]} {[]}
","Vårdgivare som är ägare till loggposter","Vårdgivare som är ägare till loggposter","","","","","","","","","",,,,,"",,,,"getlogsforpatient-request.careProviderId",1,1,"",""
"getlogsforpatient-request","getlogsforpatient-request.patientId","getlogsforpatient-request.patientId","","","",1,1,"","","","Identifier {[]} {[]}
","Patientens personnummer eller samordningsnummer","Patientens personnummer eller samordningsnummer","","","","","","","","","",,,,,"",,,,"getlogsforpatient-request.patientId",1,1,"",""
"getlogsforpatient-request","getlogsforpatient-request.careUnitId","getlogsforpatient-request.careUnitId","","","",0,1,"","","","Identifier {[]} {[]}
","HSA-id för specifik vårdenhet (valfritt filter)","HSA-id för specifik vårdenhet (valfritt filter)","","","","","","","","","",,,,,"",,,,"getlogsforpatient-request.careUnitId",0,1,"",""
"getlogsforpatient-request","getlogsforpatient-request.fromDate","getlogsforpatient-request.fromDate","","","",1,1,"","","","dateTime {[]} {[]}
","Obligatoriskt startdatum för rapportuttaget","Obligatoriskt startdatum för rapportuttaget","","","","","","","","","",,,,,"",,,,"getlogsforpatient-request.fromDate",1,1,"",""
"getlogsforpatient-request","getlogsforpatient-request.toDate","getlogsforpatient-request.toDate","","","",1,1,"","","","dateTime {[]} {[]}
","Obligatoriskt slutdatum för rapportuttaget","Obligatoriskt slutdatum för rapportuttaget","","","","","","","","","",,,,,"",,,,"getlogsforpatient-request.toDate",1,1,"",""
"getlogsforpatient-request","getlogsforpatient-request.queuedReportId","getlogsforpatient-request.queuedReportId","","","",0,1,"","","","string {[]} {[]}
","Id på en pågående rapport (UUID, 36 tecken)","Id på en pågående rapport (UUID, 36 tecken)","","","","","","","","","",,,,,"",,,,"getlogsforpatient-request.queuedReportId",0,1,"",""
"getlogsforpatient","getlogsforpatient","getlogsforpatient","","","",0,*,"","","","null {[]} {[]}
","GetLogsForPatient","Logisk modell för tjänstekontraktet GetLogsForPatient
(RIV-TA urn:riv:ehr:log:querying:GetLogsForPatientResponder:1).
Representerar responsens informationsstruktur (log.querying:LogsResult).
Returnerar loggposter för angiven vårdgivare och patient.","","","","","","","","","",,,,,"",,,,"Base",0,*,"",""
"getlogsforpatient","getlogsforpatient.result","getlogsforpatient.result","","","",1,1,"","","","BackboneElement {[]} {[]}
","Resultatkontainer","Resultatkontainer","","","","","","","","","",,,,,"",,,,"getlogsforpatient.result",1,1,"","ele-1:All FHIR elements must have a @value or children {hasValue() or (children().count() > id.count())}
"
"getlogsforpatient","getlogsforpatient.result.id","getlogsforpatient.result.id","","","",0,1,"","","","string {[]} {[]}
","Unique id for inter-element referencing","Unique id for the element within a resource (for internal references). This may be any string value that does not contain spaces.","","","","","","","","","",,,,,"",,,,"Element.id",0,1,"",""
"getlogsforpatient","getlogsforpatient.result.extension","getlogsforpatient.result.extension","","extensions
user content","",0,*,"","","","Extension {[]} {[]}
","Additional content defined by implementations","May be used to represent additional information that is not part of the basic definition of the element. To make the use of extensions safe and manageable, there is a strict set of governance  applied to the definition and use of extensions. Though any implementer can define an extension, there is a set of requirements that SHALL be met as part of the definition of the extension.","There can be no stigma associated with the use of extensions by any application, project, or standard - regardless of the institution or jurisdiction that uses or defines the extensions.  The use of extensions is what allows the FHIR specification to retain a core level of simplicity for everyone.","","","","","","","","",,,,,"","value:url}
","Extensions are always sliced by (at least) url",,"open","Element.extension",0,*,"","ele-1:All FHIR elements must have a @value or children {hasValue() or (children().count() > id.count())}
ext-1:Must have either extensions or value[x], not both {extension.exists() != value.exists()}"
"getlogsforpatient","getlogsforpatient.result.modifierExtension","getlogsforpatient.result.modifierExtension","","extensions
user contentmodifiers","",0,*,"","Y","Y","Extension {[]} {[]}
","Extensions that cannot be ignored even if unrecognized","May be used to represent additional information that is not part of the basic definition of the element and that modifies the understanding of the element in which it is contained and/or the understanding of the containing element's descendants. Usually modifier elements provide negation or qualification. To make the use of extensions safe and manageable, there is a strict set of governance applied to the definition and use of extensions. Though any implementer can define an extension, there is a set of requirements that SHALL be met as part of the definition of the extension. Applications processing a resource are required to check for modifier extensions.

Modifier extensions SHALL NOT change the meaning of any elements on Resource or DomainResource (including cannot change the meaning of modifierExtension itself).","There can be no stigma associated with the use of extensions by any application, project, or standard - regardless of the institution or jurisdiction that uses or defines the extensions.  The use of extensions is what allows the FHIR specification to retain a core level of simplicity for everyone.","Modifier extensions allow for extensions that *cannot* be safely ignored to be clearly distinguished from the vast majority of extensions which can be safely ignored.  This promotes interoperability by eliminating the need for implementers to prohibit the presence of extensions. For further information, see the [definition of modifier extensions](http://hl7.org/fhir/R4/extensibility.html#modifierExtension).","","","","","","","",,,,,"",,,,"BackboneElement.modifierExtension",0,*,"","ele-1:All FHIR elements must have a @value or children {hasValue() or (children().count() > id.count())}
ext-1:Must have either extensions or value[x], not both {extension.exists() != value.exists()}"
"getlogsforpatient","getlogsforpatient.result.resultCode","getlogsforpatient.result.resultCode","","","",1,1,"","","","code {[]} {[]}
","Statuskod","Statuskod","","","","","","","","","",,"required","","https://fhir.inera.se/ig/ehr-log/ValueSet/resultcode-vs","",,,,"getlogsforpatient.result.resultCode",1,1,"",""
"getlogsforpatient","getlogsforpatient.result.resultText","getlogsforpatient.result.resultText","","","",0,1,"","","","string {[]} {[]}
","Beskrivande text","Beskrivande text","","","","","","","","","",,,,,"",,,,"getlogsforpatient.result.resultText",0,1,"",""
"getlogsforpatient","getlogsforpatient.result.startInterval","getlogsforpatient.result.startInterval","","","",0,1,"","","","dateTime {[]} {[]}
","Start på tillgängligt datumintervall","Start på tillgängligt datumintervall","","","","","","","","","",,,,,"",,,,"getlogsforpatient.result.startInterval",0,1,"",""
"getlogsforpatient","getlogsforpatient.result.endInterval","getlogsforpatient.result.endInterval","","","",0,1,"","","","dateTime {[]} {[]}
","Slut på tillgängligt datumintervall","Slut på tillgängligt datumintervall","","","","","","","","","",,,,,"",,,,"getlogsforpatient.result.endInterval",0,1,"",""
"getlogsforpatient","getlogsforpatient.result.queuedReportId","getlogsforpatient.result.queuedReportId","","","",0,1,"","","","string {[]} {[]}
","Id för pågående rapport (UUID)","Id för pågående rapport (UUID)","","","","","","","","","",,,,,"",,,,"getlogsforpatient.result.queuedReportId",0,1,"",""
"getlogsforpatient","getlogsforpatient.result.queueTime","getlogsforpatient.result.queueTime","","","",0,1,"","","","integer {[]} {[]}
","Uppskattad väntetid i sekunder","Uppskattad väntetid i sekunder","","","","","","","","","",,,,,"",,,,"getlogsforpatient.result.queueTime",0,1,"",""
"getlogsforpatient","getlogsforpatient.logs","getlogsforpatient.logs","","","",0,1,"","","","BackboneElement {[]} {[]}
","Samling av loggposter","Samling av loggposter","","","","","","","","","",,,,,"",,,,"getlogsforpatient.logs",0,1,"","ele-1:All FHIR elements must have a @value or children {hasValue() or (children().count() > id.count())}
"
"getlogsforpatient","getlogsforpatient.logs.id","getlogsforpatient.logs.id","","","",0,1,"","","","string {[]} {[]}
","Unique id for inter-element referencing","Unique id for the element within a resource (for internal references). This may be any string value that does not contain spaces.","","","","","","","","","",,,,,"",,,,"Element.id",0,1,"",""
"getlogsforpatient","getlogsforpatient.logs.extension","getlogsforpatient.logs.extension","","extensions
user content","",0,*,"","","","Extension {[]} {[]}
","Additional content defined by implementations","May be used to represent additional information that is not part of the basic definition of the element. To make the use of extensions safe and manageable, there is a strict set of governance  applied to the definition and use of extensions. Though any implementer can define an extension, there is a set of requirements that SHALL be met as part of the definition of the extension.","There can be no stigma associated with the use of extensions by any application, project, or standard - regardless of the institution or jurisdiction that uses or defines the extensions.  The use of extensions is what allows the FHIR specification to retain a core level of simplicity for everyone.","","","","","","","","",,,,,"","value:url}
","Extensions are always sliced by (at least) url",,"open","Element.extension",0,*,"","ele-1:All FHIR elements must have a @value or children {hasValue() or (children().count() > id.count())}
ext-1:Must have either extensions or value[x], not both {extension.exists() != value.exists()}"
"getlogsforpatient","getlogsforpatient.logs.modifierExtension","getlogsforpatient.logs.modifierExtension","","extensions
user contentmodifiers","",0,*,"","Y","Y","Extension {[]} {[]}
","Extensions that cannot be ignored even if unrecognized","May be used to represent additional information that is not part of the basic definition of the element and that modifies the understanding of the element in which it is contained and/or the understanding of the containing element's descendants. Usually modifier elements provide negation or qualification. To make the use of extensions safe and manageable, there is a strict set of governance applied to the definition and use of extensions. Though any implementer can define an extension, there is a set of requirements that SHALL be met as part of the definition of the extension. Applications processing a resource are required to check for modifier extensions.

Modifier extensions SHALL NOT change the meaning of any elements on Resource or DomainResource (including cannot change the meaning of modifierExtension itself).","There can be no stigma associated with the use of extensions by any application, project, or standard - regardless of the institution or jurisdiction that uses or defines the extensions.  The use of extensions is what allows the FHIR specification to retain a core level of simplicity for everyone.","Modifier extensions allow for extensions that *cannot* be safely ignored to be clearly distinguished from the vast majority of extensions which can be safely ignored.  This promotes interoperability by eliminating the need for implementers to prohibit the presence of extensions. For further information, see the [definition of modifier extensions](http://hl7.org/fhir/R4/extensibility.html#modifierExtension).","","","","","","","",,,,,"",,,,"BackboneElement.modifierExtension",0,*,"","ele-1:All FHIR elements must have a @value or children {hasValue() or (children().count() > id.count())}
ext-1:Must have either extensions or value[x], not both {extension.exists() != value.exists()}"
"getlogsforpatient","getlogsforpatient.logs.log","getlogsforpatient.logs.log","","","",0,*,"","","","BackboneElement {[]} {[]}
","En loggpost","En loggpost","","","","","","","","","",,,,,"",,,,"getlogsforpatient.logs.log",0,*,"","ele-1:All FHIR elements must have a @value or children {hasValue() or (children().count() > id.count())}
"
"getlogsforpatient","getlogsforpatient.logs.log.id","getlogsforpatient.logs.log.id","","","",0,1,"","","","string {[]} {[]}
","Unique id for inter-element referencing","Unique id for the element within a resource (for internal references). This may be any string value that does not contain spaces.","","","","","","","","","",,,,,"",,,,"Element.id",0,1,"",""
"getlogsforpatient","getlogsforpatient.logs.log.extension","getlogsforpatient.logs.log.extension","","extensions
user content","",0,*,"","","","Extension {[]} {[]}
","Additional content defined by implementations","May be used to represent additional information that is not part of the basic definition of the element. To make the use of extensions safe and manageable, there is a strict set of governance  applied to the definition and use of extensions. Though any implementer can define an extension, there is a set of requirements that SHALL be met as part of the definition of the extension.","There can be no stigma associated with the use of extensions by any application, project, or standard - regardless of the institution or jurisdiction that uses or defines the extensions.  The use of extensions is what allows the FHIR specification to retain a core level of simplicity for everyone.","","","","","","","","",,,,,"","value:url}
","Extensions are always sliced by (at least) url",,"open","Element.extension",0,*,"","ele-1:All FHIR elements must have a @value or children {hasValue() or (children().count() > id.count())}
ext-1:Must have either extensions or value[x], not both {extension.exists() != value.exists()}"
"getlogsforpatient","getlogsforpatient.logs.log.modifierExtension","getlogsforpatient.logs.log.modifierExtension","","extensions
user contentmodifiers","",0,*,"","Y","Y","Extension {[]} {[]}
","Extensions that cannot be ignored even if unrecognized","May be used to represent additional information that is not part of the basic definition of the element and that modifies the understanding of the element in which it is contained and/or the understanding of the containing element's descendants. Usually modifier elements provide negation or qualification. To make the use of extensions safe and manageable, there is a strict set of governance applied to the definition and use of extensions. Though any implementer can define an extension, there is a set of requirements that SHALL be met as part of the definition of the extension. Applications processing a resource are required to check for modifier extensions.

Modifier extensions SHALL NOT change the meaning of any elements on Resource or DomainResource (including cannot change the meaning of modifierExtension itself).","There can be no stigma associated with the use of extensions by any application, project, or standard - regardless of the institution or jurisdiction that uses or defines the extensions.  The use of extensions is what allows the FHIR specification to retain a core level of simplicity for everyone.","Modifier extensions allow for extensions that *cannot* be safely ignored to be clearly distinguished from the vast majority of extensions which can be safely ignored.  This promotes interoperability by eliminating the need for implementers to prohibit the presence of extensions. For further information, see the [definition of modifier extensions](http://hl7.org/fhir/R4/extensibility.html#modifierExtension).","","","","","","","",,,,,"",,,,"BackboneElement.modifierExtension",0,*,"","ele-1:All FHIR elements must have a @value or children {hasValue() or (children().count() > id.count())}
ext-1:Must have either extensions or value[x], not both {extension.exists() != value.exists()}"
"getlogsforpatient","getlogsforpatient.logs.log.logId","getlogsforpatient.logs.log.logId","","","",1,1,"","","","string {[]} {[]}
","Loggpostens UUID-identifierare","Loggpostens UUID-identifierare","","","","","","","","","",,,,,"",,,,"getlogsforpatient.logs.log.logId",1,1,"",""
"getlogsforpatient","getlogsforpatient.logs.log.system","getlogsforpatient.logs.log.system","","","",1,1,"","","","BackboneElement {[]} {[]}
","Loggande system","Loggande system","","","","","","","","","",,,,,"",,,,"getlogsforpatient.logs.log.system",1,1,"","ele-1:All FHIR elements must have a @value or children {hasValue() or (children().count() > id.count())}
"
"getlogsforpatient","getlogsforpatient.logs.log.system.id","getlogsforpatient.logs.log.system.id","","","",0,1,"","","","string {[]} {[]}
","Unique id for inter-element referencing","Unique id for the element within a resource (for internal references). This may be any string value that does not contain spaces.","","","","","","","","","",,,,,"",,,,"Element.id",0,1,"",""
"getlogsforpatient","getlogsforpatient.logs.log.system.extension","getlogsforpatient.logs.log.system.extension","","extensions
user content","",0,*,"","","","Extension {[]} {[]}
","Additional content defined by implementations","May be used to represent additional information that is not part of the basic definition of the element. To make the use of extensions safe and manageable, there is a strict set of governance  applied to the definition and use of extensions. Though any implementer can define an extension, there is a set of requirements that SHALL be met as part of the definition of the extension.","There can be no stigma associated with the use of extensions by any application, project, or standard - regardless of the institution or jurisdiction that uses or defines the extensions.  The use of extensions is what allows the FHIR specification to retain a core level of simplicity for everyone.","","","","","","","","",,,,,"","value:url}
","Extensions are always sliced by (at least) url",,"open","Element.extension",0,*,"","ele-1:All FHIR elements must have a @value or children {hasValue() or (children().count() > id.count())}
ext-1:Must have either extensions or value[x], not both {extension.exists() != value.exists()}"
"getlogsforpatient","getlogsforpatient.logs.log.system.modifierExtension","getlogsforpatient.logs.log.system.modifierExtension","","extensions
user contentmodifiers","",0,*,"","Y","Y","Extension {[]} {[]}
","Extensions that cannot be ignored even if unrecognized","May be used to represent additional information that is not part of the basic definition of the element and that modifies the understanding of the element in which it is contained and/or the understanding of the containing element's descendants. Usually modifier elements provide negation or qualification. To make the use of extensions safe and manageable, there is a strict set of governance applied to the definition and use of extensions. Though any implementer can define an extension, there is a set of requirements that SHALL be met as part of the definition of the extension. Applications processing a resource are required to check for modifier extensions.

Modifier extensions SHALL NOT change the meaning of any elements on Resource or DomainResource (including cannot change the meaning of modifierExtension itself).","There can be no stigma associated with the use of extensions by any application, project, or standard - regardless of the institution or jurisdiction that uses or defines the extensions.  The use of extensions is what allows the FHIR specification to retain a core level of simplicity for everyone.","Modifier extensions allow for extensions that *cannot* be safely ignored to be clearly distinguished from the vast majority of extensions which can be safely ignored.  This promotes interoperability by eliminating the need for implementers to prohibit the presence of extensions. For further information, see the [definition of modifier extensions](http://hl7.org/fhir/R4/extensibility.html#modifierExtension).","","","","","","","",,,,,"",,,,"BackboneElement.modifierExtension",0,*,"","ele-1:All FHIR elements must have a @value or children {hasValue() or (children().count() > id.count())}
ext-1:Must have either extensions or value[x], not both {extension.exists() != value.exists()}"
"getlogsforpatient","getlogsforpatient.logs.log.system.systemId","getlogsforpatient.logs.log.system.systemId","","","",1,1,"","","","Identifier {[]} {[]}
","Systemets HSA-id","Systemets HSA-id","","","","","","","","","",,,,,"",,,,"getlogsforpatient.logs.log.system.systemId",1,1,"",""
"getlogsforpatient","getlogsforpatient.logs.log.system.systemName","getlogsforpatient.logs.log.system.systemName","","","",0,1,"","","","string {[]} {[]}
","Systemets namn","Systemets namn","","","","","","","","","",,,,,"",,,,"getlogsforpatient.logs.log.system.systemName",0,1,"",""
"getlogsforpatient","getlogsforpatient.logs.log.activity","getlogsforpatient.logs.log.activity","","","",1,1,"","","","BackboneElement {[]} {[]}
","Aktivitetsinformation","Aktivitetsinformation","","","","","","","","","",,,,,"",,,,"getlogsforpatient.logs.log.activity",1,1,"","ele-1:All FHIR elements must have a @value or children {hasValue() or (children().count() > id.count())}
"
"getlogsforpatient","getlogsforpatient.logs.log.activity.id","getlogsforpatient.logs.log.activity.id","","","",0,1,"","","","string {[]} {[]}
","Unique id for inter-element referencing","Unique id for the element within a resource (for internal references). This may be any string value that does not contain spaces.","","","","","","","","","",,,,,"",,,,"Element.id",0,1,"",""
"getlogsforpatient","getlogsforpatient.logs.log.activity.extension","getlogsforpatient.logs.log.activity.extension","","extensions
user content","",0,*,"","","","Extension {[]} {[]}
","Additional content defined by implementations","May be used to represent additional information that is not part of the basic definition of the element. To make the use of extensions safe and manageable, there is a strict set of governance  applied to the definition and use of extensions. Though any implementer can define an extension, there is a set of requirements that SHALL be met as part of the definition of the extension.","There can be no stigma associated with the use of extensions by any application, project, or standard - regardless of the institution or jurisdiction that uses or defines the extensions.  The use of extensions is what allows the FHIR specification to retain a core level of simplicity for everyone.","","","","","","","","",,,,,"","value:url}
","Extensions are always sliced by (at least) url",,"open","Element.extension",0,*,"","ele-1:All FHIR elements must have a @value or children {hasValue() or (children().count() > id.count())}
ext-1:Must have either extensions or value[x], not both {extension.exists() != value.exists()}"
"getlogsforpatient","getlogsforpatient.logs.log.activity.modifierExtension","getlogsforpatient.logs.log.activity.modifierExtension","","extensions
user contentmodifiers","",0,*,"","Y","Y","Extension {[]} {[]}
","Extensions that cannot be ignored even if unrecognized","May be used to represent additional information that is not part of the basic definition of the element and that modifies the understanding of the element in which it is contained and/or the understanding of the containing element's descendants. Usually modifier elements provide negation or qualification. To make the use of extensions safe and manageable, there is a strict set of governance applied to the definition and use of extensions. Though any implementer can define an extension, there is a set of requirements that SHALL be met as part of the definition of the extension. Applications processing a resource are required to check for modifier extensions.

Modifier extensions SHALL NOT change the meaning of any elements on Resource or DomainResource (including cannot change the meaning of modifierExtension itself).","There can be no stigma associated with the use of extensions by any application, project, or standard - regardless of the institution or jurisdiction that uses or defines the extensions.  The use of extensions is what allows the FHIR specification to retain a core level of simplicity for everyone.","Modifier extensions allow for extensions that *cannot* be safely ignored to be clearly distinguished from the vast majority of extensions which can be safely ignored.  This promotes interoperability by eliminating the need for implementers to prohibit the presence of extensions. For further information, see the [definition of modifier extensions](http://hl7.org/fhir/R4/extensibility.html#modifierExtension).","","","","","","","",,,,,"",,,,"BackboneElement.modifierExtension",0,*,"","ele-1:All FHIR elements must have a @value or children {hasValue() or (children().count() > id.count())}
ext-1:Must have either extensions or value[x], not both {extension.exists() != value.exists()}"
"getlogsforpatient","getlogsforpatient.logs.log.activity.activityType","getlogsforpatient.logs.log.activity.activityType","","","",1,1,"","","","code {[]} {[]}
","Typ av aktivitet","Typ av aktivitet","","","","","","","","","",,"required","","https://fhir.inera.se/ig/ehr-log/ValueSet/activitytype-vs","",,,,"getlogsforpatient.logs.log.activity.activityType",1,1,"",""
"getlogsforpatient","getlogsforpatient.logs.log.activity.activityLevel","getlogsforpatient.logs.log.activity.activityLevel","","","",0,1,"","","","string {[]} {[]}
","Aktivitetsnivå","Aktivitetsnivå","","","","","","","","","",,,,,"",,,,"getlogsforpatient.logs.log.activity.activityLevel",0,1,"",""
"getlogsforpatient","getlogsforpatient.logs.log.activity.activityArgs","getlogsforpatient.logs.log.activity.activityArgs","","","",0,1,"","","","string {[]} {[]}
","Övriga aktivitetsparametrar","Övriga aktivitetsparametrar","","","","","","","","","",,,,,"",,,,"getlogsforpatient.logs.log.activity.activityArgs",0,1,"",""
"getlogsforpatient","getlogsforpatient.logs.log.activity.startDate","getlogsforpatient.logs.log.activity.startDate","","","",1,1,"","","","dateTime {[]} {[]}
","Tidpunkt för aktiviteten","Tidpunkt för aktiviteten","","","","","","","","","",,,,,"",,,,"getlogsforpatient.logs.log.activity.startDate",1,1,"",""
"getlogsforpatient","getlogsforpatient.logs.log.activity.purpose","getlogsforpatient.logs.log.activity.purpose","","","",1,1,"","","","string {[]} {[]}
","Syfte med aktiviteten","Syfte med aktiviteten","","","","","","","","","",,,,,"",,,,"getlogsforpatient.logs.log.activity.purpose",1,1,"",""
"getlogsforpatient","getlogsforpatient.logs.log.user","getlogsforpatient.logs.log.user","","","",1,1,"","","","BackboneElement {[]} {[]}
","Medarbetaren som utförde aktiviteten","Medarbetaren som utförde aktiviteten","","","","","","","","","",,,,,"",,,,"getlogsforpatient.logs.log.user",1,1,"","ele-1:All FHIR elements must have a @value or children {hasValue() or (children().count() > id.count())}
"
"getlogsforpatient","getlogsforpatient.logs.log.user.id","getlogsforpatient.logs.log.user.id","","","",0,1,"","","","string {[]} {[]}
","Unique id for inter-element referencing","Unique id for the element within a resource (for internal references). This may be any string value that does not contain spaces.","","","","","","","","","",,,,,"",,,,"Element.id",0,1,"",""
"getlogsforpatient","getlogsforpatient.logs.log.user.extension","getlogsforpatient.logs.log.user.extension","","extensions
user content","",0,*,"","","","Extension {[]} {[]}
","Additional content defined by implementations","May be used to represent additional information that is not part of the basic definition of the element. To make the use of extensions safe and manageable, there is a strict set of governance  applied to the definition and use of extensions. Though any implementer can define an extension, there is a set of requirements that SHALL be met as part of the definition of the extension.","There can be no stigma associated with the use of extensions by any application, project, or standard - regardless of the institution or jurisdiction that uses or defines the extensions.  The use of extensions is what allows the FHIR specification to retain a core level of simplicity for everyone.","","","","","","","","",,,,,"","value:url}
","Extensions are always sliced by (at least) url",,"open","Element.extension",0,*,"","ele-1:All FHIR elements must have a @value or children {hasValue() or (children().count() > id.count())}
ext-1:Must have either extensions or value[x], not both {extension.exists() != value.exists()}"
"getlogsforpatient","getlogsforpatient.logs.log.user.modifierExtension","getlogsforpatient.logs.log.user.modifierExtension","","extensions
user contentmodifiers","",0,*,"","Y","Y","Extension {[]} {[]}
","Extensions that cannot be ignored even if unrecognized","May be used to represent additional information that is not part of the basic definition of the element and that modifies the understanding of the element in which it is contained and/or the understanding of the containing element's descendants. Usually modifier elements provide negation or qualification. To make the use of extensions safe and manageable, there is a strict set of governance applied to the definition and use of extensions. Though any implementer can define an extension, there is a set of requirements that SHALL be met as part of the definition of the extension. Applications processing a resource are required to check for modifier extensions.

Modifier extensions SHALL NOT change the meaning of any elements on Resource or DomainResource (including cannot change the meaning of modifierExtension itself).","There can be no stigma associated with the use of extensions by any application, project, or standard - regardless of the institution or jurisdiction that uses or defines the extensions.  The use of extensions is what allows the FHIR specification to retain a core level of simplicity for everyone.","Modifier extensions allow for extensions that *cannot* be safely ignored to be clearly distinguished from the vast majority of extensions which can be safely ignored.  This promotes interoperability by eliminating the need for implementers to prohibit the presence of extensions. For further information, see the [definition of modifier extensions](http://hl7.org/fhir/R4/extensibility.html#modifierExtension).","","","","","","","",,,,,"",,,,"BackboneElement.modifierExtension",0,*,"","ele-1:All FHIR elements must have a @value or children {hasValue() or (children().count() > id.count())}
ext-1:Must have either extensions or value[x], not both {extension.exists() != value.exists()}"
"getlogsforpatient","getlogsforpatient.logs.log.user.userId","getlogsforpatient.logs.log.user.userId","","","",1,1,"","","","Identifier {[]} {[]}
","Medarbetarens HSA-id","Medarbetarens HSA-id","","","","","","","","","",,,,,"",,,,"getlogsforpatient.logs.log.user.userId",1,1,"",""
"getlogsforpatient","getlogsforpatient.logs.log.user.employeeName","getlogsforpatient.logs.log.user.employeeName","","","",0,1,"","","","string {[]} {[]}
","Medarbetarens namn","Medarbetarens namn","","","","","","","","","",,,,,"",,,,"getlogsforpatient.logs.log.user.employeeName",0,1,"",""
"getlogsforpatient","getlogsforpatient.logs.log.user.personId","getlogsforpatient.logs.log.user.personId","","","",0,1,"","","","Identifier {[]} {[]}
","Medarbetarens personnummer","Medarbetarens personnummer","","","","","","","","","",,,,,"",,,,"getlogsforpatient.logs.log.user.personId",0,1,"",""
"getlogsforpatient","getlogsforpatient.logs.log.user.assignment","getlogsforpatient.logs.log.user.assignment","","","",0,1,"","","","string {[]} {[]}
","Uppdragsnamn","Uppdragsnamn","","","","","","","","","",,,,,"",,,,"getlogsforpatient.logs.log.user.assignment",0,1,"",""
"getlogsforpatient","getlogsforpatient.logs.log.user.title","getlogsforpatient.logs.log.user.title","","","",0,1,"","","","string {[]} {[]}
","Yrkestitel","Yrkestitel","","","","","","","","","",,,,,"",,,,"getlogsforpatient.logs.log.user.title",0,1,"",""
"getlogsforpatient","getlogsforpatient.logs.log.user.careProvider","getlogsforpatient.logs.log.user.careProvider","","","",1,1,"","","","BackboneElement {[]} {[]}
","Medarbetarens vårdgivare","Medarbetarens vårdgivare","","","","","","","","","",,,,,"",,,,"getlogsforpatient.logs.log.user.careProvider",1,1,"","ele-1:All FHIR elements must have a @value or children {hasValue() or (children().count() > id.count())}
"
"getlogsforpatient","getlogsforpatient.logs.log.user.careProvider.id","getlogsforpatient.logs.log.user.careProvider.id","","","",0,1,"","","","string {[]} {[]}
","Unique id for inter-element referencing","Unique id for the element within a resource (for internal references). This may be any string value that does not contain spaces.","","","","","","","","","",,,,,"",,,,"Element.id",0,1,"",""
"getlogsforpatient","getlogsforpatient.logs.log.user.careProvider.extension","getlogsforpatient.logs.log.user.careProvider.extension","","extensions
user content","",0,*,"","","","Extension {[]} {[]}
","Additional content defined by implementations","May be used to represent additional information that is not part of the basic definition of the element. To make the use of extensions safe and manageable, there is a strict set of governance  applied to the definition and use of extensions. Though any implementer can define an extension, there is a set of requirements that SHALL be met as part of the definition of the extension.","There can be no stigma associated with the use of extensions by any application, project, or standard - regardless of the institution or jurisdiction that uses or defines the extensions.  The use of extensions is what allows the FHIR specification to retain a core level of simplicity for everyone.","","","","","","","","",,,,,"","value:url}
","Extensions are always sliced by (at least) url",,"open","Element.extension",0,*,"","ele-1:All FHIR elements must have a @value or children {hasValue() or (children().count() > id.count())}
ext-1:Must have either extensions or value[x], not both {extension.exists() != value.exists()}"
"getlogsforpatient","getlogsforpatient.logs.log.user.careProvider.modifierExtension","getlogsforpatient.logs.log.user.careProvider.modifierExtension","","extensions
user contentmodifiers","",0,*,"","Y","Y","Extension {[]} {[]}
","Extensions that cannot be ignored even if unrecognized","May be used to represent additional information that is not part of the basic definition of the element and that modifies the understanding of the element in which it is contained and/or the understanding of the containing element's descendants. Usually modifier elements provide negation or qualification. To make the use of extensions safe and manageable, there is a strict set of governance applied to the definition and use of extensions. Though any implementer can define an extension, there is a set of requirements that SHALL be met as part of the definition of the extension. Applications processing a resource are required to check for modifier extensions.

Modifier extensions SHALL NOT change the meaning of any elements on Resource or DomainResource (including cannot change the meaning of modifierExtension itself).","There can be no stigma associated with the use of extensions by any application, project, or standard - regardless of the institution or jurisdiction that uses or defines the extensions.  The use of extensions is what allows the FHIR specification to retain a core level of simplicity for everyone.","Modifier extensions allow for extensions that *cannot* be safely ignored to be clearly distinguished from the vast majority of extensions which can be safely ignored.  This promotes interoperability by eliminating the need for implementers to prohibit the presence of extensions. For further information, see the [definition of modifier extensions](http://hl7.org/fhir/R4/extensibility.html#modifierExtension).","","","","","","","",,,,,"",,,,"BackboneElement.modifierExtension",0,*,"","ele-1:All FHIR elements must have a @value or children {hasValue() or (children().count() > id.count())}
ext-1:Must have either extensions or value[x], not both {extension.exists() != value.exists()}"
"getlogsforpatient","getlogsforpatient.logs.log.user.careProvider.careProviderId","getlogsforpatient.logs.log.user.careProvider.careProviderId","","","",1,1,"","","","Identifier {[]} {[]}
","Vårdgivarens HSA-id","Vårdgivarens HSA-id","","","","","","","","","",,,,,"",,,,"getlogsforpatient.logs.log.user.careProvider.careProviderId",1,1,"",""
"getlogsforpatient","getlogsforpatient.logs.log.user.careProvider.careProviderName","getlogsforpatient.logs.log.user.careProvider.careProviderName","","","",0,1,"","","","string {[]} {[]}
","Vårdgivarens namn","Vårdgivarens namn","","","","","","","","","",,,,,"",,,,"getlogsforpatient.logs.log.user.careProvider.careProviderName",0,1,"",""
"getlogsforpatient","getlogsforpatient.logs.log.user.careUnit","getlogsforpatient.logs.log.user.careUnit","","","",1,1,"","","","BackboneElement {[]} {[]}
","Medarbetarens vårdenhet","Medarbetarens vårdenhet","","","","","","","","","",,,,,"",,,,"getlogsforpatient.logs.log.user.careUnit",1,1,"","ele-1:All FHIR elements must have a @value or children {hasValue() or (children().count() > id.count())}
"
"getlogsforpatient","getlogsforpatient.logs.log.user.careUnit.id","getlogsforpatient.logs.log.user.careUnit.id","","","",0,1,"","","","string {[]} {[]}
","Unique id for inter-element referencing","Unique id for the element within a resource (for internal references). This may be any string value that does not contain spaces.","","","","","","","","","",,,,,"",,,,"Element.id",0,1,"",""
"getlogsforpatient","getlogsforpatient.logs.log.user.careUnit.extension","getlogsforpatient.logs.log.user.careUnit.extension","","extensions
user content","",0,*,"","","","Extension {[]} {[]}
","Additional content defined by implementations","May be used to represent additional information that is not part of the basic definition of the element. To make the use of extensions safe and manageable, there is a strict set of governance  applied to the definition and use of extensions. Though any implementer can define an extension, there is a set of requirements that SHALL be met as part of the definition of the extension.","There can be no stigma associated with the use of extensions by any application, project, or standard - regardless of the institution or jurisdiction that uses or defines the extensions.  The use of extensions is what allows the FHIR specification to retain a core level of simplicity for everyone.","","","","","","","","",,,,,"","value:url}
","Extensions are always sliced by (at least) url",,"open","Element.extension",0,*,"","ele-1:All FHIR elements must have a @value or children {hasValue() or (children().count() > id.count())}
ext-1:Must have either extensions or value[x], not both {extension.exists() != value.exists()}"
"getlogsforpatient","getlogsforpatient.logs.log.user.careUnit.modifierExtension","getlogsforpatient.logs.log.user.careUnit.modifierExtension","","extensions
user contentmodifiers","",0,*,"","Y","Y","Extension {[]} {[]}
","Extensions that cannot be ignored even if unrecognized","May be used to represent additional information that is not part of the basic definition of the element and that modifies the understanding of the element in which it is contained and/or the understanding of the containing element's descendants. Usually modifier elements provide negation or qualification. To make the use of extensions safe and manageable, there is a strict set of governance applied to the definition and use of extensions. Though any implementer can define an extension, there is a set of requirements that SHALL be met as part of the definition of the extension. Applications processing a resource are required to check for modifier extensions.

Modifier extensions SHALL NOT change the meaning of any elements on Resource or DomainResource (including cannot change the meaning of modifierExtension itself).","There can be no stigma associated with the use of extensions by any application, project, or standard - regardless of the institution or jurisdiction that uses or defines the extensions.  The use of extensions is what allows the FHIR specification to retain a core level of simplicity for everyone.","Modifier extensions allow for extensions that *cannot* be safely ignored to be clearly distinguished from the vast majority of extensions which can be safely ignored.  This promotes interoperability by eliminating the need for implementers to prohibit the presence of extensions. For further information, see the [definition of modifier extensions](http://hl7.org/fhir/R4/extensibility.html#modifierExtension).","","","","","","","",,,,,"",,,,"BackboneElement.modifierExtension",0,*,"","ele-1:All FHIR elements must have a @value or children {hasValue() or (children().count() > id.count())}
ext-1:Must have either extensions or value[x], not both {extension.exists() != value.exists()}"
"getlogsforpatient","getlogsforpatient.logs.log.user.careUnit.careUnitId","getlogsforpatient.logs.log.user.careUnit.careUnitId","","","",1,1,"","","","Identifier {[]} {[]}
","Vårdenhetens HSA-id","Vårdenhetens HSA-id","","","","","","","","","",,,,,"",,,,"getlogsforpatient.logs.log.user.careUnit.careUnitId",1,1,"",""
"getlogsforpatient","getlogsforpatient.logs.log.user.careUnit.careUnitName","getlogsforpatient.logs.log.user.careUnit.careUnitName","","","",0,1,"","","","string {[]} {[]}
","Vårdenhetens namn","Vårdenhetens namn","","","","","","","","","",,,,,"",,,,"getlogsforpatient.logs.log.user.careUnit.careUnitName",0,1,"",""
"getlogsforpatient","getlogsforpatient.logs.log.resources","getlogsforpatient.logs.log.resources","","","",1,1,"","","","BackboneElement {[]} {[]}
","Resurser som aktiviteten avsåg","Resurser som aktiviteten avsåg","","","","","","","","","",,,,,"",,,,"getlogsforpatient.logs.log.resources",1,1,"","ele-1:All FHIR elements must have a @value or children {hasValue() or (children().count() > id.count())}
"
"getlogsforpatient","getlogsforpatient.logs.log.resources.id","getlogsforpatient.logs.log.resources.id","","","",0,1,"","","","string {[]} {[]}
","Unique id for inter-element referencing","Unique id for the element within a resource (for internal references). This may be any string value that does not contain spaces.","","","","","","","","","",,,,,"",,,,"Element.id",0,1,"",""
"getlogsforpatient","getlogsforpatient.logs.log.resources.extension","getlogsforpatient.logs.log.resources.extension","","extensions
user content","",0,*,"","","","Extension {[]} {[]}
","Additional content defined by implementations","May be used to represent additional information that is not part of the basic definition of the element. To make the use of extensions safe and manageable, there is a strict set of governance  applied to the definition and use of extensions. Though any implementer can define an extension, there is a set of requirements that SHALL be met as part of the definition of the extension.","There can be no stigma associated with the use of extensions by any application, project, or standard - regardless of the institution or jurisdiction that uses or defines the extensions.  The use of extensions is what allows the FHIR specification to retain a core level of simplicity for everyone.","","","","","","","","",,,,,"","value:url}
","Extensions are always sliced by (at least) url",,"open","Element.extension",0,*,"","ele-1:All FHIR elements must have a @value or children {hasValue() or (children().count() > id.count())}
ext-1:Must have either extensions or value[x], not both {extension.exists() != value.exists()}"
"getlogsforpatient","getlogsforpatient.logs.log.resources.modifierExtension","getlogsforpatient.logs.log.resources.modifierExtension","","extensions
user contentmodifiers","",0,*,"","Y","Y","Extension {[]} {[]}
","Extensions that cannot be ignored even if unrecognized","May be used to represent additional information that is not part of the basic definition of the element and that modifies the understanding of the element in which it is contained and/or the understanding of the containing element's descendants. Usually modifier elements provide negation or qualification. To make the use of extensions safe and manageable, there is a strict set of governance applied to the definition and use of extensions. Though any implementer can define an extension, there is a set of requirements that SHALL be met as part of the definition of the extension. Applications processing a resource are required to check for modifier extensions.

Modifier extensions SHALL NOT change the meaning of any elements on Resource or DomainResource (including cannot change the meaning of modifierExtension itself).","There can be no stigma associated with the use of extensions by any application, project, or standard - regardless of the institution or jurisdiction that uses or defines the extensions.  The use of extensions is what allows the FHIR specification to retain a core level of simplicity for everyone.","Modifier extensions allow for extensions that *cannot* be safely ignored to be clearly distinguished from the vast majority of extensions which can be safely ignored.  This promotes interoperability by eliminating the need for implementers to prohibit the presence of extensions. For further information, see the [definition of modifier extensions](http://hl7.org/fhir/R4/extensibility.html#modifierExtension).","","","","","","","",,,,,"",,,,"BackboneElement.modifierExtension",0,*,"","ele-1:All FHIR elements must have a @value or children {hasValue() or (children().count() > id.count())}
ext-1:Must have either extensions or value[x], not both {extension.exists() != value.exists()}"
"getlogsforpatient","getlogsforpatient.logs.log.resources.resource","getlogsforpatient.logs.log.resources.resource","","","",1,*,"","","","BackboneElement {[]} {[]}
","En resurs","En resurs","","","","","","","","","",,,,,"",,,,"getlogsforpatient.logs.log.resources.resource",1,*,"","ele-1:All FHIR elements must have a @value or children {hasValue() or (children().count() > id.count())}
"
"getlogsforpatient","getlogsforpatient.logs.log.resources.resource.id","getlogsforpatient.logs.log.resources.resource.id","","","",0,1,"","","","string {[]} {[]}
","Unique id for inter-element referencing","Unique id for the element within a resource (for internal references). This may be any string value that does not contain spaces.","","","","","","","","","",,,,,"",,,,"Element.id",0,1,"",""
"getlogsforpatient","getlogsforpatient.logs.log.resources.resource.extension","getlogsforpatient.logs.log.resources.resource.extension","","extensions
user content","",0,*,"","","","Extension {[]} {[]}
","Additional content defined by implementations","May be used to represent additional information that is not part of the basic definition of the element. To make the use of extensions safe and manageable, there is a strict set of governance  applied to the definition and use of extensions. Though any implementer can define an extension, there is a set of requirements that SHALL be met as part of the definition of the extension.","There can be no stigma associated with the use of extensions by any application, project, or standard - regardless of the institution or jurisdiction that uses or defines the extensions.  The use of extensions is what allows the FHIR specification to retain a core level of simplicity for everyone.","","","","","","","","",,,,,"","value:url}
","Extensions are always sliced by (at least) url",,"open","Element.extension",0,*,"","ele-1:All FHIR elements must have a @value or children {hasValue() or (children().count() > id.count())}
ext-1:Must have either extensions or value[x], not both {extension.exists() != value.exists()}"
"getlogsforpatient","getlogsforpatient.logs.log.resources.resource.modifierExtension","getlogsforpatient.logs.log.resources.resource.modifierExtension","","extensions
user contentmodifiers","",0,*,"","Y","Y","Extension {[]} {[]}
","Extensions that cannot be ignored even if unrecognized","May be used to represent additional information that is not part of the basic definition of the element and that modifies the understanding of the element in which it is contained and/or the understanding of the containing element's descendants. Usually modifier elements provide negation or qualification. To make the use of extensions safe and manageable, there is a strict set of governance applied to the definition and use of extensions. Though any implementer can define an extension, there is a set of requirements that SHALL be met as part of the definition of the extension. Applications processing a resource are required to check for modifier extensions.

Modifier extensions SHALL NOT change the meaning of any elements on Resource or DomainResource (including cannot change the meaning of modifierExtension itself).","There can be no stigma associated with the use of extensions by any application, project, or standard - regardless of the institution or jurisdiction that uses or defines the extensions.  The use of extensions is what allows the FHIR specification to retain a core level of simplicity for everyone.","Modifier extensions allow for extensions that *cannot* be safely ignored to be clearly distinguished from the vast majority of extensions which can be safely ignored.  This promotes interoperability by eliminating the need for implementers to prohibit the presence of extensions. For further information, see the [definition of modifier extensions](http://hl7.org/fhir/R4/extensibility.html#modifierExtension).","","","","","","","",,,,,"",,,,"BackboneElement.modifierExtension",0,*,"","ele-1:All FHIR elements must have a @value or children {hasValue() or (children().count() > id.count())}
ext-1:Must have either extensions or value[x], not both {extension.exists() != value.exists()}"
"getlogsforpatient","getlogsforpatient.logs.log.resources.resource.resourceType","getlogsforpatient.logs.log.resources.resource.resourceType","","","",1,1,"","","","string {[]} {[]}
","Resurstyp","Resurstyp","","","","","","","","","",,,,,"",,,,"getlogsforpatient.logs.log.resources.resource.resourceType",1,1,"",""
"getlogsforpatient","getlogsforpatient.logs.log.resources.resource.patient","getlogsforpatient.logs.log.resources.resource.patient","","","",0,1,"","","","BackboneElement {[]} {[]}
","Patient","Patient","","","","","","","","","",,,,,"",,,,"getlogsforpatient.logs.log.resources.resource.patient",0,1,"","ele-1:All FHIR elements must have a @value or children {hasValue() or (children().count() > id.count())}
"
"getlogsforpatient","getlogsforpatient.logs.log.resources.resource.patient.id","getlogsforpatient.logs.log.resources.resource.patient.id","","","",0,1,"","","","string {[]} {[]}
","Unique id for inter-element referencing","Unique id for the element within a resource (for internal references). This may be any string value that does not contain spaces.","","","","","","","","","",,,,,"",,,,"Element.id",0,1,"",""
"getlogsforpatient","getlogsforpatient.logs.log.resources.resource.patient.extension","getlogsforpatient.logs.log.resources.resource.patient.extension","","extensions
user content","",0,*,"","","","Extension {[]} {[]}
","Additional content defined by implementations","May be used to represent additional information that is not part of the basic definition of the element. To make the use of extensions safe and manageable, there is a strict set of governance  applied to the definition and use of extensions. Though any implementer can define an extension, there is a set of requirements that SHALL be met as part of the definition of the extension.","There can be no stigma associated with the use of extensions by any application, project, or standard - regardless of the institution or jurisdiction that uses or defines the extensions.  The use of extensions is what allows the FHIR specification to retain a core level of simplicity for everyone.","","","","","","","","",,,,,"","value:url}
","Extensions are always sliced by (at least) url",,"open","Element.extension",0,*,"","ele-1:All FHIR elements must have a @value or children {hasValue() or (children().count() > id.count())}
ext-1:Must have either extensions or value[x], not both {extension.exists() != value.exists()}"
"getlogsforpatient","getlogsforpatient.logs.log.resources.resource.patient.modifierExtension","getlogsforpatient.logs.log.resources.resource.patient.modifierExtension","","extensions
user contentmodifiers","",0,*,"","Y","Y","Extension {[]} {[]}
","Extensions that cannot be ignored even if unrecognized","May be used to represent additional information that is not part of the basic definition of the element and that modifies the understanding of the element in which it is contained and/or the understanding of the containing element's descendants. Usually modifier elements provide negation or qualification. To make the use of extensions safe and manageable, there is a strict set of governance applied to the definition and use of extensions. Though any implementer can define an extension, there is a set of requirements that SHALL be met as part of the definition of the extension. Applications processing a resource are required to check for modifier extensions.

Modifier extensions SHALL NOT change the meaning of any elements on Resource or DomainResource (including cannot change the meaning of modifierExtension itself).","There can be no stigma associated with the use of extensions by any application, project, or standard - regardless of the institution or jurisdiction that uses or defines the extensions.  The use of extensions is what allows the FHIR specification to retain a core level of simplicity for everyone.","Modifier extensions allow for extensions that *cannot* be safely ignored to be clearly distinguished from the vast majority of extensions which can be safely ignored.  This promotes interoperability by eliminating the need for implementers to prohibit the presence of extensions. For further information, see the [definition of modifier extensions](http://hl7.org/fhir/R4/extensibility.html#modifierExtension).","","","","","","","",,,,,"",,,,"BackboneElement.modifierExtension",0,*,"","ele-1:All FHIR elements must have a @value or children {hasValue() or (children().count() > id.count())}
ext-1:Must have either extensions or value[x], not both {extension.exists() != value.exists()}"
"getlogsforpatient","getlogsforpatient.logs.log.resources.resource.patient.patientId","getlogsforpatient.logs.log.resources.resource.patient.patientId","","","",1,1,"","","","Identifier {[]} {[]}
","Patientidentifierare","Patientidentifierare","","","","","","","","","",,,,,"",,,,"getlogsforpatient.logs.log.resources.resource.patient.patientId",1,1,"",""
"getlogsforpatient","getlogsforpatient.logs.log.resources.resource.patient.patientName","getlogsforpatient.logs.log.resources.resource.patient.patientName","","","",0,1,"","","","string {[]} {[]}
","Patientens namn","Patientens namn","","","","","","","","","",,,,,"",,,,"getlogsforpatient.logs.log.resources.resource.patient.patientName",0,1,"",""
"getlogsforpatient","getlogsforpatient.logs.log.resources.resource.careProvider","getlogsforpatient.logs.log.resources.resource.careProvider","","","",1,1,"","","","BackboneElement {[]} {[]}
","Resursens ägande vårdgivare","Resursens ägande vårdgivare","","","","","","","","","",,,,,"",,,,"getlogsforpatient.logs.log.resources.resource.careProvider",1,1,"","ele-1:All FHIR elements must have a @value or children {hasValue() or (children().count() > id.count())}
"
"getlogsforpatient","getlogsforpatient.logs.log.resources.resource.careProvider.id","getlogsforpatient.logs.log.resources.resource.careProvider.id","","","",0,1,"","","","string {[]} {[]}
","Unique id for inter-element referencing","Unique id for the element within a resource (for internal references). This may be any string value that does not contain spaces.","","","","","","","","","",,,,,"",,,,"Element.id",0,1,"",""
"getlogsforpatient","getlogsforpatient.logs.log.resources.resource.careProvider.extension","getlogsforpatient.logs.log.resources.resource.careProvider.extension","","extensions
user content","",0,*,"","","","Extension {[]} {[]}
","Additional content defined by implementations","May be used to represent additional information that is not part of the basic definition of the element. To make the use of extensions safe and manageable, there is a strict set of governance  applied to the definition and use of extensions. Though any implementer can define an extension, there is a set of requirements that SHALL be met as part of the definition of the extension.","There can be no stigma associated with the use of extensions by any application, project, or standard - regardless of the institution or jurisdiction that uses or defines the extensions.  The use of extensions is what allows the FHIR specification to retain a core level of simplicity for everyone.","","","","","","","","",,,,,"","value:url}
","Extensions are always sliced by (at least) url",,"open","Element.extension",0,*,"","ele-1:All FHIR elements must have a @value or children {hasValue() or (children().count() > id.count())}
ext-1:Must have either extensions or value[x], not both {extension.exists() != value.exists()}"
"getlogsforpatient","getlogsforpatient.logs.log.resources.resource.careProvider.modifierExtension","getlogsforpatient.logs.log.resources.resource.careProvider.modifierExtension","","extensions
user contentmodifiers","",0,*,"","Y","Y","Extension {[]} {[]}
","Extensions that cannot be ignored even if unrecognized","May be used to represent additional information that is not part of the basic definition of the element and that modifies the understanding of the element in which it is contained and/or the understanding of the containing element's descendants. Usually modifier elements provide negation or qualification. To make the use of extensions safe and manageable, there is a strict set of governance applied to the definition and use of extensions. Though any implementer can define an extension, there is a set of requirements that SHALL be met as part of the definition of the extension. Applications processing a resource are required to check for modifier extensions.

Modifier extensions SHALL NOT change the meaning of any elements on Resource or DomainResource (including cannot change the meaning of modifierExtension itself).","There can be no stigma associated with the use of extensions by any application, project, or standard - regardless of the institution or jurisdiction that uses or defines the extensions.  The use of extensions is what allows the FHIR specification to retain a core level of simplicity for everyone.","Modifier extensions allow for extensions that *cannot* be safely ignored to be clearly distinguished from the vast majority of extensions which can be safely ignored.  This promotes interoperability by eliminating the need for implementers to prohibit the presence of extensions. For further information, see the [definition of modifier extensions](http://hl7.org/fhir/R4/extensibility.html#modifierExtension).","","","","","","","",,,,,"",,,,"BackboneElement.modifierExtension",0,*,"","ele-1:All FHIR elements must have a @value or children {hasValue() or (children().count() > id.count())}
ext-1:Must have either extensions or value[x], not both {extension.exists() != value.exists()}"
"getlogsforpatient","getlogsforpatient.logs.log.resources.resource.careProvider.careProviderId","getlogsforpatient.logs.log.resources.resource.careProvider.careProviderId","","","",1,1,"","","","Identifier {[]} {[]}
","Vårdgivarens HSA-id","Vårdgivarens HSA-id","","","","","","","","","",,,,,"",,,,"getlogsforpatient.logs.log.resources.resource.careProvider.careProviderId",1,1,"",""
"getlogsforpatient","getlogsforpatient.logs.log.resources.resource.careProvider.careProviderName","getlogsforpatient.logs.log.resources.resource.careProvider.careProviderName","","","",0,1,"","","","string {[]} {[]}
","Vårdgivarens namn","Vårdgivarens namn","","","","","","","","","",,,,,"",,,,"getlogsforpatient.logs.log.resources.resource.careProvider.careProviderName",0,1,"",""
"getlogsforpatient","getlogsforpatient.logs.log.resources.resource.careUnit","getlogsforpatient.logs.log.resources.resource.careUnit","","","",0,1,"","","","BackboneElement {[]} {[]}
","Resursens vårdenhet","Resursens vårdenhet","","","","","","","","","",,,,,"",,,,"getlogsforpatient.logs.log.resources.resource.careUnit",0,1,"","ele-1:All FHIR elements must have a @value or children {hasValue() or (children().count() > id.count())}
"
"getlogsforpatient","getlogsforpatient.logs.log.resources.resource.careUnit.id","getlogsforpatient.logs.log.resources.resource.careUnit.id","","","",0,1,"","","","string {[]} {[]}
","Unique id for inter-element referencing","Unique id for the element within a resource (for internal references). This may be any string value that does not contain spaces.","","","","","","","","","",,,,,"",,,,"Element.id",0,1,"",""
"getlogsforpatient","getlogsforpatient.logs.log.resources.resource.careUnit.extension","getlogsforpatient.logs.log.resources.resource.careUnit.extension","","extensions
user content","",0,*,"","","","Extension {[]} {[]}
","Additional content defined by implementations","May be used to represent additional information that is not part of the basic definition of the element. To make the use of extensions safe and manageable, there is a strict set of governance  applied to the definition and use of extensions. Though any implementer can define an extension, there is a set of requirements that SHALL be met as part of the definition of the extension.","There can be no stigma associated with the use of extensions by any application, project, or standard - regardless of the institution or jurisdiction that uses or defines the extensions.  The use of extensions is what allows the FHIR specification to retain a core level of simplicity for everyone.","","","","","","","","",,,,,"","value:url}
","Extensions are always sliced by (at least) url",,"open","Element.extension",0,*,"","ele-1:All FHIR elements must have a @value or children {hasValue() or (children().count() > id.count())}
ext-1:Must have either extensions or value[x], not both {extension.exists() != value.exists()}"
"getlogsforpatient","getlogsforpatient.logs.log.resources.resource.careUnit.modifierExtension","getlogsforpatient.logs.log.resources.resource.careUnit.modifierExtension","","extensions
user contentmodifiers","",0,*,"","Y","Y","Extension {[]} {[]}
","Extensions that cannot be ignored even if unrecognized","May be used to represent additional information that is not part of the basic definition of the element and that modifies the understanding of the element in which it is contained and/or the understanding of the containing element's descendants. Usually modifier elements provide negation or qualification. To make the use of extensions safe and manageable, there is a strict set of governance applied to the definition and use of extensions. Though any implementer can define an extension, there is a set of requirements that SHALL be met as part of the definition of the extension. Applications processing a resource are required to check for modifier extensions.

Modifier extensions SHALL NOT change the meaning of any elements on Resource or DomainResource (including cannot change the meaning of modifierExtension itself).","There can be no stigma associated with the use of extensions by any application, project, or standard - regardless of the institution or jurisdiction that uses or defines the extensions.  The use of extensions is what allows the FHIR specification to retain a core level of simplicity for everyone.","Modifier extensions allow for extensions that *cannot* be safely ignored to be clearly distinguished from the vast majority of extensions which can be safely ignored.  This promotes interoperability by eliminating the need for implementers to prohibit the presence of extensions. For further information, see the [definition of modifier extensions](http://hl7.org/fhir/R4/extensibility.html#modifierExtension).","","","","","","","",,,,,"",,,,"BackboneElement.modifierExtension",0,*,"","ele-1:All FHIR elements must have a @value or children {hasValue() or (children().count() > id.count())}
ext-1:Must have either extensions or value[x], not both {extension.exists() != value.exists()}"
"getlogsforpatient","getlogsforpatient.logs.log.resources.resource.careUnit.careUnitId","getlogsforpatient.logs.log.resources.resource.careUnit.careUnitId","","","",1,1,"","","","Identifier {[]} {[]}
","Vårdenhetens HSA-id","Vårdenhetens HSA-id","","","","","","","","","",,,,,"",,,,"getlogsforpatient.logs.log.resources.resource.careUnit.careUnitId",1,1,"",""
"getlogsforpatient","getlogsforpatient.logs.log.resources.resource.careUnit.careUnitName","getlogsforpatient.logs.log.resources.resource.careUnit.careUnitName","","","",0,1,"","","","string {[]} {[]}
","Vårdenhetens namn","Vårdenhetens namn","","","","","","","","","",,,,,"",,,,"getlogsforpatient.logs.log.resources.resource.careUnit.careUnitName",0,1,"",""
"getlogsforuser-request","getlogsforuser-request","getlogsforuser-request","","","",0,*,"","","","null {[]} {[]}
","GetLogsForUser — Request","Logisk modell för requestparametrar i GetLogsForUser.","","","","","","","","","",,,,,"",,,,"Base",0,*,"",""
"getlogsforuser-request","getlogsforuser-request.careProviderId","getlogsforuser-request.careProviderId","","","",1,1,"","","","Identifier {[]} {[]}
","Vårdgivare som är ägare till loggposter","Vårdgivare som är ägare till loggposter","","","","","","","","","",,,,,"",,,,"getlogsforuser-request.careProviderId",1,1,"",""
"getlogsforuser-request","getlogsforuser-request.userId","getlogsforuser-request.userId","","","",1,1,"","","","Identifier {[]} {[]}
","Medarbetare vars åtkomster ska hämtas (HSA-id)","Medarbetare vars åtkomster ska hämtas (HSA-id)","","","","","","","","","",,,,,"",,,,"getlogsforuser-request.userId",1,1,"",""
"getlogsforuser-request","getlogsforuser-request.fromDate","getlogsforuser-request.fromDate","","","",1,1,"","","","dateTime {[]} {[]}
","Obligatoriskt startdatum för rapportuttaget","Obligatoriskt startdatum för rapportuttaget","","","","","","","","","",,,,,"",,,,"getlogsforuser-request.fromDate",1,1,"",""
"getlogsforuser-request","getlogsforuser-request.toDate","getlogsforuser-request.toDate","","","",1,1,"","","","dateTime {[]} {[]}
","Obligatoriskt slutdatum för rapportuttaget","Obligatoriskt slutdatum för rapportuttaget","","","","","","","","","",,,,,"",,,,"getlogsforuser-request.toDate",1,1,"",""
"getlogsforuser-request","getlogsforuser-request.queuedReportId","getlogsforuser-request.queuedReportId","","","",0,1,"","","","string {[]} {[]}
","Id på en pågående rapport (UUID, 36 tecken)","Id på en pågående rapport (UUID, 36 tecken)","","","","","","","","","",,,,,"",,,,"getlogsforuser-request.queuedReportId",0,1,"",""
"getlogsforuser-request","getlogsforuser-request.careUnitId","getlogsforuser-request.careUnitId","","","",0,1,"","","","Identifier {[]} {[]}
","HSA-id för specifik vårdenhet (valfritt filter)","HSA-id för specifik vårdenhet (valfritt filter)","","","","","","","","","",,,,,"",,,,"getlogsforuser-request.careUnitId",0,1,"",""
"getlogsforuser","getlogsforuser","getlogsforuser","","","",0,*,"","","","null {[]} {[]}
","GetLogsForUser","Logisk modell för tjänstekontraktet GetLogsForUser
(RIV-TA urn:riv:ehr:log:querying:GetLogsForUserResponder:1).
Representerar responsens informationsstruktur (log.querying:LogsResult).
Returnerar loggposter för angiven vårdgivare och medarbetare.","","","","","","","","","",,,,,"",,,,"Base",0,*,"",""
"getlogsforuser","getlogsforuser.result","getlogsforuser.result","","","",1,1,"","","","BackboneElement {[]} {[]}
","Resultatkontainer","Resultatkontainer","","","","","","","","","",,,,,"",,,,"getlogsforuser.result",1,1,"","ele-1:All FHIR elements must have a @value or children {hasValue() or (children().count() > id.count())}
"
"getlogsforuser","getlogsforuser.result.id","getlogsforuser.result.id","","","",0,1,"","","","string {[]} {[]}
","Unique id for inter-element referencing","Unique id for the element within a resource (for internal references). This may be any string value that does not contain spaces.","","","","","","","","","",,,,,"",,,,"Element.id",0,1,"",""
"getlogsforuser","getlogsforuser.result.extension","getlogsforuser.result.extension","","extensions
user content","",0,*,"","","","Extension {[]} {[]}
","Additional content defined by implementations","May be used to represent additional information that is not part of the basic definition of the element. To make the use of extensions safe and manageable, there is a strict set of governance  applied to the definition and use of extensions. Though any implementer can define an extension, there is a set of requirements that SHALL be met as part of the definition of the extension.","There can be no stigma associated with the use of extensions by any application, project, or standard - regardless of the institution or jurisdiction that uses or defines the extensions.  The use of extensions is what allows the FHIR specification to retain a core level of simplicity for everyone.","","","","","","","","",,,,,"","value:url}
","Extensions are always sliced by (at least) url",,"open","Element.extension",0,*,"","ele-1:All FHIR elements must have a @value or children {hasValue() or (children().count() > id.count())}
ext-1:Must have either extensions or value[x], not both {extension.exists() != value.exists()}"
"getlogsforuser","getlogsforuser.result.modifierExtension","getlogsforuser.result.modifierExtension","","extensions
user contentmodifiers","",0,*,"","Y","Y","Extension {[]} {[]}
","Extensions that cannot be ignored even if unrecognized","May be used to represent additional information that is not part of the basic definition of the element and that modifies the understanding of the element in which it is contained and/or the understanding of the containing element's descendants. Usually modifier elements provide negation or qualification. To make the use of extensions safe and manageable, there is a strict set of governance applied to the definition and use of extensions. Though any implementer can define an extension, there is a set of requirements that SHALL be met as part of the definition of the extension. Applications processing a resource are required to check for modifier extensions.

Modifier extensions SHALL NOT change the meaning of any elements on Resource or DomainResource (including cannot change the meaning of modifierExtension itself).","There can be no stigma associated with the use of extensions by any application, project, or standard - regardless of the institution or jurisdiction that uses or defines the extensions.  The use of extensions is what allows the FHIR specification to retain a core level of simplicity for everyone.","Modifier extensions allow for extensions that *cannot* be safely ignored to be clearly distinguished from the vast majority of extensions which can be safely ignored.  This promotes interoperability by eliminating the need for implementers to prohibit the presence of extensions. For further information, see the [definition of modifier extensions](http://hl7.org/fhir/R4/extensibility.html#modifierExtension).","","","","","","","",,,,,"",,,,"BackboneElement.modifierExtension",0,*,"","ele-1:All FHIR elements must have a @value or children {hasValue() or (children().count() > id.count())}
ext-1:Must have either extensions or value[x], not both {extension.exists() != value.exists()}"
"getlogsforuser","getlogsforuser.result.resultCode","getlogsforuser.result.resultCode","","","",1,1,"","","","code {[]} {[]}
","Statuskod","Statuskod","","","","","","","","","",,"required","","https://fhir.inera.se/ig/ehr-log/ValueSet/resultcode-vs","",,,,"getlogsforuser.result.resultCode",1,1,"",""
"getlogsforuser","getlogsforuser.result.resultText","getlogsforuser.result.resultText","","","",0,1,"","","","string {[]} {[]}
","Beskrivande text","Beskrivande text","","","","","","","","","",,,,,"",,,,"getlogsforuser.result.resultText",0,1,"",""
"getlogsforuser","getlogsforuser.result.startInterval","getlogsforuser.result.startInterval","","","",0,1,"","","","dateTime {[]} {[]}
","Start på tillgängligt datumintervall","Start på tillgängligt datumintervall","","","","","","","","","",,,,,"",,,,"getlogsforuser.result.startInterval",0,1,"",""
"getlogsforuser","getlogsforuser.result.endInterval","getlogsforuser.result.endInterval","","","",0,1,"","","","dateTime {[]} {[]}
","Slut på tillgängligt datumintervall","Slut på tillgängligt datumintervall","","","","","","","","","",,,,,"",,,,"getlogsforuser.result.endInterval",0,1,"",""
"getlogsforuser","getlogsforuser.result.queuedReportId","getlogsforuser.result.queuedReportId","","","",0,1,"","","","string {[]} {[]}
","Id för pågående rapport (UUID)","Id för pågående rapport (UUID)","","","","","","","","","",,,,,"",,,,"getlogsforuser.result.queuedReportId",0,1,"",""
"getlogsforuser","getlogsforuser.result.queueTime","getlogsforuser.result.queueTime","","","",0,1,"","","","integer {[]} {[]}
","Uppskattad väntetid i sekunder","Uppskattad väntetid i sekunder","","","","","","","","","",,,,,"",,,,"getlogsforuser.result.queueTime",0,1,"",""
"getlogsforuser","getlogsforuser.logs","getlogsforuser.logs","","","",0,1,"","","","BackboneElement {[]} {[]}
","Samling av loggposter","Samling av loggposter","","","","","","","","","",,,,,"",,,,"getlogsforuser.logs",0,1,"","ele-1:All FHIR elements must have a @value or children {hasValue() or (children().count() > id.count())}
"
"getlogsforuser","getlogsforuser.logs.id","getlogsforuser.logs.id","","","",0,1,"","","","string {[]} {[]}
","Unique id for inter-element referencing","Unique id for the element within a resource (for internal references). This may be any string value that does not contain spaces.","","","","","","","","","",,,,,"",,,,"Element.id",0,1,"",""
"getlogsforuser","getlogsforuser.logs.extension","getlogsforuser.logs.extension","","extensions
user content","",0,*,"","","","Extension {[]} {[]}
","Additional content defined by implementations","May be used to represent additional information that is not part of the basic definition of the element. To make the use of extensions safe and manageable, there is a strict set of governance  applied to the definition and use of extensions. Though any implementer can define an extension, there is a set of requirements that SHALL be met as part of the definition of the extension.","There can be no stigma associated with the use of extensions by any application, project, or standard - regardless of the institution or jurisdiction that uses or defines the extensions.  The use of extensions is what allows the FHIR specification to retain a core level of simplicity for everyone.","","","","","","","","",,,,,"","value:url}
","Extensions are always sliced by (at least) url",,"open","Element.extension",0,*,"","ele-1:All FHIR elements must have a @value or children {hasValue() or (children().count() > id.count())}
ext-1:Must have either extensions or value[x], not both {extension.exists() != value.exists()}"
"getlogsforuser","getlogsforuser.logs.modifierExtension","getlogsforuser.logs.modifierExtension","","extensions
user contentmodifiers","",0,*,"","Y","Y","Extension {[]} {[]}
","Extensions that cannot be ignored even if unrecognized","May be used to represent additional information that is not part of the basic definition of the element and that modifies the understanding of the element in which it is contained and/or the understanding of the containing element's descendants. Usually modifier elements provide negation or qualification. To make the use of extensions safe and manageable, there is a strict set of governance applied to the definition and use of extensions. Though any implementer can define an extension, there is a set of requirements that SHALL be met as part of the definition of the extension. Applications processing a resource are required to check for modifier extensions.

Modifier extensions SHALL NOT change the meaning of any elements on Resource or DomainResource (including cannot change the meaning of modifierExtension itself).","There can be no stigma associated with the use of extensions by any application, project, or standard - regardless of the institution or jurisdiction that uses or defines the extensions.  The use of extensions is what allows the FHIR specification to retain a core level of simplicity for everyone.","Modifier extensions allow for extensions that *cannot* be safely ignored to be clearly distinguished from the vast majority of extensions which can be safely ignored.  This promotes interoperability by eliminating the need for implementers to prohibit the presence of extensions. For further information, see the [definition of modifier extensions](http://hl7.org/fhir/R4/extensibility.html#modifierExtension).","","","","","","","",,,,,"",,,,"BackboneElement.modifierExtension",0,*,"","ele-1:All FHIR elements must have a @value or children {hasValue() or (children().count() > id.count())}
ext-1:Must have either extensions or value[x], not both {extension.exists() != value.exists()}"
"getlogsforuser","getlogsforuser.logs.log","getlogsforuser.logs.log","","","",0,*,"","","","BackboneElement {[]} {[]}
","En loggpost","En loggpost","","","","","","","","","",,,,,"",,,,"getlogsforuser.logs.log",0,*,"","ele-1:All FHIR elements must have a @value or children {hasValue() or (children().count() > id.count())}
"
"getlogsforuser","getlogsforuser.logs.log.id","getlogsforuser.logs.log.id","","","",0,1,"","","","string {[]} {[]}
","Unique id for inter-element referencing","Unique id for the element within a resource (for internal references). This may be any string value that does not contain spaces.","","","","","","","","","",,,,,"",,,,"Element.id",0,1,"",""
"getlogsforuser","getlogsforuser.logs.log.extension","getlogsforuser.logs.log.extension","","extensions
user content","",0,*,"","","","Extension {[]} {[]}
","Additional content defined by implementations","May be used to represent additional information that is not part of the basic definition of the element. To make the use of extensions safe and manageable, there is a strict set of governance  applied to the definition and use of extensions. Though any implementer can define an extension, there is a set of requirements that SHALL be met as part of the definition of the extension.","There can be no stigma associated with the use of extensions by any application, project, or standard - regardless of the institution or jurisdiction that uses or defines the extensions.  The use of extensions is what allows the FHIR specification to retain a core level of simplicity for everyone.","","","","","","","","",,,,,"","value:url}
","Extensions are always sliced by (at least) url",,"open","Element.extension",0,*,"","ele-1:All FHIR elements must have a @value or children {hasValue() or (children().count() > id.count())}
ext-1:Must have either extensions or value[x], not both {extension.exists() != value.exists()}"
"getlogsforuser","getlogsforuser.logs.log.modifierExtension","getlogsforuser.logs.log.modifierExtension","","extensions
user contentmodifiers","",0,*,"","Y","Y","Extension {[]} {[]}
","Extensions that cannot be ignored even if unrecognized","May be used to represent additional information that is not part of the basic definition of the element and that modifies the understanding of the element in which it is contained and/or the understanding of the containing element's descendants. Usually modifier elements provide negation or qualification. To make the use of extensions safe and manageable, there is a strict set of governance applied to the definition and use of extensions. Though any implementer can define an extension, there is a set of requirements that SHALL be met as part of the definition of the extension. Applications processing a resource are required to check for modifier extensions.

Modifier extensions SHALL NOT change the meaning of any elements on Resource or DomainResource (including cannot change the meaning of modifierExtension itself).","There can be no stigma associated with the use of extensions by any application, project, or standard - regardless of the institution or jurisdiction that uses or defines the extensions.  The use of extensions is what allows the FHIR specification to retain a core level of simplicity for everyone.","Modifier extensions allow for extensions that *cannot* be safely ignored to be clearly distinguished from the vast majority of extensions which can be safely ignored.  This promotes interoperability by eliminating the need for implementers to prohibit the presence of extensions. For further information, see the [definition of modifier extensions](http://hl7.org/fhir/R4/extensibility.html#modifierExtension).","","","","","","","",,,,,"",,,,"BackboneElement.modifierExtension",0,*,"","ele-1:All FHIR elements must have a @value or children {hasValue() or (children().count() > id.count())}
ext-1:Must have either extensions or value[x], not both {extension.exists() != value.exists()}"
"getlogsforuser","getlogsforuser.logs.log.logId","getlogsforuser.logs.log.logId","","","",1,1,"","","","string {[]} {[]}
","Loggpostens UUID-identifierare","Loggpostens UUID-identifierare","","","","","","","","","",,,,,"",,,,"getlogsforuser.logs.log.logId",1,1,"",""
"getlogsforuser","getlogsforuser.logs.log.system","getlogsforuser.logs.log.system","","","",1,1,"","","","BackboneElement {[]} {[]}
","Loggande system","Loggande system","","","","","","","","","",,,,,"",,,,"getlogsforuser.logs.log.system",1,1,"","ele-1:All FHIR elements must have a @value or children {hasValue() or (children().count() > id.count())}
"
"getlogsforuser","getlogsforuser.logs.log.system.id","getlogsforuser.logs.log.system.id","","","",0,1,"","","","string {[]} {[]}
","Unique id for inter-element referencing","Unique id for the element within a resource (for internal references). This may be any string value that does not contain spaces.","","","","","","","","","",,,,,"",,,,"Element.id",0,1,"",""
"getlogsforuser","getlogsforuser.logs.log.system.extension","getlogsforuser.logs.log.system.extension","","extensions
user content","",0,*,"","","","Extension {[]} {[]}
","Additional content defined by implementations","May be used to represent additional information that is not part of the basic definition of the element. To make the use of extensions safe and manageable, there is a strict set of governance  applied to the definition and use of extensions. Though any implementer can define an extension, there is a set of requirements that SHALL be met as part of the definition of the extension.","There can be no stigma associated with the use of extensions by any application, project, or standard - regardless of the institution or jurisdiction that uses or defines the extensions.  The use of extensions is what allows the FHIR specification to retain a core level of simplicity for everyone.","","","","","","","","",,,,,"","value:url}
","Extensions are always sliced by (at least) url",,"open","Element.extension",0,*,"","ele-1:All FHIR elements must have a @value or children {hasValue() or (children().count() > id.count())}
ext-1:Must have either extensions or value[x], not both {extension.exists() != value.exists()}"
"getlogsforuser","getlogsforuser.logs.log.system.modifierExtension","getlogsforuser.logs.log.system.modifierExtension","","extensions
user contentmodifiers","",0,*,"","Y","Y","Extension {[]} {[]}
","Extensions that cannot be ignored even if unrecognized","May be used to represent additional information that is not part of the basic definition of the element and that modifies the understanding of the element in which it is contained and/or the understanding of the containing element's descendants. Usually modifier elements provide negation or qualification. To make the use of extensions safe and manageable, there is a strict set of governance applied to the definition and use of extensions. Though any implementer can define an extension, there is a set of requirements that SHALL be met as part of the definition of the extension. Applications processing a resource are required to check for modifier extensions.

Modifier extensions SHALL NOT change the meaning of any elements on Resource or DomainResource (including cannot change the meaning of modifierExtension itself).","There can be no stigma associated with the use of extensions by any application, project, or standard - regardless of the institution or jurisdiction that uses or defines the extensions.  The use of extensions is what allows the FHIR specification to retain a core level of simplicity for everyone.","Modifier extensions allow for extensions that *cannot* be safely ignored to be clearly distinguished from the vast majority of extensions which can be safely ignored.  This promotes interoperability by eliminating the need for implementers to prohibit the presence of extensions. For further information, see the [definition of modifier extensions](http://hl7.org/fhir/R4/extensibility.html#modifierExtension).","","","","","","","",,,,,"",,,,"BackboneElement.modifierExtension",0,*,"","ele-1:All FHIR elements must have a @value or children {hasValue() or (children().count() > id.count())}
ext-1:Must have either extensions or value[x], not both {extension.exists() != value.exists()}"
"getlogsforuser","getlogsforuser.logs.log.system.systemId","getlogsforuser.logs.log.system.systemId","","","",1,1,"","","","Identifier {[]} {[]}
","Systemets HSA-id","Systemets HSA-id","","","","","","","","","",,,,,"",,,,"getlogsforuser.logs.log.system.systemId",1,1,"",""
"getlogsforuser","getlogsforuser.logs.log.system.systemName","getlogsforuser.logs.log.system.systemName","","","",0,1,"","","","string {[]} {[]}
","Systemets namn","Systemets namn","","","","","","","","","",,,,,"",,,,"getlogsforuser.logs.log.system.systemName",0,1,"",""
"getlogsforuser","getlogsforuser.logs.log.activity","getlogsforuser.logs.log.activity","","","",1,1,"","","","BackboneElement {[]} {[]}
","Aktivitetsinformation","Aktivitetsinformation","","","","","","","","","",,,,,"",,,,"getlogsforuser.logs.log.activity",1,1,"","ele-1:All FHIR elements must have a @value or children {hasValue() or (children().count() > id.count())}
"
"getlogsforuser","getlogsforuser.logs.log.activity.id","getlogsforuser.logs.log.activity.id","","","",0,1,"","","","string {[]} {[]}
","Unique id for inter-element referencing","Unique id for the element within a resource (for internal references). This may be any string value that does not contain spaces.","","","","","","","","","",,,,,"",,,,"Element.id",0,1,"",""
"getlogsforuser","getlogsforuser.logs.log.activity.extension","getlogsforuser.logs.log.activity.extension","","extensions
user content","",0,*,"","","","Extension {[]} {[]}
","Additional content defined by implementations","May be used to represent additional information that is not part of the basic definition of the element. To make the use of extensions safe and manageable, there is a strict set of governance  applied to the definition and use of extensions. Though any implementer can define an extension, there is a set of requirements that SHALL be met as part of the definition of the extension.","There can be no stigma associated with the use of extensions by any application, project, or standard - regardless of the institution or jurisdiction that uses or defines the extensions.  The use of extensions is what allows the FHIR specification to retain a core level of simplicity for everyone.","","","","","","","","",,,,,"","value:url}
","Extensions are always sliced by (at least) url",,"open","Element.extension",0,*,"","ele-1:All FHIR elements must have a @value or children {hasValue() or (children().count() > id.count())}
ext-1:Must have either extensions or value[x], not both {extension.exists() != value.exists()}"
"getlogsforuser","getlogsforuser.logs.log.activity.modifierExtension","getlogsforuser.logs.log.activity.modifierExtension","","extensions
user contentmodifiers","",0,*,"","Y","Y","Extension {[]} {[]}
","Extensions that cannot be ignored even if unrecognized","May be used to represent additional information that is not part of the basic definition of the element and that modifies the understanding of the element in which it is contained and/or the understanding of the containing element's descendants. Usually modifier elements provide negation or qualification. To make the use of extensions safe and manageable, there is a strict set of governance applied to the definition and use of extensions. Though any implementer can define an extension, there is a set of requirements that SHALL be met as part of the definition of the extension. Applications processing a resource are required to check for modifier extensions.

Modifier extensions SHALL NOT change the meaning of any elements on Resource or DomainResource (including cannot change the meaning of modifierExtension itself).","There can be no stigma associated with the use of extensions by any application, project, or standard - regardless of the institution or jurisdiction that uses or defines the extensions.  The use of extensions is what allows the FHIR specification to retain a core level of simplicity for everyone.","Modifier extensions allow for extensions that *cannot* be safely ignored to be clearly distinguished from the vast majority of extensions which can be safely ignored.  This promotes interoperability by eliminating the need for implementers to prohibit the presence of extensions. For further information, see the [definition of modifier extensions](http://hl7.org/fhir/R4/extensibility.html#modifierExtension).","","","","","","","",,,,,"",,,,"BackboneElement.modifierExtension",0,*,"","ele-1:All FHIR elements must have a @value or children {hasValue() or (children().count() > id.count())}
ext-1:Must have either extensions or value[x], not both {extension.exists() != value.exists()}"
"getlogsforuser","getlogsforuser.logs.log.activity.activityType","getlogsforuser.logs.log.activity.activityType","","","",1,1,"","","","code {[]} {[]}
","Typ av aktivitet","Typ av aktivitet","","","","","","","","","",,"required","","https://fhir.inera.se/ig/ehr-log/ValueSet/activitytype-vs","",,,,"getlogsforuser.logs.log.activity.activityType",1,1,"",""
"getlogsforuser","getlogsforuser.logs.log.activity.activityLevel","getlogsforuser.logs.log.activity.activityLevel","","","",0,1,"","","","string {[]} {[]}
","Aktivitetsnivå","Aktivitetsnivå","","","","","","","","","",,,,,"",,,,"getlogsforuser.logs.log.activity.activityLevel",0,1,"",""
"getlogsforuser","getlogsforuser.logs.log.activity.activityArgs","getlogsforuser.logs.log.activity.activityArgs","","","",0,1,"","","","string {[]} {[]}
","Övriga aktivitetsparametrar","Övriga aktivitetsparametrar","","","","","","","","","",,,,,"",,,,"getlogsforuser.logs.log.activity.activityArgs",0,1,"",""
"getlogsforuser","getlogsforuser.logs.log.activity.startDate","getlogsforuser.logs.log.activity.startDate","","","",1,1,"","","","dateTime {[]} {[]}
","Tidpunkt för aktiviteten","Tidpunkt för aktiviteten","","","","","","","","","",,,,,"",,,,"getlogsforuser.logs.log.activity.startDate",1,1,"",""
"getlogsforuser","getlogsforuser.logs.log.activity.purpose","getlogsforuser.logs.log.activity.purpose","","","",1,1,"","","","string {[]} {[]}
","Syfte med aktiviteten","Syfte med aktiviteten","","","","","","","","","",,,,,"",,,,"getlogsforuser.logs.log.activity.purpose",1,1,"",""
"getlogsforuser","getlogsforuser.logs.log.user","getlogsforuser.logs.log.user","","","",1,1,"","","","BackboneElement {[]} {[]}
","Medarbetaren som utförde aktiviteten","Medarbetaren som utförde aktiviteten","","","","","","","","","",,,,,"",,,,"getlogsforuser.logs.log.user",1,1,"","ele-1:All FHIR elements must have a @value or children {hasValue() or (children().count() > id.count())}
"
"getlogsforuser","getlogsforuser.logs.log.user.id","getlogsforuser.logs.log.user.id","","","",0,1,"","","","string {[]} {[]}
","Unique id for inter-element referencing","Unique id for the element within a resource (for internal references). This may be any string value that does not contain spaces.","","","","","","","","","",,,,,"",,,,"Element.id",0,1,"",""
"getlogsforuser","getlogsforuser.logs.log.user.extension","getlogsforuser.logs.log.user.extension","","extensions
user content","",0,*,"","","","Extension {[]} {[]}
","Additional content defined by implementations","May be used to represent additional information that is not part of the basic definition of the element. To make the use of extensions safe and manageable, there is a strict set of governance  applied to the definition and use of extensions. Though any implementer can define an extension, there is a set of requirements that SHALL be met as part of the definition of the extension.","There can be no stigma associated with the use of extensions by any application, project, or standard - regardless of the institution or jurisdiction that uses or defines the extensions.  The use of extensions is what allows the FHIR specification to retain a core level of simplicity for everyone.","","","","","","","","",,,,,"","value:url}
","Extensions are always sliced by (at least) url",,"open","Element.extension",0,*,"","ele-1:All FHIR elements must have a @value or children {hasValue() or (children().count() > id.count())}
ext-1:Must have either extensions or value[x], not both {extension.exists() != value.exists()}"
"getlogsforuser","getlogsforuser.logs.log.user.modifierExtension","getlogsforuser.logs.log.user.modifierExtension","","extensions
user contentmodifiers","",0,*,"","Y","Y","Extension {[]} {[]}
","Extensions that cannot be ignored even if unrecognized","May be used to represent additional information that is not part of the basic definition of the element and that modifies the understanding of the element in which it is contained and/or the understanding of the containing element's descendants. Usually modifier elements provide negation or qualification. To make the use of extensions safe and manageable, there is a strict set of governance applied to the definition and use of extensions. Though any implementer can define an extension, there is a set of requirements that SHALL be met as part of the definition of the extension. Applications processing a resource are required to check for modifier extensions.

Modifier extensions SHALL NOT change the meaning of any elements on Resource or DomainResource (including cannot change the meaning of modifierExtension itself).","There can be no stigma associated with the use of extensions by any application, project, or standard - regardless of the institution or jurisdiction that uses or defines the extensions.  The use of extensions is what allows the FHIR specification to retain a core level of simplicity for everyone.","Modifier extensions allow for extensions that *cannot* be safely ignored to be clearly distinguished from the vast majority of extensions which can be safely ignored.  This promotes interoperability by eliminating the need for implementers to prohibit the presence of extensions. For further information, see the [definition of modifier extensions](http://hl7.org/fhir/R4/extensibility.html#modifierExtension).","","","","","","","",,,,,"",,,,"BackboneElement.modifierExtension",0,*,"","ele-1:All FHIR elements must have a @value or children {hasValue() or (children().count() > id.count())}
ext-1:Must have either extensions or value[x], not both {extension.exists() != value.exists()}"
"getlogsforuser","getlogsforuser.logs.log.user.userId","getlogsforuser.logs.log.user.userId","","","",1,1,"","","","Identifier {[]} {[]}
","Medarbetarens HSA-id","Medarbetarens HSA-id","","","","","","","","","",,,,,"",,,,"getlogsforuser.logs.log.user.userId",1,1,"",""
"getlogsforuser","getlogsforuser.logs.log.user.employeeName","getlogsforuser.logs.log.user.employeeName","","","",0,1,"","","","string {[]} {[]}
","Medarbetarens namn","Medarbetarens namn","","","","","","","","","",,,,,"",,,,"getlogsforuser.logs.log.user.employeeName",0,1,"",""
"getlogsforuser","getlogsforuser.logs.log.user.personId","getlogsforuser.logs.log.user.personId","","","",0,1,"","","","Identifier {[]} {[]}
","Medarbetarens personnummer","Medarbetarens personnummer","","","","","","","","","",,,,,"",,,,"getlogsforuser.logs.log.user.personId",0,1,"",""
"getlogsforuser","getlogsforuser.logs.log.user.assignment","getlogsforuser.logs.log.user.assignment","","","",0,1,"","","","string {[]} {[]}
","Uppdragsnamn","Uppdragsnamn","","","","","","","","","",,,,,"",,,,"getlogsforuser.logs.log.user.assignment",0,1,"",""
"getlogsforuser","getlogsforuser.logs.log.user.title","getlogsforuser.logs.log.user.title","","","",0,1,"","","","string {[]} {[]}
","Yrkestitel","Yrkestitel","","","","","","","","","",,,,,"",,,,"getlogsforuser.logs.log.user.title",0,1,"",""
"getlogsforuser","getlogsforuser.logs.log.user.careProvider","getlogsforuser.logs.log.user.careProvider","","","",1,1,"","","","BackboneElement {[]} {[]}
","Medarbetarens vårdgivare","Medarbetarens vårdgivare","","","","","","","","","",,,,,"",,,,"getlogsforuser.logs.log.user.careProvider",1,1,"","ele-1:All FHIR elements must have a @value or children {hasValue() or (children().count() > id.count())}
"
"getlogsforuser","getlogsforuser.logs.log.user.careProvider.id","getlogsforuser.logs.log.user.careProvider.id","","","",0,1,"","","","string {[]} {[]}
","Unique id for inter-element referencing","Unique id for the element within a resource (for internal references). This may be any string value that does not contain spaces.","","","","","","","","","",,,,,"",,,,"Element.id",0,1,"",""
"getlogsforuser","getlogsforuser.logs.log.user.careProvider.extension","getlogsforuser.logs.log.user.careProvider.extension","","extensions
user content","",0,*,"","","","Extension {[]} {[]}
","Additional content defined by implementations","May be used to represent additional information that is not part of the basic definition of the element. To make the use of extensions safe and manageable, there is a strict set of governance  applied to the definition and use of extensions. Though any implementer can define an extension, there is a set of requirements that SHALL be met as part of the definition of the extension.","There can be no stigma associated with the use of extensions by any application, project, or standard - regardless of the institution or jurisdiction that uses or defines the extensions.  The use of extensions is what allows the FHIR specification to retain a core level of simplicity for everyone.","","","","","","","","",,,,,"","value:url}
","Extensions are always sliced by (at least) url",,"open","Element.extension",0,*,"","ele-1:All FHIR elements must have a @value or children {hasValue() or (children().count() > id.count())}
ext-1:Must have either extensions or value[x], not both {extension.exists() != value.exists()}"
"getlogsforuser","getlogsforuser.logs.log.user.careProvider.modifierExtension","getlogsforuser.logs.log.user.careProvider.modifierExtension","","extensions
user contentmodifiers","",0,*,"","Y","Y","Extension {[]} {[]}
","Extensions that cannot be ignored even if unrecognized","May be used to represent additional information that is not part of the basic definition of the element and that modifies the understanding of the element in which it is contained and/or the understanding of the containing element's descendants. Usually modifier elements provide negation or qualification. To make the use of extensions safe and manageable, there is a strict set of governance applied to the definition and use of extensions. Though any implementer can define an extension, there is a set of requirements that SHALL be met as part of the definition of the extension. Applications processing a resource are required to check for modifier extensions.

Modifier extensions SHALL NOT change the meaning of any elements on Resource or DomainResource (including cannot change the meaning of modifierExtension itself).","There can be no stigma associated with the use of extensions by any application, project, or standard - regardless of the institution or jurisdiction that uses or defines the extensions.  The use of extensions is what allows the FHIR specification to retain a core level of simplicity for everyone.","Modifier extensions allow for extensions that *cannot* be safely ignored to be clearly distinguished from the vast majority of extensions which can be safely ignored.  This promotes interoperability by eliminating the need for implementers to prohibit the presence of extensions. For further information, see the [definition of modifier extensions](http://hl7.org/fhir/R4/extensibility.html#modifierExtension).","","","","","","","",,,,,"",,,,"BackboneElement.modifierExtension",0,*,"","ele-1:All FHIR elements must have a @value or children {hasValue() or (children().count() > id.count())}
ext-1:Must have either extensions or value[x], not both {extension.exists() != value.exists()}"
"getlogsforuser","getlogsforuser.logs.log.user.careProvider.careProviderId","getlogsforuser.logs.log.user.careProvider.careProviderId","","","",1,1,"","","","Identifier {[]} {[]}
","Vårdgivarens HSA-id","Vårdgivarens HSA-id","","","","","","","","","",,,,,"",,,,"getlogsforuser.logs.log.user.careProvider.careProviderId",1,1,"",""
"getlogsforuser","getlogsforuser.logs.log.user.careProvider.careProviderName","getlogsforuser.logs.log.user.careProvider.careProviderName","","","",0,1,"","","","string {[]} {[]}
","Vårdgivarens namn","Vårdgivarens namn","","","","","","","","","",,,,,"",,,,"getlogsforuser.logs.log.user.careProvider.careProviderName",0,1,"",""
"getlogsforuser","getlogsforuser.logs.log.user.careUnit","getlogsforuser.logs.log.user.careUnit","","","",1,1,"","","","BackboneElement {[]} {[]}
","Medarbetarens vårdenhet","Medarbetarens vårdenhet","","","","","","","","","",,,,,"",,,,"getlogsforuser.logs.log.user.careUnit",1,1,"","ele-1:All FHIR elements must have a @value or children {hasValue() or (children().count() > id.count())}
"
"getlogsforuser","getlogsforuser.logs.log.user.careUnit.id","getlogsforuser.logs.log.user.careUnit.id","","","",0,1,"","","","string {[]} {[]}
","Unique id for inter-element referencing","Unique id for the element within a resource (for internal references). This may be any string value that does not contain spaces.","","","","","","","","","",,,,,"",,,,"Element.id",0,1,"",""
"getlogsforuser","getlogsforuser.logs.log.user.careUnit.extension","getlogsforuser.logs.log.user.careUnit.extension","","extensions
user content","",0,*,"","","","Extension {[]} {[]}
","Additional content defined by implementations","May be used to represent additional information that is not part of the basic definition of the element. To make the use of extensions safe and manageable, there is a strict set of governance  applied to the definition and use of extensions. Though any implementer can define an extension, there is a set of requirements that SHALL be met as part of the definition of the extension.","There can be no stigma associated with the use of extensions by any application, project, or standard - regardless of the institution or jurisdiction that uses or defines the extensions.  The use of extensions is what allows the FHIR specification to retain a core level of simplicity for everyone.","","","","","","","","",,,,,"","value:url}
","Extensions are always sliced by (at least) url",,"open","Element.extension",0,*,"","ele-1:All FHIR elements must have a @value or children {hasValue() or (children().count() > id.count())}
ext-1:Must have either extensions or value[x], not both {extension.exists() != value.exists()}"
"getlogsforuser","getlogsforuser.logs.log.user.careUnit.modifierExtension","getlogsforuser.logs.log.user.careUnit.modifierExtension","","extensions
user contentmodifiers","",0,*,"","Y","Y","Extension {[]} {[]}
","Extensions that cannot be ignored even if unrecognized","May be used to represent additional information that is not part of the basic definition of the element and that modifies the understanding of the element in which it is contained and/or the understanding of the containing element's descendants. Usually modifier elements provide negation or qualification. To make the use of extensions safe and manageable, there is a strict set of governance applied to the definition and use of extensions. Though any implementer can define an extension, there is a set of requirements that SHALL be met as part of the definition of the extension. Applications processing a resource are required to check for modifier extensions.

Modifier extensions SHALL NOT change the meaning of any elements on Resource or DomainResource (including cannot change the meaning of modifierExtension itself).","There can be no stigma associated with the use of extensions by any application, project, or standard - regardless of the institution or jurisdiction that uses or defines the extensions.  The use of extensions is what allows the FHIR specification to retain a core level of simplicity for everyone.","Modifier extensions allow for extensions that *cannot* be safely ignored to be clearly distinguished from the vast majority of extensions which can be safely ignored.  This promotes interoperability by eliminating the need for implementers to prohibit the presence of extensions. For further information, see the [definition of modifier extensions](http://hl7.org/fhir/R4/extensibility.html#modifierExtension).","","","","","","","",,,,,"",,,,"BackboneElement.modifierExtension",0,*,"","ele-1:All FHIR elements must have a @value or children {hasValue() or (children().count() > id.count())}
ext-1:Must have either extensions or value[x], not both {extension.exists() != value.exists()}"
"getlogsforuser","getlogsforuser.logs.log.user.careUnit.careUnitId","getlogsforuser.logs.log.user.careUnit.careUnitId","","","",1,1,"","","","Identifier {[]} {[]}
","Vårdenhetens HSA-id","Vårdenhetens HSA-id","","","","","","","","","",,,,,"",,,,"getlogsforuser.logs.log.user.careUnit.careUnitId",1,1,"",""
"getlogsforuser","getlogsforuser.logs.log.user.careUnit.careUnitName","getlogsforuser.logs.log.user.careUnit.careUnitName","","","",0,1,"","","","string {[]} {[]}
","Vårdenhetens namn","Vårdenhetens namn","","","","","","","","","",,,,,"",,,,"getlogsforuser.logs.log.user.careUnit.careUnitName",0,1,"",""
"getlogsforuser","getlogsforuser.logs.log.resources","getlogsforuser.logs.log.resources","","","",1,1,"","","","BackboneElement {[]} {[]}
","Resurser som aktiviteten avsåg","Resurser som aktiviteten avsåg","","","","","","","","","",,,,,"",,,,"getlogsforuser.logs.log.resources",1,1,"","ele-1:All FHIR elements must have a @value or children {hasValue() or (children().count() > id.count())}
"
"getlogsforuser","getlogsforuser.logs.log.resources.id","getlogsforuser.logs.log.resources.id","","","",0,1,"","","","string {[]} {[]}
","Unique id for inter-element referencing","Unique id for the element within a resource (for internal references). This may be any string value that does not contain spaces.","","","","","","","","","",,,,,"",,,,"Element.id",0,1,"",""
"getlogsforuser","getlogsforuser.logs.log.resources.extension","getlogsforuser.logs.log.resources.extension","","extensions
user content","",0,*,"","","","Extension {[]} {[]}
","Additional content defined by implementations","May be used to represent additional information that is not part of the basic definition of the element. To make the use of extensions safe and manageable, there is a strict set of governance  applied to the definition and use of extensions. Though any implementer can define an extension, there is a set of requirements that SHALL be met as part of the definition of the extension.","There can be no stigma associated with the use of extensions by any application, project, or standard - regardless of the institution or jurisdiction that uses or defines the extensions.  The use of extensions is what allows the FHIR specification to retain a core level of simplicity for everyone.","","","","","","","","",,,,,"","value:url}
","Extensions are always sliced by (at least) url",,"open","Element.extension",0,*,"","ele-1:All FHIR elements must have a @value or children {hasValue() or (children().count() > id.count())}
ext-1:Must have either extensions or value[x], not both {extension.exists() != value.exists()}"
"getlogsforuser","getlogsforuser.logs.log.resources.modifierExtension","getlogsforuser.logs.log.resources.modifierExtension","","extensions
user contentmodifiers","",0,*,"","Y","Y","Extension {[]} {[]}
","Extensions that cannot be ignored even if unrecognized","May be used to represent additional information that is not part of the basic definition of the element and that modifies the understanding of the element in which it is contained and/or the understanding of the containing element's descendants. Usually modifier elements provide negation or qualification. To make the use of extensions safe and manageable, there is a strict set of governance applied to the definition and use of extensions. Though any implementer can define an extension, there is a set of requirements that SHALL be met as part of the definition of the extension. Applications processing a resource are required to check for modifier extensions.

Modifier extensions SHALL NOT change the meaning of any elements on Resource or DomainResource (including cannot change the meaning of modifierExtension itself).","There can be no stigma associated with the use of extensions by any application, project, or standard - regardless of the institution or jurisdiction that uses or defines the extensions.  The use of extensions is what allows the FHIR specification to retain a core level of simplicity for everyone.","Modifier extensions allow for extensions that *cannot* be safely ignored to be clearly distinguished from the vast majority of extensions which can be safely ignored.  This promotes interoperability by eliminating the need for implementers to prohibit the presence of extensions. For further information, see the [definition of modifier extensions](http://hl7.org/fhir/R4/extensibility.html#modifierExtension).","","","","","","","",,,,,"",,,,"BackboneElement.modifierExtension",0,*,"","ele-1:All FHIR elements must have a @value or children {hasValue() or (children().count() > id.count())}
ext-1:Must have either extensions or value[x], not both {extension.exists() != value.exists()}"
"getlogsforuser","getlogsforuser.logs.log.resources.resource","getlogsforuser.logs.log.resources.resource","","","",1,*,"","","","BackboneElement {[]} {[]}
","En resurs","En resurs","","","","","","","","","",,,,,"",,,,"getlogsforuser.logs.log.resources.resource",1,*,"","ele-1:All FHIR elements must have a @value or children {hasValue() or (children().count() > id.count())}
"
"getlogsforuser","getlogsforuser.logs.log.resources.resource.id","getlogsforuser.logs.log.resources.resource.id","","","",0,1,"","","","string {[]} {[]}
","Unique id for inter-element referencing","Unique id for the element within a resource (for internal references). This may be any string value that does not contain spaces.","","","","","","","","","",,,,,"",,,,"Element.id",0,1,"",""
"getlogsforuser","getlogsforuser.logs.log.resources.resource.extension","getlogsforuser.logs.log.resources.resource.extension","","extensions
user content","",0,*,"","","","Extension {[]} {[]}
","Additional content defined by implementations","May be used to represent additional information that is not part of the basic definition of the element. To make the use of extensions safe and manageable, there is a strict set of governance  applied to the definition and use of extensions. Though any implementer can define an extension, there is a set of requirements that SHALL be met as part of the definition of the extension.","There can be no stigma associated with the use of extensions by any application, project, or standard - regardless of the institution or jurisdiction that uses or defines the extensions.  The use of extensions is what allows the FHIR specification to retain a core level of simplicity for everyone.","","","","","","","","",,,,,"","value:url}
","Extensions are always sliced by (at least) url",,"open","Element.extension",0,*,"","ele-1:All FHIR elements must have a @value or children {hasValue() or (children().count() > id.count())}
ext-1:Must have either extensions or value[x], not both {extension.exists() != value.exists()}"
"getlogsforuser","getlogsforuser.logs.log.resources.resource.modifierExtension","getlogsforuser.logs.log.resources.resource.modifierExtension","","extensions
user contentmodifiers","",0,*,"","Y","Y","Extension {[]} {[]}
","Extensions that cannot be ignored even if unrecognized","May be used to represent additional information that is not part of the basic definition of the element and that modifies the understanding of the element in which it is contained and/or the understanding of the containing element's descendants. Usually modifier elements provide negation or qualification. To make the use of extensions safe and manageable, there is a strict set of governance applied to the definition and use of extensions. Though any implementer can define an extension, there is a set of requirements that SHALL be met as part of the definition of the extension. Applications processing a resource are required to check for modifier extensions.

Modifier extensions SHALL NOT change the meaning of any elements on Resource or DomainResource (including cannot change the meaning of modifierExtension itself).","There can be no stigma associated with the use of extensions by any application, project, or standard - regardless of the institution or jurisdiction that uses or defines the extensions.  The use of extensions is what allows the FHIR specification to retain a core level of simplicity for everyone.","Modifier extensions allow for extensions that *cannot* be safely ignored to be clearly distinguished from the vast majority of extensions which can be safely ignored.  This promotes interoperability by eliminating the need for implementers to prohibit the presence of extensions. For further information, see the [definition of modifier extensions](http://hl7.org/fhir/R4/extensibility.html#modifierExtension).","","","","","","","",,,,,"",,,,"BackboneElement.modifierExtension",0,*,"","ele-1:All FHIR elements must have a @value or children {hasValue() or (children().count() > id.count())}
ext-1:Must have either extensions or value[x], not both {extension.exists() != value.exists()}"
"getlogsforuser","getlogsforuser.logs.log.resources.resource.resourceType","getlogsforuser.logs.log.resources.resource.resourceType","","","",1,1,"","","","string {[]} {[]}
","Resurstyp","Resurstyp","","","","","","","","","",,,,,"",,,,"getlogsforuser.logs.log.resources.resource.resourceType",1,1,"",""
"getlogsforuser","getlogsforuser.logs.log.resources.resource.patient","getlogsforuser.logs.log.resources.resource.patient","","","",0,1,"","","","BackboneElement {[]} {[]}
","Patient","Patient","","","","","","","","","",,,,,"",,,,"getlogsforuser.logs.log.resources.resource.patient",0,1,"","ele-1:All FHIR elements must have a @value or children {hasValue() or (children().count() > id.count())}
"
"getlogsforuser","getlogsforuser.logs.log.resources.resource.patient.id","getlogsforuser.logs.log.resources.resource.patient.id","","","",0,1,"","","","string {[]} {[]}
","Unique id for inter-element referencing","Unique id for the element within a resource (for internal references). This may be any string value that does not contain spaces.","","","","","","","","","",,,,,"",,,,"Element.id",0,1,"",""
"getlogsforuser","getlogsforuser.logs.log.resources.resource.patient.extension","getlogsforuser.logs.log.resources.resource.patient.extension","","extensions
user content","",0,*,"","","","Extension {[]} {[]}
","Additional content defined by implementations","May be used to represent additional information that is not part of the basic definition of the element. To make the use of extensions safe and manageable, there is a strict set of governance  applied to the definition and use of extensions. Though any implementer can define an extension, there is a set of requirements that SHALL be met as part of the definition of the extension.","There can be no stigma associated with the use of extensions by any application, project, or standard - regardless of the institution or jurisdiction that uses or defines the extensions.  The use of extensions is what allows the FHIR specification to retain a core level of simplicity for everyone.","","","","","","","","",,,,,"","value:url}
","Extensions are always sliced by (at least) url",,"open","Element.extension",0,*,"","ele-1:All FHIR elements must have a @value or children {hasValue() or (children().count() > id.count())}
ext-1:Must have either extensions or value[x], not both {extension.exists() != value.exists()}"
"getlogsforuser","getlogsforuser.logs.log.resources.resource.patient.modifierExtension","getlogsforuser.logs.log.resources.resource.patient.modifierExtension","","extensions
user contentmodifiers","",0,*,"","Y","Y","Extension {[]} {[]}
","Extensions that cannot be ignored even if unrecognized","May be used to represent additional information that is not part of the basic definition of the element and that modifies the understanding of the element in which it is contained and/or the understanding of the containing element's descendants. Usually modifier elements provide negation or qualification. To make the use of extensions safe and manageable, there is a strict set of governance applied to the definition and use of extensions. Though any implementer can define an extension, there is a set of requirements that SHALL be met as part of the definition of the extension. Applications processing a resource are required to check for modifier extensions.

Modifier extensions SHALL NOT change the meaning of any elements on Resource or DomainResource (including cannot change the meaning of modifierExtension itself).","There can be no stigma associated with the use of extensions by any application, project, or standard - regardless of the institution or jurisdiction that uses or defines the extensions.  The use of extensions is what allows the FHIR specification to retain a core level of simplicity for everyone.","Modifier extensions allow for extensions that *cannot* be safely ignored to be clearly distinguished from the vast majority of extensions which can be safely ignored.  This promotes interoperability by eliminating the need for implementers to prohibit the presence of extensions. For further information, see the [definition of modifier extensions](http://hl7.org/fhir/R4/extensibility.html#modifierExtension).","","","","","","","",,,,,"",,,,"BackboneElement.modifierExtension",0,*,"","ele-1:All FHIR elements must have a @value or children {hasValue() or (children().count() > id.count())}
ext-1:Must have either extensions or value[x], not both {extension.exists() != value.exists()}"
"getlogsforuser","getlogsforuser.logs.log.resources.resource.patient.patientId","getlogsforuser.logs.log.resources.resource.patient.patientId","","","",1,1,"","","","Identifier {[]} {[]}
","Patientidentifierare","Patientidentifierare","","","","","","","","","",,,,,"",,,,"getlogsforuser.logs.log.resources.resource.patient.patientId",1,1,"",""
"getlogsforuser","getlogsforuser.logs.log.resources.resource.patient.patientName","getlogsforuser.logs.log.resources.resource.patient.patientName","","","",0,1,"","","","string {[]} {[]}
","Patientens namn","Patientens namn","","","","","","","","","",,,,,"",,,,"getlogsforuser.logs.log.resources.resource.patient.patientName",0,1,"",""
"getlogsforuser","getlogsforuser.logs.log.resources.resource.careProvider","getlogsforuser.logs.log.resources.resource.careProvider","","","",1,1,"","","","BackboneElement {[]} {[]}
","Resursens ägande vårdgivare","Resursens ägande vårdgivare","","","","","","","","","",,,,,"",,,,"getlogsforuser.logs.log.resources.resource.careProvider",1,1,"","ele-1:All FHIR elements must have a @value or children {hasValue() or (children().count() > id.count())}
"
"getlogsforuser","getlogsforuser.logs.log.resources.resource.careProvider.id","getlogsforuser.logs.log.resources.resource.careProvider.id","","","",0,1,"","","","string {[]} {[]}
","Unique id for inter-element referencing","Unique id for the element within a resource (for internal references). This may be any string value that does not contain spaces.","","","","","","","","","",,,,,"",,,,"Element.id",0,1,"",""
"getlogsforuser","getlogsforuser.logs.log.resources.resource.careProvider.extension","getlogsforuser.logs.log.resources.resource.careProvider.extension","","extensions
user content","",0,*,"","","","Extension {[]} {[]}
","Additional content defined by implementations","May be used to represent additional information that is not part of the basic definition of the element. To make the use of extensions safe and manageable, there is a strict set of governance  applied to the definition and use of extensions. Though any implementer can define an extension, there is a set of requirements that SHALL be met as part of the definition of the extension.","There can be no stigma associated with the use of extensions by any application, project, or standard - regardless of the institution or jurisdiction that uses or defines the extensions.  The use of extensions is what allows the FHIR specification to retain a core level of simplicity for everyone.","","","","","","","","",,,,,"","value:url}
","Extensions are always sliced by (at least) url",,"open","Element.extension",0,*,"","ele-1:All FHIR elements must have a @value or children {hasValue() or (children().count() > id.count())}
ext-1:Must have either extensions or value[x], not both {extension.exists() != value.exists()}"
"getlogsforuser","getlogsforuser.logs.log.resources.resource.careProvider.modifierExtension","getlogsforuser.logs.log.resources.resource.careProvider.modifierExtension","","extensions
user contentmodifiers","",0,*,"","Y","Y","Extension {[]} {[]}
","Extensions that cannot be ignored even if unrecognized","May be used to represent additional information that is not part of the basic definition of the element and that modifies the understanding of the element in which it is contained and/or the understanding of the containing element's descendants. Usually modifier elements provide negation or qualification. To make the use of extensions safe and manageable, there is a strict set of governance applied to the definition and use of extensions. Though any implementer can define an extension, there is a set of requirements that SHALL be met as part of the definition of the extension. Applications processing a resource are required to check for modifier extensions.

Modifier extensions SHALL NOT change the meaning of any elements on Resource or DomainResource (including cannot change the meaning of modifierExtension itself).","There can be no stigma associated with the use of extensions by any application, project, or standard - regardless of the institution or jurisdiction that uses or defines the extensions.  The use of extensions is what allows the FHIR specification to retain a core level of simplicity for everyone.","Modifier extensions allow for extensions that *cannot* be safely ignored to be clearly distinguished from the vast majority of extensions which can be safely ignored.  This promotes interoperability by eliminating the need for implementers to prohibit the presence of extensions. For further information, see the [definition of modifier extensions](http://hl7.org/fhir/R4/extensibility.html#modifierExtension).","","","","","","","",,,,,"",,,,"BackboneElement.modifierExtension",0,*,"","ele-1:All FHIR elements must have a @value or children {hasValue() or (children().count() > id.count())}
ext-1:Must have either extensions or value[x], not both {extension.exists() != value.exists()}"
"getlogsforuser","getlogsforuser.logs.log.resources.resource.careProvider.careProviderId","getlogsforuser.logs.log.resources.resource.careProvider.careProviderId","","","",1,1,"","","","Identifier {[]} {[]}
","Vårdgivarens HSA-id","Vårdgivarens HSA-id","","","","","","","","","",,,,,"",,,,"getlogsforuser.logs.log.resources.resource.careProvider.careProviderId",1,1,"",""
"getlogsforuser","getlogsforuser.logs.log.resources.resource.careProvider.careProviderName","getlogsforuser.logs.log.resources.resource.careProvider.careProviderName","","","",0,1,"","","","string {[]} {[]}
","Vårdgivarens namn","Vårdgivarens namn","","","","","","","","","",,,,,"",,,,"getlogsforuser.logs.log.resources.resource.careProvider.careProviderName",0,1,"",""
"getlogsforuser","getlogsforuser.logs.log.resources.resource.careUnit","getlogsforuser.logs.log.resources.resource.careUnit","","","",0,1,"","","","BackboneElement {[]} {[]}
","Resursens vårdenhet","Resursens vårdenhet","","","","","","","","","",,,,,"",,,,"getlogsforuser.logs.log.resources.resource.careUnit",0,1,"","ele-1:All FHIR elements must have a @value or children {hasValue() or (children().count() > id.count())}
"
"getlogsforuser","getlogsforuser.logs.log.resources.resource.careUnit.id","getlogsforuser.logs.log.resources.resource.careUnit.id","","","",0,1,"","","","string {[]} {[]}
","Unique id for inter-element referencing","Unique id for the element within a resource (for internal references). This may be any string value that does not contain spaces.","","","","","","","","","",,,,,"",,,,"Element.id",0,1,"",""
"getlogsforuser","getlogsforuser.logs.log.resources.resource.careUnit.extension","getlogsforuser.logs.log.resources.resource.careUnit.extension","","extensions
user content","",0,*,"","","","Extension {[]} {[]}
","Additional content defined by implementations","May be used to represent additional information that is not part of the basic definition of the element. To make the use of extensions safe and manageable, there is a strict set of governance  applied to the definition and use of extensions. Though any implementer can define an extension, there is a set of requirements that SHALL be met as part of the definition of the extension.","There can be no stigma associated with the use of extensions by any application, project, or standard - regardless of the institution or jurisdiction that uses or defines the extensions.  The use of extensions is what allows the FHIR specification to retain a core level of simplicity for everyone.","","","","","","","","",,,,,"","value:url}
","Extensions are always sliced by (at least) url",,"open","Element.extension",0,*,"","ele-1:All FHIR elements must have a @value or children {hasValue() or (children().count() > id.count())}
ext-1:Must have either extensions or value[x], not both {extension.exists() != value.exists()}"
"getlogsforuser","getlogsforuser.logs.log.resources.resource.careUnit.modifierExtension","getlogsforuser.logs.log.resources.resource.careUnit.modifierExtension","","extensions
user contentmodifiers","",0,*,"","Y","Y","Extension {[]} {[]}
","Extensions that cannot be ignored even if unrecognized","May be used to represent additional information that is not part of the basic definition of the element and that modifies the understanding of the element in which it is contained and/or the understanding of the containing element's descendants. Usually modifier elements provide negation or qualification. To make the use of extensions safe and manageable, there is a strict set of governance applied to the definition and use of extensions. Though any implementer can define an extension, there is a set of requirements that SHALL be met as part of the definition of the extension. Applications processing a resource are required to check for modifier extensions.

Modifier extensions SHALL NOT change the meaning of any elements on Resource or DomainResource (including cannot change the meaning of modifierExtension itself).","There can be no stigma associated with the use of extensions by any application, project, or standard - regardless of the institution or jurisdiction that uses or defines the extensions.  The use of extensions is what allows the FHIR specification to retain a core level of simplicity for everyone.","Modifier extensions allow for extensions that *cannot* be safely ignored to be clearly distinguished from the vast majority of extensions which can be safely ignored.  This promotes interoperability by eliminating the need for implementers to prohibit the presence of extensions. For further information, see the [definition of modifier extensions](http://hl7.org/fhir/R4/extensibility.html#modifierExtension).","","","","","","","",,,,,"",,,,"BackboneElement.modifierExtension",0,*,"","ele-1:All FHIR elements must have a @value or children {hasValue() or (children().count() > id.count())}
ext-1:Must have either extensions or value[x], not both {extension.exists() != value.exists()}"
"getlogsforuser","getlogsforuser.logs.log.resources.resource.careUnit.careUnitId","getlogsforuser.logs.log.resources.resource.careUnit.careUnitId","","","",1,1,"","","","Identifier {[]} {[]}
","Vårdenhetens HSA-id","Vårdenhetens HSA-id","","","","","","","","","",,,,,"",,,,"getlogsforuser.logs.log.resources.resource.careUnit.careUnitId",1,1,"",""
"getlogsforuser","getlogsforuser.logs.log.resources.resource.careUnit.careUnitName","getlogsforuser.logs.log.resources.resource.careUnit.careUnitName","","","",0,1,"","","","string {[]} {[]}
","Vårdenhetens namn","Vårdenhetens namn","","","","","","","","","",,,,,"",,,,"getlogsforuser.logs.log.resources.resource.careUnit.careUnitName",0,1,"",""
"storelog-request","storelog-request","storelog-request","","","",0,*,"","","","null {[]} {[]}
","StoreLog — Request","Logisk modell för requestparametrar i StoreLog
(RIV-TA urn:riv:ehr:log:store:StoreLogResponder:1).
Innehåller en samling loggposter (log:Log) som ska lagras.","","","","","","","","","",,,,,"",,,,"Base",0,*,"",""
"storelog-request","storelog-request.log","storelog-request.log","","","",1,*,"","","","BackboneElement {[]} {[]}
","En loggpost att lagra i loggtjänsten","En kollektion av loggposter som ska lagras i loggtjänsten.
Datatyp: log:Log. Kardinalitet: Obligatorisk, lista (minst ett element).","","","","","","","","","",,,,,"",,,,"storelog-request.log",1,*,"","ele-1:All FHIR elements must have a @value or children {hasValue() or (children().count() > id.count())}
"
"storelog-request","storelog-request.log.id","storelog-request.log.id","","","",0,1,"","","","string {[]} {[]}
","Unique id for inter-element referencing","Unique id for the element within a resource (for internal references). This may be any string value that does not contain spaces.","","","","","","","","","",,,,,"",,,,"Element.id",0,1,"",""
"storelog-request","storelog-request.log.extension","storelog-request.log.extension","","extensions
user content","",0,*,"","","","Extension {[]} {[]}
","Additional content defined by implementations","May be used to represent additional information that is not part of the basic definition of the element. To make the use of extensions safe and manageable, there is a strict set of governance  applied to the definition and use of extensions. Though any implementer can define an extension, there is a set of requirements that SHALL be met as part of the definition of the extension.","There can be no stigma associated with the use of extensions by any application, project, or standard - regardless of the institution or jurisdiction that uses or defines the extensions.  The use of extensions is what allows the FHIR specification to retain a core level of simplicity for everyone.","","","","","","","","",,,,,"","value:url}
","Extensions are always sliced by (at least) url",,"open","Element.extension",0,*,"","ele-1:All FHIR elements must have a @value or children {hasValue() or (children().count() > id.count())}
ext-1:Must have either extensions or value[x], not both {extension.exists() != value.exists()}"
"storelog-request","storelog-request.log.modifierExtension","storelog-request.log.modifierExtension","","extensions
user contentmodifiers","",0,*,"","Y","Y","Extension {[]} {[]}
","Extensions that cannot be ignored even if unrecognized","May be used to represent additional information that is not part of the basic definition of the element and that modifies the understanding of the element in which it is contained and/or the understanding of the containing element's descendants. Usually modifier elements provide negation or qualification. To make the use of extensions safe and manageable, there is a strict set of governance applied to the definition and use of extensions. Though any implementer can define an extension, there is a set of requirements that SHALL be met as part of the definition of the extension. Applications processing a resource are required to check for modifier extensions.

Modifier extensions SHALL NOT change the meaning of any elements on Resource or DomainResource (including cannot change the meaning of modifierExtension itself).","There can be no stigma associated with the use of extensions by any application, project, or standard - regardless of the institution or jurisdiction that uses or defines the extensions.  The use of extensions is what allows the FHIR specification to retain a core level of simplicity for everyone.","Modifier extensions allow for extensions that *cannot* be safely ignored to be clearly distinguished from the vast majority of extensions which can be safely ignored.  This promotes interoperability by eliminating the need for implementers to prohibit the presence of extensions. For further information, see the [definition of modifier extensions](http://hl7.org/fhir/R4/extensibility.html#modifierExtension).","","","","","","","",,,,,"",,,,"BackboneElement.modifierExtension",0,*,"","ele-1:All FHIR elements must have a @value or children {hasValue() or (children().count() > id.count())}
ext-1:Must have either extensions or value[x], not both {extension.exists() != value.exists()}"
"storelog-request","storelog-request.log.logId","storelog-request.log.logId","","","",1,1,"","","","string {[]} {[]}
","Unikt UUID-identifikationsnummer för loggposten","Format: UUID (36 tecken). Kardinalitet: Obligatorisk.","","","","","","","","","",,,,,"",,,,"storelog-request.log.logId",1,1,"",""
"storelog-request","storelog-request.log.system","storelog-request.log.system","","","",1,1,"","","","BackboneElement {[]} {[]}
","Systemet som utförde aktiviteten","Systemet som utförde aktiviteten","","","","","","","","","",,,,,"",,,,"storelog-request.log.system",1,1,"","ele-1:All FHIR elements must have a @value or children {hasValue() or (children().count() > id.count())}
"
"storelog-request","storelog-request.log.system.id","storelog-request.log.system.id","","","",0,1,"","","","string {[]} {[]}
","Unique id for inter-element referencing","Unique id for the element within a resource (for internal references). This may be any string value that does not contain spaces.","","","","","","","","","",,,,,"",,,,"Element.id",0,1,"",""
"storelog-request","storelog-request.log.system.extension","storelog-request.log.system.extension","","extensions
user content","",0,*,"","","","Extension {[]} {[]}
","Additional content defined by implementations","May be used to represent additional information that is not part of the basic definition of the element. To make the use of extensions safe and manageable, there is a strict set of governance  applied to the definition and use of extensions. Though any implementer can define an extension, there is a set of requirements that SHALL be met as part of the definition of the extension.","There can be no stigma associated with the use of extensions by any application, project, or standard - regardless of the institution or jurisdiction that uses or defines the extensions.  The use of extensions is what allows the FHIR specification to retain a core level of simplicity for everyone.","","","","","","","","",,,,,"","value:url}
","Extensions are always sliced by (at least) url",,"open","Element.extension",0,*,"","ele-1:All FHIR elements must have a @value or children {hasValue() or (children().count() > id.count())}
ext-1:Must have either extensions or value[x], not both {extension.exists() != value.exists()}"
"storelog-request","storelog-request.log.system.modifierExtension","storelog-request.log.system.modifierExtension","","extensions
user contentmodifiers","",0,*,"","Y","Y","Extension {[]} {[]}
","Extensions that cannot be ignored even if unrecognized","May be used to represent additional information that is not part of the basic definition of the element and that modifies the understanding of the element in which it is contained and/or the understanding of the containing element's descendants. Usually modifier elements provide negation or qualification. To make the use of extensions safe and manageable, there is a strict set of governance applied to the definition and use of extensions. Though any implementer can define an extension, there is a set of requirements that SHALL be met as part of the definition of the extension. Applications processing a resource are required to check for modifier extensions.

Modifier extensions SHALL NOT change the meaning of any elements on Resource or DomainResource (including cannot change the meaning of modifierExtension itself).","There can be no stigma associated with the use of extensions by any application, project, or standard - regardless of the institution or jurisdiction that uses or defines the extensions.  The use of extensions is what allows the FHIR specification to retain a core level of simplicity for everyone.","Modifier extensions allow for extensions that *cannot* be safely ignored to be clearly distinguished from the vast majority of extensions which can be safely ignored.  This promotes interoperability by eliminating the need for implementers to prohibit the presence of extensions. For further information, see the [definition of modifier extensions](http://hl7.org/fhir/R4/extensibility.html#modifierExtension).","","","","","","","",,,,,"",,,,"BackboneElement.modifierExtension",0,*,"","ele-1:All FHIR elements must have a @value or children {hasValue() or (children().count() > id.count())}
ext-1:Must have either extensions or value[x], not both {extension.exists() != value.exists()}"
"storelog-request","storelog-request.log.system.systemId","storelog-request.log.system.systemId","","","",1,1,"","","","Identifier {[]} {[]}
","Systemets HSA-id","Systemets unika HSA-identifierare. Kardinalitet: Obligatorisk.","","","","","","","","","",,,,,"",,,,"storelog-request.log.system.systemId",1,1,"",""
"storelog-request","storelog-request.log.system.systemName","storelog-request.log.system.systemName","","","",0,1,"","","","string {[]} {[]}
","Systemets namn","Systemets läsbarare namn. Maxlängd: 256. Kardinalitet: Valfri.","","","","","","","","","",,,,,"",,,,"storelog-request.log.system.systemName",0,1,"",""
"storelog-request","storelog-request.log.activity","storelog-request.log.activity","","","",1,1,"","","","BackboneElement {[]} {[]}
","Aktivitetsinformation","Aktivitetsinformation","","","","","","","","","",,,,,"",,,,"storelog-request.log.activity",1,1,"","ele-1:All FHIR elements must have a @value or children {hasValue() or (children().count() > id.count())}
"
"storelog-request","storelog-request.log.activity.id","storelog-request.log.activity.id","","","",0,1,"","","","string {[]} {[]}
","Unique id for inter-element referencing","Unique id for the element within a resource (for internal references). This may be any string value that does not contain spaces.","","","","","","","","","",,,,,"",,,,"Element.id",0,1,"",""
"storelog-request","storelog-request.log.activity.extension","storelog-request.log.activity.extension","","extensions
user content","",0,*,"","","","Extension {[]} {[]}
","Additional content defined by implementations","May be used to represent additional information that is not part of the basic definition of the element. To make the use of extensions safe and manageable, there is a strict set of governance  applied to the definition and use of extensions. Though any implementer can define an extension, there is a set of requirements that SHALL be met as part of the definition of the extension.","There can be no stigma associated with the use of extensions by any application, project, or standard - regardless of the institution or jurisdiction that uses or defines the extensions.  The use of extensions is what allows the FHIR specification to retain a core level of simplicity for everyone.","","","","","","","","",,,,,"","value:url}
","Extensions are always sliced by (at least) url",,"open","Element.extension",0,*,"","ele-1:All FHIR elements must have a @value or children {hasValue() or (children().count() > id.count())}
ext-1:Must have either extensions or value[x], not both {extension.exists() != value.exists()}"
"storelog-request","storelog-request.log.activity.modifierExtension","storelog-request.log.activity.modifierExtension","","extensions
user contentmodifiers","",0,*,"","Y","Y","Extension {[]} {[]}
","Extensions that cannot be ignored even if unrecognized","May be used to represent additional information that is not part of the basic definition of the element and that modifies the understanding of the element in which it is contained and/or the understanding of the containing element's descendants. Usually modifier elements provide negation or qualification. To make the use of extensions safe and manageable, there is a strict set of governance applied to the definition and use of extensions. Though any implementer can define an extension, there is a set of requirements that SHALL be met as part of the definition of the extension. Applications processing a resource are required to check for modifier extensions.

Modifier extensions SHALL NOT change the meaning of any elements on Resource or DomainResource (including cannot change the meaning of modifierExtension itself).","There can be no stigma associated with the use of extensions by any application, project, or standard - regardless of the institution or jurisdiction that uses or defines the extensions.  The use of extensions is what allows the FHIR specification to retain a core level of simplicity for everyone.","Modifier extensions allow for extensions that *cannot* be safely ignored to be clearly distinguished from the vast majority of extensions which can be safely ignored.  This promotes interoperability by eliminating the need for implementers to prohibit the presence of extensions. For further information, see the [definition of modifier extensions](http://hl7.org/fhir/R4/extensibility.html#modifierExtension).","","","","","","","",,,,,"",,,,"BackboneElement.modifierExtension",0,*,"","ele-1:All FHIR elements must have a @value or children {hasValue() or (children().count() > id.count())}
ext-1:Must have either extensions or value[x], not both {extension.exists() != value.exists()}"
"storelog-request","storelog-request.log.activity.activityType","storelog-request.log.activity.activityType","","","",1,1,"","","","code {[]} {[]}
","Typ av aktivitet","Anger vilken typ av aktivitet som utförts.
Tillåtna värden: Läsa, Skriva, Signera, Utskrift, Vidimera, Radera, Nödöppning.
Kardinalitet: Obligatorisk.","","","","","","","","","",,"required","","https://fhir.inera.se/ig/ehr-log/ValueSet/activitytype-vs","",,,,"storelog-request.log.activity.activityType",1,1,"",""
"storelog-request","storelog-request.log.activity.activityLevel","storelog-request.log.activity.activityLevel","","","",0,1,"","","","string {[]} {[]}
","Nivå på aktiviteten","Information om vilken nivå aktiviteten utfördes på. Maxlängd: 50. Kardinalitet: Valfri.","","","","","","","","","",,,,,"",,,,"storelog-request.log.activity.activityLevel",0,1,"",""
"storelog-request","storelog-request.log.activity.activityArgs","storelog-request.log.activity.activityArgs","","","",0,1,"","","","string {[]} {[]}
","Övrig information för aktiviteten","T.ex. parametrar för en rapport. Maxlängd: 8192. Kardinalitet: Valfri.","","","","","","","","","",,,,,"",,,,"storelog-request.log.activity.activityArgs",0,1,"",""
"storelog-request","storelog-request.log.activity.startDate","storelog-request.log.activity.startDate","","","",1,1,"","","","dateTime {[]} {[]}
","Tidpunkt för aktiviteten","Tidpunkt då aktiviteten utfördes. Format: YYYY-MM-DDThh:mm:ss.zzz (CET/CEST).
Kardinalitet: Obligatorisk.","","","","","","","","","",,,,,"",,,,"storelog-request.log.activity.startDate",1,1,"",""
"storelog-request","storelog-request.log.activity.purpose","storelog-request.log.activity.purpose","","","",1,1,"","","","string {[]} {[]}
","Syftet med aktiviteten","Anger syftet med aktiviteten (t.ex. Vård och behandling, Kvalitetssäkring).
Kardinalitet: Obligatorisk.","","","","","","","","","",,,,,"",,,,"storelog-request.log.activity.purpose",1,1,"",""
"storelog-request","storelog-request.log.user","storelog-request.log.user","","","",1,1,"","","","BackboneElement {[]} {[]}
","Användaren som utförde aktiviteten","Användaren som utförde aktiviteten","","","","","","","","","",,,,,"",,,,"storelog-request.log.user",1,1,"","ele-1:All FHIR elements must have a @value or children {hasValue() or (children().count() > id.count())}
"
"storelog-request","storelog-request.log.user.id","storelog-request.log.user.id","","","",0,1,"","","","string {[]} {[]}
","Unique id for inter-element referencing","Unique id for the element within a resource (for internal references). This may be any string value that does not contain spaces.","","","","","","","","","",,,,,"",,,,"Element.id",0,1,"",""
"storelog-request","storelog-request.log.user.extension","storelog-request.log.user.extension","","extensions
user content","",0,*,"","","","Extension {[]} {[]}
","Additional content defined by implementations","May be used to represent additional information that is not part of the basic definition of the element. To make the use of extensions safe and manageable, there is a strict set of governance  applied to the definition and use of extensions. Though any implementer can define an extension, there is a set of requirements that SHALL be met as part of the definition of the extension.","There can be no stigma associated with the use of extensions by any application, project, or standard - regardless of the institution or jurisdiction that uses or defines the extensions.  The use of extensions is what allows the FHIR specification to retain a core level of simplicity for everyone.","","","","","","","","",,,,,"","value:url}
","Extensions are always sliced by (at least) url",,"open","Element.extension",0,*,"","ele-1:All FHIR elements must have a @value or children {hasValue() or (children().count() > id.count())}
ext-1:Must have either extensions or value[x], not both {extension.exists() != value.exists()}"
"storelog-request","storelog-request.log.user.modifierExtension","storelog-request.log.user.modifierExtension","","extensions
user contentmodifiers","",0,*,"","Y","Y","Extension {[]} {[]}
","Extensions that cannot be ignored even if unrecognized","May be used to represent additional information that is not part of the basic definition of the element and that modifies the understanding of the element in which it is contained and/or the understanding of the containing element's descendants. Usually modifier elements provide negation or qualification. To make the use of extensions safe and manageable, there is a strict set of governance applied to the definition and use of extensions. Though any implementer can define an extension, there is a set of requirements that SHALL be met as part of the definition of the extension. Applications processing a resource are required to check for modifier extensions.

Modifier extensions SHALL NOT change the meaning of any elements on Resource or DomainResource (including cannot change the meaning of modifierExtension itself).","There can be no stigma associated with the use of extensions by any application, project, or standard - regardless of the institution or jurisdiction that uses or defines the extensions.  The use of extensions is what allows the FHIR specification to retain a core level of simplicity for everyone.","Modifier extensions allow for extensions that *cannot* be safely ignored to be clearly distinguished from the vast majority of extensions which can be safely ignored.  This promotes interoperability by eliminating the need for implementers to prohibit the presence of extensions. For further information, see the [definition of modifier extensions](http://hl7.org/fhir/R4/extensibility.html#modifierExtension).","","","","","","","",,,,,"",,,,"BackboneElement.modifierExtension",0,*,"","ele-1:All FHIR elements must have a @value or children {hasValue() or (children().count() > id.count())}
ext-1:Must have either extensions or value[x], not both {extension.exists() != value.exists()}"
"storelog-request","storelog-request.log.user.userId","storelog-request.log.user.userId","","","",1,1,"","","","Identifier {[]} {[]}
","Användarens HSA-id","Medarbetarens HSA-identifierare. Kardinalitet: Obligatorisk.","","","","","","","","","",,,,,"",,,,"storelog-request.log.user.userId",1,1,"",""
"storelog-request","storelog-request.log.user.employeeName","storelog-request.log.user.employeeName","","","",0,1,"","","","string {[]} {[]}
","Användarens namn","Medarbetarens namn. Maxlängd: 256. Kardinalitet: Valfri.","","","","","","","","","",,,,,"",,,,"storelog-request.log.user.employeeName",0,1,"",""
"storelog-request","storelog-request.log.user.personId","storelog-request.log.user.personId","","","",0,1,"","","","Identifier {[]} {[]}
","Medarbetarens personnummer","Personnummer eller samordningsnummer för medarbetaren. Kardinalitet: Valfri.","","","","","","","","","",,,,,"",,,,"storelog-request.log.user.personId",0,1,"",""
"storelog-request","storelog-request.log.user.assignment","storelog-request.log.user.assignment","","","",0,1,"","","","string {[]} {[]}
","Medarbetarens uppdragsnamn","Namn på medarbetaren i uppdrag. Maxlängd: 256. Kardinalitet: Valfri.","","","","","","","","","",,,,,"",,,,"storelog-request.log.user.assignment",0,1,"",""
"storelog-request","storelog-request.log.user.title","storelog-request.log.user.title","","","",0,1,"","","","string {[]} {[]}
","Medarbetarens yrkestitel","Maxlängd: 256. Kardinalitet: Valfri.","","","","","","","","","",,,,,"",,,,"storelog-request.log.user.title",0,1,"",""
"storelog-request","storelog-request.log.user.careProvider","storelog-request.log.user.careProvider","","","",1,1,"","","","BackboneElement {[]} {[]}
","Medarbetarens vårdgivare","Medarbetarens vårdgivare","","","","","","","","","",,,,,"",,,,"storelog-request.log.user.careProvider",1,1,"","ele-1:All FHIR elements must have a @value or children {hasValue() or (children().count() > id.count())}
"
"storelog-request","storelog-request.log.user.careProvider.id","storelog-request.log.user.careProvider.id","","","",0,1,"","","","string {[]} {[]}
","Unique id for inter-element referencing","Unique id for the element within a resource (for internal references). This may be any string value that does not contain spaces.","","","","","","","","","",,,,,"",,,,"Element.id",0,1,"",""
"storelog-request","storelog-request.log.user.careProvider.extension","storelog-request.log.user.careProvider.extension","","extensions
user content","",0,*,"","","","Extension {[]} {[]}
","Additional content defined by implementations","May be used to represent additional information that is not part of the basic definition of the element. To make the use of extensions safe and manageable, there is a strict set of governance  applied to the definition and use of extensions. Though any implementer can define an extension, there is a set of requirements that SHALL be met as part of the definition of the extension.","There can be no stigma associated with the use of extensions by any application, project, or standard - regardless of the institution or jurisdiction that uses or defines the extensions.  The use of extensions is what allows the FHIR specification to retain a core level of simplicity for everyone.","","","","","","","","",,,,,"","value:url}
","Extensions are always sliced by (at least) url",,"open","Element.extension",0,*,"","ele-1:All FHIR elements must have a @value or children {hasValue() or (children().count() > id.count())}
ext-1:Must have either extensions or value[x], not both {extension.exists() != value.exists()}"
"storelog-request","storelog-request.log.user.careProvider.modifierExtension","storelog-request.log.user.careProvider.modifierExtension","","extensions
user contentmodifiers","",0,*,"","Y","Y","Extension {[]} {[]}
","Extensions that cannot be ignored even if unrecognized","May be used to represent additional information that is not part of the basic definition of the element and that modifies the understanding of the element in which it is contained and/or the understanding of the containing element's descendants. Usually modifier elements provide negation or qualification. To make the use of extensions safe and manageable, there is a strict set of governance applied to the definition and use of extensions. Though any implementer can define an extension, there is a set of requirements that SHALL be met as part of the definition of the extension. Applications processing a resource are required to check for modifier extensions.

Modifier extensions SHALL NOT change the meaning of any elements on Resource or DomainResource (including cannot change the meaning of modifierExtension itself).","There can be no stigma associated with the use of extensions by any application, project, or standard - regardless of the institution or jurisdiction that uses or defines the extensions.  The use of extensions is what allows the FHIR specification to retain a core level of simplicity for everyone.","Modifier extensions allow for extensions that *cannot* be safely ignored to be clearly distinguished from the vast majority of extensions which can be safely ignored.  This promotes interoperability by eliminating the need for implementers to prohibit the presence of extensions. For further information, see the [definition of modifier extensions](http://hl7.org/fhir/R4/extensibility.html#modifierExtension).","","","","","","","",,,,,"",,,,"BackboneElement.modifierExtension",0,*,"","ele-1:All FHIR elements must have a @value or children {hasValue() or (children().count() > id.count())}
ext-1:Must have either extensions or value[x], not both {extension.exists() != value.exists()}"
"storelog-request","storelog-request.log.user.careProvider.careProviderId","storelog-request.log.user.careProvider.careProviderId","","","",1,1,"","","","Identifier {[]} {[]}
","Vårdgivarens HSA-id","HSA-id för den vårdgivare medarbetaren arbetar för. Kardinalitet: Obligatorisk.","","","","","","","","","",,,,,"",,,,"storelog-request.log.user.careProvider.careProviderId",1,1,"",""
"storelog-request","storelog-request.log.user.careProvider.careProviderName","storelog-request.log.user.careProvider.careProviderName","","","",0,1,"","","","string {[]} {[]}
","Vårdgivarens namn","Maxlängd: 256. Kardinalitet: Valfri.","","","","","","","","","",,,,,"",,,,"storelog-request.log.user.careProvider.careProviderName",0,1,"",""
"storelog-request","storelog-request.log.user.careUnit","storelog-request.log.user.careUnit","","","",1,1,"","","","BackboneElement {[]} {[]}
","Medarbetarens vårdenhet","Medarbetarens vårdenhet","","","","","","","","","",,,,,"",,,,"storelog-request.log.user.careUnit",1,1,"","ele-1:All FHIR elements must have a @value or children {hasValue() or (children().count() > id.count())}
"
"storelog-request","storelog-request.log.user.careUnit.id","storelog-request.log.user.careUnit.id","","","",0,1,"","","","string {[]} {[]}
","Unique id for inter-element referencing","Unique id for the element within a resource (for internal references). This may be any string value that does not contain spaces.","","","","","","","","","",,,,,"",,,,"Element.id",0,1,"",""
"storelog-request","storelog-request.log.user.careUnit.extension","storelog-request.log.user.careUnit.extension","","extensions
user content","",0,*,"","","","Extension {[]} {[]}
","Additional content defined by implementations","May be used to represent additional information that is not part of the basic definition of the element. To make the use of extensions safe and manageable, there is a strict set of governance  applied to the definition and use of extensions. Though any implementer can define an extension, there is a set of requirements that SHALL be met as part of the definition of the extension.","There can be no stigma associated with the use of extensions by any application, project, or standard - regardless of the institution or jurisdiction that uses or defines the extensions.  The use of extensions is what allows the FHIR specification to retain a core level of simplicity for everyone.","","","","","","","","",,,,,"","value:url}
","Extensions are always sliced by (at least) url",,"open","Element.extension",0,*,"","ele-1:All FHIR elements must have a @value or children {hasValue() or (children().count() > id.count())}
ext-1:Must have either extensions or value[x], not both {extension.exists() != value.exists()}"
"storelog-request","storelog-request.log.user.careUnit.modifierExtension","storelog-request.log.user.careUnit.modifierExtension","","extensions
user contentmodifiers","",0,*,"","Y","Y","Extension {[]} {[]}
","Extensions that cannot be ignored even if unrecognized","May be used to represent additional information that is not part of the basic definition of the element and that modifies the understanding of the element in which it is contained and/or the understanding of the containing element's descendants. Usually modifier elements provide negation or qualification. To make the use of extensions safe and manageable, there is a strict set of governance applied to the definition and use of extensions. Though any implementer can define an extension, there is a set of requirements that SHALL be met as part of the definition of the extension. Applications processing a resource are required to check for modifier extensions.

Modifier extensions SHALL NOT change the meaning of any elements on Resource or DomainResource (including cannot change the meaning of modifierExtension itself).","There can be no stigma associated with the use of extensions by any application, project, or standard - regardless of the institution or jurisdiction that uses or defines the extensions.  The use of extensions is what allows the FHIR specification to retain a core level of simplicity for everyone.","Modifier extensions allow for extensions that *cannot* be safely ignored to be clearly distinguished from the vast majority of extensions which can be safely ignored.  This promotes interoperability by eliminating the need for implementers to prohibit the presence of extensions. For further information, see the [definition of modifier extensions](http://hl7.org/fhir/R4/extensibility.html#modifierExtension).","","","","","","","",,,,,"",,,,"BackboneElement.modifierExtension",0,*,"","ele-1:All FHIR elements must have a @value or children {hasValue() or (children().count() > id.count())}
ext-1:Must have either extensions or value[x], not both {extension.exists() != value.exists()}"
"storelog-request","storelog-request.log.user.careUnit.careUnitId","storelog-request.log.user.careUnit.careUnitId","","","",1,1,"","","","Identifier {[]} {[]}
","Vårdenhetens HSA-id","HSA-id för den vårdenhet medarbetaren arbetar på. Kardinalitet: Obligatorisk.","","","","","","","","","",,,,,"",,,,"storelog-request.log.user.careUnit.careUnitId",1,1,"",""
"storelog-request","storelog-request.log.user.careUnit.careUnitName","storelog-request.log.user.careUnit.careUnitName","","","",0,1,"","","","string {[]} {[]}
","Vårdenhetens namn","Maxlängd: 256. Kardinalitet: Valfri.","","","","","","","","","",,,,,"",,,,"storelog-request.log.user.careUnit.careUnitName",0,1,"",""
"storelog-request","storelog-request.log.resources","storelog-request.log.resources","","","",1,1,"","","","BackboneElement {[]} {[]}
","Resurser som aktiviteten avsåg","Resurser som aktiviteten avsåg","","","","","","","","","",,,,,"",,,,"storelog-request.log.resources",1,1,"","ele-1:All FHIR elements must have a @value or children {hasValue() or (children().count() > id.count())}
"
"storelog-request","storelog-request.log.resources.id","storelog-request.log.resources.id","","","",0,1,"","","","string {[]} {[]}
","Unique id for inter-element referencing","Unique id for the element within a resource (for internal references). This may be any string value that does not contain spaces.","","","","","","","","","",,,,,"",,,,"Element.id",0,1,"",""
"storelog-request","storelog-request.log.resources.extension","storelog-request.log.resources.extension","","extensions
user content","",0,*,"","","","Extension {[]} {[]}
","Additional content defined by implementations","May be used to represent additional information that is not part of the basic definition of the element. To make the use of extensions safe and manageable, there is a strict set of governance  applied to the definition and use of extensions. Though any implementer can define an extension, there is a set of requirements that SHALL be met as part of the definition of the extension.","There can be no stigma associated with the use of extensions by any application, project, or standard - regardless of the institution or jurisdiction that uses or defines the extensions.  The use of extensions is what allows the FHIR specification to retain a core level of simplicity for everyone.","","","","","","","","",,,,,"","value:url}
","Extensions are always sliced by (at least) url",,"open","Element.extension",0,*,"","ele-1:All FHIR elements must have a @value or children {hasValue() or (children().count() > id.count())}
ext-1:Must have either extensions or value[x], not both {extension.exists() != value.exists()}"
"storelog-request","storelog-request.log.resources.modifierExtension","storelog-request.log.resources.modifierExtension","","extensions
user contentmodifiers","",0,*,"","Y","Y","Extension {[]} {[]}
","Extensions that cannot be ignored even if unrecognized","May be used to represent additional information that is not part of the basic definition of the element and that modifies the understanding of the element in which it is contained and/or the understanding of the containing element's descendants. Usually modifier elements provide negation or qualification. To make the use of extensions safe and manageable, there is a strict set of governance applied to the definition and use of extensions. Though any implementer can define an extension, there is a set of requirements that SHALL be met as part of the definition of the extension. Applications processing a resource are required to check for modifier extensions.

Modifier extensions SHALL NOT change the meaning of any elements on Resource or DomainResource (including cannot change the meaning of modifierExtension itself).","There can be no stigma associated with the use of extensions by any application, project, or standard - regardless of the institution or jurisdiction that uses or defines the extensions.  The use of extensions is what allows the FHIR specification to retain a core level of simplicity for everyone.","Modifier extensions allow for extensions that *cannot* be safely ignored to be clearly distinguished from the vast majority of extensions which can be safely ignored.  This promotes interoperability by eliminating the need for implementers to prohibit the presence of extensions. For further information, see the [definition of modifier extensions](http://hl7.org/fhir/R4/extensibility.html#modifierExtension).","","","","","","","",,,,,"",,,,"BackboneElement.modifierExtension",0,*,"","ele-1:All FHIR elements must have a @value or children {hasValue() or (children().count() > id.count())}
ext-1:Must have either extensions or value[x], not both {extension.exists() != value.exists()}"
"storelog-request","storelog-request.log.resources.resource","storelog-request.log.resources.resource","","","",1,*,"","","","BackboneElement {[]} {[]}
","En resurs (vanligtvis en patient)","En resurs (vanligtvis en patient)","","","","","","","","","",,,,,"",,,,"storelog-request.log.resources.resource",1,*,"","ele-1:All FHIR elements must have a @value or children {hasValue() or (children().count() > id.count())}
"
"storelog-request","storelog-request.log.resources.resource.id","storelog-request.log.resources.resource.id","","","",0,1,"","","","string {[]} {[]}
","Unique id for inter-element referencing","Unique id for the element within a resource (for internal references). This may be any string value that does not contain spaces.","","","","","","","","","",,,,,"",,,,"Element.id",0,1,"",""
"storelog-request","storelog-request.log.resources.resource.extension","storelog-request.log.resources.resource.extension","","extensions
user content","",0,*,"","","","Extension {[]} {[]}
","Additional content defined by implementations","May be used to represent additional information that is not part of the basic definition of the element. To make the use of extensions safe and manageable, there is a strict set of governance  applied to the definition and use of extensions. Though any implementer can define an extension, there is a set of requirements that SHALL be met as part of the definition of the extension.","There can be no stigma associated with the use of extensions by any application, project, or standard - regardless of the institution or jurisdiction that uses or defines the extensions.  The use of extensions is what allows the FHIR specification to retain a core level of simplicity for everyone.","","","","","","","","",,,,,"","value:url}
","Extensions are always sliced by (at least) url",,"open","Element.extension",0,*,"","ele-1:All FHIR elements must have a @value or children {hasValue() or (children().count() > id.count())}
ext-1:Must have either extensions or value[x], not both {extension.exists() != value.exists()}"
"storelog-request","storelog-request.log.resources.resource.modifierExtension","storelog-request.log.resources.resource.modifierExtension","","extensions
user contentmodifiers","",0,*,"","Y","Y","Extension {[]} {[]}
","Extensions that cannot be ignored even if unrecognized","May be used to represent additional information that is not part of the basic definition of the element and that modifies the understanding of the element in which it is contained and/or the understanding of the containing element's descendants. Usually modifier elements provide negation or qualification. To make the use of extensions safe and manageable, there is a strict set of governance applied to the definition and use of extensions. Though any implementer can define an extension, there is a set of requirements that SHALL be met as part of the definition of the extension. Applications processing a resource are required to check for modifier extensions.

Modifier extensions SHALL NOT change the meaning of any elements on Resource or DomainResource (including cannot change the meaning of modifierExtension itself).","There can be no stigma associated with the use of extensions by any application, project, or standard - regardless of the institution or jurisdiction that uses or defines the extensions.  The use of extensions is what allows the FHIR specification to retain a core level of simplicity for everyone.","Modifier extensions allow for extensions that *cannot* be safely ignored to be clearly distinguished from the vast majority of extensions which can be safely ignored.  This promotes interoperability by eliminating the need for implementers to prohibit the presence of extensions. For further information, see the [definition of modifier extensions](http://hl7.org/fhir/R4/extensibility.html#modifierExtension).","","","","","","","",,,,,"",,,,"BackboneElement.modifierExtension",0,*,"","ele-1:All FHIR elements must have a @value or children {hasValue() or (children().count() > id.count())}
ext-1:Must have either extensions or value[x], not both {extension.exists() != value.exists()}"
"storelog-request","storelog-request.log.resources.resource.resourceType","storelog-request.log.resources.resource.resourceType","","","",1,1,"","","","string {[]} {[]}
","Typ av resurs","Anger vilken typ av resurs aktiviteten avsåg. Kardinalitet: Obligatorisk.","","","","","","","","","",,,,,"",,,,"storelog-request.log.resources.resource.resourceType",1,1,"",""
"storelog-request","storelog-request.log.resources.resource.patient","storelog-request.log.resources.resource.patient","","","",0,1,"","","","BackboneElement {[]} {[]}
","Patient som resursen avser","Patient som resursen avser","","","","","","","","","",,,,,"",,,,"storelog-request.log.resources.resource.patient",0,1,"","ele-1:All FHIR elements must have a @value or children {hasValue() or (children().count() > id.count())}
"
"storelog-request","storelog-request.log.resources.resource.patient.id","storelog-request.log.resources.resource.patient.id","","","",0,1,"","","","string {[]} {[]}
","Unique id for inter-element referencing","Unique id for the element within a resource (for internal references). This may be any string value that does not contain spaces.","","","","","","","","","",,,,,"",,,,"Element.id",0,1,"",""
"storelog-request","storelog-request.log.resources.resource.patient.extension","storelog-request.log.resources.resource.patient.extension","","extensions
user content","",0,*,"","","","Extension {[]} {[]}
","Additional content defined by implementations","May be used to represent additional information that is not part of the basic definition of the element. To make the use of extensions safe and manageable, there is a strict set of governance  applied to the definition and use of extensions. Though any implementer can define an extension, there is a set of requirements that SHALL be met as part of the definition of the extension.","There can be no stigma associated with the use of extensions by any application, project, or standard - regardless of the institution or jurisdiction that uses or defines the extensions.  The use of extensions is what allows the FHIR specification to retain a core level of simplicity for everyone.","","","","","","","","",,,,,"","value:url}
","Extensions are always sliced by (at least) url",,"open","Element.extension",0,*,"","ele-1:All FHIR elements must have a @value or children {hasValue() or (children().count() > id.count())}
ext-1:Must have either extensions or value[x], not both {extension.exists() != value.exists()}"
"storelog-request","storelog-request.log.resources.resource.patient.modifierExtension","storelog-request.log.resources.resource.patient.modifierExtension","","extensions
user contentmodifiers","",0,*,"","Y","Y","Extension {[]} {[]}
","Extensions that cannot be ignored even if unrecognized","May be used to represent additional information that is not part of the basic definition of the element and that modifies the understanding of the element in which it is contained and/or the understanding of the containing element's descendants. Usually modifier elements provide negation or qualification. To make the use of extensions safe and manageable, there is a strict set of governance applied to the definition and use of extensions. Though any implementer can define an extension, there is a set of requirements that SHALL be met as part of the definition of the extension. Applications processing a resource are required to check for modifier extensions.

Modifier extensions SHALL NOT change the meaning of any elements on Resource or DomainResource (including cannot change the meaning of modifierExtension itself).","There can be no stigma associated with the use of extensions by any application, project, or standard - regardless of the institution or jurisdiction that uses or defines the extensions.  The use of extensions is what allows the FHIR specification to retain a core level of simplicity for everyone.","Modifier extensions allow for extensions that *cannot* be safely ignored to be clearly distinguished from the vast majority of extensions which can be safely ignored.  This promotes interoperability by eliminating the need for implementers to prohibit the presence of extensions. For further information, see the [definition of modifier extensions](http://hl7.org/fhir/R4/extensibility.html#modifierExtension).","","","","","","","",,,,,"",,,,"BackboneElement.modifierExtension",0,*,"","ele-1:All FHIR elements must have a @value or children {hasValue() or (children().count() > id.count())}
ext-1:Must have either extensions or value[x], not both {extension.exists() != value.exists()}"
"storelog-request","storelog-request.log.resources.resource.patient.patientId","storelog-request.log.resources.resource.patient.patientId","","","",1,1,"","","","Identifier {[]} {[]}
","Patientens personnummer/samordningsnummer","Patientens identifierare. Kardinalitet: Obligatorisk om patient finns.","","","","","","","","","",,,,,"",,,,"storelog-request.log.resources.resource.patient.patientId",1,1,"",""
"storelog-request","storelog-request.log.resources.resource.patient.patientName","storelog-request.log.resources.resource.patient.patientName","","","",0,1,"","","","string {[]} {[]}
","Patientens namn","Maxlängd: 256. Kardinalitet: Valfri.","","","","","","","","","",,,,,"",,,,"storelog-request.log.resources.resource.patient.patientName",0,1,"",""
"storelog-request","storelog-request.log.resources.resource.careProvider","storelog-request.log.resources.resource.careProvider","","","",1,1,"","","","BackboneElement {[]} {[]}
","Resursens ägande vårdgivare","Resursens ägande vårdgivare","","","","","","","","","",,,,,"",,,,"storelog-request.log.resources.resource.careProvider",1,1,"","ele-1:All FHIR elements must have a @value or children {hasValue() or (children().count() > id.count())}
"
"storelog-request","storelog-request.log.resources.resource.careProvider.id","storelog-request.log.resources.resource.careProvider.id","","","",0,1,"","","","string {[]} {[]}
","Unique id for inter-element referencing","Unique id for the element within a resource (for internal references). This may be any string value that does not contain spaces.","","","","","","","","","",,,,,"",,,,"Element.id",0,1,"",""
"storelog-request","storelog-request.log.resources.resource.careProvider.extension","storelog-request.log.resources.resource.careProvider.extension","","extensions
user content","",0,*,"","","","Extension {[]} {[]}
","Additional content defined by implementations","May be used to represent additional information that is not part of the basic definition of the element. To make the use of extensions safe and manageable, there is a strict set of governance  applied to the definition and use of extensions. Though any implementer can define an extension, there is a set of requirements that SHALL be met as part of the definition of the extension.","There can be no stigma associated with the use of extensions by any application, project, or standard - regardless of the institution or jurisdiction that uses or defines the extensions.  The use of extensions is what allows the FHIR specification to retain a core level of simplicity for everyone.","","","","","","","","",,,,,"","value:url}
","Extensions are always sliced by (at least) url",,"open","Element.extension",0,*,"","ele-1:All FHIR elements must have a @value or children {hasValue() or (children().count() > id.count())}
ext-1:Must have either extensions or value[x], not both {extension.exists() != value.exists()}"
"storelog-request","storelog-request.log.resources.resource.careProvider.modifierExtension","storelog-request.log.resources.resource.careProvider.modifierExtension","","extensions
user contentmodifiers","",0,*,"","Y","Y","Extension {[]} {[]}
","Extensions that cannot be ignored even if unrecognized","May be used to represent additional information that is not part of the basic definition of the element and that modifies the understanding of the element in which it is contained and/or the understanding of the containing element's descendants. Usually modifier elements provide negation or qualification. To make the use of extensions safe and manageable, there is a strict set of governance applied to the definition and use of extensions. Though any implementer can define an extension, there is a set of requirements that SHALL be met as part of the definition of the extension. Applications processing a resource are required to check for modifier extensions.

Modifier extensions SHALL NOT change the meaning of any elements on Resource or DomainResource (including cannot change the meaning of modifierExtension itself).","There can be no stigma associated with the use of extensions by any application, project, or standard - regardless of the institution or jurisdiction that uses or defines the extensions.  The use of extensions is what allows the FHIR specification to retain a core level of simplicity for everyone.","Modifier extensions allow for extensions that *cannot* be safely ignored to be clearly distinguished from the vast majority of extensions which can be safely ignored.  This promotes interoperability by eliminating the need for implementers to prohibit the presence of extensions. For further information, see the [definition of modifier extensions](http://hl7.org/fhir/R4/extensibility.html#modifierExtension).","","","","","","","",,,,,"",,,,"BackboneElement.modifierExtension",0,*,"","ele-1:All FHIR elements must have a @value or children {hasValue() or (children().count() > id.count())}
ext-1:Must have either extensions or value[x], not both {extension.exists() != value.exists()}"
"storelog-request","storelog-request.log.resources.resource.careProvider.careProviderId","storelog-request.log.resources.resource.careProvider.careProviderId","","","",1,1,"","","","Identifier {[]} {[]}
","Vårdgivarens HSA-id","Vårdgivarens HSA-id","","","","","","","","","",,,,,"",,,,"storelog-request.log.resources.resource.careProvider.careProviderId",1,1,"",""
"storelog-request","storelog-request.log.resources.resource.careProvider.careProviderName","storelog-request.log.resources.resource.careProvider.careProviderName","","","",0,1,"","","","string {[]} {[]}
","Vårdgivarens namn","Vårdgivarens namn","","","","","","","","","",,,,,"",,,,"storelog-request.log.resources.resource.careProvider.careProviderName",0,1,"",""
"storelog-request","storelog-request.log.resources.resource.careUnit","storelog-request.log.resources.resource.careUnit","","","",0,1,"","","","BackboneElement {[]} {[]}
","Resursens vårdenhet","Resursens vårdenhet","","","","","","","","","",,,,,"",,,,"storelog-request.log.resources.resource.careUnit",0,1,"","ele-1:All FHIR elements must have a @value or children {hasValue() or (children().count() > id.count())}
"
"storelog-request","storelog-request.log.resources.resource.careUnit.id","storelog-request.log.resources.resource.careUnit.id","","","",0,1,"","","","string {[]} {[]}
","Unique id for inter-element referencing","Unique id for the element within a resource (for internal references). This may be any string value that does not contain spaces.","","","","","","","","","",,,,,"",,,,"Element.id",0,1,"",""
"storelog-request","storelog-request.log.resources.resource.careUnit.extension","storelog-request.log.resources.resource.careUnit.extension","","extensions
user content","",0,*,"","","","Extension {[]} {[]}
","Additional content defined by implementations","May be used to represent additional information that is not part of the basic definition of the element. To make the use of extensions safe and manageable, there is a strict set of governance  applied to the definition and use of extensions. Though any implementer can define an extension, there is a set of requirements that SHALL be met as part of the definition of the extension.","There can be no stigma associated with the use of extensions by any application, project, or standard - regardless of the institution or jurisdiction that uses or defines the extensions.  The use of extensions is what allows the FHIR specification to retain a core level of simplicity for everyone.","","","","","","","","",,,,,"","value:url}
","Extensions are always sliced by (at least) url",,"open","Element.extension",0,*,"","ele-1:All FHIR elements must have a @value or children {hasValue() or (children().count() > id.count())}
ext-1:Must have either extensions or value[x], not both {extension.exists() != value.exists()}"
"storelog-request","storelog-request.log.resources.resource.careUnit.modifierExtension","storelog-request.log.resources.resource.careUnit.modifierExtension","","extensions
user contentmodifiers","",0,*,"","Y","Y","Extension {[]} {[]}
","Extensions that cannot be ignored even if unrecognized","May be used to represent additional information that is not part of the basic definition of the element and that modifies the understanding of the element in which it is contained and/or the understanding of the containing element's descendants. Usually modifier elements provide negation or qualification. To make the use of extensions safe and manageable, there is a strict set of governance applied to the definition and use of extensions. Though any implementer can define an extension, there is a set of requirements that SHALL be met as part of the definition of the extension. Applications processing a resource are required to check for modifier extensions.

Modifier extensions SHALL NOT change the meaning of any elements on Resource or DomainResource (including cannot change the meaning of modifierExtension itself).","There can be no stigma associated with the use of extensions by any application, project, or standard - regardless of the institution or jurisdiction that uses or defines the extensions.  The use of extensions is what allows the FHIR specification to retain a core level of simplicity for everyone.","Modifier extensions allow for extensions that *cannot* be safely ignored to be clearly distinguished from the vast majority of extensions which can be safely ignored.  This promotes interoperability by eliminating the need for implementers to prohibit the presence of extensions. For further information, see the [definition of modifier extensions](http://hl7.org/fhir/R4/extensibility.html#modifierExtension).","","","","","","","",,,,,"",,,,"BackboneElement.modifierExtension",0,*,"","ele-1:All FHIR elements must have a @value or children {hasValue() or (children().count() > id.count())}
ext-1:Must have either extensions or value[x], not both {extension.exists() != value.exists()}"
"storelog-request","storelog-request.log.resources.resource.careUnit.careUnitId","storelog-request.log.resources.resource.careUnit.careUnitId","","","",1,1,"","","","Identifier {[]} {[]}
","Vårdenhetens HSA-id","Vårdenhetens HSA-id","","","","","","","","","",,,,,"",,,,"storelog-request.log.resources.resource.careUnit.careUnitId",1,1,"",""
"storelog-request","storelog-request.log.resources.resource.careUnit.careUnitName","storelog-request.log.resources.resource.careUnit.careUnitName","","","",0,1,"","","","string {[]} {[]}
","Vårdenhetens namn","Vårdenhetens namn","","","","","","","","","",,,,,"",,,,"storelog-request.log.resources.resource.careUnit.careUnitName",0,1,"",""
"storelog","storelog","storelog","","","",0,*,"","","","null {[]} {[]}
","StoreLog","Logisk modell för tjänstekontraktet StoreLog
(RIV-TA urn:riv:ehr:log:store:StoreLogResponder:1).
Representerar responsens informationsstruktur (log.store:Result).
Tjänsten sparar en eller flera loggposter i loggtjänsten för att möjliggöra
uppföljning enligt PDL.","","","","","","","","","",,,,,"",,,,"Base",0,*,"",""
"storelog","storelog.resultCode","storelog.resultCode","","","",1,1,"","","","code {[]} {[]}
","Resultatkod för lagringen","Statuskod som anger om loggposter sparats korrekt eller om fel uppstått.
Tillåtna värden: OK, INFO, ERROR, VALIDATIONERROR, ACCESSDENIED.
Kardinalitet: Obligatorisk.","","","","","","","","","",,"required","","https://fhir.inera.se/ig/ehr-log/ValueSet/resultcode-vs","",,,,"storelog.resultCode",1,1,"",""
"storelog","storelog.resultText","storelog.resultText","","","",0,1,"","","","string {[]} {[]}
","Beskrivande text till resultatkoden","Fritext som beskriver resultatet eller felorsaken.
Kardinalitet: Valfri.","","","","","","","","","",,,,,"",,,,"storelog.resultText",0,1,"",""
