"Id","Path","Slice Name","Alias(s)","Label","Min","Max","Must Support?","Is Modifier?","Is Summary?","Type(s)","Short","Definition","Comments","Requirements","Default Value","Meaning When Missing","Fixed Value","Pattern","Example","Minimum Value","Maximum Value","Maximum Length","Binding Strength","Binding Description","Binding Value Set","Code","Slicing Discriminator","Slicing Description","Slicing Ordered","Slicing Rules","Base Path","Base Min","Base Max","Condition(s)","Constraint(s)"
"processrequest","processrequest","","","",0,*,"","","","null {[]} {[]}
","ProcessRequest — Remiss (begäran)","Logisk modell för begäran i ProcessRequest (RIV-TA urn:riv:clinicalprocess:activity:request:ProcessRequestResponder:2, element request av typen RequestType). Remittenten skickar en allmänremiss till remissmottagaren. Svaret är enbart ett resultat, se ProcessResult.","","","","","","","","","",,,,,"",,,,"Base",0,*,"","processrequest-vr-intermediary:Om versionsorsak är VR (vidareskickad remiss) måste intermediaryParticipant anges (schematron Verify intermediaryParticipant) {reasonForVersion.typeOfReason = 'VR' implies intermediaryParticipant.exists()}
"
"processrequest.requestId","processrequest.requestId","","","",1,1,"","","","string {[]} {[]}
","Remiss id","Remissens identitet. Format Källsystem-Id(HSA-ID)#lokalt-id, mönster (.*)#(.*), maxlängd 256 tecken.","","","","","","","","","",,,,,"",,,,"processrequest.requestId",1,1,"",""
"processrequest.typeOfRequest","processrequest.typeOfRequest","","","",1,1,"","","","code {[]} {[]}
","Remisstyp","Typ av remiss. I denna version är enda giltiga kod 4 = allmänremiss.","","","","","","","","","",,"required","","https://fhir.inera.se/ig/clinicalprocess-activity-request/ValueSet/requesttype-vs","",,,,"processrequest.typeOfRequest",1,1,"",""
"processrequest.versionTimeStamp","processrequest.versionTimeStamp","","","",1,1,"","","","dateTime {[]} {[]}
","Versionstidpunkt","Tidpunkt då versionen skapades (ÅÅÅÅMMDDttmmss). Kan skilja sig från tidpunkten då remissen skickas.","","","","","","","","","",,,,,"",,,,"processrequest.versionTimeStamp",1,1,"",""
"processrequest.versionNumber","processrequest.versionNumber","","","",1,1,"","","","positiveInt {[]} {[]}
","Versionsnummer","Remissens versionsnummer. Startar på 1 och räknas upp vid ändrad remiss, vidareskickad remiss och ändrat betalningsansvar. XSD-mönster (0*[1-9]+|[1-9])\d*.","","","","","","","","","",,,,,"",,,,"processrequest.versionNumber",1,1,"",""
"processrequest.reasonForVersion","processrequest.reasonForVersion","","","",1,1,"","","","BackboneElement {[]} {[]}
","Versionsorsak","Anger varför en ny version skapats.","","","","","","","","","",,,,,"",,,,"processrequest.reasonForVersion",1,1,"","ele-1:All FHIR elements must have a @value or children {hasValue() or (children().count() > id.count())}
"
"processrequest.reasonForVersion.id","processrequest.reasonForVersion.id","","","",0,1,"","","","string {[]} {[]}
","Unique id for inter-element referencing","Unique id for the element within a resource (for internal references). This may be any string value that does not contain spaces.","","","","","","","","","",,,,,"",,,,"Element.id",0,1,"",""
"processrequest.reasonForVersion.extension","processrequest.reasonForVersion.extension","","extensions
user content","",0,*,"","","","Extension {[]} {[]}
","Additional content defined by implementations","May be used to represent additional information that is not part of the basic definition of the element. To make the use of extensions safe and manageable, there is a strict set of governance  applied to the definition and use of extensions. Though any implementer can define an extension, there is a set of requirements that SHALL be met as part of the definition of the extension.","There can be no stigma associated with the use of extensions by any application, project, or standard - regardless of the institution or jurisdiction that uses or defines the extensions.  The use of extensions is what allows the FHIR specification to retain a core level of simplicity for everyone.","","","","","","","","",,,,,"","value:url}
","Extensions are always sliced by (at least) url",,"open","Element.extension",0,*,"","ele-1:All FHIR elements must have a @value or children {hasValue() or (children().count() > id.count())}
ext-1:Must have either extensions or value[x], not both {extension.exists() != value.exists()}"
"processrequest.reasonForVersion.modifierExtension","processrequest.reasonForVersion.modifierExtension","","extensions
user contentmodifiers","",0,*,"","Y","Y","Extension {[]} {[]}
","Extensions that cannot be ignored even if unrecognized","May be used to represent additional information that is not part of the basic definition of the element and that modifies the understanding of the element in which it is contained and/or the understanding of the containing element's descendants. Usually modifier elements provide negation or qualification. To make the use of extensions safe and manageable, there is a strict set of governance applied to the definition and use of extensions. Though any implementer can define an extension, there is a set of requirements that SHALL be met as part of the definition of the extension. Applications processing a resource are required to check for modifier extensions.

Modifier extensions SHALL NOT change the meaning of any elements on Resource or DomainResource (including cannot change the meaning of modifierExtension itself).","There can be no stigma associated with the use of extensions by any application, project, or standard - regardless of the institution or jurisdiction that uses or defines the extensions.  The use of extensions is what allows the FHIR specification to retain a core level of simplicity for everyone.","Modifier extensions allow for extensions that *cannot* be safely ignored to be clearly distinguished from the vast majority of extensions which can be safely ignored.  This promotes interoperability by eliminating the need for implementers to prohibit the presence of extensions. For further information, see the [definition of modifier extensions](http://hl7.org/fhir/R4/extensibility.html#modifierExtension).","","","","","","","",,,,,"",,,,"BackboneElement.modifierExtension",0,*,"","ele-1:All FHIR elements must have a @value or children {hasValue() or (children().count() > id.count())}
ext-1:Must have either extensions or value[x], not both {extension.exists() != value.exists()}"
"processrequest.reasonForVersion.typeOfReason","processrequest.reasonForVersion.typeOfReason","","","",1,1,"","","","code {[]} {[]}
","Versionsorsak kod","Kv e-remiss versionsorsak [R5]: NR, AR, VR, AB. RIV-TA: typeOfReason.code.","","","","","","","","","",,"required","","https://fhir.inera.se/ig/clinicalprocess-activity-request/ValueSet/versionreason-vs","",,,,"processrequest.reasonForVersion.typeOfReason",1,1,"",""
"processrequest.careResponsibilityRemains","processrequest.careResponsibilityRemains","","","",1,1,"","","","boolean {[]} {[]}
","Vårdansvar kvarstår","true = vårdansvar kvarstår hos remitterande enhet; false = begäran om övertagande av vårdansvar.","","","","","","","","","",,,,,"",,,,"processrequest.careResponsibilityRemains",1,1,"",""
"processrequest.patient","processrequest.patient","","","",1,1,"","","","BackboneElement {[]} {[]}
","Patient","Patient (PatientType).","","","","","","","","","",,,,,"",,,,"processrequest.patient",1,1,"","ele-1:All FHIR elements must have a @value or children {hasValue() or (children().count() > id.count())}
"
"processrequest.patient.id","processrequest.patient.id","","","",0,1,"","","","string {[]} {[]}
","Unique id for inter-element referencing","Unique id for the element within a resource (for internal references). This may be any string value that does not contain spaces.","","","","","","","","","",,,,,"",,,,"Element.id",0,1,"",""
"processrequest.patient.extension","processrequest.patient.extension","","extensions
user content","",0,*,"","","","Extension {[]} {[]}
","Additional content defined by implementations","May be used to represent additional information that is not part of the basic definition of the element. To make the use of extensions safe and manageable, there is a strict set of governance  applied to the definition and use of extensions. Though any implementer can define an extension, there is a set of requirements that SHALL be met as part of the definition of the extension.","There can be no stigma associated with the use of extensions by any application, project, or standard - regardless of the institution or jurisdiction that uses or defines the extensions.  The use of extensions is what allows the FHIR specification to retain a core level of simplicity for everyone.","","","","","","","","",,,,,"","value:url}
","Extensions are always sliced by (at least) url",,"open","Element.extension",0,*,"","ele-1:All FHIR elements must have a @value or children {hasValue() or (children().count() > id.count())}
ext-1:Must have either extensions or value[x], not both {extension.exists() != value.exists()}"
"processrequest.patient.modifierExtension","processrequest.patient.modifierExtension","","extensions
user contentmodifiers","",0,*,"","Y","Y","Extension {[]} {[]}
","Extensions that cannot be ignored even if unrecognized","May be used to represent additional information that is not part of the basic definition of the element and that modifies the understanding of the element in which it is contained and/or the understanding of the containing element's descendants. Usually modifier elements provide negation or qualification. To make the use of extensions safe and manageable, there is a strict set of governance applied to the definition and use of extensions. Though any implementer can define an extension, there is a set of requirements that SHALL be met as part of the definition of the extension. Applications processing a resource are required to check for modifier extensions.

Modifier extensions SHALL NOT change the meaning of any elements on Resource or DomainResource (including cannot change the meaning of modifierExtension itself).","There can be no stigma associated with the use of extensions by any application, project, or standard - regardless of the institution or jurisdiction that uses or defines the extensions.  The use of extensions is what allows the FHIR specification to retain a core level of simplicity for everyone.","Modifier extensions allow for extensions that *cannot* be safely ignored to be clearly distinguished from the vast majority of extensions which can be safely ignored.  This promotes interoperability by eliminating the need for implementers to prohibit the presence of extensions. For further information, see the [definition of modifier extensions](http://hl7.org/fhir/R4/extensibility.html#modifierExtension).","","","","","","","",,,,,"",,,,"BackboneElement.modifierExtension",0,*,"","ele-1:All FHIR elements must have a @value or children {hasValue() or (children().count() > id.count())}
ext-1:Must have either extensions or value[x], not both {extension.exists() != value.exists()}"
"processrequest.patient.personId","processrequest.patient.personId","","","",1,1,"","","","Identifier {[]} {[]}
","Person id","Patientens identitet. value = personidentifierare (12 tecken utan skiljetecken för personnummer, samordningsnummer och nationellt reservId); system = OID för typ av personidentifierare: 1.2.752.129.2.1.3.1 (personnummer), 1.2.752.129.2.1.3.3 (samordningsnummer), 1.2.752.74.9.1 (nationellt reservId). RIV-TA: personId.extension/root.","","","","","","","","","",,,,,"",,,,"processrequest.patient.personId",1,1,"",""
"processrequest.patient.address","processrequest.patient.address","","","",0,1,"","","","BackboneElement {[]} {[]}
","Tillfällig adress","Används endast om tillfällig adress behöver anges, ej folkbokförd adress. Avsedd för kallelse; format enligt Skatteverkets Navet.","","","","","","","","","",,,,,"",,,,"processrequest.patient.address",0,1,"","ele-1:All FHIR elements must have a @value or children {hasValue() or (children().count() > id.count())}
"
"processrequest.patient.address.id","processrequest.patient.address.id","","","",0,1,"","","","string {[]} {[]}
","Unique id for inter-element referencing","Unique id for the element within a resource (for internal references). This may be any string value that does not contain spaces.","","","","","","","","","",,,,,"",,,,"Element.id",0,1,"",""
"processrequest.patient.address.extension","processrequest.patient.address.extension","","extensions
user content","",0,*,"","","","Extension {[]} {[]}
","Additional content defined by implementations","May be used to represent additional information that is not part of the basic definition of the element. To make the use of extensions safe and manageable, there is a strict set of governance  applied to the definition and use of extensions. Though any implementer can define an extension, there is a set of requirements that SHALL be met as part of the definition of the extension.","There can be no stigma associated with the use of extensions by any application, project, or standard - regardless of the institution or jurisdiction that uses or defines the extensions.  The use of extensions is what allows the FHIR specification to retain a core level of simplicity for everyone.","","","","","","","","",,,,,"","value:url}
","Extensions are always sliced by (at least) url",,"open","Element.extension",0,*,"","ele-1:All FHIR elements must have a @value or children {hasValue() or (children().count() > id.count())}
ext-1:Must have either extensions or value[x], not both {extension.exists() != value.exists()}"
"processrequest.patient.address.modifierExtension","processrequest.patient.address.modifierExtension","","extensions
user contentmodifiers","",0,*,"","Y","Y","Extension {[]} {[]}
","Extensions that cannot be ignored even if unrecognized","May be used to represent additional information that is not part of the basic definition of the element and that modifies the understanding of the element in which it is contained and/or the understanding of the containing element's descendants. Usually modifier elements provide negation or qualification. To make the use of extensions safe and manageable, there is a strict set of governance applied to the definition and use of extensions. Though any implementer can define an extension, there is a set of requirements that SHALL be met as part of the definition of the extension. Applications processing a resource are required to check for modifier extensions.

Modifier extensions SHALL NOT change the meaning of any elements on Resource or DomainResource (including cannot change the meaning of modifierExtension itself).","There can be no stigma associated with the use of extensions by any application, project, or standard - regardless of the institution or jurisdiction that uses or defines the extensions.  The use of extensions is what allows the FHIR specification to retain a core level of simplicity for everyone.","Modifier extensions allow for extensions that *cannot* be safely ignored to be clearly distinguished from the vast majority of extensions which can be safely ignored.  This promotes interoperability by eliminating the need for implementers to prohibit the presence of extensions. For further information, see the [definition of modifier extensions](http://hl7.org/fhir/R4/extensibility.html#modifierExtension).","","","","","","","",,,,,"",,,,"BackboneElement.modifierExtension",0,*,"","ele-1:All FHIR elements must have a @value or children {hasValue() or (children().count() > id.count())}
ext-1:Must have either extensions or value[x], not both {extension.exists() != value.exists()}"
"processrequest.patient.address.careOf","processrequest.patient.address.careOf","","","",0,1,"","","","string {[]} {[]}
","Care of","Maxlängd 35 tecken.","","","","","","","","","",,,,,"",,,,"processrequest.patient.address.careOf",0,1,"",""
"processrequest.patient.address.streetName1","processrequest.patient.address.streetName1","","","",1,1,"","","","string {[]} {[]}
","Utdelningsadress1","Maxlängd 35 tecken.","","","","","","","","","",,,,,"",,,,"processrequest.patient.address.streetName1",1,1,"",""
"processrequest.patient.address.streetName2","processrequest.patient.address.streetName2","","","",0,1,"","","","string {[]} {[]}
","Utdelningsadress2","Maxlängd 35 tecken.","","","","","","","","","",,,,,"",,,,"processrequest.patient.address.streetName2",0,1,"",""
"processrequest.patient.address.postalCode","processrequest.patient.address.postalCode","","","",1,1,"","","","string {[]} {[]}
","Postnummer","Fem siffror utan blanksteg, t.ex. 12345.","","","","","","","","","",,,,,"",,,,"processrequest.patient.address.postalCode",1,1,"",""
"processrequest.patient.address.postalCity","processrequest.patient.address.postalCity","","","",1,1,"","","","string {[]} {[]}
","Postort","Maxlängd 27 tecken.","","","","","","","","","",,,,,"",,,,"processrequest.patient.address.postalCity",1,1,"",""
"processrequest.patient.address.postBox","processrequest.patient.address.postBox","","","",0,1,"","","","string {[]} {[]}
","Postbox","Maxlängd 9 tecken.","","","","","","","","","",,,,,"",,,,"processrequest.patient.address.postBox",0,1,"",""
"processrequest.patient.telecom","processrequest.patient.telecom","","","",0,2,"","","","BackboneElement {[]} {[]}
","Telefon","Telefonnummer till patienten.","","","","","","","","","",,,,,"",,,,"processrequest.patient.telecom",0,2,"","ele-1:All FHIR elements must have a @value or children {hasValue() or (children().count() > id.count())}
"
"processrequest.patient.telecom.id","processrequest.patient.telecom.id","","","",0,1,"","","","string {[]} {[]}
","Unique id for inter-element referencing","Unique id for the element within a resource (for internal references). This may be any string value that does not contain spaces.","","","","","","","","","",,,,,"",,,,"Element.id",0,1,"",""
"processrequest.patient.telecom.extension","processrequest.patient.telecom.extension","","extensions
user content","",0,*,"","","","Extension {[]} {[]}
","Additional content defined by implementations","May be used to represent additional information that is not part of the basic definition of the element. To make the use of extensions safe and manageable, there is a strict set of governance  applied to the definition and use of extensions. Though any implementer can define an extension, there is a set of requirements that SHALL be met as part of the definition of the extension.","There can be no stigma associated with the use of extensions by any application, project, or standard - regardless of the institution or jurisdiction that uses or defines the extensions.  The use of extensions is what allows the FHIR specification to retain a core level of simplicity for everyone.","","","","","","","","",,,,,"","value:url}
","Extensions are always sliced by (at least) url",,"open","Element.extension",0,*,"","ele-1:All FHIR elements must have a @value or children {hasValue() or (children().count() > id.count())}
ext-1:Must have either extensions or value[x], not both {extension.exists() != value.exists()}"
"processrequest.patient.telecom.modifierExtension","processrequest.patient.telecom.modifierExtension","","extensions
user contentmodifiers","",0,*,"","Y","Y","Extension {[]} {[]}
","Extensions that cannot be ignored even if unrecognized","May be used to represent additional information that is not part of the basic definition of the element and that modifies the understanding of the element in which it is contained and/or the understanding of the containing element's descendants. Usually modifier elements provide negation or qualification. To make the use of extensions safe and manageable, there is a strict set of governance applied to the definition and use of extensions. Though any implementer can define an extension, there is a set of requirements that SHALL be met as part of the definition of the extension. Applications processing a resource are required to check for modifier extensions.

Modifier extensions SHALL NOT change the meaning of any elements on Resource or DomainResource (including cannot change the meaning of modifierExtension itself).","There can be no stigma associated with the use of extensions by any application, project, or standard - regardless of the institution or jurisdiction that uses or defines the extensions.  The use of extensions is what allows the FHIR specification to retain a core level of simplicity for everyone.","Modifier extensions allow for extensions that *cannot* be safely ignored to be clearly distinguished from the vast majority of extensions which can be safely ignored.  This promotes interoperability by eliminating the need for implementers to prohibit the presence of extensions. For further information, see the [definition of modifier extensions](http://hl7.org/fhir/R4/extensibility.html#modifierExtension).","","","","","","","",,,,,"",,,,"BackboneElement.modifierExtension",0,*,"","ele-1:All FHIR elements must have a @value or children {hasValue() or (children().count() > id.count())}
ext-1:Must have either extensions or value[x], not both {extension.exists() != value.exists()}"
"processrequest.patient.telecom.typeOfTelecom","processrequest.patient.telecom.typeOfTelecom","","","",1,1,"","","","code {[]} {[]}
","Telefon typ","H = hemtelefon, MC = mobil.","","","","","","","","","",,"required","","https://fhir.inera.se/ig/clinicalprocess-activity-request/ValueSet/telecomtype-vs","",,,,"processrequest.patient.telecom.typeOfTelecom",1,1,"",""
"processrequest.patient.telecom.number","processrequest.patient.telecom.number","","","",1,1,"","","","string {[]} {[]}
","Telefonnummer","Maxlängd 200 tecken.","","","","","","","","","",,,,,"",,,,"processrequest.patient.telecom.number",1,1,"",""
"processrequest.patient.patientName","processrequest.patient.patientName","","","",0,1,"","","","string {[]} {[]}
","Namn","Personnamn enligt formatet ""Mellannamn Efternamn, Förnamn"". Maxlängd 216 tecken. RIV-TA: patient.name.","","","","","","","","","",,,,,"",,,,"processrequest.patient.patientName",0,1,"",""
"processrequest.patient.gender","processrequest.patient.gender","","","",0,1,"","","","code {[]} {[]}
","Kön","Administrativt kön enligt Skatteverket (OID 1.2.752.129.2.2.1.1): 0 okänt, 1 man, 2 kvinna, 9 ej tillämpligt.","","","","","","","","","",,"required","","https://fhir.inera.se/ig/clinicalprocess-activity-request/ValueSet/gender-vs","",,,,"processrequest.patient.gender",0,1,"",""
"processrequest.patient.dateOfBirth","processrequest.patient.dateOfBirth","","","",0,1,"","","","date {[]} {[]}
","Födelsetidpunkt","Anges när patientens identitet är av annan typ än personnummer (ÅÅÅÅMMDD).","","","","","","","","","",,,,,"",,,,"processrequest.patient.dateOfBirth",0,1,"",""
"processrequest.requestOrganisation","processrequest.requestOrganisation","","","",1,1,"","","","BackboneElement {[]} {[]}
","Organisatorisk enhet","Ursprunglig remitterande organisatorisk enhet. Svaret adresseras till denna enhet som logisk adress.","","","","","","","","","",,,,,"",,,,"processrequest.requestOrganisation",1,1,"","ele-1:All FHIR elements must have a @value or children {hasValue() or (children().count() > id.count())}
"
"processrequest.requestOrganisation.id","processrequest.requestOrganisation.id","","","",0,1,"","","","string {[]} {[]}
","Unique id for inter-element referencing","Unique id for the element within a resource (for internal references). This may be any string value that does not contain spaces.","","","","","","","","","",,,,,"",,,,"Element.id",0,1,"",""
"processrequest.requestOrganisation.extension","processrequest.requestOrganisation.extension","","extensions
user content","",0,*,"","","","Extension {[]} {[]}
","Additional content defined by implementations","May be used to represent additional information that is not part of the basic definition of the element. To make the use of extensions safe and manageable, there is a strict set of governance  applied to the definition and use of extensions. Though any implementer can define an extension, there is a set of requirements that SHALL be met as part of the definition of the extension.","There can be no stigma associated with the use of extensions by any application, project, or standard - regardless of the institution or jurisdiction that uses or defines the extensions.  The use of extensions is what allows the FHIR specification to retain a core level of simplicity for everyone.","","","","","","","","",,,,,"","value:url}
","Extensions are always sliced by (at least) url",,"open","Element.extension",0,*,"","ele-1:All FHIR elements must have a @value or children {hasValue() or (children().count() > id.count())}
ext-1:Must have either extensions or value[x], not both {extension.exists() != value.exists()}"
"processrequest.requestOrganisation.modifierExtension","processrequest.requestOrganisation.modifierExtension","","extensions
user contentmodifiers","",0,*,"","Y","Y","Extension {[]} {[]}
","Extensions that cannot be ignored even if unrecognized","May be used to represent additional information that is not part of the basic definition of the element and that modifies the understanding of the element in which it is contained and/or the understanding of the containing element's descendants. Usually modifier elements provide negation or qualification. To make the use of extensions safe and manageable, there is a strict set of governance applied to the definition and use of extensions. Though any implementer can define an extension, there is a set of requirements that SHALL be met as part of the definition of the extension. Applications processing a resource are required to check for modifier extensions.

Modifier extensions SHALL NOT change the meaning of any elements on Resource or DomainResource (including cannot change the meaning of modifierExtension itself).","There can be no stigma associated with the use of extensions by any application, project, or standard - regardless of the institution or jurisdiction that uses or defines the extensions.  The use of extensions is what allows the FHIR specification to retain a core level of simplicity for everyone.","Modifier extensions allow for extensions that *cannot* be safely ignored to be clearly distinguished from the vast majority of extensions which can be safely ignored.  This promotes interoperability by eliminating the need for implementers to prohibit the presence of extensions. For further information, see the [definition of modifier extensions](http://hl7.org/fhir/R4/extensibility.html#modifierExtension).","","","","","","","",,,,,"",,,,"BackboneElement.modifierExtension",0,*,"","ele-1:All FHIR elements must have a @value or children {hasValue() or (children().count() > id.count())}
ext-1:Must have either extensions or value[x], not both {extension.exists() != value.exists()}"
"processrequest.requestOrganisation.careUnitId","processrequest.requestOrganisation.careUnitId","","","",1,1,"","","","Identifier {[]} {[]}
","Enhet id","HSA-id för enheten. Maxlängd 64 tecken.","","","","","","","","","",,,,,"",,,,"processrequest.requestOrganisation.careUnitId",1,1,"",""
"processrequest.requestOrganisation.careUnitName","processrequest.requestOrganisation.careUnitName","","","",0,1,"","","","string {[]} {[]}
","Enhet namn","Namn på enhet. Maxlängd 64 tecken.","","","","","","","","","",,,,,"",,,,"processrequest.requestOrganisation.careUnitName",0,1,"",""
"processrequest.requestOrganisation.careUnitTelephone","processrequest.requestOrganisation.careUnitTelephone","","","",0,1,"","","","string {[]} {[]}
","Enhet telefon","Telefon till enhet.","","","","","","","","","",,,,,"",,,,"processrequest.requestOrganisation.careUnitTelephone",0,1,"",""
"processrequest.requestOrganisation.careUnitEmail","processrequest.requestOrganisation.careUnitEmail","","","",0,1,"","","","string {[]} {[]}
","Enhet epost","E-post till enhet.","","","","","","","","","",,,,,"",,,,"processrequest.requestOrganisation.careUnitEmail",0,1,"",""
"processrequest.requestOrganisation.careUnitAddress","processrequest.requestOrganisation.careUnitAddress","","","",0,1,"","","","string {[]} {[]}
","Enhet adress","Adress till enhet.","","","","","","","","","",,,,,"",,,,"processrequest.requestOrganisation.careUnitAddress",0,1,"",""
"processrequest.requestOrganisation.careUnitLocation","processrequest.requestOrganisation.careUnitLocation","","","",0,1,"","","","string {[]} {[]}
","Enhet plats","Namnet på plats eller ort för enhetens fysiska placering.","","","","","","","","","",,,,,"",,,,"processrequest.requestOrganisation.careUnitLocation",0,1,"",""
"processrequest.author","processrequest.author","","","",1,1,"","","","BackboneElement {[]} {[]}
","Remittent","Remittent (person och organisation).","","","","","","","","","",,,,,"",,,,"processrequest.author",1,1,"","ele-1:All FHIR elements must have a @value or children {hasValue() or (children().count() > id.count())}
"
"processrequest.author.id","processrequest.author.id","","","",0,1,"","","","string {[]} {[]}
","Unique id for inter-element referencing","Unique id for the element within a resource (for internal references). This may be any string value that does not contain spaces.","","","","","","","","","",,,,,"",,,,"Element.id",0,1,"",""
"processrequest.author.extension","processrequest.author.extension","","extensions
user content","",0,*,"","","","Extension {[]} {[]}
","Additional content defined by implementations","May be used to represent additional information that is not part of the basic definition of the element. To make the use of extensions safe and manageable, there is a strict set of governance  applied to the definition and use of extensions. Though any implementer can define an extension, there is a set of requirements that SHALL be met as part of the definition of the extension.","There can be no stigma associated with the use of extensions by any application, project, or standard - regardless of the institution or jurisdiction that uses or defines the extensions.  The use of extensions is what allows the FHIR specification to retain a core level of simplicity for everyone.","","","","","","","","",,,,,"","value:url}
","Extensions are always sliced by (at least) url",,"open","Element.extension",0,*,"","ele-1:All FHIR elements must have a @value or children {hasValue() or (children().count() > id.count())}
ext-1:Must have either extensions or value[x], not both {extension.exists() != value.exists()}"
"processrequest.author.modifierExtension","processrequest.author.modifierExtension","","extensions
user contentmodifiers","",0,*,"","Y","Y","Extension {[]} {[]}
","Extensions that cannot be ignored even if unrecognized","May be used to represent additional information that is not part of the basic definition of the element and that modifies the understanding of the element in which it is contained and/or the understanding of the containing element's descendants. Usually modifier elements provide negation or qualification. To make the use of extensions safe and manageable, there is a strict set of governance applied to the definition and use of extensions. Though any implementer can define an extension, there is a set of requirements that SHALL be met as part of the definition of the extension. Applications processing a resource are required to check for modifier extensions.

Modifier extensions SHALL NOT change the meaning of any elements on Resource or DomainResource (including cannot change the meaning of modifierExtension itself).","There can be no stigma associated with the use of extensions by any application, project, or standard - regardless of the institution or jurisdiction that uses or defines the extensions.  The use of extensions is what allows the FHIR specification to retain a core level of simplicity for everyone.","Modifier extensions allow for extensions that *cannot* be safely ignored to be clearly distinguished from the vast majority of extensions which can be safely ignored.  This promotes interoperability by eliminating the need for implementers to prohibit the presence of extensions. For further information, see the [definition of modifier extensions](http://hl7.org/fhir/R4/extensibility.html#modifierExtension).","","","","","","","",,,,,"",,,,"BackboneElement.modifierExtension",0,*,"","ele-1:All FHIR elements must have a @value or children {hasValue() or (children().count() > id.count())}
ext-1:Must have either extensions or value[x], not both {extension.exists() != value.exists()}"
"processrequest.author.date","processrequest.author.date","","","",1,1,"","","","date {[]} {[]}
","Remissdatum","Datum då remissen skapades (ÅÅÅÅMMDD).","","","","","","","","","",,,,,"",,,,"processrequest.author.date",1,1,"",""
"processrequest.author.healthcareProfessional","processrequest.author.healthcareProfessional","","","",1,1,"","","","BackboneElement {[]} {[]}
","Hälso- och sjukvårdspersonal","Hälso- och sjukvårdspersonal (HealthcareProfessionalType).","","","","","","","","","",,,,,"",,,,"processrequest.author.healthcareProfessional",1,1,"","ele-1:All FHIR elements must have a @value or children {hasValue() or (children().count() > id.count())}
"
"processrequest.author.healthcareProfessional.id","processrequest.author.healthcareProfessional.id","","","",0,1,"","","","string {[]} {[]}
","Unique id for inter-element referencing","Unique id for the element within a resource (for internal references). This may be any string value that does not contain spaces.","","","","","","","","","",,,,,"",,,,"Element.id",0,1,"",""
"processrequest.author.healthcareProfessional.extension","processrequest.author.healthcareProfessional.extension","","extensions
user content","",0,*,"","","","Extension {[]} {[]}
","Additional content defined by implementations","May be used to represent additional information that is not part of the basic definition of the element. To make the use of extensions safe and manageable, there is a strict set of governance  applied to the definition and use of extensions. Though any implementer can define an extension, there is a set of requirements that SHALL be met as part of the definition of the extension.","There can be no stigma associated with the use of extensions by any application, project, or standard - regardless of the institution or jurisdiction that uses or defines the extensions.  The use of extensions is what allows the FHIR specification to retain a core level of simplicity for everyone.","","","","","","","","",,,,,"","value:url}
","Extensions are always sliced by (at least) url",,"open","Element.extension",0,*,"","ele-1:All FHIR elements must have a @value or children {hasValue() or (children().count() > id.count())}
ext-1:Must have either extensions or value[x], not both {extension.exists() != value.exists()}"
"processrequest.author.healthcareProfessional.modifierExtension","processrequest.author.healthcareProfessional.modifierExtension","","extensions
user contentmodifiers","",0,*,"","Y","Y","Extension {[]} {[]}
","Extensions that cannot be ignored even if unrecognized","May be used to represent additional information that is not part of the basic definition of the element and that modifies the understanding of the element in which it is contained and/or the understanding of the containing element's descendants. Usually modifier elements provide negation or qualification. To make the use of extensions safe and manageable, there is a strict set of governance applied to the definition and use of extensions. Though any implementer can define an extension, there is a set of requirements that SHALL be met as part of the definition of the extension. Applications processing a resource are required to check for modifier extensions.

Modifier extensions SHALL NOT change the meaning of any elements on Resource or DomainResource (including cannot change the meaning of modifierExtension itself).","There can be no stigma associated with the use of extensions by any application, project, or standard - regardless of the institution or jurisdiction that uses or defines the extensions.  The use of extensions is what allows the FHIR specification to retain a core level of simplicity for everyone.","Modifier extensions allow for extensions that *cannot* be safely ignored to be clearly distinguished from the vast majority of extensions which can be safely ignored.  This promotes interoperability by eliminating the need for implementers to prohibit the presence of extensions. For further information, see the [definition of modifier extensions](http://hl7.org/fhir/R4/extensibility.html#modifierExtension).","","","","","","","",,,,,"",,,,"BackboneElement.modifierExtension",0,*,"","ele-1:All FHIR elements must have a @value or children {hasValue() or (children().count() > id.count())}
ext-1:Must have either extensions or value[x], not both {extension.exists() != value.exists()}"
"processrequest.author.healthcareProfessional.healthcareProfessionalId","processrequest.author.healthcareProfessional.healthcareProfessionalId","","","",0,1,"","","","Identifier {[]} {[]}
","Personal id","HSA-id för personen. Maxlängd 64 tecken. RIV-TA: healthcareProfessional.id.","","","","","","","","","",,,,,"",,,,"processrequest.author.healthcareProfessional.healthcareProfessionalId",0,1,"",""
"processrequest.author.healthcareProfessional.healthcareProfessionalName","processrequest.author.healthcareProfessional.healthcareProfessionalName","","","",1,1,"","","","string {[]} {[]}
","Personal namn","Namn, valfri formatering. Maxlängd 64 tecken. RIV-TA: healthcareProfessional.name.","","","","","","","","","",,,,,"",,,,"processrequest.author.healthcareProfessional.healthcareProfessionalName",1,1,"",""
"processrequest.author.typeOfHealthcareProfessional","processrequest.author.typeOfHealthcareProfessional","","","",0,1,"","","","CodeableConcept {[]} {[]}
","Typ av hälso- och sjukvårdspersonal","Yrkestitel från Snomed CT: urval_legitimerade_yrken (codeSystem 1.2.752.129.5.1.70) eller yrken_i_halso-_och_sjukvarden_ej_legitimerade (codeSystem 1.2.752.129.7.1.5). Urvalen kan kompletteras utan ny kontraktsversion.","","","","","","","","","",,,,,"",,,,"processrequest.author.typeOfHealthcareProfessional",0,1,"",""
"processrequest.author.healthcareProfessionalOrganisation","processrequest.author.healthcareProfessionalOrganisation","","","",1,1,"","","","BackboneElement {[]} {[]}
","Organisatorisk enhet","Enhet (jmf. PDL) som ansvarar för informationen.","","","","","","","","","",,,,,"",,,,"processrequest.author.healthcareProfessionalOrganisation",1,1,"","ele-1:All FHIR elements must have a @value or children {hasValue() or (children().count() > id.count())}
"
"processrequest.author.healthcareProfessionalOrganisation.id","processrequest.author.healthcareProfessionalOrganisation.id","","","",0,1,"","","","string {[]} {[]}
","Unique id for inter-element referencing","Unique id for the element within a resource (for internal references). This may be any string value that does not contain spaces.","","","","","","","","","",,,,,"",,,,"Element.id",0,1,"",""
"processrequest.author.healthcareProfessionalOrganisation.extension","processrequest.author.healthcareProfessionalOrganisation.extension","","extensions
user content","",0,*,"","","","Extension {[]} {[]}
","Additional content defined by implementations","May be used to represent additional information that is not part of the basic definition of the element. To make the use of extensions safe and manageable, there is a strict set of governance  applied to the definition and use of extensions. Though any implementer can define an extension, there is a set of requirements that SHALL be met as part of the definition of the extension.","There can be no stigma associated with the use of extensions by any application, project, or standard - regardless of the institution or jurisdiction that uses or defines the extensions.  The use of extensions is what allows the FHIR specification to retain a core level of simplicity for everyone.","","","","","","","","",,,,,"","value:url}
","Extensions are always sliced by (at least) url",,"open","Element.extension",0,*,"","ele-1:All FHIR elements must have a @value or children {hasValue() or (children().count() > id.count())}
ext-1:Must have either extensions or value[x], not both {extension.exists() != value.exists()}"
"processrequest.author.healthcareProfessionalOrganisation.modifierExtension","processrequest.author.healthcareProfessionalOrganisation.modifierExtension","","extensions
user contentmodifiers","",0,*,"","Y","Y","Extension {[]} {[]}
","Extensions that cannot be ignored even if unrecognized","May be used to represent additional information that is not part of the basic definition of the element and that modifies the understanding of the element in which it is contained and/or the understanding of the containing element's descendants. Usually modifier elements provide negation or qualification. To make the use of extensions safe and manageable, there is a strict set of governance applied to the definition and use of extensions. Though any implementer can define an extension, there is a set of requirements that SHALL be met as part of the definition of the extension. Applications processing a resource are required to check for modifier extensions.

Modifier extensions SHALL NOT change the meaning of any elements on Resource or DomainResource (including cannot change the meaning of modifierExtension itself).","There can be no stigma associated with the use of extensions by any application, project, or standard - regardless of the institution or jurisdiction that uses or defines the extensions.  The use of extensions is what allows the FHIR specification to retain a core level of simplicity for everyone.","Modifier extensions allow for extensions that *cannot* be safely ignored to be clearly distinguished from the vast majority of extensions which can be safely ignored.  This promotes interoperability by eliminating the need for implementers to prohibit the presence of extensions. For further information, see the [definition of modifier extensions](http://hl7.org/fhir/R4/extensibility.html#modifierExtension).","","","","","","","",,,,,"",,,,"BackboneElement.modifierExtension",0,*,"","ele-1:All FHIR elements must have a @value or children {hasValue() or (children().count() > id.count())}
ext-1:Must have either extensions or value[x], not both {extension.exists() != value.exists()}"
"processrequest.author.healthcareProfessionalOrganisation.careUnitId","processrequest.author.healthcareProfessionalOrganisation.careUnitId","","","",1,1,"","","","Identifier {[]} {[]}
","Enhet id","HSA-id för enheten. Maxlängd 64 tecken.","","","","","","","","","",,,,,"",,,,"processrequest.author.healthcareProfessionalOrganisation.careUnitId",1,1,"",""
"processrequest.recipient","processrequest.recipient","","","",1,1,"","","","BackboneElement {[]} {[]}
","Mottagare","Remissmottagande organisation.","","","","","","","","","",,,,,"",,,,"processrequest.recipient",1,1,"","ele-1:All FHIR elements must have a @value or children {hasValue() or (children().count() > id.count())}
"
"processrequest.recipient.id","processrequest.recipient.id","","","",0,1,"","","","string {[]} {[]}
","Unique id for inter-element referencing","Unique id for the element within a resource (for internal references). This may be any string value that does not contain spaces.","","","","","","","","","",,,,,"",,,,"Element.id",0,1,"",""
"processrequest.recipient.extension","processrequest.recipient.extension","","extensions
user content","",0,*,"","","","Extension {[]} {[]}
","Additional content defined by implementations","May be used to represent additional information that is not part of the basic definition of the element. To make the use of extensions safe and manageable, there is a strict set of governance  applied to the definition and use of extensions. Though any implementer can define an extension, there is a set of requirements that SHALL be met as part of the definition of the extension.","There can be no stigma associated with the use of extensions by any application, project, or standard - regardless of the institution or jurisdiction that uses or defines the extensions.  The use of extensions is what allows the FHIR specification to retain a core level of simplicity for everyone.","","","","","","","","",,,,,"","value:url}
","Extensions are always sliced by (at least) url",,"open","Element.extension",0,*,"","ele-1:All FHIR elements must have a @value or children {hasValue() or (children().count() > id.count())}
ext-1:Must have either extensions or value[x], not both {extension.exists() != value.exists()}"
"processrequest.recipient.modifierExtension","processrequest.recipient.modifierExtension","","extensions
user contentmodifiers","",0,*,"","Y","Y","Extension {[]} {[]}
","Extensions that cannot be ignored even if unrecognized","May be used to represent additional information that is not part of the basic definition of the element and that modifies the understanding of the element in which it is contained and/or the understanding of the containing element's descendants. Usually modifier elements provide negation or qualification. To make the use of extensions safe and manageable, there is a strict set of governance applied to the definition and use of extensions. Though any implementer can define an extension, there is a set of requirements that SHALL be met as part of the definition of the extension. Applications processing a resource are required to check for modifier extensions.

Modifier extensions SHALL NOT change the meaning of any elements on Resource or DomainResource (including cannot change the meaning of modifierExtension itself).","There can be no stigma associated with the use of extensions by any application, project, or standard - regardless of the institution or jurisdiction that uses or defines the extensions.  The use of extensions is what allows the FHIR specification to retain a core level of simplicity for everyone.","Modifier extensions allow for extensions that *cannot* be safely ignored to be clearly distinguished from the vast majority of extensions which can be safely ignored.  This promotes interoperability by eliminating the need for implementers to prohibit the presence of extensions. For further information, see the [definition of modifier extensions](http://hl7.org/fhir/R4/extensibility.html#modifierExtension).","","","","","","","",,,,,"",,,,"BackboneElement.modifierExtension",0,*,"","ele-1:All FHIR elements must have a @value or children {hasValue() or (children().count() > id.count())}
ext-1:Must have either extensions or value[x], not both {extension.exists() != value.exists()}"
"processrequest.recipient.organisation","processrequest.recipient.organisation","","","",1,1,"","","","BackboneElement {[]} {[]}
","Organisatorisk enhet","Mottagande enhet; HSA-id används som logisk adress.","","","","","","","","","",,,,,"",,,,"processrequest.recipient.organisation",1,1,"","ele-1:All FHIR elements must have a @value or children {hasValue() or (children().count() > id.count())}
"
"processrequest.recipient.organisation.id","processrequest.recipient.organisation.id","","","",0,1,"","","","string {[]} {[]}
","Unique id for inter-element referencing","Unique id for the element within a resource (for internal references). This may be any string value that does not contain spaces.","","","","","","","","","",,,,,"",,,,"Element.id",0,1,"",""
"processrequest.recipient.organisation.extension","processrequest.recipient.organisation.extension","","extensions
user content","",0,*,"","","","Extension {[]} {[]}
","Additional content defined by implementations","May be used to represent additional information that is not part of the basic definition of the element. To make the use of extensions safe and manageable, there is a strict set of governance  applied to the definition and use of extensions. Though any implementer can define an extension, there is a set of requirements that SHALL be met as part of the definition of the extension.","There can be no stigma associated with the use of extensions by any application, project, or standard - regardless of the institution or jurisdiction that uses or defines the extensions.  The use of extensions is what allows the FHIR specification to retain a core level of simplicity for everyone.","","","","","","","","",,,,,"","value:url}
","Extensions are always sliced by (at least) url",,"open","Element.extension",0,*,"","ele-1:All FHIR elements must have a @value or children {hasValue() or (children().count() > id.count())}
ext-1:Must have either extensions or value[x], not both {extension.exists() != value.exists()}"
"processrequest.recipient.organisation.modifierExtension","processrequest.recipient.organisation.modifierExtension","","extensions
user contentmodifiers","",0,*,"","Y","Y","Extension {[]} {[]}
","Extensions that cannot be ignored even if unrecognized","May be used to represent additional information that is not part of the basic definition of the element and that modifies the understanding of the element in which it is contained and/or the understanding of the containing element's descendants. Usually modifier elements provide negation or qualification. To make the use of extensions safe and manageable, there is a strict set of governance applied to the definition and use of extensions. Though any implementer can define an extension, there is a set of requirements that SHALL be met as part of the definition of the extension. Applications processing a resource are required to check for modifier extensions.

Modifier extensions SHALL NOT change the meaning of any elements on Resource or DomainResource (including cannot change the meaning of modifierExtension itself).","There can be no stigma associated with the use of extensions by any application, project, or standard - regardless of the institution or jurisdiction that uses or defines the extensions.  The use of extensions is what allows the FHIR specification to retain a core level of simplicity for everyone.","Modifier extensions allow for extensions that *cannot* be safely ignored to be clearly distinguished from the vast majority of extensions which can be safely ignored.  This promotes interoperability by eliminating the need for implementers to prohibit the presence of extensions. For further information, see the [definition of modifier extensions](http://hl7.org/fhir/R4/extensibility.html#modifierExtension).","","","","","","","",,,,,"",,,,"BackboneElement.modifierExtension",0,*,"","ele-1:All FHIR elements must have a @value or children {hasValue() or (children().count() > id.count())}
ext-1:Must have either extensions or value[x], not both {extension.exists() != value.exists()}"
"processrequest.recipient.organisation.careUnitId","processrequest.recipient.organisation.careUnitId","","","",1,1,"","","","Identifier {[]} {[]}
","Enhet id","HSA-id för enheten. Maxlängd 64 tecken.","","","","","","","","","",,,,,"",,,,"processrequest.recipient.organisation.careUnitId",1,1,"",""
"processrequest.intermediaryParticipant","processrequest.intermediaryParticipant","","","",0,*,"","","","BackboneElement {[]} {[]}
","Vidareskickare","Hälso- och sjukvårdspersonalen som vidareskickar remissen.","","","","","","","","","",,,,,"",,,,"processrequest.intermediaryParticipant",0,*,"","ele-1:All FHIR elements must have a @value or children {hasValue() or (children().count() > id.count())}
"
"processrequest.intermediaryParticipant.id","processrequest.intermediaryParticipant.id","","","",0,1,"","","","string {[]} {[]}
","Unique id for inter-element referencing","Unique id for the element within a resource (for internal references). This may be any string value that does not contain spaces.","","","","","","","","","",,,,,"",,,,"Element.id",0,1,"",""
"processrequest.intermediaryParticipant.extension","processrequest.intermediaryParticipant.extension","","extensions
user content","",0,*,"","","","Extension {[]} {[]}
","Additional content defined by implementations","May be used to represent additional information that is not part of the basic definition of the element. To make the use of extensions safe and manageable, there is a strict set of governance  applied to the definition and use of extensions. Though any implementer can define an extension, there is a set of requirements that SHALL be met as part of the definition of the extension.","There can be no stigma associated with the use of extensions by any application, project, or standard - regardless of the institution or jurisdiction that uses or defines the extensions.  The use of extensions is what allows the FHIR specification to retain a core level of simplicity for everyone.","","","","","","","","",,,,,"","value:url}
","Extensions are always sliced by (at least) url",,"open","Element.extension",0,*,"","ele-1:All FHIR elements must have a @value or children {hasValue() or (children().count() > id.count())}
ext-1:Must have either extensions or value[x], not both {extension.exists() != value.exists()}"
"processrequest.intermediaryParticipant.modifierExtension","processrequest.intermediaryParticipant.modifierExtension","","extensions
user contentmodifiers","",0,*,"","Y","Y","Extension {[]} {[]}
","Extensions that cannot be ignored even if unrecognized","May be used to represent additional information that is not part of the basic definition of the element and that modifies the understanding of the element in which it is contained and/or the understanding of the containing element's descendants. Usually modifier elements provide negation or qualification. To make the use of extensions safe and manageable, there is a strict set of governance applied to the definition and use of extensions. Though any implementer can define an extension, there is a set of requirements that SHALL be met as part of the definition of the extension. Applications processing a resource are required to check for modifier extensions.

Modifier extensions SHALL NOT change the meaning of any elements on Resource or DomainResource (including cannot change the meaning of modifierExtension itself).","There can be no stigma associated with the use of extensions by any application, project, or standard - regardless of the institution or jurisdiction that uses or defines the extensions.  The use of extensions is what allows the FHIR specification to retain a core level of simplicity for everyone.","Modifier extensions allow for extensions that *cannot* be safely ignored to be clearly distinguished from the vast majority of extensions which can be safely ignored.  This promotes interoperability by eliminating the need for implementers to prohibit the presence of extensions. For further information, see the [definition of modifier extensions](http://hl7.org/fhir/R4/extensibility.html#modifierExtension).","","","","","","","",,,,,"",,,,"BackboneElement.modifierExtension",0,*,"","ele-1:All FHIR elements must have a @value or children {hasValue() or (children().count() > id.count())}
ext-1:Must have either extensions or value[x], not both {extension.exists() != value.exists()}"
"processrequest.intermediaryParticipant.healthcareProfessionalOrganisation","processrequest.intermediaryParticipant.healthcareProfessionalOrganisation","","","",1,1,"","","","BackboneElement {[]} {[]}
","Organisatorisk enhet","Remissmottagande enhet som vidareskickat remissen.","","","","","","","","","",,,,,"",,,,"processrequest.intermediaryParticipant.healthcareProfessionalOrganisation",1,1,"","ele-1:All FHIR elements must have a @value or children {hasValue() or (children().count() > id.count())}
"
"processrequest.intermediaryParticipant.healthcareProfessionalOrganisation.id","processrequest.intermediaryParticipant.healthcareProfessionalOrganisation.id","","","",0,1,"","","","string {[]} {[]}
","Unique id for inter-element referencing","Unique id for the element within a resource (for internal references). This may be any string value that does not contain spaces.","","","","","","","","","",,,,,"",,,,"Element.id",0,1,"",""
"processrequest.intermediaryParticipant.healthcareProfessionalOrganisation.extension","processrequest.intermediaryParticipant.healthcareProfessionalOrganisation.extension","","extensions
user content","",0,*,"","","","Extension {[]} {[]}
","Additional content defined by implementations","May be used to represent additional information that is not part of the basic definition of the element. To make the use of extensions safe and manageable, there is a strict set of governance  applied to the definition and use of extensions. Though any implementer can define an extension, there is a set of requirements that SHALL be met as part of the definition of the extension.","There can be no stigma associated with the use of extensions by any application, project, or standard - regardless of the institution or jurisdiction that uses or defines the extensions.  The use of extensions is what allows the FHIR specification to retain a core level of simplicity for everyone.","","","","","","","","",,,,,"","value:url}
","Extensions are always sliced by (at least) url",,"open","Element.extension",0,*,"","ele-1:All FHIR elements must have a @value or children {hasValue() or (children().count() > id.count())}
ext-1:Must have either extensions or value[x], not both {extension.exists() != value.exists()}"
"processrequest.intermediaryParticipant.healthcareProfessionalOrganisation.modifierExtension","processrequest.intermediaryParticipant.healthcareProfessionalOrganisation.modifierExtension","","extensions
user contentmodifiers","",0,*,"","Y","Y","Extension {[]} {[]}
","Extensions that cannot be ignored even if unrecognized","May be used to represent additional information that is not part of the basic definition of the element and that modifies the understanding of the element in which it is contained and/or the understanding of the containing element's descendants. Usually modifier elements provide negation or qualification. To make the use of extensions safe and manageable, there is a strict set of governance applied to the definition and use of extensions. Though any implementer can define an extension, there is a set of requirements that SHALL be met as part of the definition of the extension. Applications processing a resource are required to check for modifier extensions.

Modifier extensions SHALL NOT change the meaning of any elements on Resource or DomainResource (including cannot change the meaning of modifierExtension itself).","There can be no stigma associated with the use of extensions by any application, project, or standard - regardless of the institution or jurisdiction that uses or defines the extensions.  The use of extensions is what allows the FHIR specification to retain a core level of simplicity for everyone.","Modifier extensions allow for extensions that *cannot* be safely ignored to be clearly distinguished from the vast majority of extensions which can be safely ignored.  This promotes interoperability by eliminating the need for implementers to prohibit the presence of extensions. For further information, see the [definition of modifier extensions](http://hl7.org/fhir/R4/extensibility.html#modifierExtension).","","","","","","","",,,,,"",,,,"BackboneElement.modifierExtension",0,*,"","ele-1:All FHIR elements must have a @value or children {hasValue() or (children().count() > id.count())}
ext-1:Must have either extensions or value[x], not both {extension.exists() != value.exists()}"
"processrequest.intermediaryParticipant.healthcareProfessionalOrganisation.careUnitId","processrequest.intermediaryParticipant.healthcareProfessionalOrganisation.careUnitId","","","",1,1,"","","","Identifier {[]} {[]}
","Enhet id","HSA-id för enheten. Maxlängd 64 tecken.","","","","","","","","","",,,,,"",,,,"processrequest.intermediaryParticipant.healthcareProfessionalOrganisation.careUnitId",1,1,"",""
"processrequest.intermediaryParticipant.time","processrequest.intermediaryParticipant.time","","","",1,1,"","","","dateTime {[]} {[]}
","Tidpunkt","Tidpunkt då versionen skapades för vidareskickning (ÅÅÅÅMMDDttmmss).","","","","","","","","","",,,,,"",,,,"processrequest.intermediaryParticipant.time",1,1,"",""
"processrequest.additionalInformation","processrequest.additionalInformation","","","",0,1,"","","","BackboneElement {[]} {[]}
","Tilläggsinformation","Tilläggsinformation.","","","","","","","","","",,,,,"",,,,"processrequest.additionalInformation",0,1,"","ele-1:All FHIR elements must have a @value or children {hasValue() or (children().count() > id.count())}
"
"processrequest.additionalInformation.id","processrequest.additionalInformation.id","","","",0,1,"","","","string {[]} {[]}
","Unique id for inter-element referencing","Unique id for the element within a resource (for internal references). This may be any string value that does not contain spaces.","","","","","","","","","",,,,,"",,,,"Element.id",0,1,"",""
"processrequest.additionalInformation.extension","processrequest.additionalInformation.extension","","extensions
user content","",0,*,"","","","Extension {[]} {[]}
","Additional content defined by implementations","May be used to represent additional information that is not part of the basic definition of the element. To make the use of extensions safe and manageable, there is a strict set of governance  applied to the definition and use of extensions. Though any implementer can define an extension, there is a set of requirements that SHALL be met as part of the definition of the extension.","There can be no stigma associated with the use of extensions by any application, project, or standard - regardless of the institution or jurisdiction that uses or defines the extensions.  The use of extensions is what allows the FHIR specification to retain a core level of simplicity for everyone.","","","","","","","","",,,,,"","value:url}
","Extensions are always sliced by (at least) url",,"open","Element.extension",0,*,"","ele-1:All FHIR elements must have a @value or children {hasValue() or (children().count() > id.count())}
ext-1:Must have either extensions or value[x], not both {extension.exists() != value.exists()}"
"processrequest.additionalInformation.modifierExtension","processrequest.additionalInformation.modifierExtension","","extensions
user contentmodifiers","",0,*,"","Y","Y","Extension {[]} {[]}
","Extensions that cannot be ignored even if unrecognized","May be used to represent additional information that is not part of the basic definition of the element and that modifies the understanding of the element in which it is contained and/or the understanding of the containing element's descendants. Usually modifier elements provide negation or qualification. To make the use of extensions safe and manageable, there is a strict set of governance applied to the definition and use of extensions. Though any implementer can define an extension, there is a set of requirements that SHALL be met as part of the definition of the extension. Applications processing a resource are required to check for modifier extensions.

Modifier extensions SHALL NOT change the meaning of any elements on Resource or DomainResource (including cannot change the meaning of modifierExtension itself).","There can be no stigma associated with the use of extensions by any application, project, or standard - regardless of the institution or jurisdiction that uses or defines the extensions.  The use of extensions is what allows the FHIR specification to retain a core level of simplicity for everyone.","Modifier extensions allow for extensions that *cannot* be safely ignored to be clearly distinguished from the vast majority of extensions which can be safely ignored.  This promotes interoperability by eliminating the need for implementers to prohibit the presence of extensions. For further information, see the [definition of modifier extensions](http://hl7.org/fhir/R4/extensibility.html#modifierExtension).","","","","","","","",,,,,"",,,,"BackboneElement.modifierExtension",0,*,"","ele-1:All FHIR elements must have a @value or children {hasValue() or (children().count() > id.count())}
ext-1:Must have either extensions or value[x], not both {extension.exists() != value.exists()}"
"processrequest.additionalInformation.desiredRequestRecipient","processrequest.additionalInformation.desiredRequestRecipient","","","",0,1,"","","","string {[]} {[]}
","Önskemål om remissmottagare","Enhet, person, yrkesroll eller fritext. Maxlängd 200 tecken.","","","","","","","","","",,,,,"",,,,"processrequest.additionalInformation.desiredRequestRecipient",0,1,"",""
"processrequest.additionalInformation.administrativeInformation","processrequest.additionalInformation.administrativeInformation","","","",0,1,"","","","string {[]} {[]}
","Kompletterande administrativ information","T.ex. akutärende, bortrest patient, SVF-patient och datum för välgrundad misstanke.","","","","","","","","","",,,,,"",,,,"processrequest.additionalInformation.administrativeInformation",0,1,"",""
"processrequest.additionalInformation.interpreterRequirement","processrequest.additionalInformation.interpreterRequirement","","","",0,1,"","","","string {[]} {[]}
","Kommentar tolkbehov","Maxlängd 200 tecken.","","","","","","","","","",,,,,"",,,,"processrequest.additionalInformation.interpreterRequirement",0,1,"",""
"processrequest.awarenessInformation","processrequest.awarenessInformation","","","",0,1,"","","","BackboneElement {[]} {[]}
","Uppmärksamhetsinformation","Uppmärksamhetsinformation om patient.","","","","","","","","","",,,,,"",,,,"processrequest.awarenessInformation",0,1,"","ele-1:All FHIR elements must have a @value or children {hasValue() or (children().count() > id.count())}
"
"processrequest.awarenessInformation.id","processrequest.awarenessInformation.id","","","",0,1,"","","","string {[]} {[]}
","Unique id for inter-element referencing","Unique id for the element within a resource (for internal references). This may be any string value that does not contain spaces.","","","","","","","","","",,,,,"",,,,"Element.id",0,1,"",""
"processrequest.awarenessInformation.extension","processrequest.awarenessInformation.extension","","extensions
user content","",0,*,"","","","Extension {[]} {[]}
","Additional content defined by implementations","May be used to represent additional information that is not part of the basic definition of the element. To make the use of extensions safe and manageable, there is a strict set of governance  applied to the definition and use of extensions. Though any implementer can define an extension, there is a set of requirements that SHALL be met as part of the definition of the extension.","There can be no stigma associated with the use of extensions by any application, project, or standard - regardless of the institution or jurisdiction that uses or defines the extensions.  The use of extensions is what allows the FHIR specification to retain a core level of simplicity for everyone.","","","","","","","","",,,,,"","value:url}
","Extensions are always sliced by (at least) url",,"open","Element.extension",0,*,"","ele-1:All FHIR elements must have a @value or children {hasValue() or (children().count() > id.count())}
ext-1:Must have either extensions or value[x], not both {extension.exists() != value.exists()}"
"processrequest.awarenessInformation.modifierExtension","processrequest.awarenessInformation.modifierExtension","","extensions
user contentmodifiers","",0,*,"","Y","Y","Extension {[]} {[]}
","Extensions that cannot be ignored even if unrecognized","May be used to represent additional information that is not part of the basic definition of the element and that modifies the understanding of the element in which it is contained and/or the understanding of the containing element's descendants. Usually modifier elements provide negation or qualification. To make the use of extensions safe and manageable, there is a strict set of governance applied to the definition and use of extensions. Though any implementer can define an extension, there is a set of requirements that SHALL be met as part of the definition of the extension. Applications processing a resource are required to check for modifier extensions.

Modifier extensions SHALL NOT change the meaning of any elements on Resource or DomainResource (including cannot change the meaning of modifierExtension itself).","There can be no stigma associated with the use of extensions by any application, project, or standard - regardless of the institution or jurisdiction that uses or defines the extensions.  The use of extensions is what allows the FHIR specification to retain a core level of simplicity for everyone.","Modifier extensions allow for extensions that *cannot* be safely ignored to be clearly distinguished from the vast majority of extensions which can be safely ignored.  This promotes interoperability by eliminating the need for implementers to prohibit the presence of extensions. For further information, see the [definition of modifier extensions](http://hl7.org/fhir/R4/extensibility.html#modifierExtension).","","","","","","","",,,,,"",,,,"BackboneElement.modifierExtension",0,*,"","ele-1:All FHIR elements must have a @value or children {hasValue() or (children().count() > id.count())}
ext-1:Must have either extensions or value[x], not both {extension.exists() != value.exists()}"
"processrequest.awarenessInformation.awarenessText","processrequest.awarenessInformation.awarenessText","","","",1,1,"","","","string {[]} {[]}
","Uppmärksamhetstext","Av betydelse för denna remiss; mottagande system bör inte automatiskt föra in den i egen uppmärksamhetshantering. Maxlängd 8192 tecken. RIV-TA: awarenessInformation.text.","","","","","","","","","",,,,,"",,,,"processrequest.awarenessInformation.awarenessText",1,1,"",""
"processrequest.questionFormulation","processrequest.questionFormulation","","","",1,1,"","","","BackboneElement {[]} {[]}
","Frågeställning","Remissens frågeställning.","","","","","","","","","",,,,,"",,,,"processrequest.questionFormulation",1,1,"","ele-1:All FHIR elements must have a @value or children {hasValue() or (children().count() > id.count())}
"
"processrequest.questionFormulation.id","processrequest.questionFormulation.id","","","",0,1,"","","","string {[]} {[]}
","Unique id for inter-element referencing","Unique id for the element within a resource (for internal references). This may be any string value that does not contain spaces.","","","","","","","","","",,,,,"",,,,"Element.id",0,1,"",""
"processrequest.questionFormulation.extension","processrequest.questionFormulation.extension","","extensions
user content","",0,*,"","","","Extension {[]} {[]}
","Additional content defined by implementations","May be used to represent additional information that is not part of the basic definition of the element. To make the use of extensions safe and manageable, there is a strict set of governance  applied to the definition and use of extensions. Though any implementer can define an extension, there is a set of requirements that SHALL be met as part of the definition of the extension.","There can be no stigma associated with the use of extensions by any application, project, or standard - regardless of the institution or jurisdiction that uses or defines the extensions.  The use of extensions is what allows the FHIR specification to retain a core level of simplicity for everyone.","","","","","","","","",,,,,"","value:url}
","Extensions are always sliced by (at least) url",,"open","Element.extension",0,*,"","ele-1:All FHIR elements must have a @value or children {hasValue() or (children().count() > id.count())}
ext-1:Must have either extensions or value[x], not both {extension.exists() != value.exists()}"
"processrequest.questionFormulation.modifierExtension","processrequest.questionFormulation.modifierExtension","","extensions
user contentmodifiers","",0,*,"","Y","Y","Extension {[]} {[]}
","Extensions that cannot be ignored even if unrecognized","May be used to represent additional information that is not part of the basic definition of the element and that modifies the understanding of the element in which it is contained and/or the understanding of the containing element's descendants. Usually modifier elements provide negation or qualification. To make the use of extensions safe and manageable, there is a strict set of governance applied to the definition and use of extensions. Though any implementer can define an extension, there is a set of requirements that SHALL be met as part of the definition of the extension. Applications processing a resource are required to check for modifier extensions.

Modifier extensions SHALL NOT change the meaning of any elements on Resource or DomainResource (including cannot change the meaning of modifierExtension itself).","There can be no stigma associated with the use of extensions by any application, project, or standard - regardless of the institution or jurisdiction that uses or defines the extensions.  The use of extensions is what allows the FHIR specification to retain a core level of simplicity for everyone.","Modifier extensions allow for extensions that *cannot* be safely ignored to be clearly distinguished from the vast majority of extensions which can be safely ignored.  This promotes interoperability by eliminating the need for implementers to prohibit the presence of extensions. For further information, see the [definition of modifier extensions](http://hl7.org/fhir/R4/extensibility.html#modifierExtension).","","","","","","","",,,,,"",,,,"BackboneElement.modifierExtension",0,*,"","ele-1:All FHIR elements must have a @value or children {hasValue() or (children().count() > id.count())}
ext-1:Must have either extensions or value[x], not both {extension.exists() != value.exists()}"
"processrequest.questionFormulation.questionText","processrequest.questionFormulation.questionText","","","",1,1,"","","","string {[]} {[]}
","Frågeställning text","Maxlängd 8192 tecken. RIV-TA: questionFormulation.text.","","","","","","","","","",,,,,"",,,,"processrequest.questionFormulation.questionText",1,1,"",""
"processrequest.questionFormulation.clinicalInformation","processrequest.questionFormulation.clinicalInformation","","","",0,1,"","","","BackboneElement {[]} {[]}
","Anamnes","Underbyggande klinisk information för frågeställningen.","","","","","","","","","",,,,,"",,,,"processrequest.questionFormulation.clinicalInformation",0,1,"","ele-1:All FHIR elements must have a @value or children {hasValue() or (children().count() > id.count())}
"
"processrequest.questionFormulation.clinicalInformation.id","processrequest.questionFormulation.clinicalInformation.id","","","",0,1,"","","","string {[]} {[]}
","Unique id for inter-element referencing","Unique id for the element within a resource (for internal references). This may be any string value that does not contain spaces.","","","","","","","","","",,,,,"",,,,"Element.id",0,1,"",""
"processrequest.questionFormulation.clinicalInformation.extension","processrequest.questionFormulation.clinicalInformation.extension","","extensions
user content","",0,*,"","","","Extension {[]} {[]}
","Additional content defined by implementations","May be used to represent additional information that is not part of the basic definition of the element. To make the use of extensions safe and manageable, there is a strict set of governance  applied to the definition and use of extensions. Though any implementer can define an extension, there is a set of requirements that SHALL be met as part of the definition of the extension.","There can be no stigma associated with the use of extensions by any application, project, or standard - regardless of the institution or jurisdiction that uses or defines the extensions.  The use of extensions is what allows the FHIR specification to retain a core level of simplicity for everyone.","","","","","","","","",,,,,"","value:url}
","Extensions are always sliced by (at least) url",,"open","Element.extension",0,*,"","ele-1:All FHIR elements must have a @value or children {hasValue() or (children().count() > id.count())}
ext-1:Must have either extensions or value[x], not both {extension.exists() != value.exists()}"
"processrequest.questionFormulation.clinicalInformation.modifierExtension","processrequest.questionFormulation.clinicalInformation.modifierExtension","","extensions
user contentmodifiers","",0,*,"","Y","Y","Extension {[]} {[]}
","Extensions that cannot be ignored even if unrecognized","May be used to represent additional information that is not part of the basic definition of the element and that modifies the understanding of the element in which it is contained and/or the understanding of the containing element's descendants. Usually modifier elements provide negation or qualification. To make the use of extensions safe and manageable, there is a strict set of governance applied to the definition and use of extensions. Though any implementer can define an extension, there is a set of requirements that SHALL be met as part of the definition of the extension. Applications processing a resource are required to check for modifier extensions.

Modifier extensions SHALL NOT change the meaning of any elements on Resource or DomainResource (including cannot change the meaning of modifierExtension itself).","There can be no stigma associated with the use of extensions by any application, project, or standard - regardless of the institution or jurisdiction that uses or defines the extensions.  The use of extensions is what allows the FHIR specification to retain a core level of simplicity for everyone.","Modifier extensions allow for extensions that *cannot* be safely ignored to be clearly distinguished from the vast majority of extensions which can be safely ignored.  This promotes interoperability by eliminating the need for implementers to prohibit the presence of extensions. For further information, see the [definition of modifier extensions](http://hl7.org/fhir/R4/extensibility.html#modifierExtension).","","","","","","","",,,,,"",,,,"BackboneElement.modifierExtension",0,*,"","ele-1:All FHIR elements must have a @value or children {hasValue() or (children().count() > id.count())}
ext-1:Must have either extensions or value[x], not both {extension.exists() != value.exists()}"
"processrequest.questionFormulation.clinicalInformation.clinicalInformationText","processrequest.questionFormulation.clinicalInformation.clinicalInformationText","","","",1,1,"","","","string {[]} {[]}
","Beskrivning","Maxlängd 8192 tecken. RIV-TA: clinicalInformation.text.","","","","","","","","","",,,,,"",,,,"processrequest.questionFormulation.clinicalInformation.clinicalInformationText",1,1,"",""
"processrequest.questionFormulation.condition","processrequest.questionFormulation.condition","","","",0,*,"","","","BackboneElement {[]} {[]}
","Kliniskt tillstånd","Kliniskt tillstånd (ConditionType). Antingen text eller kod, inte båda.","","","","","","","","","",,,,,"",,,,"processrequest.questionFormulation.condition",0,*,"","activity-request-condition-code-or-text:Kliniskt tillstånd: ange antingen text eller kod, inte båda (schematron Verify condition) {(conditionText.exists() and conditionCode.exists()).not()}
ele-1:All FHIR elements must have a @value or children {hasValue() or (children().count() > id.count())}"
"processrequest.questionFormulation.condition.id","processrequest.questionFormulation.condition.id","","","",0,1,"","","","string {[]} {[]}
","Unique id for inter-element referencing","Unique id for the element within a resource (for internal references). This may be any string value that does not contain spaces.","","","","","","","","","",,,,,"",,,,"Element.id",0,1,"",""
"processrequest.questionFormulation.condition.extension","processrequest.questionFormulation.condition.extension","","extensions
user content","",0,*,"","","","Extension {[]} {[]}
","Additional content defined by implementations","May be used to represent additional information that is not part of the basic definition of the element. To make the use of extensions safe and manageable, there is a strict set of governance  applied to the definition and use of extensions. Though any implementer can define an extension, there is a set of requirements that SHALL be met as part of the definition of the extension.","There can be no stigma associated with the use of extensions by any application, project, or standard - regardless of the institution or jurisdiction that uses or defines the extensions.  The use of extensions is what allows the FHIR specification to retain a core level of simplicity for everyone.","","","","","","","","",,,,,"","value:url}
","Extensions are always sliced by (at least) url",,"open","Element.extension",0,*,"","ele-1:All FHIR elements must have a @value or children {hasValue() or (children().count() > id.count())}
ext-1:Must have either extensions or value[x], not both {extension.exists() != value.exists()}"
"processrequest.questionFormulation.condition.modifierExtension","processrequest.questionFormulation.condition.modifierExtension","","extensions
user contentmodifiers","",0,*,"","Y","Y","Extension {[]} {[]}
","Extensions that cannot be ignored even if unrecognized","May be used to represent additional information that is not part of the basic definition of the element and that modifies the understanding of the element in which it is contained and/or the understanding of the containing element's descendants. Usually modifier elements provide negation or qualification. To make the use of extensions safe and manageable, there is a strict set of governance applied to the definition and use of extensions. Though any implementer can define an extension, there is a set of requirements that SHALL be met as part of the definition of the extension. Applications processing a resource are required to check for modifier extensions.

Modifier extensions SHALL NOT change the meaning of any elements on Resource or DomainResource (including cannot change the meaning of modifierExtension itself).","There can be no stigma associated with the use of extensions by any application, project, or standard - regardless of the institution or jurisdiction that uses or defines the extensions.  The use of extensions is what allows the FHIR specification to retain a core level of simplicity for everyone.","Modifier extensions allow for extensions that *cannot* be safely ignored to be clearly distinguished from the vast majority of extensions which can be safely ignored.  This promotes interoperability by eliminating the need for implementers to prohibit the presence of extensions. For further information, see the [definition of modifier extensions](http://hl7.org/fhir/R4/extensibility.html#modifierExtension).","","","","","","","",,,,,"",,,,"BackboneElement.modifierExtension",0,*,"","ele-1:All FHIR elements must have a @value or children {hasValue() or (children().count() > id.count())}
ext-1:Must have either extensions or value[x], not both {extension.exists() != value.exists()}"
"processrequest.questionFormulation.condition.conditionText","processrequest.questionFormulation.condition.conditionText","","","",0,1,"","","","string {[]} {[]}
","Kliniskt tillstånd beskrivning","Diagnosbeskrivning i fritext. Maxlängd 8192 tecken. RIV-TA: condition.text.","","","","","","","","","",,,,,"",,,,"processrequest.questionFormulation.condition.conditionText",0,1,"",""
"processrequest.questionFormulation.condition.conditionCode","processrequest.questionFormulation.condition.conditionCode","","","",0,1,"","","","CodeableConcept {[]} {[]}
","Kliniskt tillståndskod","Kod enligt ICD-10-SE (codeSystem 1.2.752.116.1.1.1). RIV-TA: condition.code.","","","","","","","","","",,,,,"",,,,"processrequest.questionFormulation.condition.conditionCode",0,1,"",""
"processrequest.questionFormulation.desiredActivity","processrequest.questionFormulation.desiredActivity","","","",0,*,"","","","BackboneElement {[]} {[]}
","Önskad åtgärd","Önskad åtgärd (ActivityType). Antingen text eller kod, inte båda.","","","","","","","","","",,,,,"",,,,"processrequest.questionFormulation.desiredActivity",0,*,"","activity-request-activity-code-or-text:Åtgärd: ange antingen text eller kod, inte båda (schematron Verify desiredActivity) {(activityText.exists() and activityCode.exists()).not()}
ele-1:All FHIR elements must have a @value or children {hasValue() or (children().count() > id.count())}"
"processrequest.questionFormulation.desiredActivity.id","processrequest.questionFormulation.desiredActivity.id","","","",0,1,"","","","string {[]} {[]}
","Unique id for inter-element referencing","Unique id for the element within a resource (for internal references). This may be any string value that does not contain spaces.","","","","","","","","","",,,,,"",,,,"Element.id",0,1,"",""
"processrequest.questionFormulation.desiredActivity.extension","processrequest.questionFormulation.desiredActivity.extension","","extensions
user content","",0,*,"","","","Extension {[]} {[]}
","Additional content defined by implementations","May be used to represent additional information that is not part of the basic definition of the element. To make the use of extensions safe and manageable, there is a strict set of governance  applied to the definition and use of extensions. Though any implementer can define an extension, there is a set of requirements that SHALL be met as part of the definition of the extension.","There can be no stigma associated with the use of extensions by any application, project, or standard - regardless of the institution or jurisdiction that uses or defines the extensions.  The use of extensions is what allows the FHIR specification to retain a core level of simplicity for everyone.","","","","","","","","",,,,,"","value:url}
","Extensions are always sliced by (at least) url",,"open","Element.extension",0,*,"","ele-1:All FHIR elements must have a @value or children {hasValue() or (children().count() > id.count())}
ext-1:Must have either extensions or value[x], not both {extension.exists() != value.exists()}"
"processrequest.questionFormulation.desiredActivity.modifierExtension","processrequest.questionFormulation.desiredActivity.modifierExtension","","extensions
user contentmodifiers","",0,*,"","Y","Y","Extension {[]} {[]}
","Extensions that cannot be ignored even if unrecognized","May be used to represent additional information that is not part of the basic definition of the element and that modifies the understanding of the element in which it is contained and/or the understanding of the containing element's descendants. Usually modifier elements provide negation or qualification. To make the use of extensions safe and manageable, there is a strict set of governance applied to the definition and use of extensions. Though any implementer can define an extension, there is a set of requirements that SHALL be met as part of the definition of the extension. Applications processing a resource are required to check for modifier extensions.

Modifier extensions SHALL NOT change the meaning of any elements on Resource or DomainResource (including cannot change the meaning of modifierExtension itself).","There can be no stigma associated with the use of extensions by any application, project, or standard - regardless of the institution or jurisdiction that uses or defines the extensions.  The use of extensions is what allows the FHIR specification to retain a core level of simplicity for everyone.","Modifier extensions allow for extensions that *cannot* be safely ignored to be clearly distinguished from the vast majority of extensions which can be safely ignored.  This promotes interoperability by eliminating the need for implementers to prohibit the presence of extensions. For further information, see the [definition of modifier extensions](http://hl7.org/fhir/R4/extensibility.html#modifierExtension).","","","","","","","",,,,,"",,,,"BackboneElement.modifierExtension",0,*,"","ele-1:All FHIR elements must have a @value or children {hasValue() or (children().count() > id.count())}
ext-1:Must have either extensions or value[x], not both {extension.exists() != value.exists()}"
"processrequest.questionFormulation.desiredActivity.activityId","processrequest.questionFormulation.desiredActivity.activityId","","","",0,1,"","","","string {[]} {[]}
","Åtgärd id","Unikt id i form av löpnummer för åtgärden. RIV-TA: id.","","","","","","","","","",,,,,"",,,,"processrequest.questionFormulation.desiredActivity.activityId",0,1,"",""
"processrequest.questionFormulation.desiredActivity.activityText","processrequest.questionFormulation.desiredActivity.activityText","","","",0,1,"","","","string {[]} {[]}
","Åtgärd beskrivning","Fritext. Maxlängd 8192 tecken. RIV-TA: text.","","","","","","","","","",,,,,"",,,,"processrequest.questionFormulation.desiredActivity.activityText",0,1,"",""
"processrequest.questionFormulation.desiredActivity.activityCode","processrequest.questionFormulation.desiredActivity.activityCode","","","",0,1,"","","","Coding {[]} {[]}
","Åtgärd typ","Åtgärd enligt kodsystem: KVÅ (1.2.752.116.1.3.2.1.4, obligatoriskt att hantera) eller Snomed CT. Okänt kodverk ger APPLICATION_ERROR. RIV-TA: code.code/codeSystem.","","","","","","","","","",,,,,"",,,,"processrequest.questionFormulation.desiredActivity.activityCode",0,1,"",""
"processrequest.paymentCommitment","processrequest.paymentCommitment","","","",0,1,"","","","BackboneElement {[]} {[]}
","Betalningsförbindelse","Hur remissmottagande vårdgivare ersätts av remitterande vårdgivare; aktuellt vid regionsöverskridande remissflöde (Riksavtalet).","","","","","","","","","",,,,,"",,,,"processrequest.paymentCommitment",0,1,"","activity-request-commitmenttype-chapter:commitmentTypeChapter är obligatoriskt då commitmentType = 1 (schematron Verify paymentCommitment) {commitmentType.coding.where(code = '1').exists() implies commitmentTypeChapter.exists()}
ele-1:All FHIR elements must have a @value or children {hasValue() or (children().count() > id.count())}"
"processrequest.paymentCommitment.id","processrequest.paymentCommitment.id","","","",0,1,"","","","string {[]} {[]}
","Unique id for inter-element referencing","Unique id for the element within a resource (for internal references). This may be any string value that does not contain spaces.","","","","","","","","","",,,,,"",,,,"Element.id",0,1,"",""
"processrequest.paymentCommitment.extension","processrequest.paymentCommitment.extension","","extensions
user content","",0,*,"","","","Extension {[]} {[]}
","Additional content defined by implementations","May be used to represent additional information that is not part of the basic definition of the element. To make the use of extensions safe and manageable, there is a strict set of governance  applied to the definition and use of extensions. Though any implementer can define an extension, there is a set of requirements that SHALL be met as part of the definition of the extension.","There can be no stigma associated with the use of extensions by any application, project, or standard - regardless of the institution or jurisdiction that uses or defines the extensions.  The use of extensions is what allows the FHIR specification to retain a core level of simplicity for everyone.","","","","","","","","",,,,,"","value:url}
","Extensions are always sliced by (at least) url",,"open","Element.extension",0,*,"","ele-1:All FHIR elements must have a @value or children {hasValue() or (children().count() > id.count())}
ext-1:Must have either extensions or value[x], not both {extension.exists() != value.exists()}"
"processrequest.paymentCommitment.modifierExtension","processrequest.paymentCommitment.modifierExtension","","extensions
user contentmodifiers","",0,*,"","Y","Y","Extension {[]} {[]}
","Extensions that cannot be ignored even if unrecognized","May be used to represent additional information that is not part of the basic definition of the element and that modifies the understanding of the element in which it is contained and/or the understanding of the containing element's descendants. Usually modifier elements provide negation or qualification. To make the use of extensions safe and manageable, there is a strict set of governance applied to the definition and use of extensions. Though any implementer can define an extension, there is a set of requirements that SHALL be met as part of the definition of the extension. Applications processing a resource are required to check for modifier extensions.

Modifier extensions SHALL NOT change the meaning of any elements on Resource or DomainResource (including cannot change the meaning of modifierExtension itself).","There can be no stigma associated with the use of extensions by any application, project, or standard - regardless of the institution or jurisdiction that uses or defines the extensions.  The use of extensions is what allows the FHIR specification to retain a core level of simplicity for everyone.","Modifier extensions allow for extensions that *cannot* be safely ignored to be clearly distinguished from the vast majority of extensions which can be safely ignored.  This promotes interoperability by eliminating the need for implementers to prohibit the presence of extensions. For further information, see the [definition of modifier extensions](http://hl7.org/fhir/R4/extensibility.html#modifierExtension).","","","","","","","",,,,,"",,,,"BackboneElement.modifierExtension",0,*,"","ele-1:All FHIR elements must have a @value or children {hasValue() or (children().count() > id.count())}
ext-1:Must have either extensions or value[x], not both {extension.exists() != value.exists()}"
"processrequest.paymentCommitment.paymentCommitmentId","processrequest.paymentCommitment.paymentCommitmentId","","","",0,1,"","","","string {[]} {[]}
","Betalningsförbindelse id","Format requestId#betfor#löpnummer.","","","","","","","","","",,,,,"",,,,"processrequest.paymentCommitment.paymentCommitmentId",0,1,"",""
"processrequest.paymentCommitment.commitmentType","processrequest.paymentCommitment.commitmentType","","","",1,1,"","","","CodeableConcept {[]} {[]}
","Betalningsförbindelse-typ avtal","kv_betalningsförbindelsetyp avtal, codeSystem 1.2.752.129.2.2.2.44.","","","","","","","","","",,,,,"",,,,"processrequest.paymentCommitment.commitmentType",1,1,"",""
"processrequest.paymentCommitment.commitmentTypeChapter","processrequest.paymentCommitment.commitmentTypeChapter","","","",0,1,"","","","CodeableConcept {[]} {[]}
","Betalningsförbindelse-typ kapitel","Riksavtalets kapitel, codeSystem 1.2.752.129.5.1.37. Obligatoriskt då commitmentType = 1.","","","","","","","","","",,,,,"",,,,"processrequest.paymentCommitment.commitmentTypeChapter",0,1,"",""
"processrequest.paymentCommitment.validity","processrequest.paymentCommitment.validity","","","",1,1,"","","","Period {[]} {[]}
","Giltighetstid","ÅÅÅÅMMDD. Antingen start (low) eller slut (high) måste finnas.","","","","","","","","","",,,,,"",,,,"processrequest.paymentCommitment.validity",1,1,"",""
"processrequest.paymentCommitment.clinicalResponsibilityDescription","processrequest.paymentCommitment.clinicalResponsibilityDescription","","","",0,1,"","","","string {[]} {[]}
","Klinisk ansvarsbeskrivning","Maxlängd 8192 tecken.","","","","","","","","","",,,,,"",,,,"processrequest.paymentCommitment.clinicalResponsibilityDescription",0,1,"",""
"processrequest.paymentCommitment.administrativeResponsibilityDescription","processrequest.paymentCommitment.administrativeResponsibilityDescription","","","",0,1,"","","","string {[]} {[]}
","Administrativ ansvarsbeskrivning","Maxlängd 8192 tecken.","","","","","","","","","",,,,,"",,,,"processrequest.paymentCommitment.administrativeResponsibilityDescription",0,1,"",""
"processrequest.paymentCommitment.validOnlyForOutpatientCare","processrequest.paymentCommitment.validOnlyForOutpatientCare","","","",1,1,"","","","boolean {[]} {[]}
","Gäller endast öppenvård","true om betalningsförbindelsen enbart gäller öppenvård.","","","","","","","","","",,,,,"",,,,"processrequest.paymentCommitment.validOnlyForOutpatientCare",1,1,"",""
"processrequest.paymentCommitment.liableCountyCouncil","processrequest.paymentCommitment.liableCountyCouncil","","","",1,1,"","","","CodeableConcept {[]} {[]}
","Betalningsansvarig region","kv_län (SCB), codeSystem 1.2.752.129.2.2.1.18.","","","","","","","","","",,,,,"",,,,"processrequest.paymentCommitment.liableCountyCouncil",1,1,"",""
"processrequest.paymentCommitment.dateOfApproval","processrequest.paymentCommitment.dateOfApproval","","","",0,1,"","","","dateTime {[]} {[]}
","Datum för godkännande","ÅÅÅÅMMDDttmmss med minst precision ÅÅÅÅMMDD.","","","","","","","","","",,,,,"",,,,"processrequest.paymentCommitment.dateOfApproval",0,1,"",""
"processrequest.paymentCommitment.issuedInConsultationWith","processrequest.paymentCommitment.issuedInConsultationWith","","","",0,1,"","","","string {[]} {[]}
","Utfärdad i samråd med","Namn på ekonomisk beslutsfattare. Maxlängd 64 tecken.","","","","","","","","","",,,,,"",,,,"processrequest.paymentCommitment.issuedInConsultationWith",0,1,"",""
"processrequest.paymentCommitment.costCenter","processrequest.paymentCommitment.costCenter","","","",0,1,"","","","string {[]} {[]}
","Kostnadsställe","Remittentens kostnadsställe. Maxlängd 64 tecken.","","","","","","","","","",,,,,"",,,,"processrequest.paymentCommitment.costCenter",0,1,"",""
"processrequest.paymentCommitment.reimbursementInformation","processrequest.paymentCommitment.reimbursementInformation","","","",0,1,"","","","BackboneElement {[]} {[]}
","Ersättningsinformation","Obligatorisk vid remiss till privat vårdgivare.","","","","","","","","","",,,,,"",,,,"processrequest.paymentCommitment.reimbursementInformation",0,1,"","ele-1:All FHIR elements must have a @value or children {hasValue() or (children().count() > id.count())}
"
"processrequest.paymentCommitment.reimbursementInformation.id","processrequest.paymentCommitment.reimbursementInformation.id","","","",0,1,"","","","string {[]} {[]}
","Unique id for inter-element referencing","Unique id for the element within a resource (for internal references). This may be any string value that does not contain spaces.","","","","","","","","","",,,,,"",,,,"Element.id",0,1,"",""
"processrequest.paymentCommitment.reimbursementInformation.extension","processrequest.paymentCommitment.reimbursementInformation.extension","","extensions
user content","",0,*,"","","","Extension {[]} {[]}
","Additional content defined by implementations","May be used to represent additional information that is not part of the basic definition of the element. To make the use of extensions safe and manageable, there is a strict set of governance  applied to the definition and use of extensions. Though any implementer can define an extension, there is a set of requirements that SHALL be met as part of the definition of the extension.","There can be no stigma associated with the use of extensions by any application, project, or standard - regardless of the institution or jurisdiction that uses or defines the extensions.  The use of extensions is what allows the FHIR specification to retain a core level of simplicity for everyone.","","","","","","","","",,,,,"","value:url}
","Extensions are always sliced by (at least) url",,"open","Element.extension",0,*,"","ele-1:All FHIR elements must have a @value or children {hasValue() or (children().count() > id.count())}
ext-1:Must have either extensions or value[x], not both {extension.exists() != value.exists()}"
"processrequest.paymentCommitment.reimbursementInformation.modifierExtension","processrequest.paymentCommitment.reimbursementInformation.modifierExtension","","extensions
user contentmodifiers","",0,*,"","Y","Y","Extension {[]} {[]}
","Extensions that cannot be ignored even if unrecognized","May be used to represent additional information that is not part of the basic definition of the element and that modifies the understanding of the element in which it is contained and/or the understanding of the containing element's descendants. Usually modifier elements provide negation or qualification. To make the use of extensions safe and manageable, there is a strict set of governance applied to the definition and use of extensions. Though any implementer can define an extension, there is a set of requirements that SHALL be met as part of the definition of the extension. Applications processing a resource are required to check for modifier extensions.

Modifier extensions SHALL NOT change the meaning of any elements on Resource or DomainResource (including cannot change the meaning of modifierExtension itself).","There can be no stigma associated with the use of extensions by any application, project, or standard - regardless of the institution or jurisdiction that uses or defines the extensions.  The use of extensions is what allows the FHIR specification to retain a core level of simplicity for everyone.","Modifier extensions allow for extensions that *cannot* be safely ignored to be clearly distinguished from the vast majority of extensions which can be safely ignored.  This promotes interoperability by eliminating the need for implementers to prohibit the presence of extensions. For further information, see the [definition of modifier extensions](http://hl7.org/fhir/R4/extensibility.html#modifierExtension).","","","","","","","",,,,,"",,,,"BackboneElement.modifierExtension",0,*,"","ele-1:All FHIR elements must have a @value or children {hasValue() or (children().count() > id.count())}
ext-1:Must have either extensions or value[x], not both {extension.exists() != value.exists()}"
"processrequest.paymentCommitment.reimbursementInformation.reimbursementType","processrequest.paymentCommitment.reimbursementInformation.reimbursementType","","","",1,1,"","","","CodeableConcept {[]} {[]}
","Ersättningstyp","kv_betalningsförbindelse ersättningstyp, codeSystem 1.2.752.129.5.1.36.","","","","","","","","","",,,,,"",,,,"processrequest.paymentCommitment.reimbursementInformation.reimbursementType",1,1,"",""
"processrequest.paymentCommitment.reimbursementInformation.ownerOfInvokedContract","processrequest.paymentCommitment.reimbursementInformation.ownerOfInvokedContract","","","",1,1,"","","","CodeableConcept {[]} {[]}
","Ägare av åberopat kontrakt","Region enligt kv_län (SCB), codeSystem 1.2.752.129.2.2.1.18.","","","","","","","","","",,,,,"",,,,"processrequest.paymentCommitment.reimbursementInformation.ownerOfInvokedContract",1,1,"",""
"processrequest.paymentCommitment.approvedBy","processrequest.paymentCommitment.approvedBy","","","",0,1,"","","","BackboneElement {[]} {[]}
","Godkänns av","Person hos remittenten som godkänt betalningsförbindelsen.","","","","","","","","","",,,,,"",,,,"processrequest.paymentCommitment.approvedBy",0,1,"","ele-1:All FHIR elements must have a @value or children {hasValue() or (children().count() > id.count())}
"
"processrequest.paymentCommitment.approvedBy.id","processrequest.paymentCommitment.approvedBy.id","","","",0,1,"","","","string {[]} {[]}
","Unique id for inter-element referencing","Unique id for the element within a resource (for internal references). This may be any string value that does not contain spaces.","","","","","","","","","",,,,,"",,,,"Element.id",0,1,"",""
"processrequest.paymentCommitment.approvedBy.extension","processrequest.paymentCommitment.approvedBy.extension","","extensions
user content","",0,*,"","","","Extension {[]} {[]}
","Additional content defined by implementations","May be used to represent additional information that is not part of the basic definition of the element. To make the use of extensions safe and manageable, there is a strict set of governance  applied to the definition and use of extensions. Though any implementer can define an extension, there is a set of requirements that SHALL be met as part of the definition of the extension.","There can be no stigma associated with the use of extensions by any application, project, or standard - regardless of the institution or jurisdiction that uses or defines the extensions.  The use of extensions is what allows the FHIR specification to retain a core level of simplicity for everyone.","","","","","","","","",,,,,"","value:url}
","Extensions are always sliced by (at least) url",,"open","Element.extension",0,*,"","ele-1:All FHIR elements must have a @value or children {hasValue() or (children().count() > id.count())}
ext-1:Must have either extensions or value[x], not both {extension.exists() != value.exists()}"
"processrequest.paymentCommitment.approvedBy.modifierExtension","processrequest.paymentCommitment.approvedBy.modifierExtension","","extensions
user contentmodifiers","",0,*,"","Y","Y","Extension {[]} {[]}
","Extensions that cannot be ignored even if unrecognized","May be used to represent additional information that is not part of the basic definition of the element and that modifies the understanding of the element in which it is contained and/or the understanding of the containing element's descendants. Usually modifier elements provide negation or qualification. To make the use of extensions safe and manageable, there is a strict set of governance applied to the definition and use of extensions. Though any implementer can define an extension, there is a set of requirements that SHALL be met as part of the definition of the extension. Applications processing a resource are required to check for modifier extensions.

Modifier extensions SHALL NOT change the meaning of any elements on Resource or DomainResource (including cannot change the meaning of modifierExtension itself).","There can be no stigma associated with the use of extensions by any application, project, or standard - regardless of the institution or jurisdiction that uses or defines the extensions.  The use of extensions is what allows the FHIR specification to retain a core level of simplicity for everyone.","Modifier extensions allow for extensions that *cannot* be safely ignored to be clearly distinguished from the vast majority of extensions which can be safely ignored.  This promotes interoperability by eliminating the need for implementers to prohibit the presence of extensions. For further information, see the [definition of modifier extensions](http://hl7.org/fhir/R4/extensibility.html#modifierExtension).","","","","","","","",,,,,"",,,,"BackboneElement.modifierExtension",0,*,"","ele-1:All FHIR elements must have a @value or children {hasValue() or (children().count() > id.count())}
ext-1:Must have either extensions or value[x], not both {extension.exists() != value.exists()}"
"processrequest.paymentCommitment.approvedBy.healthcareProfessionalId","processrequest.paymentCommitment.approvedBy.healthcareProfessionalId","","","",0,1,"","","","Identifier {[]} {[]}
","Personal id","HSA-id för person. RIV-TA: approvedBy.id.","","","","","","","","","",,,,,"",,,,"processrequest.paymentCommitment.approvedBy.healthcareProfessionalId",0,1,"",""
"processrequest.paymentCommitment.approvedBy.healthcareProfessionalName","processrequest.paymentCommitment.approvedBy.healthcareProfessionalName","","","",1,1,"","","","string {[]} {[]}
","Personal namn","Maxlängd 64 tecken. RIV-TA: approvedBy.name.","","","","","","","","","",,,,,"",,,,"processrequest.paymentCommitment.approvedBy.healthcareProfessionalName",1,1,"",""
"processrequest.attachment","processrequest.attachment","","","",0,*,"","","","BackboneElement {[]} {[]}
","Bilaga","Bilaga (MultimediaType) i något av de tillåtna formaten. Totala meddelandestorleken får inte överstiga 10 MB.","","","","","","","","","",,,,,"",,,,"processrequest.attachment",0,*,"","ele-1:All FHIR elements must have a @value or children {hasValue() or (children().count() > id.count())}
"
"processrequest.attachment.id","processrequest.attachment.id","","","",0,1,"","","","string {[]} {[]}
","Unique id for inter-element referencing","Unique id for the element within a resource (for internal references). This may be any string value that does not contain spaces.","","","","","","","","","",,,,,"",,,,"Element.id",0,1,"",""
"processrequest.attachment.extension","processrequest.attachment.extension","","extensions
user content","",0,*,"","","","Extension {[]} {[]}
","Additional content defined by implementations","May be used to represent additional information that is not part of the basic definition of the element. To make the use of extensions safe and manageable, there is a strict set of governance  applied to the definition and use of extensions. Though any implementer can define an extension, there is a set of requirements that SHALL be met as part of the definition of the extension.","There can be no stigma associated with the use of extensions by any application, project, or standard - regardless of the institution or jurisdiction that uses or defines the extensions.  The use of extensions is what allows the FHIR specification to retain a core level of simplicity for everyone.","","","","","","","","",,,,,"","value:url}
","Extensions are always sliced by (at least) url",,"open","Element.extension",0,*,"","ele-1:All FHIR elements must have a @value or children {hasValue() or (children().count() > id.count())}
ext-1:Must have either extensions or value[x], not both {extension.exists() != value.exists()}"
"processrequest.attachment.modifierExtension","processrequest.attachment.modifierExtension","","extensions
user contentmodifiers","",0,*,"","Y","Y","Extension {[]} {[]}
","Extensions that cannot be ignored even if unrecognized","May be used to represent additional information that is not part of the basic definition of the element and that modifies the understanding of the element in which it is contained and/or the understanding of the containing element's descendants. Usually modifier elements provide negation or qualification. To make the use of extensions safe and manageable, there is a strict set of governance applied to the definition and use of extensions. Though any implementer can define an extension, there is a set of requirements that SHALL be met as part of the definition of the extension. Applications processing a resource are required to check for modifier extensions.

Modifier extensions SHALL NOT change the meaning of any elements on Resource or DomainResource (including cannot change the meaning of modifierExtension itself).","There can be no stigma associated with the use of extensions by any application, project, or standard - regardless of the institution or jurisdiction that uses or defines the extensions.  The use of extensions is what allows the FHIR specification to retain a core level of simplicity for everyone.","Modifier extensions allow for extensions that *cannot* be safely ignored to be clearly distinguished from the vast majority of extensions which can be safely ignored.  This promotes interoperability by eliminating the need for implementers to prohibit the presence of extensions. For further information, see the [definition of modifier extensions](http://hl7.org/fhir/R4/extensibility.html#modifierExtension).","","","","","","","",,,,,"",,,,"BackboneElement.modifierExtension",0,*,"","ele-1:All FHIR elements must have a @value or children {hasValue() or (children().count() > id.count())}
ext-1:Must have either extensions or value[x], not both {extension.exists() != value.exists()}"
"processrequest.attachment.attachmentId","processrequest.attachment.attachmentId","","","",0,1,"","","","string {[]} {[]}
","Bilaga id","Identitet på bilagan, format requestId#löpnummer. Obligatoriskt för inbäddade bilagor. Maxlängd 256 tecken. RIV-TA: attachment.id.","","","","","","","","","",,,,,"",,,,"processrequest.attachment.attachmentId",0,1,"",""
"processrequest.attachment.mediaType","processrequest.attachment.mediaType","","","",1,1,"","","","CodeableConcept {[]} {[]}
","Multimediatyp","Filformat enligt urval_mediatyper_elektronisk_remiss (codeSystem 1.2.752.129.5.1.59): pdf, jpeg, png, html, txt, gif, bmp.","","","","","","","","","",,,,,"",,,,"processrequest.attachment.mediaType",1,1,"",""
"processrequest.attachment.attachmentValue","processrequest.attachment.attachmentValue","","","",0,1,"","","","base64Binary {[]} {[]}
","Binärdata","Inbäddad bilaga kodad enligt base64. Obligatoriskt när referens inte används. RIV-TA: attachment.value.","","","","","","","","","",,,,,"",,,,"processrequest.attachment.attachmentValue",0,1,"",""
"processrequest.attachment.reference","processrequest.attachment.reference","","","",0,0,"","","","uri {[]} {[]}
","Referens","URL för refererad bilaga. Används inte i denna version.","","","","","","","","","",,,,,"",,,,"processrequest.attachment.reference",0,0,"",""
"processrequest.attachment.description","processrequest.attachment.description","","","",0,1,"","","","string {[]} {[]}
","Beskrivning","Beskrivning av bilaga. Maxlängd 256 tecken.","","","","","","","","","",,,,,"",,,,"processrequest.attachment.description",0,1,"",""
"processrequest.careProcessId","processrequest.careProcessId","","","",0,1,"","","","string {[]} {[]}
","Vårdprocess id","Identifierar den individanpassade vårdprocess som remissen är en del av.","","","","","","","","","",,,,,"",,,,"processrequest.careProcessId",0,1,"",""
