"Profile","Id","Path","Slice Name","Alias(s)","Label","Min","Max","Must Support?","Is Modifier?","Is Summary?","Type(s)","Short","Definition","Comments","Requirements","Default Value","Meaning When Missing","Fixed Value","Pattern","Example","Minimum Value","Maximum Value","Maximum Length","Binding Strength","Binding Description","Binding Value Set","Code","Slicing Discriminator","Slicing Description","Slicing Ordered","Slicing Rules","Base Path","Base Min","Base Max","Condition(s)","Constraint(s)"
"getalertinformation-request","getalertinformation-request","getalertinformation-request","","","",0,*,"","","","null {[]} {[]}
","GetAlertInformation — Request","Logisk modell för begäran i tjänstekontraktet GetAlertInformation version 2.0 (RIV-TA urn:riv:clinicalprocess:healthcond:description:GetAlertInformationResponder:2), enligt fältreglerna i TKB clinicalprocess:healthcond:description 2.1.18.","","","","","","","","","",,,,,"",,,,"Base",0,*,"","getalertinformation-request-carecontact-requires-sourcesystem:sourceSystemHSAId ska anges om careContactId angivits (TKB, fältregler för begäran). {careContactId.exists() implies sourceSystemHSAId.exists()}
"
"getalertinformation-request","getalertinformation-request.careUnitHSAId","getalertinformation-request.careUnitHSAId","","","",0,*,"","","","Identifier {[]} {[]}
","Filtrering på vårdenhet vilket motsvarar careUnitHSAId i HealthcareProfessionalType","Filtrering på vårdenhet vilket motsvarar careUnitHSAId i HealthcareProfessionalType. TKB-typ: HSAIdType. Kardinalitet: 0..*.","","","","","","","","","",,,,,"",,,,"getalertinformation-request.careUnitHSAId",0,*,"",""
"getalertinformation-request","getalertinformation-request.patientId","getalertinformation-request.patientId","","","",1,1,"","","","Identifier {[]} {[]}
","Id för patienten där fältet id sätts till patientens identifierare","Id för patienten där fältet id sätts till patientens identifierare. Anges med 12 tecken utan avskiljare. / Fältet type sätts till OID för typ av identifierare. / 1) För personnummer ska Skatteverkets OID för personnummer (1.2.752.129.2.1.3.1) användas, [R14]. / 2) För samordningsnummer ska Skatteverkets OID för samordningsnummer (1.2.752.129.2.1.3.3) användas, [R14]. / 3) Tjänsteproducenter ska även stödja sökning på reservnummer med hjälp av att ange lokalt definierade OID’ar för reservnummer, exempelvis SLL reservnummer (1.2.752.97.3.1.3), [R14]. / OBS reservnummer kan ej användas tillsammans med EI och aggregerande tjänster då dessa komponenter idag inte är anpassade för att stödja typ av id, inga uppdateringar till EI ska göras av en tjänsteproducent för reservnummer. / En tjänstekonsument som vill begära mha reservnummer måste därmed använda sig av systemadressering och ha vetskap om vilken reservnummer-OID som gäller vid anrop mot en specifik tjänsteproducent. TKB-typ: PersonIdType. Kardinalitet: 1..1.","","","","","","","","","",,,,,"",,,,"getalertinformation-request.patientId",1,1,"",""
"getalertinformation-request","getalertinformation-request.timePeriod","getalertinformation-request.timePeriod","","","",0,1,"","","","Period {[]} {[]}
","Begränsar sökningen till det angivna intervallet","Begränsar sökningen till det angivna intervallet. Begränsningen innebär att endast poster returneras där datumintervallet, som startar vid validityTimePeriod.start och slutar vid obsoleteTime eller validityTimePeriod.end om någon av dessa är satta, annars tills vidare, helt eller delvis överlappar med det angivna sökintervallet, dvs. / det bildade intervallets startdatum ligger inom sökintervallets start- och slutdatum / det bildade intervallets slutdatum ligger inom sökintervallets start- och slutdatum / det bildade intervallets startdatum ligger före sökintervallets startdatum och slutdatum ligger efter sökintervallets slutdatum / Notera att sökintervallet beskrivs som ett datumintervall. Vid jämförelse konverteras datapostens tidpunkter till datum. TKB-typ: DatePeriodType. Kardinalitet: 0..1. Underelement i DatePeriodType: start (string, 1..1): Startdatum. Format ÅÅÅÅMMDD. | end (string, 1..1): Slutdatum. Format ÅÅÅÅMMDD.","","","","","","","","","",,,,,"",,,,"getalertinformation-request.timePeriod",0,1,"","ele-1:All FHIR elements must have a @value or children {hasValue() or (children().count() > id.count())}
per-1:If present, start SHALL have a lower value than end {start.hasValue().not() or end.hasValue().not() or (start <= end)}"
"getalertinformation-request","getalertinformation-request.timePeriod.id","getalertinformation-request.timePeriod.id","","","",0,1,"","","","string {[]} {[]}
","Unique id for inter-element referencing","Unique id for the element within a resource (for internal references). This may be any string value that does not contain spaces.","","","","","","","","","",,,,,"",,,,"Element.id",0,1,"",""
"getalertinformation-request","getalertinformation-request.timePeriod.extension","getalertinformation-request.timePeriod.extension","","extensions
user content","",0,*,"","","","Extension {[]} {[]}
","Additional content defined by implementations","May be used to represent additional information that is not part of the basic definition of the element. To make the use of extensions safe and manageable, there is a strict set of governance  applied to the definition and use of extensions. Though any implementer can define an extension, there is a set of requirements that SHALL be met as part of the definition of the extension.","There can be no stigma associated with the use of extensions by any application, project, or standard - regardless of the institution or jurisdiction that uses or defines the extensions.  The use of extensions is what allows the FHIR specification to retain a core level of simplicity for everyone.","","","","","","","","",,,,,"","value:url}
","Extensions are always sliced by (at least) url",,"open","Element.extension",0,*,"","ele-1:All FHIR elements must have a @value or children {hasValue() or (children().count() > id.count())}
ext-1:Must have either extensions or value[x], not both {extension.exists() != value.exists()}"
"getalertinformation-request","getalertinformation-request.timePeriod.start","getalertinformation-request.timePeriod.start","","","",1,1,"","","Y","dateTime {[]} {[]}
","Starting time with inclusive boundary","The start of the period. The boundary is inclusive.","If the low element is missing, the meaning is that the low boundary is not known.","","","","","","","","",,,,,"",,,,"Period.start",0,1,"per-1
","ele-1:All FHIR elements must have a @value or children {hasValue() or (children().count() > id.count())}
"
"getalertinformation-request","getalertinformation-request.timePeriod.end","getalertinformation-request.timePeriod.end","","","",1,1,"","","Y","dateTime {[]} {[]}
","End time with inclusive boundary, if not ongoing","The end of the period. If the end of the period is missing, it means no end was known or planned at the time the instance was created. The start may be in the past, and the end date in the future, which means that period is expected/planned to end at that time.","The high value includes any matching date/time. i.e. 2012-02-03T10:00:00 is in a period that has an end value of 2012-02-03.","","","If the end of the period is missing, it means that the period is ongoing","","","","","",,,,,"",,,,"Period.end",0,1,"per-1
","ele-1:All FHIR elements must have a @value or children {hasValue() or (children().count() > id.count())}
"
"getalertinformation-request","getalertinformation-request.sourceSystemHSAId","getalertinformation-request.sourceSystemHSAId","","","",0,1,"","","","Identifier {[]} {[]}
","Begränsar sökningen till aktivitet som är skapad i det angivna källsystemet","Begränsar sökningen till aktivitet som är skapad i det angivna källsystemet. Tjänsteproducenten förväntas enbart returnera poster som tillhör efterfrågat källsystem. / Värdet på detta fält måste överensstämma med värdet på logicalAddress i anropets tekniska kuvertering (ex. SOAP-header). / Det innebär i praktiken att aggregerande tjänster inte används när detta fält anges. / Ska anges om careContactId angivits. / Ska anges vid begäran på reservnummer. / Om sourceSystemHSAId och logicalAddress är olika ska ett svar endast innehålla en resultType med result.resultCode satt till ERROR samt result.errorCode satt till INVALID_REQUEST / Om careContactId är satt och sourceSystemHSAId är tomt ska ett svar endast innehålla en resultType med  result.resultCode satt till ERROR samt result.errorCode satt till INVALID_REQUEST. TKB-typ: HSAIdType. Kardinalitet: 0..1.","","","","","","","","","",,,,,"",,,,"getalertinformation-request.sourceSystemHSAId",0,1,"",""
"getalertinformation-request","getalertinformation-request.careContactId","getalertinformation-request.careContactId","","","",0,*,"","","","string {[]} {[]}
","Begränsar sökningen till den uppmärksamhetsinformation som dokumenterades vid hälso- och sjukvårds kontakt","Begränsar sökningen till den uppmärksamhetsinformation som dokumenterades vid hälso- och sjukvårds kontakt. TKB-typ: string. Kardinalitet: 0..*.","","","","","","","","","",,,,,"",,,,"getalertinformation-request.careContactId",0,*,"",""
"getalertinformation","getalertinformation","getalertinformation","","","",0,*,"","","","null {[]} {[]}
","GetAlertInformation","Logisk modell för svaret i tjänstekontraktet GetAlertInformation version 2.0 (RIV-TA urn:riv:clinicalprocess:healthcond:description:GetAlertInformationResponder:2), enligt fältreglerna i TKB clinicalprocess:healthcond:description 2.1.18. Representerar svarets informationsstruktur: uppmärksamhetsinformation för en patient samt resultat.","","","","","","","","","",,,,,"",,,,"Base",0,*,"",""
"getalertinformation","getalertinformation.alertInformation","getalertinformation.alertInformation","","","",0,*,"","","","BackboneElement {[]} {[]}
","De diagnoser som matchar begäran","De diagnoser som matchar begäran. TKB-typ: AlertInformationType. Kardinalitet: 0..*.","","","","","","","","","",,,,,"",,,,"getalertinformation.alertInformation",0,*,"","ele-1:All FHIR elements must have a @value or children {hasValue() or (children().count() > id.count())}
"
"getalertinformation","getalertinformation.alertInformation.id","getalertinformation.alertInformation.id","","","",0,1,"","","","string {[]} {[]}
","Unique id for inter-element referencing","Unique id for the element within a resource (for internal references). This may be any string value that does not contain spaces.","","","","","","","","","",,,,,"",,,,"Element.id",0,1,"",""
"getalertinformation","getalertinformation.alertInformation.extension","getalertinformation.alertInformation.extension","","extensions
user content","",0,*,"","","","Extension {[]} {[]}
","Additional content defined by implementations","May be used to represent additional information that is not part of the basic definition of the element. To make the use of extensions safe and manageable, there is a strict set of governance  applied to the definition and use of extensions. Though any implementer can define an extension, there is a set of requirements that SHALL be met as part of the definition of the extension.","There can be no stigma associated with the use of extensions by any application, project, or standard - regardless of the institution or jurisdiction that uses or defines the extensions.  The use of extensions is what allows the FHIR specification to retain a core level of simplicity for everyone.","","","","","","","","",,,,,"","value:url}
","Extensions are always sliced by (at least) url",,"open","Element.extension",0,*,"","ele-1:All FHIR elements must have a @value or children {hasValue() or (children().count() > id.count())}
ext-1:Must have either extensions or value[x], not both {extension.exists() != value.exists()}"
"getalertinformation","getalertinformation.alertInformation.modifierExtension","getalertinformation.alertInformation.modifierExtension","","extensions
user contentmodifiers","",0,*,"","Y","Y","Extension {[]} {[]}
","Extensions that cannot be ignored even if unrecognized","May be used to represent additional information that is not part of the basic definition of the element and that modifies the understanding of the element in which it is contained and/or the understanding of the containing element's descendants. Usually modifier elements provide negation or qualification. To make the use of extensions safe and manageable, there is a strict set of governance applied to the definition and use of extensions. Though any implementer can define an extension, there is a set of requirements that SHALL be met as part of the definition of the extension. Applications processing a resource are required to check for modifier extensions.

Modifier extensions SHALL NOT change the meaning of any elements on Resource or DomainResource (including cannot change the meaning of modifierExtension itself).","There can be no stigma associated with the use of extensions by any application, project, or standard - regardless of the institution or jurisdiction that uses or defines the extensions.  The use of extensions is what allows the FHIR specification to retain a core level of simplicity for everyone.","Modifier extensions allow for extensions that *cannot* be safely ignored to be clearly distinguished from the vast majority of extensions which can be safely ignored.  This promotes interoperability by eliminating the need for implementers to prohibit the presence of extensions. For further information, see the [definition of modifier extensions](http://hl7.org/fhir/R4/extensibility.html#modifierExtension).","","","","","","","",,,,,"",,,,"BackboneElement.modifierExtension",0,*,"","ele-1:All FHIR elements must have a @value or children {hasValue() or (children().count() > id.count())}
ext-1:Must have either extensions or value[x], not both {extension.exists() != value.exists()}"
"getalertinformation","getalertinformation.alertInformation.alertInformationHeader","getalertinformation.alertInformation.alertInformationHeader","","","",1,1,"","","","BackboneElement {[]} {[]}
","Innehåller basinformation om dokumentet","Innehåller basinformation om dokumentet. TKB-typ: PatientSummaryHeaderType. Kardinalitet: 1..1.","","","","","","","","","",,,,,"",,,,"getalertinformation.alertInformation.alertInformationHeader",1,1,"","ele-1:All FHIR elements must have a @value or children {hasValue() or (children().count() > id.count())}
"
"getalertinformation","getalertinformation.alertInformation.alertInformationHeader.id","getalertinformation.alertInformation.alertInformationHeader.id","","","",0,1,"","","","string {[]} {[]}
","Unique id for inter-element referencing","Unique id for the element within a resource (for internal references). This may be any string value that does not contain spaces.","","","","","","","","","",,,,,"",,,,"Element.id",0,1,"",""
"getalertinformation","getalertinformation.alertInformation.alertInformationHeader.extension","getalertinformation.alertInformation.alertInformationHeader.extension","","extensions
user content","",0,*,"","","","Extension {[]} {[]}
","Additional content defined by implementations","May be used to represent additional information that is not part of the basic definition of the element. To make the use of extensions safe and manageable, there is a strict set of governance  applied to the definition and use of extensions. Though any implementer can define an extension, there is a set of requirements that SHALL be met as part of the definition of the extension.","There can be no stigma associated with the use of extensions by any application, project, or standard - regardless of the institution or jurisdiction that uses or defines the extensions.  The use of extensions is what allows the FHIR specification to retain a core level of simplicity for everyone.","","","","","","","","",,,,,"","value:url}
","Extensions are always sliced by (at least) url",,"open","Element.extension",0,*,"","ele-1:All FHIR elements must have a @value or children {hasValue() or (children().count() > id.count())}
ext-1:Must have either extensions or value[x], not both {extension.exists() != value.exists()}"
"getalertinformation","getalertinformation.alertInformation.alertInformationHeader.modifierExtension","getalertinformation.alertInformation.alertInformationHeader.modifierExtension","","extensions
user contentmodifiers","",0,*,"","Y","Y","Extension {[]} {[]}
","Extensions that cannot be ignored even if unrecognized","May be used to represent additional information that is not part of the basic definition of the element and that modifies the understanding of the element in which it is contained and/or the understanding of the containing element's descendants. Usually modifier elements provide negation or qualification. To make the use of extensions safe and manageable, there is a strict set of governance applied to the definition and use of extensions. Though any implementer can define an extension, there is a set of requirements that SHALL be met as part of the definition of the extension. Applications processing a resource are required to check for modifier extensions.

Modifier extensions SHALL NOT change the meaning of any elements on Resource or DomainResource (including cannot change the meaning of modifierExtension itself).","There can be no stigma associated with the use of extensions by any application, project, or standard - regardless of the institution or jurisdiction that uses or defines the extensions.  The use of extensions is what allows the FHIR specification to retain a core level of simplicity for everyone.","Modifier extensions allow for extensions that *cannot* be safely ignored to be clearly distinguished from the vast majority of extensions which can be safely ignored.  This promotes interoperability by eliminating the need for implementers to prohibit the presence of extensions. For further information, see the [definition of modifier extensions](http://hl7.org/fhir/R4/extensibility.html#modifierExtension).","","","","","","","",,,,,"",,,,"BackboneElement.modifierExtension",0,*,"","ele-1:All FHIR elements must have a @value or children {hasValue() or (children().count() > id.count())}
ext-1:Must have either extensions or value[x], not both {extension.exists() != value.exists()}"
"getalertinformation","getalertinformation.alertInformation.alertInformationHeader.documentId","getalertinformation.alertInformation.alertInformationHeader.documentId","","","",1,1,"","","","string {[]} {[]}
","Dokumentets identitet som är unik inom källsystemet","Dokumentets identitet som är unik inom källsystemet. / Identifieraren ska vara konsistent och beständigt mellan olika majorversioner av ett kontrakt. Ett exempel på detta är att en vårdkontakt ska ha samma identifierare i majorversion 3 och 4 av ett tjänstekontrakt för att läsa vårdkontakter. / Identifieraren ska vara konsistent och beständigt mellan olika kontrakt. Ett exempel på detta är att samma remiss-identitet ska användas i ett tjänstekontrakt för att läsa remisser, samt tjänstekontraktet som läser remissvar som refererar till den ursprungliga remissen. TKB-typ: string. Kardinalitet: 1..1.","","","","","","","","","",,,,,"",,,,"getalertinformation.alertInformation.alertInformationHeader.documentId",1,1,"",""
"getalertinformation","getalertinformation.alertInformation.alertInformationHeader.sourceSystemHSAId","getalertinformation.alertInformation.alertInformationHeader.sourceSystemHSAId","","","",1,1,"","","","Identifier {[]} {[]}
","HSA-id för det system som dokumentet är skapat i","HSA-id för det system som dokumentet är skapat i. TKB-typ: HSAIdType. Kardinalitet: 1..1.","","","","","","","","","",,,,,"",,,,"getalertinformation.alertInformation.alertInformationHeader.sourceSystemHSAId",1,1,"",""
"getalertinformation","getalertinformation.alertInformation.alertInformationHeader.documentTitle","getalertinformation.alertInformation.alertInformationHeader.documentTitle","","","",0,0,"","","","string {[]} {[]}
","documentTitle","Används ej. TKB-typ: -. Kardinalitet: 0..0.","","","","","","","","","",,,,,"",,,,"getalertinformation.alertInformation.alertInformationHeader.documentTitle",0,0,"",""
"getalertinformation","getalertinformation.alertInformation.alertInformationHeader.documentTime","getalertinformation.alertInformation.alertInformationHeader.documentTime","","","",0,0,"","","","dateTime {[]} {[]}
","documentTime","Används ej. TKB-typ: -. Kardinalitet: 0..0.","","","","","","","","","",,,,,"",,,,"getalertinformation.alertInformation.alertInformationHeader.documentTime",0,0,"",""
"getalertinformation","getalertinformation.alertInformation.alertInformationHeader.patientId","getalertinformation.alertInformation.alertInformationHeader.patientId","","","",1,1,"","","","Identifier {[]} {[]}
","Identifierare för patient","Identifierare för patient. TKB-typ: PersonIdType. Kardinalitet: 1..1. Underelement i PersonIdType: id (string, 1..1): Sätts till patientens identifierare. Anges med 12 tecken utan avskiljare. | type (string, 1..1): Sätts till OID för typ av identifierare. / För personnummer ska Skatteverkets personnummer (1.2.752.129.2.1.3.1), [R14]. / För samordningsnummer ska Skatteverkets samordningsnummer (1.2.752.129.2.1.3.3), [R14]. / För reservnummer används lokalt definierade reservnummet, exempelvis SLL reservnummer (1.2.752.97.3.1.3), [R14].","","","","","","","","","",,,,,"",,,,"getalertinformation.alertInformation.alertInformationHeader.patientId",1,1,"",""
"getalertinformation","getalertinformation.alertInformation.alertInformationHeader.accountableHealthcareProfessional","getalertinformation.alertInformation.alertInformationHeader.accountableHealthcareProfessional","","","",1,1,"","","","BackboneElement {[]} {[]}
","Information om den hälso- och sjukvårdsperson som verifierat informationen i dokumentet","Information om den hälso- och sjukvårdsperson som verifierat informationen i dokumentet. TKB-typ: HealthcareProfessionalType. Kardinalitet: 1..1.","","","","","","","","","",,,,,"",,,,"getalertinformation.alertInformation.alertInformationHeader.accountableHealthcareProfessional",1,1,"","ele-1:All FHIR elements must have a @value or children {hasValue() or (children().count() > id.count())}
"
"getalertinformation","getalertinformation.alertInformation.alertInformationHeader.accountableHealthcareProfessional.id","getalertinformation.alertInformation.alertInformationHeader.accountableHealthcareProfessional.id","","","",0,1,"","","","string {[]} {[]}
","Unique id for inter-element referencing","Unique id for the element within a resource (for internal references). This may be any string value that does not contain spaces.","","","","","","","","","",,,,,"",,,,"Element.id",0,1,"",""
"getalertinformation","getalertinformation.alertInformation.alertInformationHeader.accountableHealthcareProfessional.extension","getalertinformation.alertInformation.alertInformationHeader.accountableHealthcareProfessional.extension","","extensions
user content","",0,*,"","","","Extension {[]} {[]}
","Additional content defined by implementations","May be used to represent additional information that is not part of the basic definition of the element. To make the use of extensions safe and manageable, there is a strict set of governance  applied to the definition and use of extensions. Though any implementer can define an extension, there is a set of requirements that SHALL be met as part of the definition of the extension.","There can be no stigma associated with the use of extensions by any application, project, or standard - regardless of the institution or jurisdiction that uses or defines the extensions.  The use of extensions is what allows the FHIR specification to retain a core level of simplicity for everyone.","","","","","","","","",,,,,"","value:url}
","Extensions are always sliced by (at least) url",,"open","Element.extension",0,*,"","ele-1:All FHIR elements must have a @value or children {hasValue() or (children().count() > id.count())}
ext-1:Must have either extensions or value[x], not both {extension.exists() != value.exists()}"
"getalertinformation","getalertinformation.alertInformation.alertInformationHeader.accountableHealthcareProfessional.modifierExtension","getalertinformation.alertInformation.alertInformationHeader.accountableHealthcareProfessional.modifierExtension","","extensions
user contentmodifiers","",0,*,"","Y","Y","Extension {[]} {[]}
","Extensions that cannot be ignored even if unrecognized","May be used to represent additional information that is not part of the basic definition of the element and that modifies the understanding of the element in which it is contained and/or the understanding of the containing element's descendants. Usually modifier elements provide negation or qualification. To make the use of extensions safe and manageable, there is a strict set of governance applied to the definition and use of extensions. Though any implementer can define an extension, there is a set of requirements that SHALL be met as part of the definition of the extension. Applications processing a resource are required to check for modifier extensions.

Modifier extensions SHALL NOT change the meaning of any elements on Resource or DomainResource (including cannot change the meaning of modifierExtension itself).","There can be no stigma associated with the use of extensions by any application, project, or standard - regardless of the institution or jurisdiction that uses or defines the extensions.  The use of extensions is what allows the FHIR specification to retain a core level of simplicity for everyone.","Modifier extensions allow for extensions that *cannot* be safely ignored to be clearly distinguished from the vast majority of extensions which can be safely ignored.  This promotes interoperability by eliminating the need for implementers to prohibit the presence of extensions. For further information, see the [definition of modifier extensions](http://hl7.org/fhir/R4/extensibility.html#modifierExtension).","","","","","","","",,,,,"",,,,"BackboneElement.modifierExtension",0,*,"","ele-1:All FHIR elements must have a @value or children {hasValue() or (children().count() > id.count())}
ext-1:Must have either extensions or value[x], not both {extension.exists() != value.exists()}"
"getalertinformation","getalertinformation.alertInformation.alertInformationHeader.accountableHealthcareProfessional.authorTime","getalertinformation.alertInformation.alertInformationHeader.accountableHealthcareProfessional.authorTime","","","",1,1,"","","","dateTime {[]} {[]}
","Tidpunkt då informationen registrerades","Tidpunkt då informationen registrerades. TKB-typ: TimeStampType. Kardinalitet: 1..1.","","","","","","","","","",,,,,"",,,,"getalertinformation.alertInformation.alertInformationHeader.accountableHealthcareProfessional.authorTime",1,1,"",""
"getalertinformation","getalertinformation.alertInformation.alertInformationHeader.accountableHealthcareProfessional.healthcareProfessionalHSAId","getalertinformation.alertInformation.alertInformationHeader.accountableHealthcareProfessional.healthcareProfessionalHSAId","","","",0,1,"","","","Identifier {[]} {[]}
","hälso- och sjukvårdspersonalens HSA-id","hälso- och sjukvårdspersonalens HSA-id. TKB-typ: HSAIdType. Kardinalitet: 0..1.","","","","","","","","","",,,,,"",,,,"getalertinformation.alertInformation.alertInformationHeader.accountableHealthcareProfessional.healthcareProfessionalHSAId",0,1,"",""
"getalertinformation","getalertinformation.alertInformation.alertInformationHeader.accountableHealthcareProfessional.healthcareProfessionalName","getalertinformation.alertInformation.alertInformationHeader.accountableHealthcareProfessional.healthcareProfessionalName","","","",0,1,"","","","string {[]} {[]}
","Namn på hälso- och sjukvårdspersonal","Namn på hälso- och sjukvårdspersonal. Om tillgängligt ska detta anges. TKB-typ: string. Kardinalitet: 0..1.","","","","","","","","","",,,,,"",,,,"getalertinformation.alertInformation.alertInformationHeader.accountableHealthcareProfessional.healthcareProfessionalName",0,1,"",""
"getalertinformation","getalertinformation.alertInformation.alertInformationHeader.accountableHealthcareProfessional.healthcareProfessionalRoleCode","getalertinformation.alertInformation.alertInformationHeader.accountableHealthcareProfessional.healthcareProfessionalRoleCode","","","",0,1,"","","","CodeableConcept {[]} {[]}
","Information om personens befattning","Information om personens befattning. Om möjligt ska kodverket Befattning (OID 1.2.752.129.2.2.1.4) användas, [R13]. TKB-typ: CVType. Kardinalitet: 0..1. Underelement i CVType: code (string, 0..1): Befattningskod. Om code anges ska också codeSystem samt displayName anges. | codeSystem (string, 0..1): Kodsystem för befattningskod. Om codeSystem anges ska också code samt displayName anges. | codeSystemName (string, 0..1): Namn på kodsystem för befattningskod. | codeSystemVersion (string, 0..1): Version på kodsystem för befattningskod. | displayName (string, 0..1): Befattningskoden i klartext. Om separat displayName inte finns i producerande system ska samma värde som i code anges. | originalText (string, 0..1): Om befattning är beskriven i ett lokalt kodverk utan OID, eller när kod helt saknas, kan en beskrivande text anges i originalText. / Om originalText anges ska inget annat värde i healthcareProfessionalRoleCode anges.","","","","","","","","","",,,,,"",,,,"getalertinformation.alertInformation.alertInformationHeader.accountableHealthcareProfessional.healthcareProfessionalRoleCode",0,1,"",""
"getalertinformation","getalertinformation.alertInformation.alertInformationHeader.accountableHealthcareProfessional.healthcareProfessionalOrgUnit","getalertinformation.alertInformation.alertInformationHeader.accountableHealthcareProfessional.healthcareProfessionalOrgUnit","","","",0,1,"","","","BackboneElement {[]} {[]}
","Den organisation som hälso- och sjukvårdspersonalen är uppdragstagare på","Den organisation som hälso- och sjukvårdspersonalen är uppdragstagare på. I de fall då HSA-id inte finns tillgängligt i systemet ska lokalt id anges (unikt inom källsystemet). TKB-typ: OrgUnitType. Kardinalitet: 0..1.","","","","","","","","","",,,,,"",,,,"getalertinformation.alertInformation.alertInformationHeader.accountableHealthcareProfessional.healthcareProfessionalOrgUnit",0,1,"","ele-1:All FHIR elements must have a @value or children {hasValue() or (children().count() > id.count())}
"
"getalertinformation","getalertinformation.alertInformation.alertInformationHeader.accountableHealthcareProfessional.healthcareProfessionalOrgUnit.id","getalertinformation.alertInformation.alertInformationHeader.accountableHealthcareProfessional.healthcareProfessionalOrgUnit.id","","","",0,1,"","","","string {[]} {[]}
","Unique id for inter-element referencing","Unique id for the element within a resource (for internal references). This may be any string value that does not contain spaces.","","","","","","","","","",,,,,"",,,,"Element.id",0,1,"",""
"getalertinformation","getalertinformation.alertInformation.alertInformationHeader.accountableHealthcareProfessional.healthcareProfessionalOrgUnit.extension","getalertinformation.alertInformation.alertInformationHeader.accountableHealthcareProfessional.healthcareProfessionalOrgUnit.extension","","extensions
user content","",0,*,"","","","Extension {[]} {[]}
","Additional content defined by implementations","May be used to represent additional information that is not part of the basic definition of the element. To make the use of extensions safe and manageable, there is a strict set of governance  applied to the definition and use of extensions. Though any implementer can define an extension, there is a set of requirements that SHALL be met as part of the definition of the extension.","There can be no stigma associated with the use of extensions by any application, project, or standard - regardless of the institution or jurisdiction that uses or defines the extensions.  The use of extensions is what allows the FHIR specification to retain a core level of simplicity for everyone.","","","","","","","","",,,,,"","value:url}
","Extensions are always sliced by (at least) url",,"open","Element.extension",0,*,"","ele-1:All FHIR elements must have a @value or children {hasValue() or (children().count() > id.count())}
ext-1:Must have either extensions or value[x], not both {extension.exists() != value.exists()}"
"getalertinformation","getalertinformation.alertInformation.alertInformationHeader.accountableHealthcareProfessional.healthcareProfessionalOrgUnit.modifierExtension","getalertinformation.alertInformation.alertInformationHeader.accountableHealthcareProfessional.healthcareProfessionalOrgUnit.modifierExtension","","extensions
user contentmodifiers","",0,*,"","Y","Y","Extension {[]} {[]}
","Extensions that cannot be ignored even if unrecognized","May be used to represent additional information that is not part of the basic definition of the element and that modifies the understanding of the element in which it is contained and/or the understanding of the containing element's descendants. Usually modifier elements provide negation or qualification. To make the use of extensions safe and manageable, there is a strict set of governance applied to the definition and use of extensions. Though any implementer can define an extension, there is a set of requirements that SHALL be met as part of the definition of the extension. Applications processing a resource are required to check for modifier extensions.

Modifier extensions SHALL NOT change the meaning of any elements on Resource or DomainResource (including cannot change the meaning of modifierExtension itself).","There can be no stigma associated with the use of extensions by any application, project, or standard - regardless of the institution or jurisdiction that uses or defines the extensions.  The use of extensions is what allows the FHIR specification to retain a core level of simplicity for everyone.","Modifier extensions allow for extensions that *cannot* be safely ignored to be clearly distinguished from the vast majority of extensions which can be safely ignored.  This promotes interoperability by eliminating the need for implementers to prohibit the presence of extensions. For further information, see the [definition of modifier extensions](http://hl7.org/fhir/R4/extensibility.html#modifierExtension).","","","","","","","",,,,,"",,,,"BackboneElement.modifierExtension",0,*,"","ele-1:All FHIR elements must have a @value or children {hasValue() or (children().count() > id.count())}
ext-1:Must have either extensions or value[x], not both {extension.exists() != value.exists()}"
"getalertinformation","getalertinformation.alertInformation.alertInformationHeader.accountableHealthcareProfessional.healthcareProfessionalOrgUnit.orgUnitHSAId","getalertinformation.alertInformation.alertInformationHeader.accountableHealthcareProfessional.healthcareProfessionalOrgUnit.orgUnitHSAId","","","",1,1,"","","","Identifier {[]} {[]}
","HSA-id för organisationsenhet","HSA-id för organisationsenhet. I de fall då HSA-id inte finns tillgängligt i systemet ska lokalt id anges (unikt inom källsystemet). TKB-typ: HSAIdType. Kardinalitet: 1..1.","","","","","","","","","",,,,,"",,,,"getalertinformation.alertInformation.alertInformationHeader.accountableHealthcareProfessional.healthcareProfessionalOrgUnit.orgUnitHSAId",1,1,"",""
"getalertinformation","getalertinformation.alertInformation.alertInformationHeader.accountableHealthcareProfessional.healthcareProfessionalOrgUnit.orgUnitName","getalertinformation.alertInformation.alertInformationHeader.accountableHealthcareProfessional.healthcareProfessionalOrgUnit.orgUnitName","","","",1,1,"","","","string {[]} {[]}
","Namnet på den organisation som hälso- och sjukvårdspersonalen är uppdragstagare på","Namnet på den organisation som hälso- och sjukvårdspersonalen är uppdragstagare på. TKB-typ: string. Kardinalitet: 1..1.","","","","","","","","","",,,,,"",,,,"getalertinformation.alertInformation.alertInformationHeader.accountableHealthcareProfessional.healthcareProfessionalOrgUnit.orgUnitName",1,1,"",""
"getalertinformation","getalertinformation.alertInformation.alertInformationHeader.accountableHealthcareProfessional.healthcareProfessionalOrgUnit.orgUnitTelecom","getalertinformation.alertInformation.alertInformationHeader.accountableHealthcareProfessional.healthcareProfessionalOrgUnit.orgUnitTelecom","","","",0,1,"","","","string {[]} {[]}
","Telefon till organisationsenhet","Telefon till organisationsenhet. TKB-typ: string. Kardinalitet: 0..1.","","","","","","","","","",,,,,"",,,,"getalertinformation.alertInformation.alertInformationHeader.accountableHealthcareProfessional.healthcareProfessionalOrgUnit.orgUnitTelecom",0,1,"",""
"getalertinformation","getalertinformation.alertInformation.alertInformationHeader.accountableHealthcareProfessional.healthcareProfessionalOrgUnit.orgUnitEmail","getalertinformation.alertInformation.alertInformationHeader.accountableHealthcareProfessional.healthcareProfessionalOrgUnit.orgUnitEmail","","","",0,1,"","","","string {[]} {[]}
","Epost till organisationsenhet","Epost till organisationsenhet. TKB-typ: string. Kardinalitet: 0..1.","","","","","","","","","",,,,,"",,,,"getalertinformation.alertInformation.alertInformationHeader.accountableHealthcareProfessional.healthcareProfessionalOrgUnit.orgUnitEmail",0,1,"",""
"getalertinformation","getalertinformation.alertInformation.alertInformationHeader.accountableHealthcareProfessional.healthcareProfessionalOrgUnit.orgUnitAddress","getalertinformation.alertInformation.alertInformationHeader.accountableHealthcareProfessional.healthcareProfessionalOrgUnit.orgUnitAddress","","","",0,1,"","","","string {[]} {[]}
","Postadress för den organisation som hälso- och sjukvårdspersonalen är uppdragstagare på","Postadress för den organisation som hälso- och sjukvårdspersonalen är uppdragstagare på. TKB-typ: string. Kardinalitet: 0..1.","","","","","","","","","",,,,,"",,,,"getalertinformation.alertInformation.alertInformationHeader.accountableHealthcareProfessional.healthcareProfessionalOrgUnit.orgUnitAddress",0,1,"",""
"getalertinformation","getalertinformation.alertInformation.alertInformationHeader.accountableHealthcareProfessional.healthcareProfessionalOrgUnit.orgUnitLocation","getalertinformation.alertInformation.alertInformationHeader.accountableHealthcareProfessional.healthcareProfessionalOrgUnit.orgUnitLocation","","","",0,1,"","","","string {[]} {[]}
","Text som anger namnet på plats eller ort för organisationens fysiska placering","Text som anger namnet på plats eller ort för organisationens fysiska placering. TKB-typ: string. Kardinalitet: 0..1.","","","","","","","","","",,,,,"",,,,"getalertinformation.alertInformation.alertInformationHeader.accountableHealthcareProfessional.healthcareProfessionalOrgUnit.orgUnitLocation",0,1,"",""
"getalertinformation","getalertinformation.alertInformation.alertInformationHeader.accountableHealthcareProfessional.healthcareProfessionalCareUnitHSAId","getalertinformation.alertInformation.alertInformationHeader.accountableHealthcareProfessional.healthcareProfessionalCareUnitHSAId","","","",0,1,"","","","Identifier {[]} {[]}
","HSA-id för vårdenhet","HSA-id för vårdenhet. / (Regel:1) TKB-typ: HSAIdType. Kardinalitet: 0..1.","","","","","","","","","",,,,,"",,,,"getalertinformation.alertInformation.alertInformationHeader.accountableHealthcareProfessional.healthcareProfessionalCareUnitHSAId",0,1,"",""
"getalertinformation","getalertinformation.alertInformation.alertInformationHeader.accountableHealthcareProfessional.healthcareProfessionalCareGiverHSAId","getalertinformation.alertInformation.alertInformationHeader.accountableHealthcareProfessional.healthcareProfessionalCareGiverHSAId","","","",0,1,"","","","Identifier {[]} {[]}
","HSA-id för vårdgivaren, som är vårdgivare för den enhet som hälso- och sjukvårdspersonalen är …","HSA-id för vårdgivaren, som är vårdgivare för den enhet som hälso- och sjukvårdspersonalen är uppdragstagare för. / (Regel:1) TKB-typ: HSAIdType. Kardinalitet: 0..1.","","","","","","","","","",,,,,"",,,,"getalertinformation.alertInformation.alertInformationHeader.accountableHealthcareProfessional.healthcareProfessionalCareGiverHSAId",0,1,"",""
"getalertinformation","getalertinformation.alertInformation.alertInformationHeader.legalAuthenticator","getalertinformation.alertInformation.alertInformationHeader.legalAuthenticator","","","",0,1,"","","","BackboneElement {[]} {[]}
","Information om vem som signerat informationen i dokumentet","Information om vem som signerat informationen i dokumentet. TKB-typ: LegalAuthenticatorType. Kardinalitet: 0..1.","","","","","","","","","",,,,,"",,,,"getalertinformation.alertInformation.alertInformationHeader.legalAuthenticator",0,1,"","ele-1:All FHIR elements must have a @value or children {hasValue() or (children().count() > id.count())}
"
"getalertinformation","getalertinformation.alertInformation.alertInformationHeader.legalAuthenticator.id","getalertinformation.alertInformation.alertInformationHeader.legalAuthenticator.id","","","",0,1,"","","","string {[]} {[]}
","Unique id for inter-element referencing","Unique id for the element within a resource (for internal references). This may be any string value that does not contain spaces.","","","","","","","","","",,,,,"",,,,"Element.id",0,1,"",""
"getalertinformation","getalertinformation.alertInformation.alertInformationHeader.legalAuthenticator.extension","getalertinformation.alertInformation.alertInformationHeader.legalAuthenticator.extension","","extensions
user content","",0,*,"","","","Extension {[]} {[]}
","Additional content defined by implementations","May be used to represent additional information that is not part of the basic definition of the element. To make the use of extensions safe and manageable, there is a strict set of governance  applied to the definition and use of extensions. Though any implementer can define an extension, there is a set of requirements that SHALL be met as part of the definition of the extension.","There can be no stigma associated with the use of extensions by any application, project, or standard - regardless of the institution or jurisdiction that uses or defines the extensions.  The use of extensions is what allows the FHIR specification to retain a core level of simplicity for everyone.","","","","","","","","",,,,,"","value:url}
","Extensions are always sliced by (at least) url",,"open","Element.extension",0,*,"","ele-1:All FHIR elements must have a @value or children {hasValue() or (children().count() > id.count())}
ext-1:Must have either extensions or value[x], not both {extension.exists() != value.exists()}"
"getalertinformation","getalertinformation.alertInformation.alertInformationHeader.legalAuthenticator.modifierExtension","getalertinformation.alertInformation.alertInformationHeader.legalAuthenticator.modifierExtension","","extensions
user contentmodifiers","",0,*,"","Y","Y","Extension {[]} {[]}
","Extensions that cannot be ignored even if unrecognized","May be used to represent additional information that is not part of the basic definition of the element and that modifies the understanding of the element in which it is contained and/or the understanding of the containing element's descendants. Usually modifier elements provide negation or qualification. To make the use of extensions safe and manageable, there is a strict set of governance applied to the definition and use of extensions. Though any implementer can define an extension, there is a set of requirements that SHALL be met as part of the definition of the extension. Applications processing a resource are required to check for modifier extensions.

Modifier extensions SHALL NOT change the meaning of any elements on Resource or DomainResource (including cannot change the meaning of modifierExtension itself).","There can be no stigma associated with the use of extensions by any application, project, or standard - regardless of the institution or jurisdiction that uses or defines the extensions.  The use of extensions is what allows the FHIR specification to retain a core level of simplicity for everyone.","Modifier extensions allow for extensions that *cannot* be safely ignored to be clearly distinguished from the vast majority of extensions which can be safely ignored.  This promotes interoperability by eliminating the need for implementers to prohibit the presence of extensions. For further information, see the [definition of modifier extensions](http://hl7.org/fhir/R4/extensibility.html#modifierExtension).","","","","","","","",,,,,"",,,,"BackboneElement.modifierExtension",0,*,"","ele-1:All FHIR elements must have a @value or children {hasValue() or (children().count() > id.count())}
ext-1:Must have either extensions or value[x], not both {extension.exists() != value.exists()}"
"getalertinformation","getalertinformation.alertInformation.alertInformationHeader.legalAuthenticator.signatureTime","getalertinformation.alertInformation.alertInformationHeader.legalAuthenticator.signatureTime","","","",1,1,"","","","dateTime {[]} {[]}
","Tidpunkt för signering","Tidpunkt för signering. TKB-typ: TimeStampType. Kardinalitet: 1..1.","","","","","","","","","",,,,,"",,,,"getalertinformation.alertInformation.alertInformationHeader.legalAuthenticator.signatureTime",1,1,"",""
"getalertinformation","getalertinformation.alertInformation.alertInformationHeader.legalAuthenticator.legalAuthenticatorHSAId","getalertinformation.alertInformation.alertInformationHeader.legalAuthenticator.legalAuthenticatorHSAId","","","",0,1,"","","","Identifier {[]} {[]}
","HSA-id för person som signerat dokumentet","HSA-id för person som signerat dokumentet. TKB-typ: HSAIdType. Kardinalitet: 0..1.","","","","","","","","","",,,,,"",,,,"getalertinformation.alertInformation.alertInformationHeader.legalAuthenticator.legalAuthenticatorHSAId",0,1,"",""
"getalertinformation","getalertinformation.alertInformation.alertInformationHeader.legalAuthenticator.legalAuthenticatorName","getalertinformation.alertInformation.alertInformationHeader.legalAuthenticator.legalAuthenticatorName","","","",0,1,"","","","string {[]} {[]}
","Namnen i klartext för signerande person","Namnen i klartext för signerande person. TKB-typ: string. Kardinalitet: 0..1.","","","","","","","","","",,,,,"",,,,"getalertinformation.alertInformation.alertInformationHeader.legalAuthenticator.legalAuthenticatorName",0,1,"",""
"getalertinformation","getalertinformation.alertInformation.alertInformationHeader.approvedForPatient","getalertinformation.alertInformation.alertInformationHeader.approvedForPatient","","","",1,1,"","","","boolean {[]} {[]}
","Anger om information får delas till patient","Anger om information får delas till patient. Värdet sätts i sådant fall till true, i annat fall till false. TKB-typ: boolean. Kardinalitet: 1..1.","","","","","","","","","",,,,,"",,,,"getalertinformation.alertInformation.alertInformationHeader.approvedForPatient",1,1,"",""
"getalertinformation","getalertinformation.alertInformation.alertInformationHeader.careContactId","getalertinformation.alertInformation.alertInformationHeader.careContactId","","","",0,1,"","","","string {[]} {[]}
","Identitetet för den hälso- och sjukvårdskontakt som föranlett den information som omfattas av dokumentet","Identitetet för den hälso- och sjukvårdskontakt som föranlett den information som omfattas av dokumentet. Identiteten är unik inom källsystemet. TKB-typ: string. Kardinalitet: 0..1.","","","","","","","","","",,,,,"",,,,"getalertinformation.alertInformation.alertInformationHeader.careContactId",0,1,"",""
"getalertinformation","getalertinformation.alertInformation.alertInformationHeader.nullified","getalertinformation.alertInformation.alertInformationHeader.nullified","","","",0,0,"","","","boolean {[]} {[]}
","nullified","Används ej. TKB-typ: -. Kardinalitet: 0..0.","","","","","","","","","",,,,,"",,,,"getalertinformation.alertInformation.alertInformationHeader.nullified",0,0,"",""
"getalertinformation","getalertinformation.alertInformation.alertInformationHeader.nullifiedReason","getalertinformation.alertInformation.alertInformationHeader.nullifiedReason","","","",0,0,"","","","string {[]} {[]}
","nullifiedReason","Används ej. TKB-typ: -. Kardinalitet: 0..0.","","","","","","","","","",,,,,"",,,,"getalertinformation.alertInformation.alertInformationHeader.nullifiedReason",0,0,"",""
"getalertinformation","getalertinformation.alertInformation.alertInformationBody","getalertinformation.alertInformation.alertInformationBody","","","",1,1,"","","","BackboneElement {[]} {[]}
","alertInformationBody","alertInformationBody. TKB-typ: AlertInformation/BodyType. Kardinalitet: 1..1.","","","","","","","","","",,,,,"",,,,"getalertinformation.alertInformation.alertInformationBody",1,1,"","getalertinformation-exactly-one-alert-type:En och endast en av hypersensitivity, seriousDisease, treatment, communicableDisease, restrictionOfCare och unstructuredAlertInformation ska anges (TKB 7.3.3). {(hypersensitivity.count() + seriousDisease.count() + treatment.count() + communicableDisease.count() + restrictionOfCare.count() + unstructuredAlertInformation.count()) = 1}
ele-1:All FHIR elements must have a @value or children {hasValue() or (children().count() > id.count())}"
"getalertinformation","getalertinformation.alertInformation.alertInformationBody.id","getalertinformation.alertInformation.alertInformationBody.id","","","",0,1,"","","","string {[]} {[]}
","Unique id for inter-element referencing","Unique id for the element within a resource (for internal references). This may be any string value that does not contain spaces.","","","","","","","","","",,,,,"",,,,"Element.id",0,1,"",""
"getalertinformation","getalertinformation.alertInformation.alertInformationBody.extension","getalertinformation.alertInformation.alertInformationBody.extension","","extensions
user content","",0,*,"","","","Extension {[]} {[]}
","Additional content defined by implementations","May be used to represent additional information that is not part of the basic definition of the element. To make the use of extensions safe and manageable, there is a strict set of governance  applied to the definition and use of extensions. Though any implementer can define an extension, there is a set of requirements that SHALL be met as part of the definition of the extension.","There can be no stigma associated with the use of extensions by any application, project, or standard - regardless of the institution or jurisdiction that uses or defines the extensions.  The use of extensions is what allows the FHIR specification to retain a core level of simplicity for everyone.","","","","","","","","",,,,,"","value:url}
","Extensions are always sliced by (at least) url",,"open","Element.extension",0,*,"","ele-1:All FHIR elements must have a @value or children {hasValue() or (children().count() > id.count())}
ext-1:Must have either extensions or value[x], not both {extension.exists() != value.exists()}"
"getalertinformation","getalertinformation.alertInformation.alertInformationBody.modifierExtension","getalertinformation.alertInformation.alertInformationBody.modifierExtension","","extensions
user contentmodifiers","",0,*,"","Y","Y","Extension {[]} {[]}
","Extensions that cannot be ignored even if unrecognized","May be used to represent additional information that is not part of the basic definition of the element and that modifies the understanding of the element in which it is contained and/or the understanding of the containing element's descendants. Usually modifier elements provide negation or qualification. To make the use of extensions safe and manageable, there is a strict set of governance applied to the definition and use of extensions. Though any implementer can define an extension, there is a set of requirements that SHALL be met as part of the definition of the extension. Applications processing a resource are required to check for modifier extensions.

Modifier extensions SHALL NOT change the meaning of any elements on Resource or DomainResource (including cannot change the meaning of modifierExtension itself).","There can be no stigma associated with the use of extensions by any application, project, or standard - regardless of the institution or jurisdiction that uses or defines the extensions.  The use of extensions is what allows the FHIR specification to retain a core level of simplicity for everyone.","Modifier extensions allow for extensions that *cannot* be safely ignored to be clearly distinguished from the vast majority of extensions which can be safely ignored.  This promotes interoperability by eliminating the need for implementers to prohibit the presence of extensions. For further information, see the [definition of modifier extensions](http://hl7.org/fhir/R4/extensibility.html#modifierExtension).","","","","","","","",,,,,"",,,,"BackboneElement.modifierExtension",0,*,"","ele-1:All FHIR elements must have a @value or children {hasValue() or (children().count() > id.count())}
ext-1:Must have either extensions or value[x], not both {extension.exists() != value.exists()}"
"getalertinformation","getalertinformation.alertInformation.alertInformationBody.typeOfAlertInformation","getalertinformation.alertInformation.alertInformationBody.typeOfAlertInformation","","","",1,1,"","","","CodeableConcept {[]} {[]}
","Kod som anger vilken typ av uppmärksamhetssignal som avses","Kod som anger vilken typ av uppmärksamhetssignal som avses. / Använd t.ex.  KV Uppmärksamhetstyp eller KV Informationstyp. / Se regel 2. TKB-typ: CVType. Kardinalitet: 1..1. Underelement i CVType: code (string, 0..1): Kod som anger typ av uppmärksamhetssignal. Om code anges ska även codeSystem samt displayName anges. | displayName (string, 0..1): Koden i klartext. Om displayName anges ska även code samt codeSystem anges. | codeSystem (string, 0..1): OID för kodsystem. / KV Uppmärksamhetstyp 1.2.752.129.5.1.49 / KV Informationstyp: 1.2.752.129.2.2.2.1 / Om codeSystem anges ska även code samt displayName anges. | codeSystemName (string, 0..1): Klartext för kodsystemet angivet i codeSystem. | codeSystemVersion (string, 0..1): Version på kodsystem, om tillgängligt. | originalText (string, 0..1): Om typ av uppmärksamhetssignal är beskriven i ett lokalt kodsystem, eller ett kodsystem utan OID ska typ av uppmärksamhetssignal anges här. / Om originalText anges ska inget annat värde i typeOfAlertInformation anges.","","","","","","","","","",,,,,"",,,,"getalertinformation.alertInformation.alertInformationBody.typeOfAlertInformation",1,1,"",""
"getalertinformation","getalertinformation.alertInformation.alertInformationBody.ascertainedDate","getalertinformation.alertInformation.alertInformationBody.ascertainedDate","","","",0,1,"","","","date {[]} {[]}
","Datum då förhållandet som föranledde uppmärksamhetssignalen konstaterades","Datum då förhållandet som föranledde uppmärksamhetssignalen konstaterades. Om inget specifikt datum för detta finns i källsystemet används / samma tid som starttiden i attributet giltighetstid. TKB-typ: DateType. Kardinalitet: 0..1.","","","","","","","","","",,,,,"",,,,"getalertinformation.alertInformation.alertInformationBody.ascertainedDate",0,1,"",""
"getalertinformation","getalertinformation.alertInformation.alertInformationBody.verifiedTime","getalertinformation.alertInformation.alertInformationBody.verifiedTime","","","",0,1,"","","","dateTime {[]} {[]}
","Den tidpunkt då uppmärksamhetssignalen verifierades i det lokala systemet","Den tidpunkt då uppmärksamhetssignalen verifierades i det lokala systemet. TKB-typ: TimeStampType. Kardinalitet: 0..1.","","","","","","","","","",,,,,"",,,,"getalertinformation.alertInformation.alertInformationBody.verifiedTime",0,1,"",""
"getalertinformation","getalertinformation.alertInformation.alertInformationBody.validityTimePeriod","getalertinformation.alertInformation.alertInformationBody.validityTimePeriod","","","",1,1,"","","","Period {[]} {[]}
","Tidsintervallet inom vilket uppmärksamhetssignalen är giltig","Tidsintervallet inom vilket uppmärksamhetssignalen är giltig. Sluttidpunkt kan vara aktuellt att ange då man i förväg bedömer att uppmärksamhetssignalen har en sluttidpunkt (t.ex. för behandlingar). TKB-typ: TimePeriodType. Kardinalitet: 1..1. Underelement i TimePeriodType: start (TimeStampType, 1..1): Format ÅÅÅÅMMDDhhmmss. | end (TimeStampType, 0..1): Format ÅÅÅÅMMDDhhmmss.","","","","","","","","","",,,,,"",,,,"getalertinformation.alertInformation.alertInformationBody.validityTimePeriod",1,1,"","ele-1:All FHIR elements must have a @value or children {hasValue() or (children().count() > id.count())}
per-1:If present, start SHALL have a lower value than end {start.hasValue().not() or end.hasValue().not() or (start <= end)}"
"getalertinformation","getalertinformation.alertInformation.alertInformationBody.validityTimePeriod.id","getalertinformation.alertInformation.alertInformationBody.validityTimePeriod.id","","","",0,1,"","","","string {[]} {[]}
","Unique id for inter-element referencing","Unique id for the element within a resource (for internal references). This may be any string value that does not contain spaces.","","","","","","","","","",,,,,"",,,,"Element.id",0,1,"",""
"getalertinformation","getalertinformation.alertInformation.alertInformationBody.validityTimePeriod.extension","getalertinformation.alertInformation.alertInformationBody.validityTimePeriod.extension","","extensions
user content","",0,*,"","","","Extension {[]} {[]}
","Additional content defined by implementations","May be used to represent additional information that is not part of the basic definition of the element. To make the use of extensions safe and manageable, there is a strict set of governance  applied to the definition and use of extensions. Though any implementer can define an extension, there is a set of requirements that SHALL be met as part of the definition of the extension.","There can be no stigma associated with the use of extensions by any application, project, or standard - regardless of the institution or jurisdiction that uses or defines the extensions.  The use of extensions is what allows the FHIR specification to retain a core level of simplicity for everyone.","","","","","","","","",,,,,"","value:url}
","Extensions are always sliced by (at least) url",,"open","Element.extension",0,*,"","ele-1:All FHIR elements must have a @value or children {hasValue() or (children().count() > id.count())}
ext-1:Must have either extensions or value[x], not both {extension.exists() != value.exists()}"
"getalertinformation","getalertinformation.alertInformation.alertInformationBody.validityTimePeriod.start","getalertinformation.alertInformation.alertInformationBody.validityTimePeriod.start","","","",1,1,"","","Y","dateTime {[]} {[]}
","Starting time with inclusive boundary","The start of the period. The boundary is inclusive.","If the low element is missing, the meaning is that the low boundary is not known.","","","","","","","","",,,,,"",,,,"Period.start",0,1,"per-1
","ele-1:All FHIR elements must have a @value or children {hasValue() or (children().count() > id.count())}
"
"getalertinformation","getalertinformation.alertInformation.alertInformationBody.validityTimePeriod.end","getalertinformation.alertInformation.alertInformationBody.validityTimePeriod.end","","","",0,1,"","","Y","dateTime {[]} {[]}
","End time with inclusive boundary, if not ongoing","The end of the period. If the end of the period is missing, it means no end was known or planned at the time the instance was created. The start may be in the past, and the end date in the future, which means that period is expected/planned to end at that time.","The high value includes any matching date/time. i.e. 2012-02-03T10:00:00 is in a period that has an end value of 2012-02-03.","","","If the end of the period is missing, it means that the period is ongoing","","","","","",,,,,"",,,,"Period.end",0,1,"per-1
","ele-1:All FHIR elements must have a @value or children {hasValue() or (children().count() > id.count())}
"
"getalertinformation","getalertinformation.alertInformation.alertInformationBody.alertInformationComment","getalertinformation.alertInformation.alertInformationBody.alertInformationComment","","","",0,1,"","","","string {[]} {[]}
","Text som innehåller en kommentar av den ansvarige hälso- och sjukvårdspersonalen angående …","Text som innehåller en kommentar av den ansvarige hälso- och sjukvårdspersonalen angående uppmärksamhetssignalen. Vid läkemedelsöverkänslighet kan kommentaren avse en anamnes, / en beskrivning av den observerade reaktionen, en beskrivning av möjliga agens, föreliggande undersökningsresultat. TKB-typ: string. Kardinalitet: 0..1.","","","","","","","","","",,,,,"",,,,"getalertinformation.alertInformation.alertInformationBody.alertInformationComment",0,1,"",""
"getalertinformation","getalertinformation.alertInformation.alertInformationBody.obsoleteTime","getalertinformation.alertInformation.alertInformationBody.obsoleteTime","","","",0,1,"","","","dateTime {[]} {[]}
","Tidpunkt då uppmärksamhetssignalen registrerades som inaktuell i det lokala systemet","Tidpunkt då uppmärksamhetssignalen registrerades som inaktuell i det lokala systemet. Används exempelvis om det uppmärksammade förhållandet bedöms som inte längre aktuellt trots att tidigare angiven gilitighetstid ej gått ut. TKB-typ: TimeStampType. Kardinalitet: 0..1.","","","","","","","","","",,,,,"",,,,"getalertinformation.alertInformation.alertInformationBody.obsoleteTime",0,1,"",""
"getalertinformation","getalertinformation.alertInformation.alertInformationBody.obsoleteComment","getalertinformation.alertInformation.alertInformationBody.obsoleteComment","","","",0,1,"","","","string {[]} {[]}
","Text som innehåller information om varför uppmärksamhetssignalen gjorts inaktuell","Text som innehåller information om varför uppmärksamhetssignalen gjorts inaktuell. TKB-typ: string. Kardinalitet: 0..1.","","","","","","","","","",,,,,"",,,,"getalertinformation.alertInformation.alertInformationBody.obsoleteComment",0,1,"",""
"getalertinformation","getalertinformation.alertInformation.alertInformationBody.hypersensitivity","getalertinformation.alertInformation.alertInformationBody.hypersensitivity","","","",0,1,"","","","BackboneElement {[]} {[]}
","En och endast en av hypersensitivity, seriousDisease, treatment, communicableDisease, restrictionOfCare …","En och endast en av hypersensitivity, seriousDisease, treatment, communicableDisease, restrictionOfCare och unstructuredAlertInformation ska anges. TKB-typ: HyperSensitivityType. Kardinalitet: 0..1.","","","","","","","","","",,,,,"",,,,"getalertinformation.alertInformation.alertInformationBody.hypersensitivity",0,1,"","ele-1:All FHIR elements must have a @value or children {hasValue() or (children().count() > id.count())}
"
"getalertinformation","getalertinformation.alertInformation.alertInformationBody.hypersensitivity.id","getalertinformation.alertInformation.alertInformationBody.hypersensitivity.id","","","",0,1,"","","","string {[]} {[]}
","Unique id for inter-element referencing","Unique id for the element within a resource (for internal references). This may be any string value that does not contain spaces.","","","","","","","","","",,,,,"",,,,"Element.id",0,1,"",""
"getalertinformation","getalertinformation.alertInformation.alertInformationBody.hypersensitivity.extension","getalertinformation.alertInformation.alertInformationBody.hypersensitivity.extension","","extensions
user content","",0,*,"","","","Extension {[]} {[]}
","Additional content defined by implementations","May be used to represent additional information that is not part of the basic definition of the element. To make the use of extensions safe and manageable, there is a strict set of governance  applied to the definition and use of extensions. Though any implementer can define an extension, there is a set of requirements that SHALL be met as part of the definition of the extension.","There can be no stigma associated with the use of extensions by any application, project, or standard - regardless of the institution or jurisdiction that uses or defines the extensions.  The use of extensions is what allows the FHIR specification to retain a core level of simplicity for everyone.","","","","","","","","",,,,,"","value:url}
","Extensions are always sliced by (at least) url",,"open","Element.extension",0,*,"","ele-1:All FHIR elements must have a @value or children {hasValue() or (children().count() > id.count())}
ext-1:Must have either extensions or value[x], not both {extension.exists() != value.exists()}"
"getalertinformation","getalertinformation.alertInformation.alertInformationBody.hypersensitivity.modifierExtension","getalertinformation.alertInformation.alertInformationBody.hypersensitivity.modifierExtension","","extensions
user contentmodifiers","",0,*,"","Y","Y","Extension {[]} {[]}
","Extensions that cannot be ignored even if unrecognized","May be used to represent additional information that is not part of the basic definition of the element and that modifies the understanding of the element in which it is contained and/or the understanding of the containing element's descendants. Usually modifier elements provide negation or qualification. To make the use of extensions safe and manageable, there is a strict set of governance applied to the definition and use of extensions. Though any implementer can define an extension, there is a set of requirements that SHALL be met as part of the definition of the extension. Applications processing a resource are required to check for modifier extensions.

Modifier extensions SHALL NOT change the meaning of any elements on Resource or DomainResource (including cannot change the meaning of modifierExtension itself).","There can be no stigma associated with the use of extensions by any application, project, or standard - regardless of the institution or jurisdiction that uses or defines the extensions.  The use of extensions is what allows the FHIR specification to retain a core level of simplicity for everyone.","Modifier extensions allow for extensions that *cannot* be safely ignored to be clearly distinguished from the vast majority of extensions which can be safely ignored.  This promotes interoperability by eliminating the need for implementers to prohibit the presence of extensions. For further information, see the [definition of modifier extensions](http://hl7.org/fhir/R4/extensibility.html#modifierExtension).","","","","","","","",,,,,"",,,,"BackboneElement.modifierExtension",0,*,"","ele-1:All FHIR elements must have a @value or children {hasValue() or (children().count() > id.count())}
ext-1:Must have either extensions or value[x], not both {extension.exists() != value.exists()}"
"getalertinformation","getalertinformation.alertInformation.alertInformationBody.hypersensitivity.typeOfHypersensitivity","getalertinformation.alertInformation.alertInformationBody.hypersensitivity.typeOfHypersensitivity","","","",0,1,"","","","CodeableConcept {[]} {[]}
","Kod som anger en precisering av vilken typ av överkänslighet som uppmärksamhetssignalen avser","Kod som anger en precisering av vilken typ av överkänslighet som uppmärksamhetssignalen avser. Koden bör hämtas ur ICD10/SNOMED, [R13]. / Exempel: / Läkemedelsöverkänslighet / Överkänslighet avs. födoämne / Överkänslighet avs. djur / Överkänslighet avs. växt / Överkänslighet av kemikalie. TKB-typ: CVType. Kardinalitet: 0..1. Underelement i CVType: code (string, 0..1): Kod. Om code anges måste också codeSystem och displayName också anges. | displayName (string, 0..1): Klartext. Om displayName anges måste också code och codeSystem anges. | codeSystem (string, 0..1): OID för kodsystem. Om codeSystem anges måste också code och displayName anges. | codeSystemName (string, 0..1): Klartext för kodsystem. | codeSystemVersion (string, 0..1): Kodsystemsversion. | originalText (string, 0..1): Används i de fall kod finns i ett lokalt kodverk som ej är identifierat med OID eller när kod helt saknas. I sådana fall ska en beskrivande text anges i originalText. / Om originalText anges ska inget annat värde i typeOfHypersensitivity anges.","","","","","","","","","",,,,,"",,,,"getalertinformation.alertInformation.alertInformationBody.hypersensitivity.typeOfHypersensitivity",0,1,"",""
"getalertinformation","getalertinformation.alertInformation.alertInformationBody.hypersensitivity.degreeOfSeverity","getalertinformation.alertInformation.alertInformationBody.hypersensitivity.degreeOfSeverity","","","",0,1,"","","","CodeableConcept {[]} {[]}
","Kod som anger bedömning av överkänslighetens allvarlighet","Kod som anger bedömning av överkänslighetens allvarlighet. / KV Allvarlighetsgrad (1.2.752.129.2.2.3.3), [R13]. TKB-typ: CVType. Kardinalitet: 0..1. Underelement i CVType: code (string, 0..1): Kod. Om code anges måste också codeSystem och displayName också anges. | displayName (string, 0..1): Klartext. Om displayName anges måste också code och codeSystem anges. | codeSystem (string, 0..1): OID för kodsystem. Om codeSystem anges måste också code och displayName anges. | codeSystemName (string, 0..1): Klartext för kodsystem. | codeSystemVersion (string, 0..1): Kodsystemsversion. | originalText (string, 0..1): Används i de fall kod finns i ett lokalt kodverk som ej är identifierat med OID eller när kod helt saknas. I sådana fall ska en beskrivande text anges i originalText. / Om originalText anges ska inget annat värde i degreeOfSeverity anges.","","","","","","","","","",,,,,"",,,,"getalertinformation.alertInformation.alertInformationBody.hypersensitivity.degreeOfSeverity",0,1,"",""
"getalertinformation","getalertinformation.alertInformation.alertInformationBody.hypersensitivity.degreeOfCertainty","getalertinformation.alertInformation.alertInformationBody.hypersensitivity.degreeOfCertainty","","","",0,1,"","","","CodeableConcept {[]} {[]}
","Kod som innehåller en uppgift om med vilken visshet överkänsligheten är precis så som den har angivits","Kod som innehåller en uppgift om med vilken visshet överkänsligheten är precis så som den har angivits. / KV Visshetsgrad (1.2.752.129.2.2.3.11) TKB-typ: CVType. Kardinalitet: 0..1. Underelement i CVType: code (string, 0..1): Kod. Om code anges måste också codeSystem och displayName också anges. | displayName (string, 0..1): Klartext. Om displayName anges måste också code och codeSystem anges. | codeSystem (string, 0..1): OID för kodsystem. Om codeSystem anges måste också code och displayName anges. | codeSystemName (string, 0..1): Klartext för kodsystem. | codeSystemVersion (string, 0..1): Kodsystemsversion. | originalText (string, 0..1): Används i de fall kod finns i ett lokalt kodverk som ej är identifierat med OID eller när kod helt saknas. I sådana fall ska en beskrivande text anges i originalText. / Om originalText anges ska inget annat värde i degreeOfCertainty anges.","","","","","","","","","",,,,,"",,,,"getalertinformation.alertInformation.alertInformationBody.hypersensitivity.degreeOfCertainty",0,1,"",""
"getalertinformation","getalertinformation.alertInformation.alertInformationBody.hypersensitivity.pharmaceuticalHypersensitivity","getalertinformation.alertInformation.alertInformationBody.hypersensitivity.pharmaceuticalHypersensitivity","","","",0,1,"","","","BackboneElement {[]} {[]}
","Mer detaljerad information om läkemedelsöverkänslighet","Mer detaljerad information om läkemedelsöverkänslighet. TKB-typ: PharmaceuticalHypersensitivityType. Kardinalitet: 0..1.","","","","","","","","","",,,,,"",,,,"getalertinformation.alertInformation.alertInformationBody.hypersensitivity.pharmaceuticalHypersensitivity",0,1,"","ele-1:All FHIR elements must have a @value or children {hasValue() or (children().count() > id.count())}
"
"getalertinformation","getalertinformation.alertInformation.alertInformationBody.hypersensitivity.pharmaceuticalHypersensitivity.id","getalertinformation.alertInformation.alertInformationBody.hypersensitivity.pharmaceuticalHypersensitivity.id","","","",0,1,"","","","string {[]} {[]}
","Unique id for inter-element referencing","Unique id for the element within a resource (for internal references). This may be any string value that does not contain spaces.","","","","","","","","","",,,,,"",,,,"Element.id",0,1,"",""
"getalertinformation","getalertinformation.alertInformation.alertInformationBody.hypersensitivity.pharmaceuticalHypersensitivity.extension","getalertinformation.alertInformation.alertInformationBody.hypersensitivity.pharmaceuticalHypersensitivity.extension","","extensions
user content","",0,*,"","","","Extension {[]} {[]}
","Additional content defined by implementations","May be used to represent additional information that is not part of the basic definition of the element. To make the use of extensions safe and manageable, there is a strict set of governance  applied to the definition and use of extensions. Though any implementer can define an extension, there is a set of requirements that SHALL be met as part of the definition of the extension.","There can be no stigma associated with the use of extensions by any application, project, or standard - regardless of the institution or jurisdiction that uses or defines the extensions.  The use of extensions is what allows the FHIR specification to retain a core level of simplicity for everyone.","","","","","","","","",,,,,"","value:url}
","Extensions are always sliced by (at least) url",,"open","Element.extension",0,*,"","ele-1:All FHIR elements must have a @value or children {hasValue() or (children().count() > id.count())}
ext-1:Must have either extensions or value[x], not both {extension.exists() != value.exists()}"
"getalertinformation","getalertinformation.alertInformation.alertInformationBody.hypersensitivity.pharmaceuticalHypersensitivity.modifierExtension","getalertinformation.alertInformation.alertInformationBody.hypersensitivity.pharmaceuticalHypersensitivity.modifierExtension","","extensions
user contentmodifiers","",0,*,"","Y","Y","Extension {[]} {[]}
","Extensions that cannot be ignored even if unrecognized","May be used to represent additional information that is not part of the basic definition of the element and that modifies the understanding of the element in which it is contained and/or the understanding of the containing element's descendants. Usually modifier elements provide negation or qualification. To make the use of extensions safe and manageable, there is a strict set of governance applied to the definition and use of extensions. Though any implementer can define an extension, there is a set of requirements that SHALL be met as part of the definition of the extension. Applications processing a resource are required to check for modifier extensions.

Modifier extensions SHALL NOT change the meaning of any elements on Resource or DomainResource (including cannot change the meaning of modifierExtension itself).","There can be no stigma associated with the use of extensions by any application, project, or standard - regardless of the institution or jurisdiction that uses or defines the extensions.  The use of extensions is what allows the FHIR specification to retain a core level of simplicity for everyone.","Modifier extensions allow for extensions that *cannot* be safely ignored to be clearly distinguished from the vast majority of extensions which can be safely ignored.  This promotes interoperability by eliminating the need for implementers to prohibit the presence of extensions. For further information, see the [definition of modifier extensions](http://hl7.org/fhir/R4/extensibility.html#modifierExtension).","","","","","","","",,,,,"",,,,"BackboneElement.modifierExtension",0,*,"","ele-1:All FHIR elements must have a @value or children {hasValue() or (children().count() > id.count())}
ext-1:Must have either extensions or value[x], not both {extension.exists() != value.exists()}"
"getalertinformation","getalertinformation.alertInformation.alertInformationBody.hypersensitivity.pharmaceuticalHypersensitivity.atcSubstance","getalertinformation.alertInformation.alertInformationBody.hypersensitivity.pharmaceuticalHypersensitivity.atcSubstance","","","",0,1,"","","","CodeableConcept {[]} {[]}
","Kod och klartext som anger den substans, eller grupp av substanser, som kan förorsaka en …","Kod och klartext som anger den substans, eller grupp av substanser, som kan förorsaka en överkänslighetsreaktion. ATC-kod på minst treställig nivå ska anges för en läkemedelsöverkänslighet med en allvarlighetsgrad livshotande eller skadande, [R13]. Om en ATC-kod ej kan anges ska attributen / - substans ej enligt ATC / och / - ej ATC-kod kommentar / användas. TKB-typ: CVType. Kardinalitet: 0..1. Underelement i CVType: code (string, 1..1): Substansens ATC-kod. | displayName (string, 1..1): Klartext för substans (substansnamn) | codeSystem (string, 1..1): 1.2.752.129.2.2.3.1.1 | codeSystemName (string, 0..0): Används ej | codeSystemVersion (string, 0..0): Används ej | originalText (string, 0..0): Används ej","","","","","","","","","",,,,,"",,,,"getalertinformation.alertInformation.alertInformationBody.hypersensitivity.pharmaceuticalHypersensitivity.atcSubstance",0,1,"",""
"getalertinformation","getalertinformation.alertInformation.alertInformationBody.hypersensitivity.pharmaceuticalHypersensitivity.nonATCSubstance","getalertinformation.alertInformation.alertInformationBody.hypersensitivity.pharmaceuticalHypersensitivity.nonATCSubstance","","","",0,1,"","","","string {[]} {[]}
","Text som anger benämning på aktiv substans som kan förorsaka en överkänslighetsreaktion","Text som anger benämning på aktiv substans som kan förorsaka en överkänslighetsreaktion. TKB-typ: string. Kardinalitet: 0..1.","","","","","","","","","",,,,,"",,,,"getalertinformation.alertInformation.alertInformationBody.hypersensitivity.pharmaceuticalHypersensitivity.nonATCSubstance",0,1,"",""
"getalertinformation","getalertinformation.alertInformation.alertInformationBody.hypersensitivity.pharmaceuticalHypersensitivity.nonATCSubstanceComment","getalertinformation.alertInformation.alertInformationBody.hypersensitivity.pharmaceuticalHypersensitivity.nonATCSubstanceComment","","","",0,1,"","","","string {[]} {[]}
","Text som innehåller en förklaing till varför ej ATC-kod används","Text som innehåller en förklaing till varför ej ATC-kod används. TKB-typ: string. Kardinalitet: 0..1.","","","","","","","","","",,,,,"",,,,"getalertinformation.alertInformation.alertInformationBody.hypersensitivity.pharmaceuticalHypersensitivity.nonATCSubstanceComment",0,1,"",""
"getalertinformation","getalertinformation.alertInformation.alertInformationBody.hypersensitivity.pharmaceuticalHypersensitivity.pharmaceuticalProductId","getalertinformation.alertInformation.alertInformationBody.hypersensitivity.pharmaceuticalHypersensitivity.pharmaceuticalProductId","","","",0,*,"","","","CodeableConcept {[]} {[]}
","Identifierare för aktuell läkemedelsprodukt som kan orsaka överkänslighet","Identifierare för aktuell läkemedelsprodukt som kan orsaka överkänslighet. / NPL-id (1.2.752.129.2.1.5.1). TKB-typ: CVType. Kardinalitet: 0..*. Underelement i CVType: code (string, 0..1): Kod. Om code anges måste också codeSystem och displayName också anges. | displayName (string, 0..1): Klartext. Om displayName anges måste också code och codeSystem anges. | codeSystem (string, 0..1): OID för kodsystem. Om codeSystem anges måste också code och displayName anges. | codeSystemName (string, 0..1): Klartext för kodsystem. | codeSystemVersion (string, 0..1): Kodsystemsversion. | originalText (string, 0..1): Används i de fall kod finns i ett lokalt kodverk som ej är identifierat med OID eller när kod helt saknas. I sådana fall ska en beskrivande text anges i originalText. / Om originalText anges ska inget annat värde i pharmaceuticalProductId anges.","","","","","","","","","",,,,,"",,,,"getalertinformation.alertInformation.alertInformationBody.hypersensitivity.pharmaceuticalHypersensitivity.pharmaceuticalProductId",0,*,"",""
"getalertinformation","getalertinformation.alertInformation.alertInformationBody.hypersensitivity.otherHypersensitivity","getalertinformation.alertInformation.alertInformationBody.hypersensitivity.otherHypersensitivity","","","",0,1,"","","","BackboneElement {[]} {[]}
","Mer detaljerad information om överkänsligheten","Mer detaljerad information om överkänsligheten. Kan användas för annan överkänslighet än läkemedelsöverkänslighet. TKB-typ: OtherHypersensitivityType. Kardinalitet: 0..1.","","","","","","","","","",,,,,"",,,,"getalertinformation.alertInformation.alertInformationBody.hypersensitivity.otherHypersensitivity",0,1,"","ele-1:All FHIR elements must have a @value or children {hasValue() or (children().count() > id.count())}
"
"getalertinformation","getalertinformation.alertInformation.alertInformationBody.hypersensitivity.otherHypersensitivity.id","getalertinformation.alertInformation.alertInformationBody.hypersensitivity.otherHypersensitivity.id","","","",0,1,"","","","string {[]} {[]}
","Unique id for inter-element referencing","Unique id for the element within a resource (for internal references). This may be any string value that does not contain spaces.","","","","","","","","","",,,,,"",,,,"Element.id",0,1,"",""
"getalertinformation","getalertinformation.alertInformation.alertInformationBody.hypersensitivity.otherHypersensitivity.extension","getalertinformation.alertInformation.alertInformationBody.hypersensitivity.otherHypersensitivity.extension","","extensions
user content","",0,*,"","","","Extension {[]} {[]}
","Additional content defined by implementations","May be used to represent additional information that is not part of the basic definition of the element. To make the use of extensions safe and manageable, there is a strict set of governance  applied to the definition and use of extensions. Though any implementer can define an extension, there is a set of requirements that SHALL be met as part of the definition of the extension.","There can be no stigma associated with the use of extensions by any application, project, or standard - regardless of the institution or jurisdiction that uses or defines the extensions.  The use of extensions is what allows the FHIR specification to retain a core level of simplicity for everyone.","","","","","","","","",,,,,"","value:url}
","Extensions are always sliced by (at least) url",,"open","Element.extension",0,*,"","ele-1:All FHIR elements must have a @value or children {hasValue() or (children().count() > id.count())}
ext-1:Must have either extensions or value[x], not both {extension.exists() != value.exists()}"
"getalertinformation","getalertinformation.alertInformation.alertInformationBody.hypersensitivity.otherHypersensitivity.modifierExtension","getalertinformation.alertInformation.alertInformationBody.hypersensitivity.otherHypersensitivity.modifierExtension","","extensions
user contentmodifiers","",0,*,"","Y","Y","Extension {[]} {[]}
","Extensions that cannot be ignored even if unrecognized","May be used to represent additional information that is not part of the basic definition of the element and that modifies the understanding of the element in which it is contained and/or the understanding of the containing element's descendants. Usually modifier elements provide negation or qualification. To make the use of extensions safe and manageable, there is a strict set of governance applied to the definition and use of extensions. Though any implementer can define an extension, there is a set of requirements that SHALL be met as part of the definition of the extension. Applications processing a resource are required to check for modifier extensions.

Modifier extensions SHALL NOT change the meaning of any elements on Resource or DomainResource (including cannot change the meaning of modifierExtension itself).","There can be no stigma associated with the use of extensions by any application, project, or standard - regardless of the institution or jurisdiction that uses or defines the extensions.  The use of extensions is what allows the FHIR specification to retain a core level of simplicity for everyone.","Modifier extensions allow for extensions that *cannot* be safely ignored to be clearly distinguished from the vast majority of extensions which can be safely ignored.  This promotes interoperability by eliminating the need for implementers to prohibit the presence of extensions. For further information, see the [definition of modifier extensions](http://hl7.org/fhir/R4/extensibility.html#modifierExtension).","","","","","","","",,,,,"",,,,"BackboneElement.modifierExtension",0,*,"","ele-1:All FHIR elements must have a @value or children {hasValue() or (children().count() > id.count())}
ext-1:Must have either extensions or value[x], not both {extension.exists() != value.exists()}"
"getalertinformation","getalertinformation.alertInformation.alertInformationBody.hypersensitivity.otherHypersensitivity.hypersensitivityAgent","getalertinformation.alertInformation.alertInformationBody.hypersensitivity.otherHypersensitivity.hypersensitivityAgent","","","",0,1,"","","","string {[]} {[]}
","Text som beskriver det agens som bedöms kunna orsaka en överkänslighetsreaktion","Text som beskriver det agens som bedöms kunna orsaka en överkänslighetsreaktion. / Bör anges. TKB-typ: string. Kardinalitet: 0..1.","","","","","","","","","",,,,,"",,,,"getalertinformation.alertInformation.alertInformationBody.hypersensitivity.otherHypersensitivity.hypersensitivityAgent",0,1,"",""
"getalertinformation","getalertinformation.alertInformation.alertInformationBody.hypersensitivity.otherHypersensitivity.hypersensitivityAgentCode","getalertinformation.alertInformation.alertInformationBody.hypersensitivity.otherHypersensitivity.hypersensitivityAgentCode","","","",0,1,"","","","CodeableConcept {[]} {[]}
","Text som anger den kod som beskriver det agens som bedöms kunna orsaka en överkänslighetsreaktion","Text som anger den kod som beskriver det agens som bedöms kunna orsaka en överkänslighetsreaktion. Exempelvis kan LMK-kod för överkänslighet födoämne eller CAS-kod för överkänslighet kemikalie användas. Kan användas för annan överkänslighet än läkemedelsöverkänslighet. TKB-typ: CVType. Kardinalitet: 0..1. Underelement i CVType: code (string, 0..1): Kod. Om code anges måste också codeSystem och displayName också anges. | displayName (string, 0..1): Klartext. Om displayName anges måste också code och codeSystem anges. | codeSystem (string, 0..1): OID för kodsystem. Om codeSystem anges måste också code och displayName anges. | codeSystemName (string, 0..1): Klartext för kodsystem. | codeSystemVersion (string, 0..1): Kodsystemsversion | originalText (string, 0..1): Används i de fall kod finns i ett lokalt kodverk som ej är identifierat med OID eller när kod helt saknas. I sådana fall ska en beskrivande text anges i originalText. / Om originalText anges ska inget annat värde i hypersensitivityAgentCode anges.","","","","","","","","","",,,,,"",,,,"getalertinformation.alertInformation.alertInformationBody.hypersensitivity.otherHypersensitivity.hypersensitivityAgentCode",0,1,"",""
"getalertinformation","getalertinformation.alertInformation.alertInformationBody.seriousDisease","getalertinformation.alertInformation.alertInformationBody.seriousDisease","","","",0,1,"","","","BackboneElement {[]} {[]}
","En och endast en av hypersensitivity, seriousDisease, treatment, communicableDisease, restrictionOfCare …","En och endast en av hypersensitivity, seriousDisease, treatment, communicableDisease, restrictionOfCare och unstructuredAlertInformation ska anges. TKB-typ: SeriousDiseaseType. Kardinalitet: 0..1.","","","","","","","","","",,,,,"",,,,"getalertinformation.alertInformation.alertInformationBody.seriousDisease",0,1,"","ele-1:All FHIR elements must have a @value or children {hasValue() or (children().count() > id.count())}
"
"getalertinformation","getalertinformation.alertInformation.alertInformationBody.seriousDisease.id","getalertinformation.alertInformation.alertInformationBody.seriousDisease.id","","","",0,1,"","","","string {[]} {[]}
","Unique id for inter-element referencing","Unique id for the element within a resource (for internal references). This may be any string value that does not contain spaces.","","","","","","","","","",,,,,"",,,,"Element.id",0,1,"",""
"getalertinformation","getalertinformation.alertInformation.alertInformationBody.seriousDisease.extension","getalertinformation.alertInformation.alertInformationBody.seriousDisease.extension","","extensions
user content","",0,*,"","","","Extension {[]} {[]}
","Additional content defined by implementations","May be used to represent additional information that is not part of the basic definition of the element. To make the use of extensions safe and manageable, there is a strict set of governance  applied to the definition and use of extensions. Though any implementer can define an extension, there is a set of requirements that SHALL be met as part of the definition of the extension.","There can be no stigma associated with the use of extensions by any application, project, or standard - regardless of the institution or jurisdiction that uses or defines the extensions.  The use of extensions is what allows the FHIR specification to retain a core level of simplicity for everyone.","","","","","","","","",,,,,"","value:url}
","Extensions are always sliced by (at least) url",,"open","Element.extension",0,*,"","ele-1:All FHIR elements must have a @value or children {hasValue() or (children().count() > id.count())}
ext-1:Must have either extensions or value[x], not both {extension.exists() != value.exists()}"
"getalertinformation","getalertinformation.alertInformation.alertInformationBody.seriousDisease.modifierExtension","getalertinformation.alertInformation.alertInformationBody.seriousDisease.modifierExtension","","extensions
user contentmodifiers","",0,*,"","Y","Y","Extension {[]} {[]}
","Extensions that cannot be ignored even if unrecognized","May be used to represent additional information that is not part of the basic definition of the element and that modifies the understanding of the element in which it is contained and/or the understanding of the containing element's descendants. Usually modifier elements provide negation or qualification. To make the use of extensions safe and manageable, there is a strict set of governance applied to the definition and use of extensions. Though any implementer can define an extension, there is a set of requirements that SHALL be met as part of the definition of the extension. Applications processing a resource are required to check for modifier extensions.

Modifier extensions SHALL NOT change the meaning of any elements on Resource or DomainResource (including cannot change the meaning of modifierExtension itself).","There can be no stigma associated with the use of extensions by any application, project, or standard - regardless of the institution or jurisdiction that uses or defines the extensions.  The use of extensions is what allows the FHIR specification to retain a core level of simplicity for everyone.","Modifier extensions allow for extensions that *cannot* be safely ignored to be clearly distinguished from the vast majority of extensions which can be safely ignored.  This promotes interoperability by eliminating the need for implementers to prohibit the presence of extensions. For further information, see the [definition of modifier extensions](http://hl7.org/fhir/R4/extensibility.html#modifierExtension).","","","","","","","",,,,,"",,,,"BackboneElement.modifierExtension",0,*,"","ele-1:All FHIR elements must have a @value or children {hasValue() or (children().count() > id.count())}
ext-1:Must have either extensions or value[x], not both {extension.exists() != value.exists()}"
"getalertinformation","getalertinformation.alertInformation.alertInformationBody.seriousDisease.disease","getalertinformation.alertInformation.alertInformationBody.seriousDisease.disease","","","",1,1,"","","","CodeableConcept {[]} {[]}
","Kod som beskriver en allvarlig sjukdom som hälso- och sjukvårdstagaren har och som en hälso- och …","Kod som beskriver en allvarlig sjukdom som hälso- och sjukvårdstagaren har och som en hälso- och sjukvårdspersonen vill göra andra uppmärksammade på (avsaknad av kunskap om att hälso- och sjukvårdstagaren har denna sjukdom skulle kunna innebära ett allvarligt hot för liv eller hälsa för hälso- och sjukvårdstagaren). Bör anges enligt ICD10/SNOMED, [R13]. TKB-typ: CVType. Kardinalitet: 1..1. Underelement i CVType: code (string, 0..1): Kod. Om code anges måste också codeSystem och displayName också anges. | displayName (string, 0..1): Klartext. Om displayName anges måste också code och codeSystem anges. | codeSystem (string, 0..1): OID för kodsystem. Om codeSystem anges måste också code och displayName anges. | codeSystemName (string, 0..1): Klartext för kodsystem. | codeSystemVersion (string, 0..1): Kodsystemsversion. | originalText (string, 0..1): Används i de fall kod finns i ett lokalt kodverk som ej är identifierat med OID eller när kod helt saknas. I sådana fall ska en beskrivande text anges i originalText. / Om originalText anges ska inget annat värde i disease anges.","","","","","","","","","",,,,,"",,,,"getalertinformation.alertInformation.alertInformationBody.seriousDisease.disease",1,1,"",""
"getalertinformation","getalertinformation.alertInformation.alertInformationBody.treatment","getalertinformation.alertInformation.alertInformationBody.treatment","","","",0,1,"","","","BackboneElement {[]} {[]}
","En och endast en av hypersensitivity, seriousDisease, treatment, communicableDisease, restrictionOfCare …","En och endast en av hypersensitivity, seriousDisease, treatment, communicableDisease, restrictionOfCare och unstructuredAlertInformation ska anges (den som motsvarar uppmärksamhetstyp (typeOfAlertInformation)). TKB-typ: TreatmentType. Kardinalitet: 0..1.","","","","","","","","","",,,,,"",,,,"getalertinformation.alertInformation.alertInformationBody.treatment",0,1,"","ele-1:All FHIR elements must have a @value or children {hasValue() or (children().count() > id.count())}
"
"getalertinformation","getalertinformation.alertInformation.alertInformationBody.treatment.id","getalertinformation.alertInformation.alertInformationBody.treatment.id","","","",0,1,"","","","string {[]} {[]}
","Unique id for inter-element referencing","Unique id for the element within a resource (for internal references). This may be any string value that does not contain spaces.","","","","","","","","","",,,,,"",,,,"Element.id",0,1,"",""
"getalertinformation","getalertinformation.alertInformation.alertInformationBody.treatment.extension","getalertinformation.alertInformation.alertInformationBody.treatment.extension","","extensions
user content","",0,*,"","","","Extension {[]} {[]}
","Additional content defined by implementations","May be used to represent additional information that is not part of the basic definition of the element. To make the use of extensions safe and manageable, there is a strict set of governance  applied to the definition and use of extensions. Though any implementer can define an extension, there is a set of requirements that SHALL be met as part of the definition of the extension.","There can be no stigma associated with the use of extensions by any application, project, or standard - regardless of the institution or jurisdiction that uses or defines the extensions.  The use of extensions is what allows the FHIR specification to retain a core level of simplicity for everyone.","","","","","","","","",,,,,"","value:url}
","Extensions are always sliced by (at least) url",,"open","Element.extension",0,*,"","ele-1:All FHIR elements must have a @value or children {hasValue() or (children().count() > id.count())}
ext-1:Must have either extensions or value[x], not both {extension.exists() != value.exists()}"
"getalertinformation","getalertinformation.alertInformation.alertInformationBody.treatment.modifierExtension","getalertinformation.alertInformation.alertInformationBody.treatment.modifierExtension","","extensions
user contentmodifiers","",0,*,"","Y","Y","Extension {[]} {[]}
","Extensions that cannot be ignored even if unrecognized","May be used to represent additional information that is not part of the basic definition of the element and that modifies the understanding of the element in which it is contained and/or the understanding of the containing element's descendants. Usually modifier elements provide negation or qualification. To make the use of extensions safe and manageable, there is a strict set of governance applied to the definition and use of extensions. Though any implementer can define an extension, there is a set of requirements that SHALL be met as part of the definition of the extension. Applications processing a resource are required to check for modifier extensions.

Modifier extensions SHALL NOT change the meaning of any elements on Resource or DomainResource (including cannot change the meaning of modifierExtension itself).","There can be no stigma associated with the use of extensions by any application, project, or standard - regardless of the institution or jurisdiction that uses or defines the extensions.  The use of extensions is what allows the FHIR specification to retain a core level of simplicity for everyone.","Modifier extensions allow for extensions that *cannot* be safely ignored to be clearly distinguished from the vast majority of extensions which can be safely ignored.  This promotes interoperability by eliminating the need for implementers to prohibit the presence of extensions. For further information, see the [definition of modifier extensions](http://hl7.org/fhir/R4/extensibility.html#modifierExtension).","","","","","","","",,,,,"",,,,"BackboneElement.modifierExtension",0,*,"","ele-1:All FHIR elements must have a @value or children {hasValue() or (children().count() > id.count())}
ext-1:Must have either extensions or value[x], not both {extension.exists() != value.exists()}"
"getalertinformation","getalertinformation.alertInformation.alertInformationBody.treatment.treatmentDescription","getalertinformation.alertInformation.alertInformationBody.treatment.treatmentDescription","","","",1,1,"","","","string {[]} {[]}
","Text som beskriver en allvarlig behandling som hälso- och sjukvårdstagaren genomgår och som en hälso- och …","Text som beskriver en allvarlig behandling som hälso- och sjukvårdstagaren genomgår och som en hälso- och sjukvårdspersonal vill göra andra uppmärksammade på (avsaknad av kunskap om att hälso- och sjukvårdstagaren har denna behandling skulle kunna innebära ett allvarligt hot för liv eller hälsa för hälso- och sjukvårdstagaren). TKB-typ: string. Kardinalitet: 1..1.","","","","","","","","","",,,,,"",,,,"getalertinformation.alertInformation.alertInformationBody.treatment.treatmentDescription",1,1,"",""
"getalertinformation","getalertinformation.alertInformation.alertInformationBody.treatment.treatmentCode","getalertinformation.alertInformation.alertInformationBody.treatment.treatmentCode","","","",0,1,"","","","CodeableConcept {[]} {[]}
","En preciserad uppgift om behandlingen","En preciserad uppgift om behandlingen. Bör anges med KVÅ-kod (1.2.752.116.1.3.2.1.4) TKB-typ: CVType. Kardinalitet: 0..1. Underelement i CVType: code (string, 0..1): Kod. Om code anges måste också codeSystem och displayName också anges. | displayName (string, 0..1): Klartext. Om displayName anges måste också code och codeSystem anges. | codeSystem (string, 0..1): OID för kodsystem. Om codeSystem anges måste också code och displayName anges. | codeSystemName (string, 0..1): Klartext för kodsystem. | codeSystemVersion (string, 0..1): Kodsystemsversion. | originalText (string, 0..1): Används i de fall kod finns i ett lokalt kodverk som ej är identifierat med OID eller när kod helt saknas. I sådana fall ska en beskrivande text anges i originalText. / Om originalText anges ska inget annat värde i treatmentCode anges.","","","","","","","","","",,,,,"",,,,"getalertinformation.alertInformation.alertInformationBody.treatment.treatmentCode",0,1,"",""
"getalertinformation","getalertinformation.alertInformation.alertInformationBody.treatment.pharmaceuticalTreatment","getalertinformation.alertInformation.alertInformationBody.treatment.pharmaceuticalTreatment","","","",0,*,"","","","CodeableConcept {[]} {[]}
","Kod och klartext som anger uppgift om den eller de läkemedel som används vid en uppmärksammad behandling","Kod och klartext som anger uppgift om den eller de läkemedel som används vid en uppmärksammad behandling. / ATC-kod (1.2.752.129.2.2.3.1.1), [R13]. TKB-typ: CVType. Kardinalitet: 0..*. Underelement i CVType: code (string, 0..1): Läkemedlets (ATC-)kod. Om code anges måste också codeSystem och displayName anges. | displayName (string, 0..1): Klartext för läkemedel (namn på läkemedel). Om displayName anges måste också code och codeSystem anges. | codeSystem (string, 0..1): OID för kodsystem. Om codeSystem anges måste också code och displayName anges. | codeSystemName (string, 0..1): Klartext för kodsystem. | codeSystemVersion (string, 0..1): Kodsystemsversion. | originalText (string, 0..1): Används i de fall kod finns i ett lokalt kodverk som ej är identifierat med OID eller när kod helt saknas. I sådana fall ska en beskrivande text anges i originalText. / Om originalText anges ska inget annat värde i pharmaceuticalTreatment anges.","","","","","","","","","",,,,,"",,,,"getalertinformation.alertInformation.alertInformationBody.treatment.pharmaceuticalTreatment",0,*,"",""
"getalertinformation","getalertinformation.alertInformation.alertInformationBody.communicableDisease","getalertinformation.alertInformation.alertInformationBody.communicableDisease","","","",0,1,"","","","BackboneElement {[]} {[]}
","En och endast en av hypersensitivity, seriousDisease, treatment, communicableDisease, restrictionOfCare …","En och endast en av hypersensitivity, seriousDisease, treatment, communicableDisease, restrictionOfCare och unstructuredAlertInformation ska anges (den som motsvarar uppmärksamhetstyp (typeOfAlertInformation)). TKB-typ: CommunicableDiseaseType. Kardinalitet: 0..1.","","","","","","","","","",,,,,"",,,,"getalertinformation.alertInformation.alertInformationBody.communicableDisease",0,1,"","ele-1:All FHIR elements must have a @value or children {hasValue() or (children().count() > id.count())}
"
"getalertinformation","getalertinformation.alertInformation.alertInformationBody.communicableDisease.id","getalertinformation.alertInformation.alertInformationBody.communicableDisease.id","","","",0,1,"","","","string {[]} {[]}
","Unique id for inter-element referencing","Unique id for the element within a resource (for internal references). This may be any string value that does not contain spaces.","","","","","","","","","",,,,,"",,,,"Element.id",0,1,"",""
"getalertinformation","getalertinformation.alertInformation.alertInformationBody.communicableDisease.extension","getalertinformation.alertInformation.alertInformationBody.communicableDisease.extension","","extensions
user content","",0,*,"","","","Extension {[]} {[]}
","Additional content defined by implementations","May be used to represent additional information that is not part of the basic definition of the element. To make the use of extensions safe and manageable, there is a strict set of governance  applied to the definition and use of extensions. Though any implementer can define an extension, there is a set of requirements that SHALL be met as part of the definition of the extension.","There can be no stigma associated with the use of extensions by any application, project, or standard - regardless of the institution or jurisdiction that uses or defines the extensions.  The use of extensions is what allows the FHIR specification to retain a core level of simplicity for everyone.","","","","","","","","",,,,,"","value:url}
","Extensions are always sliced by (at least) url",,"open","Element.extension",0,*,"","ele-1:All FHIR elements must have a @value or children {hasValue() or (children().count() > id.count())}
ext-1:Must have either extensions or value[x], not both {extension.exists() != value.exists()}"
"getalertinformation","getalertinformation.alertInformation.alertInformationBody.communicableDisease.modifierExtension","getalertinformation.alertInformation.alertInformationBody.communicableDisease.modifierExtension","","extensions
user contentmodifiers","",0,*,"","Y","Y","Extension {[]} {[]}
","Extensions that cannot be ignored even if unrecognized","May be used to represent additional information that is not part of the basic definition of the element and that modifies the understanding of the element in which it is contained and/or the understanding of the containing element's descendants. Usually modifier elements provide negation or qualification. To make the use of extensions safe and manageable, there is a strict set of governance applied to the definition and use of extensions. Though any implementer can define an extension, there is a set of requirements that SHALL be met as part of the definition of the extension. Applications processing a resource are required to check for modifier extensions.

Modifier extensions SHALL NOT change the meaning of any elements on Resource or DomainResource (including cannot change the meaning of modifierExtension itself).","There can be no stigma associated with the use of extensions by any application, project, or standard - regardless of the institution or jurisdiction that uses or defines the extensions.  The use of extensions is what allows the FHIR specification to retain a core level of simplicity for everyone.","Modifier extensions allow for extensions that *cannot* be safely ignored to be clearly distinguished from the vast majority of extensions which can be safely ignored.  This promotes interoperability by eliminating the need for implementers to prohibit the presence of extensions. For further information, see the [definition of modifier extensions](http://hl7.org/fhir/R4/extensibility.html#modifierExtension).","","","","","","","",,,,,"",,,,"BackboneElement.modifierExtension",0,*,"","ele-1:All FHIR elements must have a @value or children {hasValue() or (children().count() > id.count())}
ext-1:Must have either extensions or value[x], not both {extension.exists() != value.exists()}"
"getalertinformation","getalertinformation.alertInformation.alertInformationBody.communicableDisease.communicableDiseaseCode","getalertinformation.alertInformation.alertInformationBody.communicableDisease.communicableDiseaseCode","","","",1,1,"","","","CodeableConcept {[]} {[]}
","Kod som anger en precisering av vilken smittsam sjukdom som hälso- och sjukvårdstagaren har","Kod som anger en precisering av vilken smittsam sjukdom som hälso- och sjukvårdstagaren har. Bör anges som ICD10-kod, [R13]. TKB-typ: CVType. Kardinalitet: 1..1. Underelement i CVType: code (string, 0..1): Kod. Om code anges måste också codeSystem och displayName också anges. | displayName (string, 0..1): Klartext. Om displayName anges måste också code och codeSystem anges. | codeSystem (string, 0..1): OID för kodsystem. Om codeSystem anges måste också code och displayName anges. | codeSystemName (string, 0..1): Klartext för kodsystem. | codeSystemVersion (string, 0..1): Kodsystemsversion. | originalText (string, 0..1): Används i de fall kod finns i ett lokalt kodverk som ej är identifierat med OID eller när kod helt saknas. I sådana fall ska en beskrivande text anges i originalText. / Om originalText anges ska inget annat värde i communicableDiseaseCode anges.","","","","","","","","","",,,,,"",,,,"getalertinformation.alertInformation.alertInformationBody.communicableDisease.communicableDiseaseCode",1,1,"",""
"getalertinformation","getalertinformation.alertInformation.alertInformationBody.communicableDisease.routeOfTransmission","getalertinformation.alertInformation.alertInformationBody.communicableDisease.routeOfTransmission","","","",0,1,"","","","CodeableConcept {[]} {[]}
","Kod som anger hur den uppmärksammade sjukdomen smittar","Kod som anger hur den uppmärksammade sjukdomen smittar. Obligatorisk uppgift om det styrs av författning. KV Smittväg. TKB-typ: CVType. Kardinalitet: 0..1. Underelement i CVType: code (string, 0..1): Kod. Om code anges måste också codeSystem och displayName också anges. | displayName (string, 0..1): Klartext. Om displayName anges måste också code och codeSystem anges. | codeSystem (string, 0..1): OID för kodsystem. Om codeSystem anges måste också code och displayName anges. | codeSystemName (string, 0..1): Klartext för kodsystem. | codeSystemVersion (string, 0..1): Kodsystemsversion. | originalText (string, 0..1): Används i de fall kod finns i ett lokalt kodverk som ej är identifierat med OID eller när kod helt saknas. I sådana fall ska en beskrivande text anges i originalText. / Om originalText anges ska inget annat värde i routeOfTransmission anges.","","","","","","","","","",,,,,"",,,,"getalertinformation.alertInformation.alertInformationBody.communicableDisease.routeOfTransmission",0,1,"",""
"getalertinformation","getalertinformation.alertInformation.alertInformationBody.restrictionOfCare","getalertinformation.alertInformation.alertInformationBody.restrictionOfCare","","","",0,1,"","","","BackboneElement {[]} {[]}
","En och endast en av hypersensitivity, seriousDisease, treatment, communicableDisease, restrictionOfCare …","En och endast en av hypersensitivity, seriousDisease, treatment, communicableDisease, restrictionOfCare och unstructuredAlertInformation ska anges (den som motsvarar uppmärksamhetstyp (typeOfAlertInformation)). Denna klass skiljer sig sig något från motsvarigheten i Varning2-infospec. TKB-typ: RestrictionOfCareType. Kardinalitet: 0..1.","","","","","","","","","",,,,,"",,,,"getalertinformation.alertInformation.alertInformationBody.restrictionOfCare",0,1,"","ele-1:All FHIR elements must have a @value or children {hasValue() or (children().count() > id.count())}
"
"getalertinformation","getalertinformation.alertInformation.alertInformationBody.restrictionOfCare.id","getalertinformation.alertInformation.alertInformationBody.restrictionOfCare.id","","","",0,1,"","","","string {[]} {[]}
","Unique id for inter-element referencing","Unique id for the element within a resource (for internal references). This may be any string value that does not contain spaces.","","","","","","","","","",,,,,"",,,,"Element.id",0,1,"",""
"getalertinformation","getalertinformation.alertInformation.alertInformationBody.restrictionOfCare.extension","getalertinformation.alertInformation.alertInformationBody.restrictionOfCare.extension","","extensions
user content","",0,*,"","","","Extension {[]} {[]}
","Additional content defined by implementations","May be used to represent additional information that is not part of the basic definition of the element. To make the use of extensions safe and manageable, there is a strict set of governance  applied to the definition and use of extensions. Though any implementer can define an extension, there is a set of requirements that SHALL be met as part of the definition of the extension.","There can be no stigma associated with the use of extensions by any application, project, or standard - regardless of the institution or jurisdiction that uses or defines the extensions.  The use of extensions is what allows the FHIR specification to retain a core level of simplicity for everyone.","","","","","","","","",,,,,"","value:url}
","Extensions are always sliced by (at least) url",,"open","Element.extension",0,*,"","ele-1:All FHIR elements must have a @value or children {hasValue() or (children().count() > id.count())}
ext-1:Must have either extensions or value[x], not both {extension.exists() != value.exists()}"
"getalertinformation","getalertinformation.alertInformation.alertInformationBody.restrictionOfCare.modifierExtension","getalertinformation.alertInformation.alertInformationBody.restrictionOfCare.modifierExtension","","extensions
user contentmodifiers","",0,*,"","Y","Y","Extension {[]} {[]}
","Extensions that cannot be ignored even if unrecognized","May be used to represent additional information that is not part of the basic definition of the element and that modifies the understanding of the element in which it is contained and/or the understanding of the containing element's descendants. Usually modifier elements provide negation or qualification. To make the use of extensions safe and manageable, there is a strict set of governance applied to the definition and use of extensions. Though any implementer can define an extension, there is a set of requirements that SHALL be met as part of the definition of the extension. Applications processing a resource are required to check for modifier extensions.

Modifier extensions SHALL NOT change the meaning of any elements on Resource or DomainResource (including cannot change the meaning of modifierExtension itself).","There can be no stigma associated with the use of extensions by any application, project, or standard - regardless of the institution or jurisdiction that uses or defines the extensions.  The use of extensions is what allows the FHIR specification to retain a core level of simplicity for everyone.","Modifier extensions allow for extensions that *cannot* be safely ignored to be clearly distinguished from the vast majority of extensions which can be safely ignored.  This promotes interoperability by eliminating the need for implementers to prohibit the presence of extensions. For further information, see the [definition of modifier extensions](http://hl7.org/fhir/R4/extensibility.html#modifierExtension).","","","","","","","",,,,,"",,,,"BackboneElement.modifierExtension",0,*,"","ele-1:All FHIR elements must have a @value or children {hasValue() or (children().count() > id.count())}
ext-1:Must have either extensions or value[x], not both {extension.exists() != value.exists()}"
"getalertinformation","getalertinformation.alertInformation.alertInformationBody.restrictionOfCare.restrictionOfCareComment","getalertinformation.alertInformation.alertInformationBody.restrictionOfCare.restrictionOfCareComment","","","",1,1,"","","","string {[]} {[]}
","Text som innehåller information om ett uppmärskammat förhållande som inte avser överkänslighet, annat …","Text som innehåller information om ett uppmärskammat förhållande som inte avser överkänslighet, annat medicinskt tillstånd, behandling eller arbetsmiljörisk. TKB-typ: string. Kardinalitet: 1..1.","","","","","","","","","",,,,,"",,,,"getalertinformation.alertInformation.alertInformationBody.restrictionOfCare.restrictionOfCareComment",1,1,"",""
"getalertinformation","getalertinformation.alertInformation.alertInformationBody.unstructuredAlertInformation","getalertinformation.alertInformation.alertInformationBody.unstructuredAlertInformation","","","",0,1,"","","","BackboneElement {[]} {[]}
","En och endast en av hypersensitivity, seriousDisease, treatment, communicableDisease, restrictionOfCare …","En och endast en av hypersensitivity, seriousDisease, treatment, communicableDisease, restrictionOfCare och unstructuredAlertInformation ska anges (den som motsvarar uppmärksamhetstyp (typeOfAlertInformation)). TKB-typ: UnstructuredAlertInformationType. Kardinalitet: 0..1.","","","","","","","","","",,,,,"",,,,"getalertinformation.alertInformation.alertInformationBody.unstructuredAlertInformation",0,1,"","ele-1:All FHIR elements must have a @value or children {hasValue() or (children().count() > id.count())}
"
"getalertinformation","getalertinformation.alertInformation.alertInformationBody.unstructuredAlertInformation.id","getalertinformation.alertInformation.alertInformationBody.unstructuredAlertInformation.id","","","",0,1,"","","","string {[]} {[]}
","Unique id for inter-element referencing","Unique id for the element within a resource (for internal references). This may be any string value that does not contain spaces.","","","","","","","","","",,,,,"",,,,"Element.id",0,1,"",""
"getalertinformation","getalertinformation.alertInformation.alertInformationBody.unstructuredAlertInformation.extension","getalertinformation.alertInformation.alertInformationBody.unstructuredAlertInformation.extension","","extensions
user content","",0,*,"","","","Extension {[]} {[]}
","Additional content defined by implementations","May be used to represent additional information that is not part of the basic definition of the element. To make the use of extensions safe and manageable, there is a strict set of governance  applied to the definition and use of extensions. Though any implementer can define an extension, there is a set of requirements that SHALL be met as part of the definition of the extension.","There can be no stigma associated with the use of extensions by any application, project, or standard - regardless of the institution or jurisdiction that uses or defines the extensions.  The use of extensions is what allows the FHIR specification to retain a core level of simplicity for everyone.","","","","","","","","",,,,,"","value:url}
","Extensions are always sliced by (at least) url",,"open","Element.extension",0,*,"","ele-1:All FHIR elements must have a @value or children {hasValue() or (children().count() > id.count())}
ext-1:Must have either extensions or value[x], not both {extension.exists() != value.exists()}"
"getalertinformation","getalertinformation.alertInformation.alertInformationBody.unstructuredAlertInformation.modifierExtension","getalertinformation.alertInformation.alertInformationBody.unstructuredAlertInformation.modifierExtension","","extensions
user contentmodifiers","",0,*,"","Y","Y","Extension {[]} {[]}
","Extensions that cannot be ignored even if unrecognized","May be used to represent additional information that is not part of the basic definition of the element and that modifies the understanding of the element in which it is contained and/or the understanding of the containing element's descendants. Usually modifier elements provide negation or qualification. To make the use of extensions safe and manageable, there is a strict set of governance applied to the definition and use of extensions. Though any implementer can define an extension, there is a set of requirements that SHALL be met as part of the definition of the extension. Applications processing a resource are required to check for modifier extensions.

Modifier extensions SHALL NOT change the meaning of any elements on Resource or DomainResource (including cannot change the meaning of modifierExtension itself).","There can be no stigma associated with the use of extensions by any application, project, or standard - regardless of the institution or jurisdiction that uses or defines the extensions.  The use of extensions is what allows the FHIR specification to retain a core level of simplicity for everyone.","Modifier extensions allow for extensions that *cannot* be safely ignored to be clearly distinguished from the vast majority of extensions which can be safely ignored.  This promotes interoperability by eliminating the need for implementers to prohibit the presence of extensions. For further information, see the [definition of modifier extensions](http://hl7.org/fhir/R4/extensibility.html#modifierExtension).","","","","","","","",,,,,"",,,,"BackboneElement.modifierExtension",0,*,"","ele-1:All FHIR elements must have a @value or children {hasValue() or (children().count() > id.count())}
ext-1:Must have either extensions or value[x], not both {extension.exists() != value.exists()}"
"getalertinformation","getalertinformation.alertInformation.alertInformationBody.unstructuredAlertInformation.unstructuredAlertInformationHeading","getalertinformation.alertInformation.alertInformationBody.unstructuredAlertInformation.unstructuredAlertInformationHeading","","","",1,1,"","","","string {[]} {[]}
","Text som innehåller en beskrivande rubrik för en tidigare utfärdad varning","Text som innehåller en beskrivande rubrik för en tidigare utfärdad varning. Ska anges om typ av uppmärksamhetssignal = historisk varning. Avser tidigare varningsinformation i systemet vilken inte har preciserats enligt NPÖ-strukturen. TKB-typ: string. Kardinalitet: 1..1.","","","","","","","","","",,,,,"",,,,"getalertinformation.alertInformation.alertInformationBody.unstructuredAlertInformation.unstructuredAlertInformationHeading",1,1,"",""
"getalertinformation","getalertinformation.alertInformation.alertInformationBody.unstructuredAlertInformation.unstructuredAlertInformationContent","getalertinformation.alertInformation.alertInformationBody.unstructuredAlertInformation.unstructuredAlertInformationContent","","","",1,1,"","","","string {[]} {[]}
","Text som beskriver vad varningen gäller, samt viss administrativ information","Text som beskriver vad varningen gäller, samt viss administrativ information. Ska anges om typ av uppmärksamhetssignal = historisk varning. Avser tidigare varningsinformation i systemet vilken inte har preciserats enligt NPÖ-strukturen. TKB-typ: string. Kardinalitet: 1..1.","","","","","","","","","",,,,,"",,,,"getalertinformation.alertInformation.alertInformationBody.unstructuredAlertInformation.unstructuredAlertInformationContent",1,1,"",""
"getalertinformation","getalertinformation.alertInformation.alertInformationBody.relatedAlertInformation","getalertinformation.alertInformation.alertInformationBody.relatedAlertInformation","","","",0,*,"","","","BackboneElement {[]} {[]}
","Information om samband uppmärksamhetssignal","Information om samband uppmärksamhetssignal. TKB-typ: RelatedAlertInformationType. Kardinalitet: 0..*.","","","","","","","","","",,,,,"",,,,"getalertinformation.alertInformation.alertInformationBody.relatedAlertInformation",0,*,"","ele-1:All FHIR elements must have a @value or children {hasValue() or (children().count() > id.count())}
"
"getalertinformation","getalertinformation.alertInformation.alertInformationBody.relatedAlertInformation.id","getalertinformation.alertInformation.alertInformationBody.relatedAlertInformation.id","","","",0,1,"","","","string {[]} {[]}
","Unique id for inter-element referencing","Unique id for the element within a resource (for internal references). This may be any string value that does not contain spaces.","","","","","","","","","",,,,,"",,,,"Element.id",0,1,"",""
"getalertinformation","getalertinformation.alertInformation.alertInformationBody.relatedAlertInformation.extension","getalertinformation.alertInformation.alertInformationBody.relatedAlertInformation.extension","","extensions
user content","",0,*,"","","","Extension {[]} {[]}
","Additional content defined by implementations","May be used to represent additional information that is not part of the basic definition of the element. To make the use of extensions safe and manageable, there is a strict set of governance  applied to the definition and use of extensions. Though any implementer can define an extension, there is a set of requirements that SHALL be met as part of the definition of the extension.","There can be no stigma associated with the use of extensions by any application, project, or standard - regardless of the institution or jurisdiction that uses or defines the extensions.  The use of extensions is what allows the FHIR specification to retain a core level of simplicity for everyone.","","","","","","","","",,,,,"","value:url}
","Extensions are always sliced by (at least) url",,"open","Element.extension",0,*,"","ele-1:All FHIR elements must have a @value or children {hasValue() or (children().count() > id.count())}
ext-1:Must have either extensions or value[x], not both {extension.exists() != value.exists()}"
"getalertinformation","getalertinformation.alertInformation.alertInformationBody.relatedAlertInformation.modifierExtension","getalertinformation.alertInformation.alertInformationBody.relatedAlertInformation.modifierExtension","","extensions
user contentmodifiers","",0,*,"","Y","Y","Extension {[]} {[]}
","Extensions that cannot be ignored even if unrecognized","May be used to represent additional information that is not part of the basic definition of the element and that modifies the understanding of the element in which it is contained and/or the understanding of the containing element's descendants. Usually modifier elements provide negation or qualification. To make the use of extensions safe and manageable, there is a strict set of governance applied to the definition and use of extensions. Though any implementer can define an extension, there is a set of requirements that SHALL be met as part of the definition of the extension. Applications processing a resource are required to check for modifier extensions.

Modifier extensions SHALL NOT change the meaning of any elements on Resource or DomainResource (including cannot change the meaning of modifierExtension itself).","There can be no stigma associated with the use of extensions by any application, project, or standard - regardless of the institution or jurisdiction that uses or defines the extensions.  The use of extensions is what allows the FHIR specification to retain a core level of simplicity for everyone.","Modifier extensions allow for extensions that *cannot* be safely ignored to be clearly distinguished from the vast majority of extensions which can be safely ignored.  This promotes interoperability by eliminating the need for implementers to prohibit the presence of extensions. For further information, see the [definition of modifier extensions](http://hl7.org/fhir/R4/extensibility.html#modifierExtension).","","","","","","","",,,,,"",,,,"BackboneElement.modifierExtension",0,*,"","ele-1:All FHIR elements must have a @value or children {hasValue() or (children().count() > id.count())}
ext-1:Must have either extensions or value[x], not both {extension.exists() != value.exists()}"
"getalertinformation","getalertinformation.alertInformation.alertInformationBody.relatedAlertInformation.typeOfAlertInformationRelationship","getalertinformation.alertInformation.alertInformationBody.relatedAlertInformation.typeOfAlertInformationRelationship","","","",1,1,"","","","CodeableConcept {[]} {[]}
","Text som anger vilken typ av samband som avses","Text som anger vilken typ av samband som avses. KV Samband (1.2.752.129.2.2.2.4), [R13]. TKB-typ: CVType. Kardinalitet: 1..1. Underelement i CVType: code (string, 0..1): Kod för samband uppmärksamhetssignal. Om code anges måste också displayName och codeSystem anges. | displayName (string, 0..1): Klartext för samband uppmärksamhetssignal. Om displayName anges måste också code och codeSystem anges. | codeSystem (string, 0..1): Kodsystem för samband uppmärksamhetssignal. Om codeSystem anges måste också code och displayName anges. | codeSystemName (string, 0..1): Klartext för kodsystem för samband uppmärksamhetssignal. | codeSystemVersion (string, 0..1): Version för kodsystem för samband uppmärksamhetssignal. | originalText (string, 0..1): Används i de fall kod finns i ett lokalt kodverk som ej är identifierat med OID eller när kod helt saknas. I sådana fall ska en beskrivande text anges i originalText. / Om originalText anges ska inget annat värde i typeOfAlertInformationRelationship anges.","","","","","","","","","",,,,,"",,,,"getalertinformation.alertInformation.alertInformationBody.relatedAlertInformation.typeOfAlertInformationRelationship",1,1,"",""
"getalertinformation","getalertinformation.alertInformation.alertInformationBody.relatedAlertInformation.relationComment","getalertinformation.alertInformation.alertInformationBody.relatedAlertInformation.relationComment","","","",0,1,"","","","string {[]} {[]}
","Text som innehåller en kommentar till det aktuella sambandet","Text som innehåller en kommentar till det aktuella sambandet. TKB-typ: string. Kardinalitet: 0..1.","","","","","","","","","",,,,,"",,,,"getalertinformation.alertInformation.alertInformationBody.relatedAlertInformation.relationComment",0,1,"",""
"getalertinformation","getalertinformation.alertInformation.alertInformationBody.relatedAlertInformation.documentId","getalertinformation.alertInformation.alertInformationBody.relatedAlertInformation.documentId","","","",1,*,"","","","string {[]} {[]}
","Lokalt unik identitet för relaterad uppmärksamhetssignal","Lokalt unik identitet för relaterad uppmärksamhetssignal. TKB-typ: string. Kardinalitet: 1..*.","","","","","","","","","",,,,,"",,,,"getalertinformation.alertInformation.alertInformationBody.relatedAlertInformation.documentId",1,*,"",""
"getalertinformation","getalertinformation.result","getalertinformation.result","","","",1,1,"","","","BackboneElement {[]} {[]}
","Innehåller information om begäran gick bra eller ej, en P av 2.1 måste skicka med resultType, för …","Innehåller information om begäran gick bra eller ej, en P av 2.1 måste skicka med resultType, för kompabilitet mellan K 2.1 och P 2.0 är den satt till icke obligatorisk i wsdl. TKB-typ: ResultType. Kardinalitet: 1..1.","","","","","","","","","",,,,,"",,,,"getalertinformation.result",1,1,"","ele-1:All FHIR elements must have a @value or children {hasValue() or (children().count() > id.count())}
"
"getalertinformation","getalertinformation.result.id","getalertinformation.result.id","","","",0,1,"","","","string {[]} {[]}
","Unique id for inter-element referencing","Unique id for the element within a resource (for internal references). This may be any string value that does not contain spaces.","","","","","","","","","",,,,,"",,,,"Element.id",0,1,"",""
"getalertinformation","getalertinformation.result.extension","getalertinformation.result.extension","","extensions
user content","",0,*,"","","","Extension {[]} {[]}
","Additional content defined by implementations","May be used to represent additional information that is not part of the basic definition of the element. To make the use of extensions safe and manageable, there is a strict set of governance  applied to the definition and use of extensions. Though any implementer can define an extension, there is a set of requirements that SHALL be met as part of the definition of the extension.","There can be no stigma associated with the use of extensions by any application, project, or standard - regardless of the institution or jurisdiction that uses or defines the extensions.  The use of extensions is what allows the FHIR specification to retain a core level of simplicity for everyone.","","","","","","","","",,,,,"","value:url}
","Extensions are always sliced by (at least) url",,"open","Element.extension",0,*,"","ele-1:All FHIR elements must have a @value or children {hasValue() or (children().count() > id.count())}
ext-1:Must have either extensions or value[x], not both {extension.exists() != value.exists()}"
"getalertinformation","getalertinformation.result.modifierExtension","getalertinformation.result.modifierExtension","","extensions
user contentmodifiers","",0,*,"","Y","Y","Extension {[]} {[]}
","Extensions that cannot be ignored even if unrecognized","May be used to represent additional information that is not part of the basic definition of the element and that modifies the understanding of the element in which it is contained and/or the understanding of the containing element's descendants. Usually modifier elements provide negation or qualification. To make the use of extensions safe and manageable, there is a strict set of governance applied to the definition and use of extensions. Though any implementer can define an extension, there is a set of requirements that SHALL be met as part of the definition of the extension. Applications processing a resource are required to check for modifier extensions.

Modifier extensions SHALL NOT change the meaning of any elements on Resource or DomainResource (including cannot change the meaning of modifierExtension itself).","There can be no stigma associated with the use of extensions by any application, project, or standard - regardless of the institution or jurisdiction that uses or defines the extensions.  The use of extensions is what allows the FHIR specification to retain a core level of simplicity for everyone.","Modifier extensions allow for extensions that *cannot* be safely ignored to be clearly distinguished from the vast majority of extensions which can be safely ignored.  This promotes interoperability by eliminating the need for implementers to prohibit the presence of extensions. For further information, see the [definition of modifier extensions](http://hl7.org/fhir/R4/extensibility.html#modifierExtension).","","","","","","","",,,,,"",,,,"BackboneElement.modifierExtension",0,*,"","ele-1:All FHIR elements must have a @value or children {hasValue() or (children().count() > id.count())}
ext-1:Must have either extensions or value[x], not both {extension.exists() != value.exists()}"
"getalertinformation","getalertinformation.result.resultCode","getalertinformation.result.resultCode","","","",1,1,"","","","code {[]} {[]}
","Kan endast vara OK, INFO eller ERROR","Kan endast vara OK, INFO eller ERROR. TKB-typ: ResultCodeEnum. Kardinalitet: 1..1.","","","","","","","","","",,,,,"",,,,"getalertinformation.result.resultCode",1,1,"",""
"getalertinformation","getalertinformation.result.errorCode","getalertinformation.result.errorCode","","","",0,1,"","","","code {[]} {[]}
","Sätts endast om resultCode är ERROR, se kapitel 4.4 för mer information","Sätts endast om resultCode är ERROR, se kapitel 4.4 för mer information. TKB-typ: ErrorCodeEnum. Kardinalitet: 0..1.","","","","","","","","","",,,,,"",,,,"getalertinformation.result.errorCode",0,1,"",""
"getalertinformation","getalertinformation.result.subcode","getalertinformation.result.subcode","","","",0,1,"","","","string {[]} {[]}
","Inga subkoder är specificerade","Inga subkoder är specificerade. TKB-typ: string. Kardinalitet: 0..1. OBS: elementet heter subCode i XSD:n.","","","","","","","","","",,,,,"",,,,"getalertinformation.result.subcode",0,1,"",""
"getalertinformation","getalertinformation.result.logId","getalertinformation.result.logId","","","",1,1,"","","","string {[]} {[]}
","En UUID som kan användas vid felanmälan för att användas vid felsökning av producent","En UUID som kan användas vid felanmälan för att användas vid felsökning av producent. TKB-typ: string. Kardinalitet: 1..1.","","","","","","","","","",,,,,"",,,,"getalertinformation.result.logId",1,1,"",""
"getalertinformation","getalertinformation.result.message","getalertinformation.result.message","","","",0,1,"","","","string {[]} {[]}
","En beskrivande text som kan visas för användaren","En beskrivande text som kan visas för användaren. TKB-typ: string. Kardinalitet: 0..1.","","","","","","","","","",,,,,"",,,,"getalertinformation.result.message",0,1,"",""
"getcaredocumentation-request","getcaredocumentation-request","getcaredocumentation-request","","","",0,*,"","","","null {[]} {[]}
","GetCareDocumentation — Request","Logisk modell för begäran i tjänstekontraktet GetCareDocumentation version 2.1 (RIV-TA urn:riv:clinicalprocess:healthcond:description:GetCareDocumentationResponder:2), enligt fältreglerna i TKB clinicalprocess:healthcond:description 2.1.18.","","","","","","","","","",,,,,"",,,,"Base",0,*,"","getcaredocumentation-request-carecontact-requires-sourcesystem:sourceSystemHSAId ska anges om careContactId angivits (TKB, fältregler för begäran). {careContactId.exists() implies sourceSystemHSAId.exists()}
"
"getcaredocumentation-request","getcaredocumentation-request.careUnitHSAId","getcaredocumentation-request.careUnitHSAId","","","",0,*,"","","","Identifier {[]} {[]}
","Filtrering på vårdenhet vilket motsvarar careUnitHSAId i HealthcareProfessionalType","Filtrering på vårdenhet vilket motsvarar careUnitHSAId i HealthcareProfessionalType. TKB-typ: HSAIdType. Kardinalitet: 0..*. OBS: elementet heter careUnitHSAid i XSD:n (GetCareDocumentationResponder_2.1.xsd / clinicalprocess_healthcond_description_2.1.xsd).","","","","","","","","","",,,,,"",,,,"getcaredocumentation-request.careUnitHSAId",0,*,"",""
"getcaredocumentation-request","getcaredocumentation-request.patientId","getcaredocumentation-request.patientId","","","",1,1,"","","","Identifier {[]} {[]}
","Id för patienten där fältet id sätts till patientens identifierare","Id för patienten där fältet id sätts till patientens identifierare. Anges med 12 tecken utan avskiljare. / Fältet type sätts till OID för typ av identifierare. / 1) För personnummer ska Skatteverkets OID för personnummer (1.2.752.129.2.1.3.1) användas, [R14]. / 2) För samordningsnummer ska Skatteverkets OID för samordningsnummer (1.2.752.129.2.1.3.3) användas, [R14] / 3) Tjänsteproducenter ska även stödja sökning på reservnummer med hjälp av att ange lokalt definierade OID’ar för reservnummer, exempelvis SLL reservnummer (1.2.752.97.3.1.3), [R14]. / OBS reservnummer kan ej användas tillsammans med EI och aggregerande tjänster då dessa komponenter idag inte är anpassade för att stödja typ av id, inga uppdateringar till EI ska göras av en tjänsteproducent för reservnummer. / En tjänstekonsument som vill begära mha reservnummer måste därmed använda sig av systemadressering och ha vetskap om vilken reservnummer-OID som gäller vid anrop mot en specifik tjänsteproducent. TKB-typ: PersonIdType. Kardinalitet: 1..1.","","","","","","","","","",,,,,"",,,,"getcaredocumentation-request.patientId",1,1,"",""
"getcaredocumentation-request","getcaredocumentation-request.timePeriod","getcaredocumentation-request.timePeriod","","","",0,1,"","","","Period {[]} {[]}
","Begränsar sökningen till det angivna intervallet","Begränsar sökningen till det angivna intervallet. Begränsningen innebär att endast poster returneras där någon av tidpunkterna documentTime, authorTime, signatureTime eller dissentingOpinion.authorTime i svaret ligger inom sökintervallets start- och slutdatum. / Notera att sökintervallet beskrivs som ett datumintervall. Vid jämförelse konverteras datapostens tidpunkter till datum. TKB-typ: DatePeriodType. Kardinalitet: 0..1. Underelement i DatePeriodType: start (string, 1..1): Startdatum. Format ÅÅÅÅMMDD. | end (string, 1..1): Slutdatum. Format ÅÅÅÅMMDD.","","","","","","","","","",,,,,"",,,,"getcaredocumentation-request.timePeriod",0,1,"","ele-1:All FHIR elements must have a @value or children {hasValue() or (children().count() > id.count())}
per-1:If present, start SHALL have a lower value than end {start.hasValue().not() or end.hasValue().not() or (start <= end)}"
"getcaredocumentation-request","getcaredocumentation-request.timePeriod.id","getcaredocumentation-request.timePeriod.id","","","",0,1,"","","","string {[]} {[]}
","Unique id for inter-element referencing","Unique id for the element within a resource (for internal references). This may be any string value that does not contain spaces.","","","","","","","","","",,,,,"",,,,"Element.id",0,1,"",""
"getcaredocumentation-request","getcaredocumentation-request.timePeriod.extension","getcaredocumentation-request.timePeriod.extension","","extensions
user content","",0,*,"","","","Extension {[]} {[]}
","Additional content defined by implementations","May be used to represent additional information that is not part of the basic definition of the element. To make the use of extensions safe and manageable, there is a strict set of governance  applied to the definition and use of extensions. Though any implementer can define an extension, there is a set of requirements that SHALL be met as part of the definition of the extension.","There can be no stigma associated with the use of extensions by any application, project, or standard - regardless of the institution or jurisdiction that uses or defines the extensions.  The use of extensions is what allows the FHIR specification to retain a core level of simplicity for everyone.","","","","","","","","",,,,,"","value:url}
","Extensions are always sliced by (at least) url",,"open","Element.extension",0,*,"","ele-1:All FHIR elements must have a @value or children {hasValue() or (children().count() > id.count())}
ext-1:Must have either extensions or value[x], not both {extension.exists() != value.exists()}"
"getcaredocumentation-request","getcaredocumentation-request.timePeriod.start","getcaredocumentation-request.timePeriod.start","","","",1,1,"","","Y","dateTime {[]} {[]}
","Starting time with inclusive boundary","The start of the period. The boundary is inclusive.","If the low element is missing, the meaning is that the low boundary is not known.","","","","","","","","",,,,,"",,,,"Period.start",0,1,"per-1
","ele-1:All FHIR elements must have a @value or children {hasValue() or (children().count() > id.count())}
"
"getcaredocumentation-request","getcaredocumentation-request.timePeriod.end","getcaredocumentation-request.timePeriod.end","","","",1,1,"","","Y","dateTime {[]} {[]}
","End time with inclusive boundary, if not ongoing","The end of the period. If the end of the period is missing, it means no end was known or planned at the time the instance was created. The start may be in the past, and the end date in the future, which means that period is expected/planned to end at that time.","The high value includes any matching date/time. i.e. 2012-02-03T10:00:00 is in a period that has an end value of 2012-02-03.","","","If the end of the period is missing, it means that the period is ongoing","","","","","",,,,,"",,,,"Period.end",0,1,"per-1
","ele-1:All FHIR elements must have a @value or children {hasValue() or (children().count() > id.count())}
"
"getcaredocumentation-request","getcaredocumentation-request.sourceSystemHSAId","getcaredocumentation-request.sourceSystemHSAId","","","",0,1,"","","","Identifier {[]} {[]}
","Begränsar sökningen till aktivitet som är skapad i det angivna källsystemet","Begränsar sökningen till aktivitet som är skapad i det angivna källsystemet. Tjänsteproducenten förväntas enbart returnera poster som tillhör efterfrågat källsystem. / Värdet på detta fält måste överensstämma med värdet på logicalAddress i anropets tekniska kuvertering (ex. SOAP-header). / Det innebär i praktiken att aggregerande tjänster inte används när detta fält anges. / Ska anges om careContactId angivits. / Ska anges vid begäran på reservnummer. / Om sourceSystemHSAId och logicalAddress är olika ska ett svar endast innehålla en resultType med result.resultCode satt till ERROR samt result.errorCode satt till INVALID_REQUEST / Om careContactId är satt och sourceSystemHSAId är tomt ska ett svar endast innehålla en resultType med  result.resultCode satt till ERROR samt result.errorCode satt till INVALID_REQUEST. TKB-typ: HSAIdType. Kardinalitet: 0..1. OBS: elementet heter sourceSystemHSAid i XSD:n (GetCareDocumentationResponder_2.1.xsd / clinicalprocess_healthcond_description_2.1.xsd).","","","","","","","","","",,,,,"",,,,"getcaredocumentation-request.sourceSystemHSAId",0,1,"",""
"getcaredocumentation-request","getcaredocumentation-request.careContactId","getcaredocumentation-request.careContactId","","","",0,*,"","","","string {[]} {[]}
","Begränsar sökningen till den hälso- och sjukvårdskontakt som föranlett den information som omfattas av …","Begränsar sökningen till den hälso- och sjukvårdskontakt som föranlett den information som omfattas av dokumentet. Identiteten är unik inom källsystemet. sourceSystemHSAId måste anges om denna parameter anges. TKB-typ: string. Kardinalitet: 0..*.","","","","","","","","","",,,,,"",,,,"getcaredocumentation-request.careContactId",0,*,"",""
"getcaredocumentation","getcaredocumentation","getcaredocumentation","","","",0,*,"","","","null {[]} {[]}
","GetCareDocumentation","Logisk modell för svaret i tjänstekontraktet GetCareDocumentation version 2.1 (RIV-TA urn:riv:clinicalprocess:healthcond:description:GetCareDocumentationResponder:2), enligt fältreglerna i TKB clinicalprocess:healthcond:description 2.1.18. Representerar svarets informationsstruktur: hälso- och sjukvårdsdokument för en patient samt resultat.","","","","","","","","","",,,,,"",,,,"Base",0,*,"",""
"getcaredocumentation","getcaredocumentation.careDocumentation","getcaredocumentation.careDocumentation","","","",0,*,"","","","BackboneElement {[]} {[]}
","De hälso- och sjukvårdsdokument som matchar begäran","De hälso- och sjukvårdsdokument som matchar begäran. TKB-typ: CareDocumentationType. Kardinalitet: 0..*.","","","","","","","","","",,,,,"",,,,"getcaredocumentation.careDocumentation",0,*,"","ele-1:All FHIR elements must have a @value or children {hasValue() or (children().count() > id.count())}
"
"getcaredocumentation","getcaredocumentation.careDocumentation.id","getcaredocumentation.careDocumentation.id","","","",0,1,"","","","string {[]} {[]}
","Unique id for inter-element referencing","Unique id for the element within a resource (for internal references). This may be any string value that does not contain spaces.","","","","","","","","","",,,,,"",,,,"Element.id",0,1,"",""
"getcaredocumentation","getcaredocumentation.careDocumentation.extension","getcaredocumentation.careDocumentation.extension","","extensions
user content","",0,*,"","","","Extension {[]} {[]}
","Additional content defined by implementations","May be used to represent additional information that is not part of the basic definition of the element. To make the use of extensions safe and manageable, there is a strict set of governance  applied to the definition and use of extensions. Though any implementer can define an extension, there is a set of requirements that SHALL be met as part of the definition of the extension.","There can be no stigma associated with the use of extensions by any application, project, or standard - regardless of the institution or jurisdiction that uses or defines the extensions.  The use of extensions is what allows the FHIR specification to retain a core level of simplicity for everyone.","","","","","","","","",,,,,"","value:url}
","Extensions are always sliced by (at least) url",,"open","Element.extension",0,*,"","ele-1:All FHIR elements must have a @value or children {hasValue() or (children().count() > id.count())}
ext-1:Must have either extensions or value[x], not both {extension.exists() != value.exists()}"
"getcaredocumentation","getcaredocumentation.careDocumentation.modifierExtension","getcaredocumentation.careDocumentation.modifierExtension","","extensions
user contentmodifiers","",0,*,"","Y","Y","Extension {[]} {[]}
","Extensions that cannot be ignored even if unrecognized","May be used to represent additional information that is not part of the basic definition of the element and that modifies the understanding of the element in which it is contained and/or the understanding of the containing element's descendants. Usually modifier elements provide negation or qualification. To make the use of extensions safe and manageable, there is a strict set of governance applied to the definition and use of extensions. Though any implementer can define an extension, there is a set of requirements that SHALL be met as part of the definition of the extension. Applications processing a resource are required to check for modifier extensions.

Modifier extensions SHALL NOT change the meaning of any elements on Resource or DomainResource (including cannot change the meaning of modifierExtension itself).","There can be no stigma associated with the use of extensions by any application, project, or standard - regardless of the institution or jurisdiction that uses or defines the extensions.  The use of extensions is what allows the FHIR specification to retain a core level of simplicity for everyone.","Modifier extensions allow for extensions that *cannot* be safely ignored to be clearly distinguished from the vast majority of extensions which can be safely ignored.  This promotes interoperability by eliminating the need for implementers to prohibit the presence of extensions. For further information, see the [definition of modifier extensions](http://hl7.org/fhir/R4/extensibility.html#modifierExtension).","","","","","","","",,,,,"",,,,"BackboneElement.modifierExtension",0,*,"","ele-1:All FHIR elements must have a @value or children {hasValue() or (children().count() > id.count())}
ext-1:Must have either extensions or value[x], not both {extension.exists() != value.exists()}"
"getcaredocumentation","getcaredocumentation.careDocumentation.careDocumentationHeader","getcaredocumentation.careDocumentation.careDocumentationHeader","","","",1,1,"","","","BackboneElement {[]} {[]}
","Innehåller basinformation om dokumentet","Innehåller basinformation om dokumentet. TKB-typ: PatientSummaryHeaderType. Kardinalitet: 1..1.","","","","","","","","","",,,,,"",,,,"getcaredocumentation.careDocumentation.careDocumentationHeader",1,1,"","ele-1:All FHIR elements must have a @value or children {hasValue() or (children().count() > id.count())}
"
"getcaredocumentation","getcaredocumentation.careDocumentation.careDocumentationHeader.id","getcaredocumentation.careDocumentation.careDocumentationHeader.id","","","",0,1,"","","","string {[]} {[]}
","Unique id for inter-element referencing","Unique id for the element within a resource (for internal references). This may be any string value that does not contain spaces.","","","","","","","","","",,,,,"",,,,"Element.id",0,1,"",""
"getcaredocumentation","getcaredocumentation.careDocumentation.careDocumentationHeader.extension","getcaredocumentation.careDocumentation.careDocumentationHeader.extension","","extensions
user content","",0,*,"","","","Extension {[]} {[]}
","Additional content defined by implementations","May be used to represent additional information that is not part of the basic definition of the element. To make the use of extensions safe and manageable, there is a strict set of governance  applied to the definition and use of extensions. Though any implementer can define an extension, there is a set of requirements that SHALL be met as part of the definition of the extension.","There can be no stigma associated with the use of extensions by any application, project, or standard - regardless of the institution or jurisdiction that uses or defines the extensions.  The use of extensions is what allows the FHIR specification to retain a core level of simplicity for everyone.","","","","","","","","",,,,,"","value:url}
","Extensions are always sliced by (at least) url",,"open","Element.extension",0,*,"","ele-1:All FHIR elements must have a @value or children {hasValue() or (children().count() > id.count())}
ext-1:Must have either extensions or value[x], not both {extension.exists() != value.exists()}"
"getcaredocumentation","getcaredocumentation.careDocumentation.careDocumentationHeader.modifierExtension","getcaredocumentation.careDocumentation.careDocumentationHeader.modifierExtension","","extensions
user contentmodifiers","",0,*,"","Y","Y","Extension {[]} {[]}
","Extensions that cannot be ignored even if unrecognized","May be used to represent additional information that is not part of the basic definition of the element and that modifies the understanding of the element in which it is contained and/or the understanding of the containing element's descendants. Usually modifier elements provide negation or qualification. To make the use of extensions safe and manageable, there is a strict set of governance applied to the definition and use of extensions. Though any implementer can define an extension, there is a set of requirements that SHALL be met as part of the definition of the extension. Applications processing a resource are required to check for modifier extensions.

Modifier extensions SHALL NOT change the meaning of any elements on Resource or DomainResource (including cannot change the meaning of modifierExtension itself).","There can be no stigma associated with the use of extensions by any application, project, or standard - regardless of the institution or jurisdiction that uses or defines the extensions.  The use of extensions is what allows the FHIR specification to retain a core level of simplicity for everyone.","Modifier extensions allow for extensions that *cannot* be safely ignored to be clearly distinguished from the vast majority of extensions which can be safely ignored.  This promotes interoperability by eliminating the need for implementers to prohibit the presence of extensions. For further information, see the [definition of modifier extensions](http://hl7.org/fhir/R4/extensibility.html#modifierExtension).","","","","","","","",,,,,"",,,,"BackboneElement.modifierExtension",0,*,"","ele-1:All FHIR elements must have a @value or children {hasValue() or (children().count() > id.count())}
ext-1:Must have either extensions or value[x], not both {extension.exists() != value.exists()}"
"getcaredocumentation","getcaredocumentation.careDocumentation.careDocumentationHeader.documentId","getcaredocumentation.careDocumentation.careDocumentationHeader.documentId","","","",1,1,"","","","string {[]} {[]}
","Dokumentets identitet som är unik inom källsystemet","Dokumentets identitet som är unik inom källsystemet. / Identifieraren ska vara konsistent och beständigt mellan olika majorversioner av ett kontrakt. Ett exempel på detta är att en vårdkontakt ska ha samma identifierare i majorversion 3 och 4 av ett tjänstekontrakt för att läsa vårdkontakter. / Identifieraren ska vara konsistent och beständigt mellan olika kontrakt. Ett exempel på detta är att samma remiss-identitet ska användas i ett tjänstekontrakt för att läsa remisser, samt tjänstekontraktet som läser remissvar som refererar till den ursprungliga remissen. TKB-typ: string. Kardinalitet: 1..1.","","","","","","","","","",,,,,"",,,,"getcaredocumentation.careDocumentation.careDocumentationHeader.documentId",1,1,"",""
"getcaredocumentation","getcaredocumentation.careDocumentation.careDocumentationHeader.sourceSystemHSAid","getcaredocumentation.careDocumentation.careDocumentationHeader.sourceSystemHSAid","","","",1,1,"","","","Identifier {[]} {[]}
","HSA-id för det system som dokumentet är skapat i","HSA-id för det system som dokumentet är skapat i. / Notera att elementnamnet i de andra kontrakten är sourceSystemHSAId (med ett versalt I). Skälet till avvikelsen här är p.g.a. behovet av detta kontrakts bakåtkompatibilitet med kontraktet i version 2.0. TKB-typ: HSAIdType. Kardinalitet: 1..1.","","","","","","","","","",,,,,"",,,,"getcaredocumentation.careDocumentation.careDocumentationHeader.sourceSystemHSAid",1,1,"",""
"getcaredocumentation","getcaredocumentation.careDocumentation.careDocumentationHeader.documentTitle","getcaredocumentation.careDocumentation.careDocumentationHeader.documentTitle","","","",0,1,"","","","string {[]} {[]}
","Titel som beskriver den information som sänds i dokumentet","Titel som beskriver den information som sänds i dokumentet. TKB-typ: string. Kardinalitet: 0..1.","","","","","","","","","",,,,,"",,,,"getcaredocumentation.careDocumentation.careDocumentationHeader.documentTitle",0,1,"",""
"getcaredocumentation","getcaredocumentation.careDocumentation.careDocumentationHeader.documentTime","getcaredocumentation.careDocumentation.careDocumentationHeader.documentTime","","","",0,1,"","","","dateTime {[]} {[]}
","Händelsetidpunkt","Händelsetidpunkt. Tidsangivelse för den händelse dokumentet gäller. TKB-typ: TimeStampType. Kardinalitet: 0..1.","","","","","","","","","",,,,,"",,,,"getcaredocumentation.careDocumentation.careDocumentationHeader.documentTime",0,1,"",""
"getcaredocumentation","getcaredocumentation.careDocumentation.careDocumentationHeader.patientId","getcaredocumentation.careDocumentation.careDocumentationHeader.patientId","","","",1,1,"","","","Identifier {[]} {[]}
","Identifierare för patient","Identifierare för patient. TKB-typ: PersonIdType. Kardinalitet: 1..1. Underelement i PersonIdType: id (string, 1..1): Sätts till patientens identifierare. Anges med 12 tecken utan avskiljare. | type (string, 1..1): Sätts till OID för typ av identifierare. / För personnummer ska Skatteverkets personnummer (1.2.752.129.2.1.3.1), [R14]. / För samordningsnummer ska Skatteverkets samordningsnummer (1.2.752.129.2.1.3.3) ), [R14]. / För reservnummer används lokalt definierade reservnummet, exempelvis SLL reservnummer (1.2.752.97.3.1.3) ), [R14].","","","","","","","","","",,,,,"",,,,"getcaredocumentation.careDocumentation.careDocumentationHeader.patientId",1,1,"",""
"getcaredocumentation","getcaredocumentation.careDocumentation.careDocumentationHeader.accountableHealthcareProfessional","getcaredocumentation.careDocumentation.careDocumentationHeader.accountableHealthcareProfessional","","","",1,1,"","","","BackboneElement {[]} {[]}
","Information om den hälso- och sjukvårdsperson som ansvarar för informationen i dokumentet, nedan kallas …","Information om den hälso- och sjukvårdsperson som ansvarar för informationen i dokumentet, nedan kallas författare. TKB-typ: HealthcareProfessionalType. Kardinalitet: 1..1.","","","","","","","","","",,,,,"",,,,"getcaredocumentation.careDocumentation.careDocumentationHeader.accountableHealthcareProfessional",1,1,"","ele-1:All FHIR elements must have a @value or children {hasValue() or (children().count() > id.count())}
"
"getcaredocumentation","getcaredocumentation.careDocumentation.careDocumentationHeader.accountableHealthcareProfessional.id","getcaredocumentation.careDocumentation.careDocumentationHeader.accountableHealthcareProfessional.id","","","",0,1,"","","","string {[]} {[]}
","Unique id for inter-element referencing","Unique id for the element within a resource (for internal references). This may be any string value that does not contain spaces.","","","","","","","","","",,,,,"",,,,"Element.id",0,1,"",""
"getcaredocumentation","getcaredocumentation.careDocumentation.careDocumentationHeader.accountableHealthcareProfessional.extension","getcaredocumentation.careDocumentation.careDocumentationHeader.accountableHealthcareProfessional.extension","","extensions
user content","",0,*,"","","","Extension {[]} {[]}
","Additional content defined by implementations","May be used to represent additional information that is not part of the basic definition of the element. To make the use of extensions safe and manageable, there is a strict set of governance  applied to the definition and use of extensions. Though any implementer can define an extension, there is a set of requirements that SHALL be met as part of the definition of the extension.","There can be no stigma associated with the use of extensions by any application, project, or standard - regardless of the institution or jurisdiction that uses or defines the extensions.  The use of extensions is what allows the FHIR specification to retain a core level of simplicity for everyone.","","","","","","","","",,,,,"","value:url}
","Extensions are always sliced by (at least) url",,"open","Element.extension",0,*,"","ele-1:All FHIR elements must have a @value or children {hasValue() or (children().count() > id.count())}
ext-1:Must have either extensions or value[x], not both {extension.exists() != value.exists()}"
"getcaredocumentation","getcaredocumentation.careDocumentation.careDocumentationHeader.accountableHealthcareProfessional.modifierExtension","getcaredocumentation.careDocumentation.careDocumentationHeader.accountableHealthcareProfessional.modifierExtension","","extensions
user contentmodifiers","",0,*,"","Y","Y","Extension {[]} {[]}
","Extensions that cannot be ignored even if unrecognized","May be used to represent additional information that is not part of the basic definition of the element and that modifies the understanding of the element in which it is contained and/or the understanding of the containing element's descendants. Usually modifier elements provide negation or qualification. To make the use of extensions safe and manageable, there is a strict set of governance applied to the definition and use of extensions. Though any implementer can define an extension, there is a set of requirements that SHALL be met as part of the definition of the extension. Applications processing a resource are required to check for modifier extensions.

Modifier extensions SHALL NOT change the meaning of any elements on Resource or DomainResource (including cannot change the meaning of modifierExtension itself).","There can be no stigma associated with the use of extensions by any application, project, or standard - regardless of the institution or jurisdiction that uses or defines the extensions.  The use of extensions is what allows the FHIR specification to retain a core level of simplicity for everyone.","Modifier extensions allow for extensions that *cannot* be safely ignored to be clearly distinguished from the vast majority of extensions which can be safely ignored.  This promotes interoperability by eliminating the need for implementers to prohibit the presence of extensions. For further information, see the [definition of modifier extensions](http://hl7.org/fhir/R4/extensibility.html#modifierExtension).","","","","","","","",,,,,"",,,,"BackboneElement.modifierExtension",0,*,"","ele-1:All FHIR elements must have a @value or children {hasValue() or (children().count() > id.count())}
ext-1:Must have either extensions or value[x], not both {extension.exists() != value.exists()}"
"getcaredocumentation","getcaredocumentation.careDocumentation.careDocumentationHeader.accountableHealthcareProfessional.authorTime","getcaredocumentation.careDocumentation.careDocumentationHeader.accountableHealthcareProfessional.authorTime","","","",1,1,"","","","dateTime {[]} {[]}
","Tidpunkt då informationen registrerades","Tidpunkt då informationen registrerades. TKB-typ: TimeStampType. Kardinalitet: 1..1.","","","","","","","","","",,,,,"",,,,"getcaredocumentation.careDocumentation.careDocumentationHeader.accountableHealthcareProfessional.authorTime",1,1,"",""
"getcaredocumentation","getcaredocumentation.careDocumentation.careDocumentationHeader.accountableHealthcareProfessional.healthcareProfessionalHSAId","getcaredocumentation.careDocumentation.careDocumentationHeader.accountableHealthcareProfessional.healthcareProfessionalHSAId","","","",0,1,"","","","Identifier {[]} {[]}
","Författarens HSA-id","Författarens HSA-id. TKB-typ: HSAIdType. Kardinalitet: 0..1.","","","","","","","","","",,,,,"",,,,"getcaredocumentation.careDocumentation.careDocumentationHeader.accountableHealthcareProfessional.healthcareProfessionalHSAId",0,1,"",""
"getcaredocumentation","getcaredocumentation.careDocumentation.careDocumentationHeader.accountableHealthcareProfessional.healthcareProfessionalName","getcaredocumentation.careDocumentation.careDocumentationHeader.accountableHealthcareProfessional.healthcareProfessionalName","","","",0,1,"","","","string {[]} {[]}
","Namn på författaren","Namn på författaren. Om tillgängligt ska detta anges. TKB-typ: string. Kardinalitet: 0..1.","","","","","","","","","",,,,,"",,,,"getcaredocumentation.careDocumentation.careDocumentationHeader.accountableHealthcareProfessional.healthcareProfessionalName",0,1,"",""
"getcaredocumentation","getcaredocumentation.careDocumentation.careDocumentationHeader.accountableHealthcareProfessional.healthcareProfessionalRoleCode","getcaredocumentation.careDocumentation.careDocumentationHeader.accountableHealthcareProfessional.healthcareProfessionalRoleCode","","","",0,1,"","","","CodeableConcept {[]} {[]}
","Information om personens befattning","Information om personens befattning. Om möjligt ska kodverket Befattning (OID 1.2.752.129.2.2.1.4), [R13]. TKB-typ: CVType. Kardinalitet: 0..1. Underelement i CVType: code (string, 0..1): Befattningskod. Om code anges ska också codeSystem  samt displayName anges. | codeSystem (string, 0..1): Kodsystem för befattningskod. Om codeSystem anges ska också code samt displayName anges. | codeSystemName (string, 0..1): Namn på kodsystem för befattningskod. | codeSystemVersion (string, 0..1): Version på kodsystem för befattningskod. | displayName (string, 0..1): Befattningskoden i klartext. Om separat displayName inte finns i producerande system ska samma värde som i code anges. | originalText (string, 0..1): Om befattning är beskriven i ett lokalt kodverk utan OID, eller när kod helt saknas, kan en beskrivande text anges i originalText. / Om originalText anges ska inget annat värde i healthcareProfessionalRoleCode anges.","","","","","","","","","",,,,,"",,,,"getcaredocumentation.careDocumentation.careDocumentationHeader.accountableHealthcareProfessional.healthcareProfessionalRoleCode",0,1,"",""
"getcaredocumentation","getcaredocumentation.careDocumentation.careDocumentationHeader.accountableHealthcareProfessional.healthcareProfessionalOrgUnit","getcaredocumentation.careDocumentation.careDocumentationHeader.accountableHealthcareProfessional.healthcareProfessionalOrgUnit","","","",1,1,"","","","BackboneElement {[]} {[]}
","Den organisation som författaren är uppdragstagare på","Den organisation som författaren är uppdragstagare på. I de fall då HSA-id inte finns tillgängligt i systemet ska lokalt id anges (unikt inom källsystemet). TKB-typ: OrgUnitType. Kardinalitet: 1..1.","","","","","","","","","",,,,,"",,,,"getcaredocumentation.careDocumentation.careDocumentationHeader.accountableHealthcareProfessional.healthcareProfessionalOrgUnit",1,1,"","ele-1:All FHIR elements must have a @value or children {hasValue() or (children().count() > id.count())}
"
"getcaredocumentation","getcaredocumentation.careDocumentation.careDocumentationHeader.accountableHealthcareProfessional.healthcareProfessionalOrgUnit.id","getcaredocumentation.careDocumentation.careDocumentationHeader.accountableHealthcareProfessional.healthcareProfessionalOrgUnit.id","","","",0,1,"","","","string {[]} {[]}
","Unique id for inter-element referencing","Unique id for the element within a resource (for internal references). This may be any string value that does not contain spaces.","","","","","","","","","",,,,,"",,,,"Element.id",0,1,"",""
"getcaredocumentation","getcaredocumentation.careDocumentation.careDocumentationHeader.accountableHealthcareProfessional.healthcareProfessionalOrgUnit.extension","getcaredocumentation.careDocumentation.careDocumentationHeader.accountableHealthcareProfessional.healthcareProfessionalOrgUnit.extension","","extensions
user content","",0,*,"","","","Extension {[]} {[]}
","Additional content defined by implementations","May be used to represent additional information that is not part of the basic definition of the element. To make the use of extensions safe and manageable, there is a strict set of governance  applied to the definition and use of extensions. Though any implementer can define an extension, there is a set of requirements that SHALL be met as part of the definition of the extension.","There can be no stigma associated with the use of extensions by any application, project, or standard - regardless of the institution or jurisdiction that uses or defines the extensions.  The use of extensions is what allows the FHIR specification to retain a core level of simplicity for everyone.","","","","","","","","",,,,,"","value:url}
","Extensions are always sliced by (at least) url",,"open","Element.extension",0,*,"","ele-1:All FHIR elements must have a @value or children {hasValue() or (children().count() > id.count())}
ext-1:Must have either extensions or value[x], not both {extension.exists() != value.exists()}"
"getcaredocumentation","getcaredocumentation.careDocumentation.careDocumentationHeader.accountableHealthcareProfessional.healthcareProfessionalOrgUnit.modifierExtension","getcaredocumentation.careDocumentation.careDocumentationHeader.accountableHealthcareProfessional.healthcareProfessionalOrgUnit.modifierExtension","","extensions
user contentmodifiers","",0,*,"","Y","Y","Extension {[]} {[]}
","Extensions that cannot be ignored even if unrecognized","May be used to represent additional information that is not part of the basic definition of the element and that modifies the understanding of the element in which it is contained and/or the understanding of the containing element's descendants. Usually modifier elements provide negation or qualification. To make the use of extensions safe and manageable, there is a strict set of governance applied to the definition and use of extensions. Though any implementer can define an extension, there is a set of requirements that SHALL be met as part of the definition of the extension. Applications processing a resource are required to check for modifier extensions.

Modifier extensions SHALL NOT change the meaning of any elements on Resource or DomainResource (including cannot change the meaning of modifierExtension itself).","There can be no stigma associated with the use of extensions by any application, project, or standard - regardless of the institution or jurisdiction that uses or defines the extensions.  The use of extensions is what allows the FHIR specification to retain a core level of simplicity for everyone.","Modifier extensions allow for extensions that *cannot* be safely ignored to be clearly distinguished from the vast majority of extensions which can be safely ignored.  This promotes interoperability by eliminating the need for implementers to prohibit the presence of extensions. For further information, see the [definition of modifier extensions](http://hl7.org/fhir/R4/extensibility.html#modifierExtension).","","","","","","","",,,,,"",,,,"BackboneElement.modifierExtension",0,*,"","ele-1:All FHIR elements must have a @value or children {hasValue() or (children().count() > id.count())}
ext-1:Must have either extensions or value[x], not both {extension.exists() != value.exists()}"
"getcaredocumentation","getcaredocumentation.careDocumentation.careDocumentationHeader.accountableHealthcareProfessional.healthcareProfessionalOrgUnit.orgUnitHSAId","getcaredocumentation.careDocumentation.careDocumentationHeader.accountableHealthcareProfessional.healthcareProfessionalOrgUnit.orgUnitHSAId","","","",1,1,"","","","Identifier {[]} {[]}
","HSA-id för organisationsenhet","HSA-id för organisationsenhet. I de fall då HSA-id inte finns tillgängligt i systemet ska lokalt id anges (unikt inom källsystemet). TKB-typ: HSAIdType. Kardinalitet: 1..1.","","","","","","","","","",,,,,"",,,,"getcaredocumentation.careDocumentation.careDocumentationHeader.accountableHealthcareProfessional.healthcareProfessionalOrgUnit.orgUnitHSAId",1,1,"",""
"getcaredocumentation","getcaredocumentation.careDocumentation.careDocumentationHeader.accountableHealthcareProfessional.healthcareProfessionalOrgUnit.orgUnitName","getcaredocumentation.careDocumentation.careDocumentationHeader.accountableHealthcareProfessional.healthcareProfessionalOrgUnit.orgUnitName","","","",1,1,"","","","string {[]} {[]}
","Namnet på den organisation som författaren är uppdragstagare på","Namnet på den organisation som författaren är uppdragstagare på. TKB-typ: string. Kardinalitet: 1..1.","","","","","","","","","",,,,,"",,,,"getcaredocumentation.careDocumentation.careDocumentationHeader.accountableHealthcareProfessional.healthcareProfessionalOrgUnit.orgUnitName",1,1,"",""
"getcaredocumentation","getcaredocumentation.careDocumentation.careDocumentationHeader.accountableHealthcareProfessional.healthcareProfessionalOrgUnit.orgUnitTelecom","getcaredocumentation.careDocumentation.careDocumentationHeader.accountableHealthcareProfessional.healthcareProfessionalOrgUnit.orgUnitTelecom","","","",0,1,"","","","string {[]} {[]}
","Telefon till organisationsenhet","Telefon till organisationsenhet. TKB-typ: string. Kardinalitet: 0..1.","","","","","","","","","",,,,,"",,,,"getcaredocumentation.careDocumentation.careDocumentationHeader.accountableHealthcareProfessional.healthcareProfessionalOrgUnit.orgUnitTelecom",0,1,"",""
"getcaredocumentation","getcaredocumentation.careDocumentation.careDocumentationHeader.accountableHealthcareProfessional.healthcareProfessionalOrgUnit.orgUnitEmail","getcaredocumentation.careDocumentation.careDocumentationHeader.accountableHealthcareProfessional.healthcareProfessionalOrgUnit.orgUnitEmail","","","",0,1,"","","","string {[]} {[]}
","Epost till enhet","Epost till enhet. TKB-typ: string. Kardinalitet: 0..1.","","","","","","","","","",,,,,"",,,,"getcaredocumentation.careDocumentation.careDocumentationHeader.accountableHealthcareProfessional.healthcareProfessionalOrgUnit.orgUnitEmail",0,1,"",""
"getcaredocumentation","getcaredocumentation.careDocumentation.careDocumentationHeader.accountableHealthcareProfessional.healthcareProfessionalOrgUnit.orgUnitAddress","getcaredocumentation.careDocumentation.careDocumentationHeader.accountableHealthcareProfessional.healthcareProfessionalOrgUnit.orgUnitAddress","","","",0,1,"","","","string {[]} {[]}
","Postadress för den organisation som författaren är uppdragstagare på","Postadress för den organisation som författaren är uppdragstagare på. Skrivs på ett så naturligt sätt som möjligt, exempelvis: / ”Storgatan 12 / 468 91 Lilleby”. TKB-typ: string. Kardinalitet: 0..1.","","","","","","","","","",,,,,"",,,,"getcaredocumentation.careDocumentation.careDocumentationHeader.accountableHealthcareProfessional.healthcareProfessionalOrgUnit.orgUnitAddress",0,1,"",""
"getcaredocumentation","getcaredocumentation.careDocumentation.careDocumentationHeader.accountableHealthcareProfessional.healthcareProfessionalOrgUnit.orgUnitLocation","getcaredocumentation.careDocumentation.careDocumentationHeader.accountableHealthcareProfessional.healthcareProfessionalOrgUnit.orgUnitLocation","","","",0,1,"","","","string {[]} {[]}
","Text som anger namnet på plats eller ort för organisationens fysiska placering","Text som anger namnet på plats eller ort för organisationens fysiska placering. TKB-typ: string. Kardinalitet: 0..1.","","","","","","","","","",,,,,"",,,,"getcaredocumentation.careDocumentation.careDocumentationHeader.accountableHealthcareProfessional.healthcareProfessionalOrgUnit.orgUnitLocation",0,1,"",""
"getcaredocumentation","getcaredocumentation.careDocumentation.careDocumentationHeader.accountableHealthcareProfessional.healthcareProfessionalCareUnitHSAId","getcaredocumentation.careDocumentation.careDocumentationHeader.accountableHealthcareProfessional.healthcareProfessionalCareUnitHSAId","","","",0,1,"","","","Identifier {[]} {[]}
","HSA-id för Vårdenhet","HSA-id för Vårdenhet / (Regel: 1) TKB-typ: HSAIdType. Kardinalitet: 0..1.","","","","","","","","","",,,,,"",,,,"getcaredocumentation.careDocumentation.careDocumentationHeader.accountableHealthcareProfessional.healthcareProfessionalCareUnitHSAId",0,1,"",""
"getcaredocumentation","getcaredocumentation.careDocumentation.careDocumentationHeader.accountableHealthcareProfessional.healthcareProfessionalCareGiverHSAId","getcaredocumentation.careDocumentation.careDocumentationHeader.accountableHealthcareProfessional.healthcareProfessionalCareGiverHSAId","","","",0,1,"","","","Identifier {[]} {[]}
","HSA-id för vårdgivaren, som är vårdgivare för den enhet som författaren är uppdragstagare för","HSA-id för vårdgivaren, som är vårdgivare för den enhet som författaren är uppdragstagare för. / (Regel: 1) TKB-typ: HSAIdType. Kardinalitet: 0..1.","","","","","","","","","",,,,,"",,,,"getcaredocumentation.careDocumentation.careDocumentationHeader.accountableHealthcareProfessional.healthcareProfessionalCareGiverHSAId",0,1,"",""
"getcaredocumentation","getcaredocumentation.careDocumentation.careDocumentationHeader.legalAuthenticator","getcaredocumentation.careDocumentation.careDocumentationHeader.legalAuthenticator","","","",0,1,"","","","BackboneElement {[]} {[]}
","Information om vem som signerat informationen i dokumentet","Information om vem som signerat informationen i dokumentet. TKB-typ: LegalAuthenticatorType. Kardinalitet: 0..1.","","","","","","","","","",,,,,"",,,,"getcaredocumentation.careDocumentation.careDocumentationHeader.legalAuthenticator",0,1,"","ele-1:All FHIR elements must have a @value or children {hasValue() or (children().count() > id.count())}
"
"getcaredocumentation","getcaredocumentation.careDocumentation.careDocumentationHeader.legalAuthenticator.id","getcaredocumentation.careDocumentation.careDocumentationHeader.legalAuthenticator.id","","","",0,1,"","","","string {[]} {[]}
","Unique id for inter-element referencing","Unique id for the element within a resource (for internal references). This may be any string value that does not contain spaces.","","","","","","","","","",,,,,"",,,,"Element.id",0,1,"",""
"getcaredocumentation","getcaredocumentation.careDocumentation.careDocumentationHeader.legalAuthenticator.extension","getcaredocumentation.careDocumentation.careDocumentationHeader.legalAuthenticator.extension","","extensions
user content","",0,*,"","","","Extension {[]} {[]}
","Additional content defined by implementations","May be used to represent additional information that is not part of the basic definition of the element. To make the use of extensions safe and manageable, there is a strict set of governance  applied to the definition and use of extensions. Though any implementer can define an extension, there is a set of requirements that SHALL be met as part of the definition of the extension.","There can be no stigma associated with the use of extensions by any application, project, or standard - regardless of the institution or jurisdiction that uses or defines the extensions.  The use of extensions is what allows the FHIR specification to retain a core level of simplicity for everyone.","","","","","","","","",,,,,"","value:url}
","Extensions are always sliced by (at least) url",,"open","Element.extension",0,*,"","ele-1:All FHIR elements must have a @value or children {hasValue() or (children().count() > id.count())}
ext-1:Must have either extensions or value[x], not both {extension.exists() != value.exists()}"
"getcaredocumentation","getcaredocumentation.careDocumentation.careDocumentationHeader.legalAuthenticator.modifierExtension","getcaredocumentation.careDocumentation.careDocumentationHeader.legalAuthenticator.modifierExtension","","extensions
user contentmodifiers","",0,*,"","Y","Y","Extension {[]} {[]}
","Extensions that cannot be ignored even if unrecognized","May be used to represent additional information that is not part of the basic definition of the element and that modifies the understanding of the element in which it is contained and/or the understanding of the containing element's descendants. Usually modifier elements provide negation or qualification. To make the use of extensions safe and manageable, there is a strict set of governance applied to the definition and use of extensions. Though any implementer can define an extension, there is a set of requirements that SHALL be met as part of the definition of the extension. Applications processing a resource are required to check for modifier extensions.

Modifier extensions SHALL NOT change the meaning of any elements on Resource or DomainResource (including cannot change the meaning of modifierExtension itself).","There can be no stigma associated with the use of extensions by any application, project, or standard - regardless of the institution or jurisdiction that uses or defines the extensions.  The use of extensions is what allows the FHIR specification to retain a core level of simplicity for everyone.","Modifier extensions allow for extensions that *cannot* be safely ignored to be clearly distinguished from the vast majority of extensions which can be safely ignored.  This promotes interoperability by eliminating the need for implementers to prohibit the presence of extensions. For further information, see the [definition of modifier extensions](http://hl7.org/fhir/R4/extensibility.html#modifierExtension).","","","","","","","",,,,,"",,,,"BackboneElement.modifierExtension",0,*,"","ele-1:All FHIR elements must have a @value or children {hasValue() or (children().count() > id.count())}
ext-1:Must have either extensions or value[x], not both {extension.exists() != value.exists()}"
"getcaredocumentation","getcaredocumentation.careDocumentation.careDocumentationHeader.legalAuthenticator.signatureTime","getcaredocumentation.careDocumentation.careDocumentationHeader.legalAuthenticator.signatureTime","","","",1,1,"","","","dateTime {[]} {[]}
","Tidpunkt för signering","Tidpunkt för signering. TKB-typ: TimeStampType. Kardinalitet: 1..1.","","","","","","","","","",,,,,"",,,,"getcaredocumentation.careDocumentation.careDocumentationHeader.legalAuthenticator.signatureTime",1,1,"",""
"getcaredocumentation","getcaredocumentation.careDocumentation.careDocumentationHeader.legalAuthenticator.legalAuthenticatorHSAId","getcaredocumentation.careDocumentation.careDocumentationHeader.legalAuthenticator.legalAuthenticatorHSAId","","","",0,1,"","","","Identifier {[]} {[]}
","HSA-id för person som signerat dokumentet","HSA-id för person som signerat dokumentet. TKB-typ: HSAIdType. Kardinalitet: 0..1.","","","","","","","","","",,,,,"",,,,"getcaredocumentation.careDocumentation.careDocumentationHeader.legalAuthenticator.legalAuthenticatorHSAId",0,1,"",""
"getcaredocumentation","getcaredocumentation.careDocumentation.careDocumentationHeader.legalAuthenticator.legalAuthenticatorName","getcaredocumentation.careDocumentation.careDocumentationHeader.legalAuthenticator.legalAuthenticatorName","","","",0,1,"","","","string {[]} {[]}
","Namnen i klartext för signerande person","Namnen i klartext för signerande person. TKB-typ: string. Kardinalitet: 0..1.","","","","","","","","","",,,,,"",,,,"getcaredocumentation.careDocumentation.careDocumentationHeader.legalAuthenticator.legalAuthenticatorName",0,1,"",""
"getcaredocumentation","getcaredocumentation.careDocumentation.careDocumentationHeader.approvedForPatient","getcaredocumentation.careDocumentation.careDocumentationHeader.approvedForPatient","","","",1,1,"","","","boolean {[]} {[]}
","Anger om information får delas till patient","Anger om information får delas till patient. Värdet sätts i sådant fall till true, i annat fall till false. TKB-typ: boolean. Kardinalitet: 1..1.","","","","","","","","","",,,,,"",,,,"getcaredocumentation.careDocumentation.careDocumentationHeader.approvedForPatient",1,1,"",""
"getcaredocumentation","getcaredocumentation.careDocumentation.careDocumentationHeader.careContactId","getcaredocumentation.careDocumentation.careDocumentationHeader.careContactId","","","",0,1,"","","","string {[]} {[]}
","Identitetet för den hälso- och sjukvårdskontakt som föranlett den information som omfattas av dokumentet","Identitetet för den hälso- och sjukvårdskontakt som föranlett den information som omfattas av dokumentet. Identiteten är unik inom källsystemet. TKB-typ: string. Kardinalitet: 0..1.","","","","","","","","","",,,,,"",,,,"getcaredocumentation.careDocumentation.careDocumentationHeader.careContactId",0,1,"",""
"getcaredocumentation","getcaredocumentation.careDocumentation.careDocumentationHeader.nullified","getcaredocumentation.careDocumentation.careDocumentationHeader.nullified","","","",0,0,"","","","boolean {[]} {[]}
","nullified","Används ej. TKB-typ: -. Kardinalitet: 0..0.","","","","","","","","","",,,,,"",,,,"getcaredocumentation.careDocumentation.careDocumentationHeader.nullified",0,0,"",""
"getcaredocumentation","getcaredocumentation.careDocumentation.careDocumentationHeader.nullifiedReason","getcaredocumentation.careDocumentation.careDocumentationHeader.nullifiedReason","","","",0,0,"","","","string {[]} {[]}
","nullifiedReason","Används ej. TKB-typ: -. Kardinalitet: 0..0.","","","","","","","","","",,,,,"",,,,"getcaredocumentation.careDocumentation.careDocumentationHeader.nullifiedReason",0,0,"",""
"getcaredocumentation","getcaredocumentation.careDocumentation.careDocumentationBody","getcaredocumentation.careDocumentation.careDocumentationBody","","","",1,1,"","","","BackboneElement {[]} {[]}
","careDocumentationBody","careDocumentationBody. TKB-typ: CareDocumentationBodyType. Kardinalitet: 1..1.","","","","","","","","","",,,,,"",,,,"getcaredocumentation.careDocumentation.careDocumentationBody",1,1,"","ele-1:All FHIR elements must have a @value or children {hasValue() or (children().count() > id.count())}
"
"getcaredocumentation","getcaredocumentation.careDocumentation.careDocumentationBody.id","getcaredocumentation.careDocumentation.careDocumentationBody.id","","","",0,1,"","","","string {[]} {[]}
","Unique id for inter-element referencing","Unique id for the element within a resource (for internal references). This may be any string value that does not contain spaces.","","","","","","","","","",,,,,"",,,,"Element.id",0,1,"",""
"getcaredocumentation","getcaredocumentation.careDocumentation.careDocumentationBody.extension","getcaredocumentation.careDocumentation.careDocumentationBody.extension","","extensions
user content","",0,*,"","","","Extension {[]} {[]}
","Additional content defined by implementations","May be used to represent additional information that is not part of the basic definition of the element. To make the use of extensions safe and manageable, there is a strict set of governance  applied to the definition and use of extensions. Though any implementer can define an extension, there is a set of requirements that SHALL be met as part of the definition of the extension.","There can be no stigma associated with the use of extensions by any application, project, or standard - regardless of the institution or jurisdiction that uses or defines the extensions.  The use of extensions is what allows the FHIR specification to retain a core level of simplicity for everyone.","","","","","","","","",,,,,"","value:url}
","Extensions are always sliced by (at least) url",,"open","Element.extension",0,*,"","ele-1:All FHIR elements must have a @value or children {hasValue() or (children().count() > id.count())}
ext-1:Must have either extensions or value[x], not both {extension.exists() != value.exists()}"
"getcaredocumentation","getcaredocumentation.careDocumentation.careDocumentationBody.modifierExtension","getcaredocumentation.careDocumentation.careDocumentationBody.modifierExtension","","extensions
user contentmodifiers","",0,*,"","Y","Y","Extension {[]} {[]}
","Extensions that cannot be ignored even if unrecognized","May be used to represent additional information that is not part of the basic definition of the element and that modifies the understanding of the element in which it is contained and/or the understanding of the containing element's descendants. Usually modifier elements provide negation or qualification. To make the use of extensions safe and manageable, there is a strict set of governance applied to the definition and use of extensions. Though any implementer can define an extension, there is a set of requirements that SHALL be met as part of the definition of the extension. Applications processing a resource are required to check for modifier extensions.

Modifier extensions SHALL NOT change the meaning of any elements on Resource or DomainResource (including cannot change the meaning of modifierExtension itself).","There can be no stigma associated with the use of extensions by any application, project, or standard - regardless of the institution or jurisdiction that uses or defines the extensions.  The use of extensions is what allows the FHIR specification to retain a core level of simplicity for everyone.","Modifier extensions allow for extensions that *cannot* be safely ignored to be clearly distinguished from the vast majority of extensions which can be safely ignored.  This promotes interoperability by eliminating the need for implementers to prohibit the presence of extensions. For further information, see the [definition of modifier extensions](http://hl7.org/fhir/R4/extensibility.html#modifierExtension).","","","","","","","",,,,,"",,,,"BackboneElement.modifierExtension",0,*,"","ele-1:All FHIR elements must have a @value or children {hasValue() or (children().count() > id.count())}
ext-1:Must have either extensions or value[x], not both {extension.exists() != value.exists()}"
"getcaredocumentation","getcaredocumentation.careDocumentation.careDocumentationBody.clinicalDocumentNote","getcaredocumentation.careDocumentation.careDocumentationBody.clinicalDocumentNote","","","",1,1,"","","","BackboneElement {[]} {[]}
","Dokument/anteckning","Dokument/anteckning. TKB-typ: ClinicalDocumentNoteType. Kardinalitet: 1..1.","","","","","","","","","",,,,,"",,,,"getcaredocumentation.careDocumentation.careDocumentationBody.clinicalDocumentNote",1,1,"","getcaredocumentation-notetext-or-multimedia:Dokumentets innehåll får inte skickas både i clinicalDocumentNoteText och multimediaEntry (TKB 7.1.4). {(clinicalDocumentNoteText.exists() and multimediaEntry.exists()).not()}
getcaredocumentation-notecode-or-typecode:clinicalDocumentNoteCode är obligatoriskt om clinicalDocumentTypeCode saknas och får annars inte anges samtidigt (TKB 7.1.4). {clinicalDocumentNoteCode.exists() xor clinicalDocumentTypeCode.exists()}ele-1:All FHIR elements must have a @value or children {hasValue() or (children().count() > id.count())}"
"getcaredocumentation","getcaredocumentation.careDocumentation.careDocumentationBody.clinicalDocumentNote.id","getcaredocumentation.careDocumentation.careDocumentationBody.clinicalDocumentNote.id","","","",0,1,"","","","string {[]} {[]}
","Unique id for inter-element referencing","Unique id for the element within a resource (for internal references). This may be any string value that does not contain spaces.","","","","","","","","","",,,,,"",,,,"Element.id",0,1,"",""
"getcaredocumentation","getcaredocumentation.careDocumentation.careDocumentationBody.clinicalDocumentNote.extension","getcaredocumentation.careDocumentation.careDocumentationBody.clinicalDocumentNote.extension","","extensions
user content","",0,*,"","","","Extension {[]} {[]}
","Additional content defined by implementations","May be used to represent additional information that is not part of the basic definition of the element. To make the use of extensions safe and manageable, there is a strict set of governance  applied to the definition and use of extensions. Though any implementer can define an extension, there is a set of requirements that SHALL be met as part of the definition of the extension.","There can be no stigma associated with the use of extensions by any application, project, or standard - regardless of the institution or jurisdiction that uses or defines the extensions.  The use of extensions is what allows the FHIR specification to retain a core level of simplicity for everyone.","","","","","","","","",,,,,"","value:url}
","Extensions are always sliced by (at least) url",,"open","Element.extension",0,*,"","ele-1:All FHIR elements must have a @value or children {hasValue() or (children().count() > id.count())}
ext-1:Must have either extensions or value[x], not both {extension.exists() != value.exists()}"
"getcaredocumentation","getcaredocumentation.careDocumentation.careDocumentationBody.clinicalDocumentNote.modifierExtension","getcaredocumentation.careDocumentation.careDocumentationBody.clinicalDocumentNote.modifierExtension","","extensions
user contentmodifiers","",0,*,"","Y","Y","Extension {[]} {[]}
","Extensions that cannot be ignored even if unrecognized","May be used to represent additional information that is not part of the basic definition of the element and that modifies the understanding of the element in which it is contained and/or the understanding of the containing element's descendants. Usually modifier elements provide negation or qualification. To make the use of extensions safe and manageable, there is a strict set of governance applied to the definition and use of extensions. Though any implementer can define an extension, there is a set of requirements that SHALL be met as part of the definition of the extension. Applications processing a resource are required to check for modifier extensions.

Modifier extensions SHALL NOT change the meaning of any elements on Resource or DomainResource (including cannot change the meaning of modifierExtension itself).","There can be no stigma associated with the use of extensions by any application, project, or standard - regardless of the institution or jurisdiction that uses or defines the extensions.  The use of extensions is what allows the FHIR specification to retain a core level of simplicity for everyone.","Modifier extensions allow for extensions that *cannot* be safely ignored to be clearly distinguished from the vast majority of extensions which can be safely ignored.  This promotes interoperability by eliminating the need for implementers to prohibit the presence of extensions. For further information, see the [definition of modifier extensions](http://hl7.org/fhir/R4/extensibility.html#modifierExtension).","","","","","","","",,,,,"",,,,"BackboneElement.modifierExtension",0,*,"","ele-1:All FHIR elements must have a @value or children {hasValue() or (children().count() > id.count())}
ext-1:Must have either extensions or value[x], not both {extension.exists() != value.exists()}"
"getcaredocumentation","getcaredocumentation.careDocumentation.careDocumentationBody.clinicalDocumentNote.clinicalDocumentNoteCode","getcaredocumentation.careDocumentation.careDocumentationBody.clinicalDocumentNote.clinicalDocumentNoteCode","","","",0,1,"","","","code {[]} {[]}
","Obligatoriskt om clinicalDocumentTypeCode saknas","Obligatoriskt om clinicalDocumentTypeCode saknas. Får annars inte anges samtidigt med clinicalDocumentTypeCode. / Typ av hälso- och sjukvårdsdokument. Kod tas från KV Anteckningstyp (1.2.752.129.2.2.2.11). / Tillåtna värden är: / utr = Utredning, / atb = åtgärd/Behandling, / sam = Sammanfattning, / sao = Samordning, / ins = Inskrivning, / slu = Slutanteckning, / auf = Anteckning utan fysiskt möte, / sva = Slutenvårdsanteckning, / bes = Besöksanteckning. TKB-typ: ClinicalDocumentNoteCodeEnum. Kardinalitet: 0..1.","","","","","","","","","",,"required","","https://fhir.inera.se/ig/clinicalprocess-healthcond-description/ValueSet/clinicaldocumentnotecode-vs","",,,,"getcaredocumentation.careDocumentation.careDocumentationBody.clinicalDocumentNote.clinicalDocumentNoteCode",0,1,"",""
"getcaredocumentation","getcaredocumentation.careDocumentation.careDocumentationBody.clinicalDocumentNote.clinicalDocumentTypeCode","getcaredocumentation.careDocumentation.careDocumentationBody.clinicalDocumentNote.clinicalDocumentTypeCode","","","",0,0,"","","","code {[]} {[]}
","Obligatoriskt om clinicalDocumentNoteCode saknas","Obligatoriskt om clinicalDocumentNoteCode saknas. Får annars inte anges samtidigt med clinicalDocumentNoteCode. / Epikris = epi / Intagninganteckning = int / Daganteckning = dag / Öppenvårdsanteckning = ova Öppenvårdssammanfattning = ovs / Övrigt document = ovr. TKB-typ: ClinicalDocumentTypeCodeEnum. Kardinalitet: 0..0.","","","","","","","","","",,,,,"",,,,"getcaredocumentation.careDocumentation.careDocumentationBody.clinicalDocumentNote.clinicalDocumentTypeCode",0,0,"",""
"getcaredocumentation","getcaredocumentation.careDocumentation.careDocumentationBody.clinicalDocumentNote.clinicalDocumentNoteTitle","getcaredocumentation.careDocumentation.careDocumentationBody.clinicalDocumentNote.clinicalDocumentNoteTitle","","","",0,1,"","","","string {[]} {[]}
","Titel på dokument","Titel på dokument. TKB-typ: string. Kardinalitet: 0..1.","","","","","","","","","",,,,,"",,,,"getcaredocumentation.careDocumentation.careDocumentationBody.clinicalDocumentNote.clinicalDocumentNoteTitle",0,1,"",""
"getcaredocumentation","getcaredocumentation.careDocumentation.careDocumentationBody.clinicalDocumentNote.clinicalDocumentNoteText","getcaredocumentation.careDocumentation.careDocumentationBody.clinicalDocumentNote.clinicalDocumentNoteText","","","",0,1,"","","","string {[]} {[]}
","Dokumentets innehåll i text","Dokumentets innehåll i text. / Texten kan antingen skickas som vanlig text eller formaterat enligt DocBook-standarden, se 7.1.3. / Obs Man kan välja att skicka dokumentets innehåll i elementet clinicalDocumentNoteText eller i multimediaEntry enligt respektive elements regler, man får inte skicka med båda elementen. Regeln finns med i constraints.xml (schematron) under katalogen test-suites och kan valideras med testsviten. TKB-typ: string. Kardinalitet: 0..1.","","","","","","","","","",,,,,"",,,,"getcaredocumentation.careDocumentation.careDocumentationBody.clinicalDocumentNote.clinicalDocumentNoteText",0,1,"",""
"getcaredocumentation","getcaredocumentation.careDocumentation.careDocumentationBody.clinicalDocumentNote.multimediaEntry","getcaredocumentation.careDocumentation.careDocumentationBody.clinicalDocumentNote.multimediaEntry","","","",0,1,"","","","BackboneElement {[]} {[]}
","Dokumentets innehåll i form av en multimediaobjekt, i form av antingen ett inbäddat objekt eller en länk …","Dokumentets innehåll i form av en multimediaobjekt, i form av antingen ett inbäddat objekt eller en länk till objektet. / Obs Man kan välja att skicka dokumentets innehåll i elementet clinicalDocumentNoteText eller i multimediaEntry enligt respektive elements regler, man får inte skicka med båda elementen. Regeln finns med i constraints.xml(schematron) under katalogen test-suites och kan valideras med testsviten. TKB-typ: MultimediaType. Kardinalitet: 0..1.","","","","","","","","","",,,,,"",,,,"getcaredocumentation.careDocumentation.careDocumentationBody.clinicalDocumentNote.multimediaEntry",0,1,"","getcaredocumentation-multimedia-value-xor-reference:Ett och endast ett av value och reference ska anges i multimediaEntry (TKB 7.1.4). {value.exists() xor reference.exists()}
ele-1:All FHIR elements must have a @value or children {hasValue() or (children().count() > id.count())}"
"getcaredocumentation","getcaredocumentation.careDocumentation.careDocumentationBody.clinicalDocumentNote.multimediaEntry.id","getcaredocumentation.careDocumentation.careDocumentationBody.clinicalDocumentNote.multimediaEntry.id","","","",0,1,"","","","string {[]} {[]}
","Unique id for inter-element referencing","Unique id for the element within a resource (for internal references). This may be any string value that does not contain spaces.","","","","","","","","","",,,,,"",,,,"Element.id",0,1,"",""
"getcaredocumentation","getcaredocumentation.careDocumentation.careDocumentationBody.clinicalDocumentNote.multimediaEntry.extension","getcaredocumentation.careDocumentation.careDocumentationBody.clinicalDocumentNote.multimediaEntry.extension","","extensions
user content","",0,*,"","","","Extension {[]} {[]}
","Additional content defined by implementations","May be used to represent additional information that is not part of the basic definition of the element. To make the use of extensions safe and manageable, there is a strict set of governance  applied to the definition and use of extensions. Though any implementer can define an extension, there is a set of requirements that SHALL be met as part of the definition of the extension.","There can be no stigma associated with the use of extensions by any application, project, or standard - regardless of the institution or jurisdiction that uses or defines the extensions.  The use of extensions is what allows the FHIR specification to retain a core level of simplicity for everyone.","","","","","","","","",,,,,"","value:url}
","Extensions are always sliced by (at least) url",,"open","Element.extension",0,*,"","ele-1:All FHIR elements must have a @value or children {hasValue() or (children().count() > id.count())}
ext-1:Must have either extensions or value[x], not both {extension.exists() != value.exists()}"
"getcaredocumentation","getcaredocumentation.careDocumentation.careDocumentationBody.clinicalDocumentNote.multimediaEntry.modifierExtension","getcaredocumentation.careDocumentation.careDocumentationBody.clinicalDocumentNote.multimediaEntry.modifierExtension","","extensions
user contentmodifiers","",0,*,"","Y","Y","Extension {[]} {[]}
","Extensions that cannot be ignored even if unrecognized","May be used to represent additional information that is not part of the basic definition of the element and that modifies the understanding of the element in which it is contained and/or the understanding of the containing element's descendants. Usually modifier elements provide negation or qualification. To make the use of extensions safe and manageable, there is a strict set of governance applied to the definition and use of extensions. Though any implementer can define an extension, there is a set of requirements that SHALL be met as part of the definition of the extension. Applications processing a resource are required to check for modifier extensions.

Modifier extensions SHALL NOT change the meaning of any elements on Resource or DomainResource (including cannot change the meaning of modifierExtension itself).","There can be no stigma associated with the use of extensions by any application, project, or standard - regardless of the institution or jurisdiction that uses or defines the extensions.  The use of extensions is what allows the FHIR specification to retain a core level of simplicity for everyone.","Modifier extensions allow for extensions that *cannot* be safely ignored to be clearly distinguished from the vast majority of extensions which can be safely ignored.  This promotes interoperability by eliminating the need for implementers to prohibit the presence of extensions. For further information, see the [definition of modifier extensions](http://hl7.org/fhir/R4/extensibility.html#modifierExtension).","","","","","","","",,,,,"",,,,"BackboneElement.modifierExtension",0,*,"","ele-1:All FHIR elements must have a @value or children {hasValue() or (children().count() > id.count())}
ext-1:Must have either extensions or value[x], not both {extension.exists() != value.exists()}"
"getcaredocumentation","getcaredocumentation.careDocumentation.careDocumentationBody.clinicalDocumentNote.multimediaEntry.multimediaId","getcaredocumentation.careDocumentation.careDocumentationBody.clinicalDocumentNote.multimediaEntry.multimediaId","","","",0,0,"","","","string {[]} {[]}
","id","Används ej. TKB-typ: -. Kardinalitet: 0..0. TKB-namn: id (används ej, 0..0). Döpt om eftersom id är reserverat i FHIR.","","","","","","","","","",,,,,"",,,,"getcaredocumentation.careDocumentation.careDocumentationBody.clinicalDocumentNote.multimediaEntry.multimediaId",0,0,"",""
"getcaredocumentation","getcaredocumentation.careDocumentation.careDocumentationBody.clinicalDocumentNote.multimediaEntry.mediaType","getcaredocumentation.careDocumentation.careDocumentationBody.clinicalDocumentNote.multimediaEntry.mediaType","","","",1,1,"","","","code {[]} {[]}
","Typ av multimedia (enligt HL7)","Typ av multimedia (enligt HL7). TKB-typ: MediaTypeEnum. Kardinalitet: 1..1.","","","","","","","","","",,,,,"",,,,"getcaredocumentation.careDocumentation.careDocumentationBody.clinicalDocumentNote.multimediaEntry.mediaType",1,1,"",""
"getcaredocumentation","getcaredocumentation.careDocumentation.careDocumentationBody.clinicalDocumentNote.multimediaEntry.value","getcaredocumentation.careDocumentation.careDocumentationBody.clinicalDocumentNote.multimediaEntry.value","","","",0,1,"","","","base64Binary {[]} {[]}
","Value är binärdata som representerar objektet","Value är binärdata som representerar objektet. Ett och endast ett av attributen value och reference ska anges. TKB-typ: base64Binary. Kardinalitet: 0..1.","","","","","","","","","",,,,,"",,,,"getcaredocumentation.careDocumentation.careDocumentationBody.clinicalDocumentNote.multimediaEntry.value",0,1,"",""
"getcaredocumentation","getcaredocumentation.careDocumentation.careDocumentationBody.clinicalDocumentNote.multimediaEntry.reference","getcaredocumentation.careDocumentation.careDocumentationBody.clinicalDocumentNote.multimediaEntry.reference","","","",0,1,"","","","uri {[]} {[]}
","Referens till extern bild i form av en URL. Ett och endast ett av attributen value och reference ska anges","Referens till extern bild i form av en URL. Ett och endast ett av attributen value och reference ska anges. TKB-typ: anyURI. Kardinalitet: 0..1.","","","","","","","","","",,,,,"",,,,"getcaredocumentation.careDocumentation.careDocumentationBody.clinicalDocumentNote.multimediaEntry.reference",0,1,"",""
"getcaredocumentation","getcaredocumentation.careDocumentation.careDocumentationBody.clinicalDocumentNote.dissentingOpinion","getcaredocumentation.careDocumentation.careDocumentationBody.clinicalDocumentNote.dissentingOpinion","","","",0,*,"","","","BackboneElement {[]} {[]}
","Om patienten eller någon för denna ansvarig person (exempelvis förälder eller god man) har lämnat en …","Om patienten eller någon för denna ansvarig person (exempelvis förälder eller god man) har lämnat en avvikande åsikt till journalnotatet. TKB-typ: DissentingOpinionType. Kardinalitet: 0..*. OBS: elementet heter dissentintOpinion i XSD:n (GetCareDocumentationResponder_2.1.xsd / clinicalprocess_healthcond_description_2.1.xsd).","","","","","","","","","",,,,,"",,,,"getcaredocumentation.careDocumentation.careDocumentationBody.clinicalDocumentNote.dissentingOpinion",0,*,"","ele-1:All FHIR elements must have a @value or children {hasValue() or (children().count() > id.count())}
"
"getcaredocumentation","getcaredocumentation.careDocumentation.careDocumentationBody.clinicalDocumentNote.dissentingOpinion.id","getcaredocumentation.careDocumentation.careDocumentationBody.clinicalDocumentNote.dissentingOpinion.id","","","",0,1,"","","","string {[]} {[]}
","Unique id for inter-element referencing","Unique id for the element within a resource (for internal references). This may be any string value that does not contain spaces.","","","","","","","","","",,,,,"",,,,"Element.id",0,1,"",""
"getcaredocumentation","getcaredocumentation.careDocumentation.careDocumentationBody.clinicalDocumentNote.dissentingOpinion.extension","getcaredocumentation.careDocumentation.careDocumentationBody.clinicalDocumentNote.dissentingOpinion.extension","","extensions
user content","",0,*,"","","","Extension {[]} {[]}
","Additional content defined by implementations","May be used to represent additional information that is not part of the basic definition of the element. To make the use of extensions safe and manageable, there is a strict set of governance  applied to the definition and use of extensions. Though any implementer can define an extension, there is a set of requirements that SHALL be met as part of the definition of the extension.","There can be no stigma associated with the use of extensions by any application, project, or standard - regardless of the institution or jurisdiction that uses or defines the extensions.  The use of extensions is what allows the FHIR specification to retain a core level of simplicity for everyone.","","","","","","","","",,,,,"","value:url}
","Extensions are always sliced by (at least) url",,"open","Element.extension",0,*,"","ele-1:All FHIR elements must have a @value or children {hasValue() or (children().count() > id.count())}
ext-1:Must have either extensions or value[x], not both {extension.exists() != value.exists()}"
"getcaredocumentation","getcaredocumentation.careDocumentation.careDocumentationBody.clinicalDocumentNote.dissentingOpinion.modifierExtension","getcaredocumentation.careDocumentation.careDocumentationBody.clinicalDocumentNote.dissentingOpinion.modifierExtension","","extensions
user contentmodifiers","",0,*,"","Y","Y","Extension {[]} {[]}
","Extensions that cannot be ignored even if unrecognized","May be used to represent additional information that is not part of the basic definition of the element and that modifies the understanding of the element in which it is contained and/or the understanding of the containing element's descendants. Usually modifier elements provide negation or qualification. To make the use of extensions safe and manageable, there is a strict set of governance applied to the definition and use of extensions. Though any implementer can define an extension, there is a set of requirements that SHALL be met as part of the definition of the extension. Applications processing a resource are required to check for modifier extensions.

Modifier extensions SHALL NOT change the meaning of any elements on Resource or DomainResource (including cannot change the meaning of modifierExtension itself).","There can be no stigma associated with the use of extensions by any application, project, or standard - regardless of the institution or jurisdiction that uses or defines the extensions.  The use of extensions is what allows the FHIR specification to retain a core level of simplicity for everyone.","Modifier extensions allow for extensions that *cannot* be safely ignored to be clearly distinguished from the vast majority of extensions which can be safely ignored.  This promotes interoperability by eliminating the need for implementers to prohibit the presence of extensions. For further information, see the [definition of modifier extensions](http://hl7.org/fhir/R4/extensibility.html#modifierExtension).","","","","","","","",,,,,"",,,,"BackboneElement.modifierExtension",0,*,"","ele-1:All FHIR elements must have a @value or children {hasValue() or (children().count() > id.count())}
ext-1:Must have either extensions or value[x], not both {extension.exists() != value.exists()}"
"getcaredocumentation","getcaredocumentation.careDocumentation.careDocumentationBody.clinicalDocumentNote.dissentingOpinion.opinionId","getcaredocumentation.careDocumentation.careDocumentationBody.clinicalDocumentNote.dissentingOpinion.opinionId","","","",0,1,"","","","Identifier {[]} {[]}
","En universellt unik identifierare för den avvikande åsikten","En universellt unik identifierare för den avvikande åsikten. Identifieraren ska vara beständig, i betydelsen att upprepade frågemeddelanden ger samma värde i svarsmeddelanden som rör samma journalnotat. TKB-typ: IIType. Kardinalitet: 0..1. Underelement i IIType: root (string, 1..1): En universellt unik identifierare för den avvikande åsikten eller en identifierare som tillsammans med värdet för ”extension” ger en universellt unik identifierare. | extension (string, 0..1): Om värdet på root inte universellt unikt ska detta fält innehålla ett kompletterande värde som tillsammans med värdet för root ger en universellt unik identifierare.","","","","","","","","","",,,,,"",,,,"getcaredocumentation.careDocumentation.careDocumentationBody.clinicalDocumentNote.dissentingOpinion.opinionId",0,1,"",""
"getcaredocumentation","getcaredocumentation.careDocumentation.careDocumentationBody.clinicalDocumentNote.dissentingOpinion.authorTime","getcaredocumentation.careDocumentation.careDocumentationBody.clinicalDocumentNote.dissentingOpinion.authorTime","","","",1,1,"","","","dateTime {[]} {[]}
","Tidpunkten då den avvikande åsikten författades","Tidpunkten då den avvikande åsikten författades. TKB-typ: TimeStampType. Kardinalitet: 1..1.","","","","","","","","","",,,,,"",,,,"getcaredocumentation.careDocumentation.careDocumentationBody.clinicalDocumentNote.dissentingOpinion.authorTime",1,1,"",""
"getcaredocumentation","getcaredocumentation.careDocumentation.careDocumentationBody.clinicalDocumentNote.dissentingOpinion.opinion","getcaredocumentation.careDocumentation.careDocumentationBody.clinicalDocumentNote.dissentingOpinion.opinion","","","",1,1,"","","","string {[]} {[]}
","Text som innehåller själva den avvikande åsikten","Text som innehåller själva den avvikande åsikten. TKB-typ: string. Kardinalitet: 1..1.","","","","","","","","","",,,,,"",,,,"getcaredocumentation.careDocumentation.careDocumentationBody.clinicalDocumentNote.dissentingOpinion.opinion",1,1,"",""
"getcaredocumentation","getcaredocumentation.careDocumentation.careDocumentationBody.clinicalDocumentNote.dissentingOpinion.personId","getcaredocumentation.careDocumentation.careDocumentationBody.clinicalDocumentNote.dissentingOpinion.personId","","","",1,1,"","","","Identifier {[]} {[]}
","Id för författaren av den avvikande åsikten","Id för författaren av den avvikande åsikten. TKB-typ: PersonIdType. Kardinalitet: 1..1. Underelement i PersonIdType: id (string, 1..1): Sätts till personens identifierare. Anges med 12 tecken utan avskiljare. | type (string, 1..1): Sätts till OID för typ av identifierare. / För personnummer ska Skatteverkets personnummer (1.2.752.129.2.1.3.1) ), [R14]. / För samordningsnummer ska Skatteverkets samordningsnummer (1.2.752.129.2.1.3.3) ), [R14]. / För reservnummer används lokalt definierade reservnummet, exempelvis SLL reservnummer (1.2.752.97.3.1.3) ), [R14].","","","","","","","","","",,,,,"",,,,"getcaredocumentation.careDocumentation.careDocumentationBody.clinicalDocumentNote.dissentingOpinion.personId",1,1,"",""
"getcaredocumentation","getcaredocumentation.careDocumentation.careDocumentationBody.clinicalDocumentNote.dissentingOpinion.personName","getcaredocumentation.careDocumentation.careDocumentationBody.clinicalDocumentNote.dissentingOpinion.personName","","","",1,1,"","","","string {[]} {[]}
","Namnet på författaren av den avvikande åsikten","Namnet på författaren av den avvikande åsikten. TKB-typ: string. Kardinalitet: 1..1.","","","","","","","","","",,,,,"",,,,"getcaredocumentation.careDocumentation.careDocumentationBody.clinicalDocumentNote.dissentingOpinion.personName",1,1,"",""
"getcaredocumentation","getcaredocumentation.result","getcaredocumentation.result","","","",1,1,"","","","BackboneElement {[]} {[]}
","Innehåller information om begäran gick bra eller ej, en P av 2.1 måste skicka med resultType, för …","Innehåller information om begäran gick bra eller ej, en P av 2.1 måste skicka med resultType, för kompabilitet mellan K 2.1 och P 2.0 är den satt till icke obligatorisk i wsdl. TKB-typ: ResultType. Kardinalitet: 1..1.","","","","","","","","","",,,,,"",,,,"getcaredocumentation.result",1,1,"","ele-1:All FHIR elements must have a @value or children {hasValue() or (children().count() > id.count())}
"
"getcaredocumentation","getcaredocumentation.result.id","getcaredocumentation.result.id","","","",0,1,"","","","string {[]} {[]}
","Unique id for inter-element referencing","Unique id for the element within a resource (for internal references). This may be any string value that does not contain spaces.","","","","","","","","","",,,,,"",,,,"Element.id",0,1,"",""
"getcaredocumentation","getcaredocumentation.result.extension","getcaredocumentation.result.extension","","extensions
user content","",0,*,"","","","Extension {[]} {[]}
","Additional content defined by implementations","May be used to represent additional information that is not part of the basic definition of the element. To make the use of extensions safe and manageable, there is a strict set of governance  applied to the definition and use of extensions. Though any implementer can define an extension, there is a set of requirements that SHALL be met as part of the definition of the extension.","There can be no stigma associated with the use of extensions by any application, project, or standard - regardless of the institution or jurisdiction that uses or defines the extensions.  The use of extensions is what allows the FHIR specification to retain a core level of simplicity for everyone.","","","","","","","","",,,,,"","value:url}
","Extensions are always sliced by (at least) url",,"open","Element.extension",0,*,"","ele-1:All FHIR elements must have a @value or children {hasValue() or (children().count() > id.count())}
ext-1:Must have either extensions or value[x], not both {extension.exists() != value.exists()}"
"getcaredocumentation","getcaredocumentation.result.modifierExtension","getcaredocumentation.result.modifierExtension","","extensions
user contentmodifiers","",0,*,"","Y","Y","Extension {[]} {[]}
","Extensions that cannot be ignored even if unrecognized","May be used to represent additional information that is not part of the basic definition of the element and that modifies the understanding of the element in which it is contained and/or the understanding of the containing element's descendants. Usually modifier elements provide negation or qualification. To make the use of extensions safe and manageable, there is a strict set of governance applied to the definition and use of extensions. Though any implementer can define an extension, there is a set of requirements that SHALL be met as part of the definition of the extension. Applications processing a resource are required to check for modifier extensions.

Modifier extensions SHALL NOT change the meaning of any elements on Resource or DomainResource (including cannot change the meaning of modifierExtension itself).","There can be no stigma associated with the use of extensions by any application, project, or standard - regardless of the institution or jurisdiction that uses or defines the extensions.  The use of extensions is what allows the FHIR specification to retain a core level of simplicity for everyone.","Modifier extensions allow for extensions that *cannot* be safely ignored to be clearly distinguished from the vast majority of extensions which can be safely ignored.  This promotes interoperability by eliminating the need for implementers to prohibit the presence of extensions. For further information, see the [definition of modifier extensions](http://hl7.org/fhir/R4/extensibility.html#modifierExtension).","","","","","","","",,,,,"",,,,"BackboneElement.modifierExtension",0,*,"","ele-1:All FHIR elements must have a @value or children {hasValue() or (children().count() > id.count())}
ext-1:Must have either extensions or value[x], not both {extension.exists() != value.exists()}"
"getcaredocumentation","getcaredocumentation.result.resultCode","getcaredocumentation.result.resultCode","","","",1,1,"","","","code {[]} {[]}
","Kan endast vara OK, INFO eller ERROR","Kan endast vara OK, INFO eller ERROR. TKB-typ: ResultCodeEnum. Kardinalitet: 1..1.","","","","","","","","","",,,,,"",,,,"getcaredocumentation.result.resultCode",1,1,"",""
"getcaredocumentation","getcaredocumentation.result.errorCode","getcaredocumentation.result.errorCode","","","",0,1,"","","","code {[]} {[]}
","Sätts endast om resultCode är ERROR, se kapitel 4.4 för mer information","Sätts endast om resultCode är ERROR, se kapitel 4.4 för mer information. TKB-typ: ErrorCodeEnum. Kardinalitet: 0..1.","","","","","","","","","",,,,,"",,,,"getcaredocumentation.result.errorCode",0,1,"",""
"getcaredocumentation","getcaredocumentation.result.subcode","getcaredocumentation.result.subcode","","","",0,1,"","","","string {[]} {[]}
","Inga subkoder är specificerade","Inga subkoder är specificerade. TKB-typ: string. Kardinalitet: 0..1. OBS: elementet heter subCode i XSD:n.","","","","","","","","","",,,,,"",,,,"getcaredocumentation.result.subcode",0,1,"",""
"getcaredocumentation","getcaredocumentation.result.logId","getcaredocumentation.result.logId","","","",1,1,"","","","string {[]} {[]}
","En UUID som kan användas vid felanmälan för att användas vid felsökning av producent","En UUID som kan användas vid felanmälan för att användas vid felsökning av producent. TKB-typ: string. Kardinalitet: 1..1.","","","","","","","","","",,,,,"",,,,"getcaredocumentation.result.logId",1,1,"",""
"getcaredocumentation","getcaredocumentation.result.message","getcaredocumentation.result.message","","","",0,1,"","","","string {[]} {[]}
","En beskrivande text som kan visas för användaren","En beskrivande text som kan visas för användaren. TKB-typ: string. Kardinalitet: 0..1.","","","","","","","","","",,,,,"",,,,"getcaredocumentation.result.message",0,1,"",""
"getdiagnosis-request","getdiagnosis-request","getdiagnosis-request","","","",0,*,"","","","null {[]} {[]}
","GetDiagnosis — Request","Logisk modell för begäran i tjänstekontraktet GetDiagnosis version 2.0 (RIV-TA urn:riv:clinicalprocess:healthcond:description:GetDiagnosisResponder:2), enligt fältreglerna i TKB clinicalprocess:healthcond:description 2.1.18.","","","","","","","","","",,,,,"",,,,"Base",0,*,"","getdiagnosis-request-carecontact-requires-sourcesystem:sourceSystemHSAId ska anges om careContactId angivits (TKB, fältregler för begäran). {careContactId.exists() implies sourceSystemHSAId.exists()}
"
"getdiagnosis-request","getdiagnosis-request.careUnitHSAId","getdiagnosis-request.careUnitHSAId","","","",0,*,"","","","Identifier {[]} {[]}
","Filtrering på vårdenhet vilket motsvarar careUnitHSAId i healthcareProfessionalType","Filtrering på vårdenhet vilket motsvarar careUnitHSAId i healthcareProfessionalType. TKB-typ: HSAIdType. Kardinalitet: 0..*.","","","","","","","","","",,,,,"",,,,"getdiagnosis-request.careUnitHSAId",0,*,"",""
"getdiagnosis-request","getdiagnosis-request.patientId","getdiagnosis-request.patientId","","","",1,1,"","","","Identifier {[]} {[]}
","Id för patienten där fältet id sätts till patientens identifierare","Id för patienten där fältet id sätts till patientens identifierare. Anges med 12 tecken utan avskiljare. / Fältet type sätts till OID för typ av identifierare. / 1) För personnummer ska Skatteverkets OID för personnummer (1.2.752.129.2.1.3.1) användas), [R14]. / 2) För samordningsnummer ska Skatteverkets OID för samordningsnummer (1.2.752.129.2.1.3.3) användas), [R14]. / 3) Tjänsteproducenter ska även stödja sökning på reservnummer med hjälp av att ange lokalt definierade OID’ar för reservnummer, exempelvis SLL reservnummer (1.2.752.97.3.1.3), [R14]. / OBS reservnummer kan ej användas tillsammans med EI och aggregerande tjänster då dessa komponenter idag inte är anpassade för att stödja typ av id, inga uppdateringar till EI ska göras av en tjänsteproducent för reservnummer. / En tjänstekonsument som vill begära mha reservnummer måste därmed använda sig av systemadressering och ha vetskap om vilken reservnummer-OID som gäller vid anrop mot en specifik tjänsteproducent. TKB-typ: PersonIdType. Kardinalitet: 1..1.","","","","","","","","","",,,,,"",,,,"getdiagnosis-request.patientId",1,1,"",""
"getdiagnosis-request","getdiagnosis-request.timePeriod","getdiagnosis-request.timePeriod","","","",0,1,"","","","Period {[]} {[]}
","Begränsar sökningen till det angivna intervallet","Begränsar sökningen till det angivna intervallet. Begränsningen innebär att endast poster returneras där någon av tidpunkterna authorTime, signatureTime eller diagnosisTime i svaret ligger inom sökintervallets start- och slutdatum. / Notera att sökintervallet beskrivs som ett datumintervall. Vid jämförelse konverteras datapostens tidpunkter till datum. TKB-typ: DatePeriodType. Kardinalitet: 0..1. Underelement i DatePeriodType: start (string, 1..1): Startdatum. Format ÅÅÅÅMMDD. | end (string, 1..1): Slutdatum. Format ÅÅÅÅMMDD.","","","","","","","","","",,,,,"",,,,"getdiagnosis-request.timePeriod",0,1,"","ele-1:All FHIR elements must have a @value or children {hasValue() or (children().count() > id.count())}
per-1:If present, start SHALL have a lower value than end {start.hasValue().not() or end.hasValue().not() or (start <= end)}"
"getdiagnosis-request","getdiagnosis-request.timePeriod.id","getdiagnosis-request.timePeriod.id","","","",0,1,"","","","string {[]} {[]}
","Unique id for inter-element referencing","Unique id for the element within a resource (for internal references). This may be any string value that does not contain spaces.","","","","","","","","","",,,,,"",,,,"Element.id",0,1,"",""
"getdiagnosis-request","getdiagnosis-request.timePeriod.extension","getdiagnosis-request.timePeriod.extension","","extensions
user content","",0,*,"","","","Extension {[]} {[]}
","Additional content defined by implementations","May be used to represent additional information that is not part of the basic definition of the element. To make the use of extensions safe and manageable, there is a strict set of governance  applied to the definition and use of extensions. Though any implementer can define an extension, there is a set of requirements that SHALL be met as part of the definition of the extension.","There can be no stigma associated with the use of extensions by any application, project, or standard - regardless of the institution or jurisdiction that uses or defines the extensions.  The use of extensions is what allows the FHIR specification to retain a core level of simplicity for everyone.","","","","","","","","",,,,,"","value:url}
","Extensions are always sliced by (at least) url",,"open","Element.extension",0,*,"","ele-1:All FHIR elements must have a @value or children {hasValue() or (children().count() > id.count())}
ext-1:Must have either extensions or value[x], not both {extension.exists() != value.exists()}"
"getdiagnosis-request","getdiagnosis-request.timePeriod.start","getdiagnosis-request.timePeriod.start","","","",1,1,"","","Y","dateTime {[]} {[]}
","Starting time with inclusive boundary","The start of the period. The boundary is inclusive.","If the low element is missing, the meaning is that the low boundary is not known.","","","","","","","","",,,,,"",,,,"Period.start",0,1,"per-1
","ele-1:All FHIR elements must have a @value or children {hasValue() or (children().count() > id.count())}
"
"getdiagnosis-request","getdiagnosis-request.timePeriod.end","getdiagnosis-request.timePeriod.end","","","",1,1,"","","Y","dateTime {[]} {[]}
","End time with inclusive boundary, if not ongoing","The end of the period. If the end of the period is missing, it means no end was known or planned at the time the instance was created. The start may be in the past, and the end date in the future, which means that period is expected/planned to end at that time.","The high value includes any matching date/time. i.e. 2012-02-03T10:00:00 is in a period that has an end value of 2012-02-03.","","","If the end of the period is missing, it means that the period is ongoing","","","","","",,,,,"",,,,"Period.end",0,1,"per-1
","ele-1:All FHIR elements must have a @value or children {hasValue() or (children().count() > id.count())}
"
"getdiagnosis-request","getdiagnosis-request.sourceSystemHSAId","getdiagnosis-request.sourceSystemHSAId","","","",0,1,"","","","Identifier {[]} {[]}
","Begränsar sökningen till aktivitet som är skapad i det angivna källsystemet","Begränsar sökningen till aktivitet som är skapad i det angivna källsystemet. Tjänsteproducenten förväntas enbart returnera poster som tillhör efterfrågat källsystem. / Värdet på detta fält måste överensstämma med värdet på logicalAddress i anropets tekniska kuvertering (ex. SOAP-header). / Det innebär i praktiken att aggregerande tjänster inte används när detta fält anges. / Ska anges om careContactId angivits. / Ska anges vid begäran på reservnummer. / Om sourceSystemHSAId och logicalAddress är olika ska ett svar endast innehålla en resultType med result.resultCode satt till ERROR samt result.errorCode satt till INVALID_REQUEST / Om careContactId är satt och sourceSystemHSAId är tomt ska ett svar endast innehålla en resultType med  result.resultCode satt till ERROR samt result.errorCode satt till INVALID_REQUEST. TKB-typ: HSAIdType. Kardinalitet: 0..1.","","","","","","","","","",,,,,"",,,,"getdiagnosis-request.sourceSystemHSAId",0,1,"",""
"getdiagnosis-request","getdiagnosis-request.careContactId","getdiagnosis-request.careContactId","","","",0,*,"","","","string {[]} {[]}
","Begränsar sökningen till de diagnoser som dokumenterades vid hälso- och sjukvårdskontakt","Begränsar sökningen till de diagnoser som dokumenterades vid hälso- och sjukvårdskontakt. TKB-typ: string. Kardinalitet: 0..*.","","","","","","","","","",,,,,"",,,,"getdiagnosis-request.careContactId",0,*,"",""
"getdiagnosis","getdiagnosis","getdiagnosis","","","",0,*,"","","","null {[]} {[]}
","GetDiagnosis","Logisk modell för svaret i tjänstekontraktet GetDiagnosis version 2.0 (RIV-TA urn:riv:clinicalprocess:healthcond:description:GetDiagnosisResponder:2), enligt fältreglerna i TKB clinicalprocess:healthcond:description 2.1.18. Representerar svarets informationsstruktur: diagnoser för en patient samt resultat.","","","","","","","","","",,,,,"",,,,"Base",0,*,"",""
"getdiagnosis","getdiagnosis.diagnosis","getdiagnosis.diagnosis","","","",0,*,"","","","BackboneElement {[]} {[]}
","De diagnoser som matchar begäran","De diagnoser som matchar begäran. TKB-typ: DiagnosisType. Kardinalitet: 0..*.","","","","","","","","","",,,,,"",,,,"getdiagnosis.diagnosis",0,*,"","ele-1:All FHIR elements must have a @value or children {hasValue() or (children().count() > id.count())}
"
"getdiagnosis","getdiagnosis.diagnosis.id","getdiagnosis.diagnosis.id","","","",0,1,"","","","string {[]} {[]}
","Unique id for inter-element referencing","Unique id for the element within a resource (for internal references). This may be any string value that does not contain spaces.","","","","","","","","","",,,,,"",,,,"Element.id",0,1,"",""
"getdiagnosis","getdiagnosis.diagnosis.extension","getdiagnosis.diagnosis.extension","","extensions
user content","",0,*,"","","","Extension {[]} {[]}
","Additional content defined by implementations","May be used to represent additional information that is not part of the basic definition of the element. To make the use of extensions safe and manageable, there is a strict set of governance  applied to the definition and use of extensions. Though any implementer can define an extension, there is a set of requirements that SHALL be met as part of the definition of the extension.","There can be no stigma associated with the use of extensions by any application, project, or standard - regardless of the institution or jurisdiction that uses or defines the extensions.  The use of extensions is what allows the FHIR specification to retain a core level of simplicity for everyone.","","","","","","","","",,,,,"","value:url}
","Extensions are always sliced by (at least) url",,"open","Element.extension",0,*,"","ele-1:All FHIR elements must have a @value or children {hasValue() or (children().count() > id.count())}
ext-1:Must have either extensions or value[x], not both {extension.exists() != value.exists()}"
"getdiagnosis","getdiagnosis.diagnosis.modifierExtension","getdiagnosis.diagnosis.modifierExtension","","extensions
user contentmodifiers","",0,*,"","Y","Y","Extension {[]} {[]}
","Extensions that cannot be ignored even if unrecognized","May be used to represent additional information that is not part of the basic definition of the element and that modifies the understanding of the element in which it is contained and/or the understanding of the containing element's descendants. Usually modifier elements provide negation or qualification. To make the use of extensions safe and manageable, there is a strict set of governance applied to the definition and use of extensions. Though any implementer can define an extension, there is a set of requirements that SHALL be met as part of the definition of the extension. Applications processing a resource are required to check for modifier extensions.

Modifier extensions SHALL NOT change the meaning of any elements on Resource or DomainResource (including cannot change the meaning of modifierExtension itself).","There can be no stigma associated with the use of extensions by any application, project, or standard - regardless of the institution or jurisdiction that uses or defines the extensions.  The use of extensions is what allows the FHIR specification to retain a core level of simplicity for everyone.","Modifier extensions allow for extensions that *cannot* be safely ignored to be clearly distinguished from the vast majority of extensions which can be safely ignored.  This promotes interoperability by eliminating the need for implementers to prohibit the presence of extensions. For further information, see the [definition of modifier extensions](http://hl7.org/fhir/R4/extensibility.html#modifierExtension).","","","","","","","",,,,,"",,,,"BackboneElement.modifierExtension",0,*,"","ele-1:All FHIR elements must have a @value or children {hasValue() or (children().count() > id.count())}
ext-1:Must have either extensions or value[x], not both {extension.exists() != value.exists()}"
"getdiagnosis","getdiagnosis.diagnosis.diagnosisHeader","getdiagnosis.diagnosis.diagnosisHeader","","","",1,1,"","","","BackboneElement {[]} {[]}
","Innehåller basinformation om dokumentet","Innehåller basinformation om dokumentet. TKB-typ: PatientSummaryHeaderType. Kardinalitet: 1..1.","","","","","","","","","",,,,,"",,,,"getdiagnosis.diagnosis.diagnosisHeader",1,1,"","ele-1:All FHIR elements must have a @value or children {hasValue() or (children().count() > id.count())}
"
"getdiagnosis","getdiagnosis.diagnosis.diagnosisHeader.id","getdiagnosis.diagnosis.diagnosisHeader.id","","","",0,1,"","","","string {[]} {[]}
","Unique id for inter-element referencing","Unique id for the element within a resource (for internal references). This may be any string value that does not contain spaces.","","","","","","","","","",,,,,"",,,,"Element.id",0,1,"",""
"getdiagnosis","getdiagnosis.diagnosis.diagnosisHeader.extension","getdiagnosis.diagnosis.diagnosisHeader.extension","","extensions
user content","",0,*,"","","","Extension {[]} {[]}
","Additional content defined by implementations","May be used to represent additional information that is not part of the basic definition of the element. To make the use of extensions safe and manageable, there is a strict set of governance  applied to the definition and use of extensions. Though any implementer can define an extension, there is a set of requirements that SHALL be met as part of the definition of the extension.","There can be no stigma associated with the use of extensions by any application, project, or standard - regardless of the institution or jurisdiction that uses or defines the extensions.  The use of extensions is what allows the FHIR specification to retain a core level of simplicity for everyone.","","","","","","","","",,,,,"","value:url}
","Extensions are always sliced by (at least) url",,"open","Element.extension",0,*,"","ele-1:All FHIR elements must have a @value or children {hasValue() or (children().count() > id.count())}
ext-1:Must have either extensions or value[x], not both {extension.exists() != value.exists()}"
"getdiagnosis","getdiagnosis.diagnosis.diagnosisHeader.modifierExtension","getdiagnosis.diagnosis.diagnosisHeader.modifierExtension","","extensions
user contentmodifiers","",0,*,"","Y","Y","Extension {[]} {[]}
","Extensions that cannot be ignored even if unrecognized","May be used to represent additional information that is not part of the basic definition of the element and that modifies the understanding of the element in which it is contained and/or the understanding of the containing element's descendants. Usually modifier elements provide negation or qualification. To make the use of extensions safe and manageable, there is a strict set of governance applied to the definition and use of extensions. Though any implementer can define an extension, there is a set of requirements that SHALL be met as part of the definition of the extension. Applications processing a resource are required to check for modifier extensions.

Modifier extensions SHALL NOT change the meaning of any elements on Resource or DomainResource (including cannot change the meaning of modifierExtension itself).","There can be no stigma associated with the use of extensions by any application, project, or standard - regardless of the institution or jurisdiction that uses or defines the extensions.  The use of extensions is what allows the FHIR specification to retain a core level of simplicity for everyone.","Modifier extensions allow for extensions that *cannot* be safely ignored to be clearly distinguished from the vast majority of extensions which can be safely ignored.  This promotes interoperability by eliminating the need for implementers to prohibit the presence of extensions. For further information, see the [definition of modifier extensions](http://hl7.org/fhir/R4/extensibility.html#modifierExtension).","","","","","","","",,,,,"",,,,"BackboneElement.modifierExtension",0,*,"","ele-1:All FHIR elements must have a @value or children {hasValue() or (children().count() > id.count())}
ext-1:Must have either extensions or value[x], not both {extension.exists() != value.exists()}"
"getdiagnosis","getdiagnosis.diagnosis.diagnosisHeader.documentId","getdiagnosis.diagnosis.diagnosisHeader.documentId","","","",1,1,"","","","string {[]} {[]}
","Dokumentets identitet som är unik inom källsystemet","Dokumentets identitet som är unik inom källsystemet. / Identifieraren ska vara konsistent och beständigt mellan olika majorversioner av ett kontrakt. Ett exempel på detta är att en vårdkontakt ska ha samma identifierare i majorversion 3 och 4 av ett tjänstekontrakt för att läsa vårdkontakter. / Identifieraren ska vara konsistent och beständigt mellan olika kontrakt. Ett exempel på detta är att samma remiss-identitet ska användas i ett tjänstekontrakt för att läsa remisser, samt tjänstekontraktet som läser remissvar som refererar till den ursprungliga remissen. TKB-typ: string. Kardinalitet: 1..1.","","","","","","","","","",,,,,"",,,,"getdiagnosis.diagnosis.diagnosisHeader.documentId",1,1,"",""
"getdiagnosis","getdiagnosis.diagnosis.diagnosisHeader.sourceSystemHSAId","getdiagnosis.diagnosis.diagnosisHeader.sourceSystemHSAId","","","",1,1,"","","","Identifier {[]} {[]}
","HSA-id för det system som dokumentet är skapat i","HSA-id för det system som dokumentet är skapat i. TKB-typ: HSAIdType. Kardinalitet: 1..1.","","","","","","","","","",,,,,"",,,,"getdiagnosis.diagnosis.diagnosisHeader.sourceSystemHSAId",1,1,"",""
"getdiagnosis","getdiagnosis.diagnosis.diagnosisHeader.documentTitle","getdiagnosis.diagnosis.diagnosisHeader.documentTitle","","","",0,0,"","","","string {[]} {[]}
","documentTitle","Används ej. TKB-typ: -. Kardinalitet: 0..0.","","","","","","","","","",,,,,"",,,,"getdiagnosis.diagnosis.diagnosisHeader.documentTitle",0,0,"",""
"getdiagnosis","getdiagnosis.diagnosis.diagnosisHeader.documentTime","getdiagnosis.diagnosis.diagnosisHeader.documentTime","","","",0,0,"","","","dateTime {[]} {[]}
","documentTime","Används ej. TKB-typ: -. Kardinalitet: 0..0.","","","","","","","","","",,,,,"",,,,"getdiagnosis.diagnosis.diagnosisHeader.documentTime",0,0,"",""
"getdiagnosis","getdiagnosis.diagnosis.diagnosisHeader.patientId","getdiagnosis.diagnosis.diagnosisHeader.patientId","","","",1,1,"","","","Identifier {[]} {[]}
","Identifierare för patient","Identifierare för patient. TKB-typ: PersonIdType. Kardinalitet: 1..1. Underelement i PersonIdType: id (string, 1..1): Sätts till patientens identifierare. Anges med 12 tecken utan avskiljare. | type (string, 1..1): Sätts till OID för typ av identifierare. / För personnummer ska Skatteverkets personnummer (1.2.752.129.2.1.3.1), [R14]. / För samordningsnummer ska Skatteverkets samordningsnummer (1.2.752.129.2.1.3.3), [R14]. / För reservnummer används lokalt definierade reservnummet, exempelvis SLL reservnummer (1.2.752.97.3.1.3), [R14].","","","","","","","","","",,,,,"",,,,"getdiagnosis.diagnosis.diagnosisHeader.patientId",1,1,"",""
"getdiagnosis","getdiagnosis.diagnosis.diagnosisHeader.accountableHealthcareProfessional","getdiagnosis.diagnosis.diagnosisHeader.accountableHealthcareProfessional","","","",1,1,"","","","BackboneElement {[]} {[]}
","Information om den hälso- och sjukvårdsperson som ansvarar för informationen i dokumentet, nedan kallas …","Information om den hälso- och sjukvårdsperson som ansvarar för informationen i dokumentet, nedan kallas författare. TKB-typ: HealthcareProfessionalType. Kardinalitet: 1..1.","","","","","","","","","",,,,,"",,,,"getdiagnosis.diagnosis.diagnosisHeader.accountableHealthcareProfessional",1,1,"","ele-1:All FHIR elements must have a @value or children {hasValue() or (children().count() > id.count())}
"
"getdiagnosis","getdiagnosis.diagnosis.diagnosisHeader.accountableHealthcareProfessional.id","getdiagnosis.diagnosis.diagnosisHeader.accountableHealthcareProfessional.id","","","",0,1,"","","","string {[]} {[]}
","Unique id for inter-element referencing","Unique id for the element within a resource (for internal references). This may be any string value that does not contain spaces.","","","","","","","","","",,,,,"",,,,"Element.id",0,1,"",""
"getdiagnosis","getdiagnosis.diagnosis.diagnosisHeader.accountableHealthcareProfessional.extension","getdiagnosis.diagnosis.diagnosisHeader.accountableHealthcareProfessional.extension","","extensions
user content","",0,*,"","","","Extension {[]} {[]}
","Additional content defined by implementations","May be used to represent additional information that is not part of the basic definition of the element. To make the use of extensions safe and manageable, there is a strict set of governance  applied to the definition and use of extensions. Though any implementer can define an extension, there is a set of requirements that SHALL be met as part of the definition of the extension.","There can be no stigma associated with the use of extensions by any application, project, or standard - regardless of the institution or jurisdiction that uses or defines the extensions.  The use of extensions is what allows the FHIR specification to retain a core level of simplicity for everyone.","","","","","","","","",,,,,"","value:url}
","Extensions are always sliced by (at least) url",,"open","Element.extension",0,*,"","ele-1:All FHIR elements must have a @value or children {hasValue() or (children().count() > id.count())}
ext-1:Must have either extensions or value[x], not both {extension.exists() != value.exists()}"
"getdiagnosis","getdiagnosis.diagnosis.diagnosisHeader.accountableHealthcareProfessional.modifierExtension","getdiagnosis.diagnosis.diagnosisHeader.accountableHealthcareProfessional.modifierExtension","","extensions
user contentmodifiers","",0,*,"","Y","Y","Extension {[]} {[]}
","Extensions that cannot be ignored even if unrecognized","May be used to represent additional information that is not part of the basic definition of the element and that modifies the understanding of the element in which it is contained and/or the understanding of the containing element's descendants. Usually modifier elements provide negation or qualification. To make the use of extensions safe and manageable, there is a strict set of governance applied to the definition and use of extensions. Though any implementer can define an extension, there is a set of requirements that SHALL be met as part of the definition of the extension. Applications processing a resource are required to check for modifier extensions.

Modifier extensions SHALL NOT change the meaning of any elements on Resource or DomainResource (including cannot change the meaning of modifierExtension itself).","There can be no stigma associated with the use of extensions by any application, project, or standard - regardless of the institution or jurisdiction that uses or defines the extensions.  The use of extensions is what allows the FHIR specification to retain a core level of simplicity for everyone.","Modifier extensions allow for extensions that *cannot* be safely ignored to be clearly distinguished from the vast majority of extensions which can be safely ignored.  This promotes interoperability by eliminating the need for implementers to prohibit the presence of extensions. For further information, see the [definition of modifier extensions](http://hl7.org/fhir/R4/extensibility.html#modifierExtension).","","","","","","","",,,,,"",,,,"BackboneElement.modifierExtension",0,*,"","ele-1:All FHIR elements must have a @value or children {hasValue() or (children().count() > id.count())}
ext-1:Must have either extensions or value[x], not both {extension.exists() != value.exists()}"
"getdiagnosis","getdiagnosis.diagnosis.diagnosisHeader.accountableHealthcareProfessional.authorTime","getdiagnosis.diagnosis.diagnosisHeader.accountableHealthcareProfessional.authorTime","","","",1,1,"","","","dateTime {[]} {[]}
","Tidpunkt då informationen registrerades","Tidpunkt då informationen registrerades. TKB-typ: TimeStampType. Kardinalitet: 1..1.","","","","","","","","","",,,,,"",,,,"getdiagnosis.diagnosis.diagnosisHeader.accountableHealthcareProfessional.authorTime",1,1,"",""
"getdiagnosis","getdiagnosis.diagnosis.diagnosisHeader.accountableHealthcareProfessional.healthcareProfessionalHSAId","getdiagnosis.diagnosis.diagnosisHeader.accountableHealthcareProfessional.healthcareProfessionalHSAId","","","",0,1,"","","","Identifier {[]} {[]}
","Författarens HSA-id","Författarens HSA-id. TKB-typ: HSAIdType. Kardinalitet: 0..1.","","","","","","","","","",,,,,"",,,,"getdiagnosis.diagnosis.diagnosisHeader.accountableHealthcareProfessional.healthcareProfessionalHSAId",0,1,"",""
"getdiagnosis","getdiagnosis.diagnosis.diagnosisHeader.accountableHealthcareProfessional.healthcareProfessionalName","getdiagnosis.diagnosis.diagnosisHeader.accountableHealthcareProfessional.healthcareProfessionalName","","","",0,1,"","","","string {[]} {[]}
","Namn på författaren","Namn på författaren. Om tillgängligt ska detta anges. TKB-typ: string. Kardinalitet: 0..1.","","","","","","","","","",,,,,"",,,,"getdiagnosis.diagnosis.diagnosisHeader.accountableHealthcareProfessional.healthcareProfessionalName",0,1,"",""
"getdiagnosis","getdiagnosis.diagnosis.diagnosisHeader.accountableHealthcareProfessional.healthcareProfessionalRoleCode","getdiagnosis.diagnosis.diagnosisHeader.accountableHealthcareProfessional.healthcareProfessionalRoleCode","","","",0,1,"","","","CodeableConcept {[]} {[]}
","Information om personens befattning","Information om personens befattning. Om möjligt ska kodverket Befattning (OID 1.2.752.129.2.2.1.4), [R13]. TKB-typ: CVType. Kardinalitet: 0..1. Underelement i CVType: code (string, 0..1): Befattningskod. Om code anges ska också codeSystem  samt displayName anges. | codeSystem (string, 0..1): Kodsystem för befattningskod. Om codeSystem anges ska också code samt displayName anges. | codeSystemName (string, 0..1): Namn på kodsystem för befattningskod. | codeSystemVersion (string, 0..1): Version på kodsystem för befattningskod. | displayName (string, 0..1): Befattningskoden i klartext. Om separat displayName inte finns i producerande system ska samma värde som i code anges. | originalText (string, 0..1): Om befattning är beskriven i ett lokalt kodverk utan OID, eller när kod helt saknas, kan en beskrivande text anges i originalText. / Om originalText anges ska inget annat värde i healthcareProfessionalRoleCode anges.","","","","","","","","","",,,,,"",,,,"getdiagnosis.diagnosis.diagnosisHeader.accountableHealthcareProfessional.healthcareProfessionalRoleCode",0,1,"",""
"getdiagnosis","getdiagnosis.diagnosis.diagnosisHeader.accountableHealthcareProfessional.healthcareProfessionalOrgUnit","getdiagnosis.diagnosis.diagnosisHeader.accountableHealthcareProfessional.healthcareProfessionalOrgUnit","","","",0,1,"","","","BackboneElement {[]} {[]}
","Den organisation som författaren är uppdragstagare på","Den organisation som författaren är uppdragstagare på. I de fall då HSA-id inte finns tillgängligt i systemet ska lokalt id anges (unikt inom källsystemet). TKB-typ: OrgUnitType. Kardinalitet: 0..1.","","","","","","","","","",,,,,"",,,,"getdiagnosis.diagnosis.diagnosisHeader.accountableHealthcareProfessional.healthcareProfessionalOrgUnit",0,1,"","ele-1:All FHIR elements must have a @value or children {hasValue() or (children().count() > id.count())}
"
"getdiagnosis","getdiagnosis.diagnosis.diagnosisHeader.accountableHealthcareProfessional.healthcareProfessionalOrgUnit.id","getdiagnosis.diagnosis.diagnosisHeader.accountableHealthcareProfessional.healthcareProfessionalOrgUnit.id","","","",0,1,"","","","string {[]} {[]}
","Unique id for inter-element referencing","Unique id for the element within a resource (for internal references). This may be any string value that does not contain spaces.","","","","","","","","","",,,,,"",,,,"Element.id",0,1,"",""
"getdiagnosis","getdiagnosis.diagnosis.diagnosisHeader.accountableHealthcareProfessional.healthcareProfessionalOrgUnit.extension","getdiagnosis.diagnosis.diagnosisHeader.accountableHealthcareProfessional.healthcareProfessionalOrgUnit.extension","","extensions
user content","",0,*,"","","","Extension {[]} {[]}
","Additional content defined by implementations","May be used to represent additional information that is not part of the basic definition of the element. To make the use of extensions safe and manageable, there is a strict set of governance  applied to the definition and use of extensions. Though any implementer can define an extension, there is a set of requirements that SHALL be met as part of the definition of the extension.","There can be no stigma associated with the use of extensions by any application, project, or standard - regardless of the institution or jurisdiction that uses or defines the extensions.  The use of extensions is what allows the FHIR specification to retain a core level of simplicity for everyone.","","","","","","","","",,,,,"","value:url}
","Extensions are always sliced by (at least) url",,"open","Element.extension",0,*,"","ele-1:All FHIR elements must have a @value or children {hasValue() or (children().count() > id.count())}
ext-1:Must have either extensions or value[x], not both {extension.exists() != value.exists()}"
"getdiagnosis","getdiagnosis.diagnosis.diagnosisHeader.accountableHealthcareProfessional.healthcareProfessionalOrgUnit.modifierExtension","getdiagnosis.diagnosis.diagnosisHeader.accountableHealthcareProfessional.healthcareProfessionalOrgUnit.modifierExtension","","extensions
user contentmodifiers","",0,*,"","Y","Y","Extension {[]} {[]}
","Extensions that cannot be ignored even if unrecognized","May be used to represent additional information that is not part of the basic definition of the element and that modifies the understanding of the element in which it is contained and/or the understanding of the containing element's descendants. Usually modifier elements provide negation or qualification. To make the use of extensions safe and manageable, there is a strict set of governance applied to the definition and use of extensions. Though any implementer can define an extension, there is a set of requirements that SHALL be met as part of the definition of the extension. Applications processing a resource are required to check for modifier extensions.

Modifier extensions SHALL NOT change the meaning of any elements on Resource or DomainResource (including cannot change the meaning of modifierExtension itself).","There can be no stigma associated with the use of extensions by any application, project, or standard - regardless of the institution or jurisdiction that uses or defines the extensions.  The use of extensions is what allows the FHIR specification to retain a core level of simplicity for everyone.","Modifier extensions allow for extensions that *cannot* be safely ignored to be clearly distinguished from the vast majority of extensions which can be safely ignored.  This promotes interoperability by eliminating the need for implementers to prohibit the presence of extensions. For further information, see the [definition of modifier extensions](http://hl7.org/fhir/R4/extensibility.html#modifierExtension).","","","","","","","",,,,,"",,,,"BackboneElement.modifierExtension",0,*,"","ele-1:All FHIR elements must have a @value or children {hasValue() or (children().count() > id.count())}
ext-1:Must have either extensions or value[x], not both {extension.exists() != value.exists()}"
"getdiagnosis","getdiagnosis.diagnosis.diagnosisHeader.accountableHealthcareProfessional.healthcareProfessionalOrgUnit.orgUnitHSAId","getdiagnosis.diagnosis.diagnosisHeader.accountableHealthcareProfessional.healthcareProfessionalOrgUnit.orgUnitHSAId","","","",1,1,"","","","Identifier {[]} {[]}
","HSA-id för organisationsenhet","HSA-id för organisationsenhet. I de fall då HSA-id inte finns tillgängligt i systemet ska lokalt id anges (unikt inom källsystemet). TKB-typ: HSAIdType. Kardinalitet: 1..1.","","","","","","","","","",,,,,"",,,,"getdiagnosis.diagnosis.diagnosisHeader.accountableHealthcareProfessional.healthcareProfessionalOrgUnit.orgUnitHSAId",1,1,"",""
"getdiagnosis","getdiagnosis.diagnosis.diagnosisHeader.accountableHealthcareProfessional.healthcareProfessionalOrgUnit.orgUnitName","getdiagnosis.diagnosis.diagnosisHeader.accountableHealthcareProfessional.healthcareProfessionalOrgUnit.orgUnitName","","","",1,1,"","","","string {[]} {[]}
","Namnet på den organisation som författaren är uppdragstagare på","Namnet på den organisation som författaren är uppdragstagare på. TKB-typ: string. Kardinalitet: 1..1.","","","","","","","","","",,,,,"",,,,"getdiagnosis.diagnosis.diagnosisHeader.accountableHealthcareProfessional.healthcareProfessionalOrgUnit.orgUnitName",1,1,"",""
"getdiagnosis","getdiagnosis.diagnosis.diagnosisHeader.accountableHealthcareProfessional.healthcareProfessionalOrgUnit.orgUnitTelecom","getdiagnosis.diagnosis.diagnosisHeader.accountableHealthcareProfessional.healthcareProfessionalOrgUnit.orgUnitTelecom","","","",0,1,"","","","string {[]} {[]}
","Telefon till organisationsenhet","Telefon till organisationsenhet. TKB-typ: string. Kardinalitet: 0..1.","","","","","","","","","",,,,,"",,,,"getdiagnosis.diagnosis.diagnosisHeader.accountableHealthcareProfessional.healthcareProfessionalOrgUnit.orgUnitTelecom",0,1,"",""
"getdiagnosis","getdiagnosis.diagnosis.diagnosisHeader.accountableHealthcareProfessional.healthcareProfessionalOrgUnit.orgUnitEmail","getdiagnosis.diagnosis.diagnosisHeader.accountableHealthcareProfessional.healthcareProfessionalOrgUnit.orgUnitEmail","","","",0,1,"","","","string {[]} {[]}
","Epost till organisationsenhet","Epost till organisationsenhet. TKB-typ: string. Kardinalitet: 0..1.","","","","","","","","","",,,,,"",,,,"getdiagnosis.diagnosis.diagnosisHeader.accountableHealthcareProfessional.healthcareProfessionalOrgUnit.orgUnitEmail",0,1,"",""
"getdiagnosis","getdiagnosis.diagnosis.diagnosisHeader.accountableHealthcareProfessional.healthcareProfessionalOrgUnit.orgUnitAddress","getdiagnosis.diagnosis.diagnosisHeader.accountableHealthcareProfessional.healthcareProfessionalOrgUnit.orgUnitAddress","","","",0,1,"","","","string {[]} {[]}
","Postadress för den organisation som författaren är uppdragstagare på","Postadress för den organisation som författaren är uppdragstagare på. TKB-typ: string. Kardinalitet: 0..1.","","","","","","","","","",,,,,"",,,,"getdiagnosis.diagnosis.diagnosisHeader.accountableHealthcareProfessional.healthcareProfessionalOrgUnit.orgUnitAddress",0,1,"",""
"getdiagnosis","getdiagnosis.diagnosis.diagnosisHeader.accountableHealthcareProfessional.healthcareProfessionalOrgUnit.orgUnitLocation","getdiagnosis.diagnosis.diagnosisHeader.accountableHealthcareProfessional.healthcareProfessionalOrgUnit.orgUnitLocation","","","",0,1,"","","","string {[]} {[]}
","Text som anger namnet på plats eller ort för organisationens fysiska placering","Text som anger namnet på plats eller ort för organisationens fysiska placering. TKB-typ: string. Kardinalitet: 0..1.","","","","","","","","","",,,,,"",,,,"getdiagnosis.diagnosis.diagnosisHeader.accountableHealthcareProfessional.healthcareProfessionalOrgUnit.orgUnitLocation",0,1,"",""
"getdiagnosis","getdiagnosis.diagnosis.diagnosisHeader.accountableHealthcareProfessional.healthcareProfessionalCareUnitHSAId","getdiagnosis.diagnosis.diagnosisHeader.accountableHealthcareProfessional.healthcareProfessionalCareUnitHSAId","","","",0,1,"","","","Identifier {[]} {[]}
","HSA-id för vårdenhet","HSA-id för vårdenhet / (Regel: 1) TKB-typ: HSAIdType. Kardinalitet: 0..1.","","","","","","","","","",,,,,"",,,,"getdiagnosis.diagnosis.diagnosisHeader.accountableHealthcareProfessional.healthcareProfessionalCareUnitHSAId",0,1,"",""
"getdiagnosis","getdiagnosis.diagnosis.diagnosisHeader.accountableHealthcareProfessional.healthcareProfessionalCareGiverHSAId","getdiagnosis.diagnosis.diagnosisHeader.accountableHealthcareProfessional.healthcareProfessionalCareGiverHSAId","","","",0,1,"","","","Identifier {[]} {[]}
","HSA-id för vårdgivaren, som är vårdgivare för den enhet som författaren är uppdragstagare för","HSA-id för vårdgivaren, som är vårdgivare för den enhet som författaren är uppdragstagare för. (Regel: 1) TKB-typ: HSAIdType. Kardinalitet: 0..1.","","","","","","","","","",,,,,"",,,,"getdiagnosis.diagnosis.diagnosisHeader.accountableHealthcareProfessional.healthcareProfessionalCareGiverHSAId",0,1,"",""
"getdiagnosis","getdiagnosis.diagnosis.diagnosisHeader.legalAuthenticator","getdiagnosis.diagnosis.diagnosisHeader.legalAuthenticator","","","",0,1,"","","","BackboneElement {[]} {[]}
","Information om vem som signerat informationen i dokumentet","Information om vem som signerat informationen i dokumentet. TKB-typ: LegalAuthenticatorType. Kardinalitet: 0..1.","","","","","","","","","",,,,,"",,,,"getdiagnosis.diagnosis.diagnosisHeader.legalAuthenticator",0,1,"","ele-1:All FHIR elements must have a @value or children {hasValue() or (children().count() > id.count())}
"
"getdiagnosis","getdiagnosis.diagnosis.diagnosisHeader.legalAuthenticator.id","getdiagnosis.diagnosis.diagnosisHeader.legalAuthenticator.id","","","",0,1,"","","","string {[]} {[]}
","Unique id for inter-element referencing","Unique id for the element within a resource (for internal references). This may be any string value that does not contain spaces.","","","","","","","","","",,,,,"",,,,"Element.id",0,1,"",""
"getdiagnosis","getdiagnosis.diagnosis.diagnosisHeader.legalAuthenticator.extension","getdiagnosis.diagnosis.diagnosisHeader.legalAuthenticator.extension","","extensions
user content","",0,*,"","","","Extension {[]} {[]}
","Additional content defined by implementations","May be used to represent additional information that is not part of the basic definition of the element. To make the use of extensions safe and manageable, there is a strict set of governance  applied to the definition and use of extensions. Though any implementer can define an extension, there is a set of requirements that SHALL be met as part of the definition of the extension.","There can be no stigma associated with the use of extensions by any application, project, or standard - regardless of the institution or jurisdiction that uses or defines the extensions.  The use of extensions is what allows the FHIR specification to retain a core level of simplicity for everyone.","","","","","","","","",,,,,"","value:url}
","Extensions are always sliced by (at least) url",,"open","Element.extension",0,*,"","ele-1:All FHIR elements must have a @value or children {hasValue() or (children().count() > id.count())}
ext-1:Must have either extensions or value[x], not both {extension.exists() != value.exists()}"
"getdiagnosis","getdiagnosis.diagnosis.diagnosisHeader.legalAuthenticator.modifierExtension","getdiagnosis.diagnosis.diagnosisHeader.legalAuthenticator.modifierExtension","","extensions
user contentmodifiers","",0,*,"","Y","Y","Extension {[]} {[]}
","Extensions that cannot be ignored even if unrecognized","May be used to represent additional information that is not part of the basic definition of the element and that modifies the understanding of the element in which it is contained and/or the understanding of the containing element's descendants. Usually modifier elements provide negation or qualification. To make the use of extensions safe and manageable, there is a strict set of governance applied to the definition and use of extensions. Though any implementer can define an extension, there is a set of requirements that SHALL be met as part of the definition of the extension. Applications processing a resource are required to check for modifier extensions.

Modifier extensions SHALL NOT change the meaning of any elements on Resource or DomainResource (including cannot change the meaning of modifierExtension itself).","There can be no stigma associated with the use of extensions by any application, project, or standard - regardless of the institution or jurisdiction that uses or defines the extensions.  The use of extensions is what allows the FHIR specification to retain a core level of simplicity for everyone.","Modifier extensions allow for extensions that *cannot* be safely ignored to be clearly distinguished from the vast majority of extensions which can be safely ignored.  This promotes interoperability by eliminating the need for implementers to prohibit the presence of extensions. For further information, see the [definition of modifier extensions](http://hl7.org/fhir/R4/extensibility.html#modifierExtension).","","","","","","","",,,,,"",,,,"BackboneElement.modifierExtension",0,*,"","ele-1:All FHIR elements must have a @value or children {hasValue() or (children().count() > id.count())}
ext-1:Must have either extensions or value[x], not both {extension.exists() != value.exists()}"
"getdiagnosis","getdiagnosis.diagnosis.diagnosisHeader.legalAuthenticator.signatureTime","getdiagnosis.diagnosis.diagnosisHeader.legalAuthenticator.signatureTime","","","",1,1,"","","","dateTime {[]} {[]}
","Tidpunkt för signering","Tidpunkt för signering. TKB-typ: TimeStampType. Kardinalitet: 1..1.","","","","","","","","","",,,,,"",,,,"getdiagnosis.diagnosis.diagnosisHeader.legalAuthenticator.signatureTime",1,1,"",""
"getdiagnosis","getdiagnosis.diagnosis.diagnosisHeader.legalAuthenticator.legalAuthenticatorHSAId","getdiagnosis.diagnosis.diagnosisHeader.legalAuthenticator.legalAuthenticatorHSAId","","","",0,1,"","","","Identifier {[]} {[]}
","HSA-id för person som signerat dokumentet","HSA-id för person som signerat dokumentet. TKB-typ: HSAIdType. Kardinalitet: 0..1.","","","","","","","","","",,,,,"",,,,"getdiagnosis.diagnosis.diagnosisHeader.legalAuthenticator.legalAuthenticatorHSAId",0,1,"",""
"getdiagnosis","getdiagnosis.diagnosis.diagnosisHeader.legalAuthenticator.legalAuthenticatorName","getdiagnosis.diagnosis.diagnosisHeader.legalAuthenticator.legalAuthenticatorName","","","",0,1,"","","","string {[]} {[]}
","Namnen i klartext för signerande person","Namnen i klartext för signerande person. TKB-typ: string. Kardinalitet: 0..1.","","","","","","","","","",,,,,"",,,,"getdiagnosis.diagnosis.diagnosisHeader.legalAuthenticator.legalAuthenticatorName",0,1,"",""
"getdiagnosis","getdiagnosis.diagnosis.diagnosisHeader.approvedForPatient","getdiagnosis.diagnosis.diagnosisHeader.approvedForPatient","","","",1,1,"","","","boolean {[]} {[]}
","Anger om information får delas till patient","Anger om information får delas till patient. Värdet sätts i sådant fall till true, i annat fall till false. TKB-typ: boolean. Kardinalitet: 1..1.","","","","","","","","","",,,,,"",,,,"getdiagnosis.diagnosis.diagnosisHeader.approvedForPatient",1,1,"",""
"getdiagnosis","getdiagnosis.diagnosis.diagnosisHeader.careContactId","getdiagnosis.diagnosis.diagnosisHeader.careContactId","","","",0,1,"","","","string {[]} {[]}
","Identitetet för den hälso- och sjukvårds skontakt som föranlett den information som omfattas av dokumentet","Identitetet för den hälso- och sjukvårds skontakt som föranlett den information som omfattas av dokumentet. Identiteten är unik inom källsystemet. TKB-typ: string. Kardinalitet: 0..1.","","","","","","","","","",,,,,"",,,,"getdiagnosis.diagnosis.diagnosisHeader.careContactId",0,1,"",""
"getdiagnosis","getdiagnosis.diagnosis.diagnosisHeader.nullified","getdiagnosis.diagnosis.diagnosisHeader.nullified","","","",0,0,"","","","boolean {[]} {[]}
","nullified","Används ej. TKB-typ: -. Kardinalitet: 0..0.","","","","","","","","","",,,,,"",,,,"getdiagnosis.diagnosis.diagnosisHeader.nullified",0,0,"",""
"getdiagnosis","getdiagnosis.diagnosis.diagnosisHeader.nullifiedReason","getdiagnosis.diagnosis.diagnosisHeader.nullifiedReason","","","",0,0,"","","","string {[]} {[]}
","nullifiedReason","Används ej. TKB-typ: -. Kardinalitet: 0..0.","","","","","","","","","",,,,,"",,,,"getdiagnosis.diagnosis.diagnosisHeader.nullifiedReason",0,0,"",""
"getdiagnosis","getdiagnosis.diagnosis.diagnosisBody","getdiagnosis.diagnosis.diagnosisBody","","","",1,1,"","","","BackboneElement {[]} {[]}
","diagnosisBody","diagnosisBody. TKB-typ: DiagnosisBodyType. Kardinalitet: 1..1.","","","","","","","","","",,,,,"",,,,"getdiagnosis.diagnosis.diagnosisBody",1,1,"","ele-1:All FHIR elements must have a @value or children {hasValue() or (children().count() > id.count())}
"
"getdiagnosis","getdiagnosis.diagnosis.diagnosisBody.id","getdiagnosis.diagnosis.diagnosisBody.id","","","",0,1,"","","","string {[]} {[]}
","Unique id for inter-element referencing","Unique id for the element within a resource (for internal references). This may be any string value that does not contain spaces.","","","","","","","","","",,,,,"",,,,"Element.id",0,1,"",""
"getdiagnosis","getdiagnosis.diagnosis.diagnosisBody.extension","getdiagnosis.diagnosis.diagnosisBody.extension","","extensions
user content","",0,*,"","","","Extension {[]} {[]}
","Additional content defined by implementations","May be used to represent additional information that is not part of the basic definition of the element. To make the use of extensions safe and manageable, there is a strict set of governance  applied to the definition and use of extensions. Though any implementer can define an extension, there is a set of requirements that SHALL be met as part of the definition of the extension.","There can be no stigma associated with the use of extensions by any application, project, or standard - regardless of the institution or jurisdiction that uses or defines the extensions.  The use of extensions is what allows the FHIR specification to retain a core level of simplicity for everyone.","","","","","","","","",,,,,"","value:url}
","Extensions are always sliced by (at least) url",,"open","Element.extension",0,*,"","ele-1:All FHIR elements must have a @value or children {hasValue() or (children().count() > id.count())}
ext-1:Must have either extensions or value[x], not both {extension.exists() != value.exists()}"
"getdiagnosis","getdiagnosis.diagnosis.diagnosisBody.modifierExtension","getdiagnosis.diagnosis.diagnosisBody.modifierExtension","","extensions
user contentmodifiers","",0,*,"","Y","Y","Extension {[]} {[]}
","Extensions that cannot be ignored even if unrecognized","May be used to represent additional information that is not part of the basic definition of the element and that modifies the understanding of the element in which it is contained and/or the understanding of the containing element's descendants. Usually modifier elements provide negation or qualification. To make the use of extensions safe and manageable, there is a strict set of governance applied to the definition and use of extensions. Though any implementer can define an extension, there is a set of requirements that SHALL be met as part of the definition of the extension. Applications processing a resource are required to check for modifier extensions.

Modifier extensions SHALL NOT change the meaning of any elements on Resource or DomainResource (including cannot change the meaning of modifierExtension itself).","There can be no stigma associated with the use of extensions by any application, project, or standard - regardless of the institution or jurisdiction that uses or defines the extensions.  The use of extensions is what allows the FHIR specification to retain a core level of simplicity for everyone.","Modifier extensions allow for extensions that *cannot* be safely ignored to be clearly distinguished from the vast majority of extensions which can be safely ignored.  This promotes interoperability by eliminating the need for implementers to prohibit the presence of extensions. For further information, see the [definition of modifier extensions](http://hl7.org/fhir/R4/extensibility.html#modifierExtension).","","","","","","","",,,,,"",,,,"BackboneElement.modifierExtension",0,*,"","ele-1:All FHIR elements must have a @value or children {hasValue() or (children().count() > id.count())}
ext-1:Must have either extensions or value[x], not both {extension.exists() != value.exists()}"
"getdiagnosis","getdiagnosis.diagnosis.diagnosisBody.typeOfDiagnosis","getdiagnosis.diagnosis.diagnosisBody.typeOfDiagnosis","","","",1,1,"","","","code {[]} {[]}
","Anges som ""Huvuddiagnos"" eller ""Bidiagnos""","Anges som ""Huvuddiagnos"" eller ""Bidiagnos"". TKB-typ: TypeOfDiagnosisEnum. Kardinalitet: 1..1.","","","","","","","","","",,"required","","https://fhir.inera.se/ig/clinicalprocess-healthcond-description/ValueSet/diagnosistype-vs","",,,,"getdiagnosis.diagnosis.diagnosisBody.typeOfDiagnosis",1,1,"",""
"getdiagnosis","getdiagnosis.diagnosis.diagnosisBody.chronicDiagnosis","getdiagnosis.diagnosis.diagnosisBody.chronicDiagnosis","","","",0,1,"","","","boolean {[]} {[]}
","Sätts till true om diagnosen är kronisk, false om diagnosen inte är kronisk, och används inte om okänt","Sätts till true om diagnosen är kronisk, false om diagnosen inte är kronisk, och används inte om okänt. TKB-typ: boolean. Kardinalitet: 0..1.","","","","","","","","","",,,,,"",,,,"getdiagnosis.diagnosis.diagnosisBody.chronicDiagnosis",0,1,"",""
"getdiagnosis","getdiagnosis.diagnosis.diagnosisBody.diagnosisTime","getdiagnosis.diagnosis.diagnosisBody.diagnosisTime","","","",0,1,"","","","dateTime {[]} {[]}
","Tidpunkt då bedömningen gjordes","Tidpunkt då bedömningen gjordes. TKB-typ: TimeStampType. Kardinalitet: 0..1.","","","","","","","","","",,,,,"",,,,"getdiagnosis.diagnosis.diagnosisBody.diagnosisTime",0,1,"",""
"getdiagnosis","getdiagnosis.diagnosis.diagnosisBody.diagnosisCode","getdiagnosis.diagnosis.diagnosisBody.diagnosisCode","","","",0,1,"","","","CodeableConcept {[]} {[]}
","Diagnoskod","Diagnoskod. TKB-typ: CVType. Kardinalitet: 0..1. Underelement i CVType: code (string, 0..1): Kod för den aktuella diagnosen. / Om code anges ska även codeSystem samt displayName anges. | displayName (string, 0..1): Klartext för kod som angivits i attributet diagnosisCode. / Om displayName anges ska även code samt codeSystem anges. | codeSystem (string, 0..1): OID för kodsystem. | codeSystemName (string, 0..1): Namn på kodsystem. / Om codeSystem anges ska även code samt displayName anges. | codeSystemVersion (string, 0..1): Om tillämpbart, versionsangivelse som definierats av det givna kodsystemet. | originalText (string, 0..1): originalText ska användas vid överföring av värden som kommer från lokala kodverk som ej är identifierade med OID eller när kod helt saknas. I sådana fall ska en beskrivande text anges i originalText. / Om originalText anges ska inget annat värde i diagnosisCode anges.","","","","","","","","","",,,,,"",,,,"getdiagnosis.diagnosis.diagnosisBody.diagnosisCode",0,1,"",""
"getdiagnosis","getdiagnosis.diagnosis.diagnosisBody.relatedDiagnosis","getdiagnosis.diagnosis.diagnosisBody.relatedDiagnosis","","","",0,*,"","","","BackboneElement {[]} {[]}
","Relaterad diagnos","Relaterad diagnos. / Associationen används för att länka samman diagnoser som relaterar till varandra. Använd om möjligt detta för att länka t.ex. bidiagnos till huvuddiagnos eller orsakskod till diagnos. TKB-typ: RelatedDiagnosisType. Kardinalitet: 0..*.","","","","","","","","","",,,,,"",,,,"getdiagnosis.diagnosis.diagnosisBody.relatedDiagnosis",0,*,"","ele-1:All FHIR elements must have a @value or children {hasValue() or (children().count() > id.count())}
"
"getdiagnosis","getdiagnosis.diagnosis.diagnosisBody.relatedDiagnosis.id","getdiagnosis.diagnosis.diagnosisBody.relatedDiagnosis.id","","","",0,1,"","","","string {[]} {[]}
","Unique id for inter-element referencing","Unique id for the element within a resource (for internal references). This may be any string value that does not contain spaces.","","","","","","","","","",,,,,"",,,,"Element.id",0,1,"",""
"getdiagnosis","getdiagnosis.diagnosis.diagnosisBody.relatedDiagnosis.extension","getdiagnosis.diagnosis.diagnosisBody.relatedDiagnosis.extension","","extensions
user content","",0,*,"","","","Extension {[]} {[]}
","Additional content defined by implementations","May be used to represent additional information that is not part of the basic definition of the element. To make the use of extensions safe and manageable, there is a strict set of governance  applied to the definition and use of extensions. Though any implementer can define an extension, there is a set of requirements that SHALL be met as part of the definition of the extension.","There can be no stigma associated with the use of extensions by any application, project, or standard - regardless of the institution or jurisdiction that uses or defines the extensions.  The use of extensions is what allows the FHIR specification to retain a core level of simplicity for everyone.","","","","","","","","",,,,,"","value:url}
","Extensions are always sliced by (at least) url",,"open","Element.extension",0,*,"","ele-1:All FHIR elements must have a @value or children {hasValue() or (children().count() > id.count())}
ext-1:Must have either extensions or value[x], not both {extension.exists() != value.exists()}"
"getdiagnosis","getdiagnosis.diagnosis.diagnosisBody.relatedDiagnosis.modifierExtension","getdiagnosis.diagnosis.diagnosisBody.relatedDiagnosis.modifierExtension","","extensions
user contentmodifiers","",0,*,"","Y","Y","Extension {[]} {[]}
","Extensions that cannot be ignored even if unrecognized","May be used to represent additional information that is not part of the basic definition of the element and that modifies the understanding of the element in which it is contained and/or the understanding of the containing element's descendants. Usually modifier elements provide negation or qualification. To make the use of extensions safe and manageable, there is a strict set of governance applied to the definition and use of extensions. Though any implementer can define an extension, there is a set of requirements that SHALL be met as part of the definition of the extension. Applications processing a resource are required to check for modifier extensions.

Modifier extensions SHALL NOT change the meaning of any elements on Resource or DomainResource (including cannot change the meaning of modifierExtension itself).","There can be no stigma associated with the use of extensions by any application, project, or standard - regardless of the institution or jurisdiction that uses or defines the extensions.  The use of extensions is what allows the FHIR specification to retain a core level of simplicity for everyone.","Modifier extensions allow for extensions that *cannot* be safely ignored to be clearly distinguished from the vast majority of extensions which can be safely ignored.  This promotes interoperability by eliminating the need for implementers to prohibit the presence of extensions. For further information, see the [definition of modifier extensions](http://hl7.org/fhir/R4/extensibility.html#modifierExtension).","","","","","","","",,,,,"",,,,"BackboneElement.modifierExtension",0,*,"","ele-1:All FHIR elements must have a @value or children {hasValue() or (children().count() > id.count())}
ext-1:Must have either extensions or value[x], not both {extension.exists() != value.exists()}"
"getdiagnosis","getdiagnosis.diagnosis.diagnosisBody.relatedDiagnosis.documentId","getdiagnosis.diagnosis.diagnosisBody.relatedDiagnosis.documentId","","","",1,1,"","","","string {[]} {[]}
","Unik identitet för diagnosen","Unik identitet för diagnosen. TKB-typ: string. Kardinalitet: 1..1.","","","","","","","","","",,,,,"",,,,"getdiagnosis.diagnosis.diagnosisBody.relatedDiagnosis.documentId",1,1,"",""
"getdiagnosis","getdiagnosis.result","getdiagnosis.result","","","",1,1,"","","","BackboneElement {[]} {[]}
","Innehåller information om begäran gick bra eller ej, en P av 2.1 måste skicka med resultType, för …","Innehåller information om begäran gick bra eller ej, en P av 2.1 måste skicka med resultType, för kompabilitet mellan K 2.1 och P 2.0 är den satt till icke obligatorisk i wsdl. TKB-typ: ResultType. Kardinalitet: 1..1.","","","","","","","","","",,,,,"",,,,"getdiagnosis.result",1,1,"","ele-1:All FHIR elements must have a @value or children {hasValue() or (children().count() > id.count())}
"
"getdiagnosis","getdiagnosis.result.id","getdiagnosis.result.id","","","",0,1,"","","","string {[]} {[]}
","Unique id for inter-element referencing","Unique id for the element within a resource (for internal references). This may be any string value that does not contain spaces.","","","","","","","","","",,,,,"",,,,"Element.id",0,1,"",""
"getdiagnosis","getdiagnosis.result.extension","getdiagnosis.result.extension","","extensions
user content","",0,*,"","","","Extension {[]} {[]}
","Additional content defined by implementations","May be used to represent additional information that is not part of the basic definition of the element. To make the use of extensions safe and manageable, there is a strict set of governance  applied to the definition and use of extensions. Though any implementer can define an extension, there is a set of requirements that SHALL be met as part of the definition of the extension.","There can be no stigma associated with the use of extensions by any application, project, or standard - regardless of the institution or jurisdiction that uses or defines the extensions.  The use of extensions is what allows the FHIR specification to retain a core level of simplicity for everyone.","","","","","","","","",,,,,"","value:url}
","Extensions are always sliced by (at least) url",,"open","Element.extension",0,*,"","ele-1:All FHIR elements must have a @value or children {hasValue() or (children().count() > id.count())}
ext-1:Must have either extensions or value[x], not both {extension.exists() != value.exists()}"
"getdiagnosis","getdiagnosis.result.modifierExtension","getdiagnosis.result.modifierExtension","","extensions
user contentmodifiers","",0,*,"","Y","Y","Extension {[]} {[]}
","Extensions that cannot be ignored even if unrecognized","May be used to represent additional information that is not part of the basic definition of the element and that modifies the understanding of the element in which it is contained and/or the understanding of the containing element's descendants. Usually modifier elements provide negation or qualification. To make the use of extensions safe and manageable, there is a strict set of governance applied to the definition and use of extensions. Though any implementer can define an extension, there is a set of requirements that SHALL be met as part of the definition of the extension. Applications processing a resource are required to check for modifier extensions.

Modifier extensions SHALL NOT change the meaning of any elements on Resource or DomainResource (including cannot change the meaning of modifierExtension itself).","There can be no stigma associated with the use of extensions by any application, project, or standard - regardless of the institution or jurisdiction that uses or defines the extensions.  The use of extensions is what allows the FHIR specification to retain a core level of simplicity for everyone.","Modifier extensions allow for extensions that *cannot* be safely ignored to be clearly distinguished from the vast majority of extensions which can be safely ignored.  This promotes interoperability by eliminating the need for implementers to prohibit the presence of extensions. For further information, see the [definition of modifier extensions](http://hl7.org/fhir/R4/extensibility.html#modifierExtension).","","","","","","","",,,,,"",,,,"BackboneElement.modifierExtension",0,*,"","ele-1:All FHIR elements must have a @value or children {hasValue() or (children().count() > id.count())}
ext-1:Must have either extensions or value[x], not both {extension.exists() != value.exists()}"
"getdiagnosis","getdiagnosis.result.resultCode","getdiagnosis.result.resultCode","","","",1,1,"","","","code {[]} {[]}
","Kan endast vara OK, INFO eller ERROR","Kan endast vara OK, INFO eller ERROR. TKB-typ: ResultCodeEnum. Kardinalitet: 1..1.","","","","","","","","","",,,,,"",,,,"getdiagnosis.result.resultCode",1,1,"",""
"getdiagnosis","getdiagnosis.result.errorCode","getdiagnosis.result.errorCode","","","",0,1,"","","","code {[]} {[]}
","Sätts endast om resultCode är ERROR, se kapitel 4.4 för mer information","Sätts endast om resultCode är ERROR, se kapitel 4.4 för mer information. TKB-typ: ErrorCodeEnum. Kardinalitet: 0..1.","","","","","","","","","",,,,,"",,,,"getdiagnosis.result.errorCode",0,1,"",""
"getdiagnosis","getdiagnosis.result.subcode","getdiagnosis.result.subcode","","","",0,1,"","","","string {[]} {[]}
","Inga subkoder är specificerade","Inga subkoder är specificerade. TKB-typ: string. Kardinalitet: 0..1. OBS: elementet heter subCode i XSD:n.","","","","","","","","","",,,,,"",,,,"getdiagnosis.result.subcode",0,1,"",""
"getdiagnosis","getdiagnosis.result.logId","getdiagnosis.result.logId","","","",1,1,"","","","string {[]} {[]}
","En UUID som kan användas vid felanmälan för att användas vid felsökning av producent","En UUID som kan användas vid felanmälan för att användas vid felsökning av producent. TKB-typ: string. Kardinalitet: 1..1.","","","","","","","","","",,,,,"",,,,"getdiagnosis.result.logId",1,1,"",""
"getdiagnosis","getdiagnosis.result.message","getdiagnosis.result.message","","","",0,1,"","","","string {[]} {[]}
","En beskrivande text som kan visas för användaren","En beskrivande text som kan visas för användaren. TKB-typ: string. Kardinalitet: 0..1.","","","","","","","","","",,,,,"",,,,"getdiagnosis.result.message",0,1,"",""
"getfunctionalstatus-request","getfunctionalstatus-request","getfunctionalstatus-request","","","",0,*,"","","","null {[]} {[]}
","GetFunctionalStatus — Request","Logisk modell för begäran i tjänstekontraktet GetFunctionalStatus version 2.0 (RIV-TA urn:riv:clinicalprocess:healthcond:description:GetFunctionalStatusResponder:2), enligt fältreglerna i TKB clinicalprocess:healthcond:description 2.1.18.","","","","","","","","","",,,,,"",,,,"Base",0,*,"","getfunctionalstatus-request-carecontact-requires-sourcesystem:sourceSystemHSAId ska anges om careContactId angivits (TKB, fältregler för begäran). {careContactId.exists() implies sourceSystemHSAId.exists()}
"
"getfunctionalstatus-request","getfunctionalstatus-request.careUnitHSAId","getfunctionalstatus-request.careUnitHSAId","","","",0,*,"","","","Identifier {[]} {[]}
","Filtrering på vårdenhet vilket motsvarar careUnitHSAId i healthcareProfessionalType","Filtrering på vårdenhet vilket motsvarar careUnitHSAId i healthcareProfessionalType. TKB-typ: HSAIdType. Kardinalitet: 0..*.","","","","","","","","","",,,,,"",,,,"getfunctionalstatus-request.careUnitHSAId",0,*,"",""
"getfunctionalstatus-request","getfunctionalstatus-request.patientId","getfunctionalstatus-request.patientId","","","",1,1,"","","","Identifier {[]} {[]}
","Id för patienten där fältet id sätts till patientens identifierare","Id för patienten där fältet id sätts till patientens identifierare. Anges med 12 tecken utan avskiljare. / Fältet type sätts till OID för typ av identifierare. / 1) För personnummer ska Skatteverkets OID för personnummer (1.2.752.129.2.1.3.1) användas, [R14]. / 2) För samordningsnummer ska Skatteverkets OID för samordningsnummer (1.2.752.129.2.1.3.3) användas, [R14]. / 3) Tjänsteproducenter ska även stödja sökning på reservnummer med hjälp av att ange lokalt definierade OID’ar för reservnummer, exempelvis SLL reservnummer (1.2.752.97.3.1.3), [R14]. / OBS reservnummer kan ej användas tillsammans med EI och aggregerande tjänster då dessa komponenter idag inte är anpassade för att stödja typ av id, inga uppdateringar till EI ska göras av en tjänsteproducent för reservnummer. / En tjänstekonsument som vill begära mha reservnummer måste därmed använda sig av systemadressering och ha vetskap om vilken reservnummer-OID som gäller vid anrop mot en specifik tjänsteproducent. TKB-typ: PersonIdType. Kardinalitet: 1..1.","","","","","","","","","",,,,,"",,,,"getfunctionalstatus-request.patientId",1,1,"",""
"getfunctionalstatus-request","getfunctionalstatus-request.datePeriod","getfunctionalstatus-request.datePeriod","","","",0,1,"","","","Period {[]} {[]}
","Begränsar sökningen till det angivna intervallet","Begränsar sökningen till det angivna intervallet. Begränsningen innebär att endast poster returneras där documentTime i svaret ligger inom sökintervallets start- och slutdatumet. / Notera att sökintervallet beskrivs som ett datumintervall. Vid jämförelse konverteras datapostens tidpunkter till datum. TKB-typ: DatePeriodType. Kardinalitet: 0..1. Underelement i DatePeriodType: start (string, 1..1): Startdatum. Format ÅÅÅÅMMDD. | end (string, 1..1): Slutdatum. Format ÅÅÅÅMMDD.","","","","","","","","","",,,,,"",,,,"getfunctionalstatus-request.datePeriod",0,1,"","ele-1:All FHIR elements must have a @value or children {hasValue() or (children().count() > id.count())}
per-1:If present, start SHALL have a lower value than end {start.hasValue().not() or end.hasValue().not() or (start <= end)}"
"getfunctionalstatus-request","getfunctionalstatus-request.datePeriod.id","getfunctionalstatus-request.datePeriod.id","","","",0,1,"","","","string {[]} {[]}
","Unique id for inter-element referencing","Unique id for the element within a resource (for internal references). This may be any string value that does not contain spaces.","","","","","","","","","",,,,,"",,,,"Element.id",0,1,"",""
"getfunctionalstatus-request","getfunctionalstatus-request.datePeriod.extension","getfunctionalstatus-request.datePeriod.extension","","extensions
user content","",0,*,"","","","Extension {[]} {[]}
","Additional content defined by implementations","May be used to represent additional information that is not part of the basic definition of the element. To make the use of extensions safe and manageable, there is a strict set of governance  applied to the definition and use of extensions. Though any implementer can define an extension, there is a set of requirements that SHALL be met as part of the definition of the extension.","There can be no stigma associated with the use of extensions by any application, project, or standard - regardless of the institution or jurisdiction that uses or defines the extensions.  The use of extensions is what allows the FHIR specification to retain a core level of simplicity for everyone.","","","","","","","","",,,,,"","value:url}
","Extensions are always sliced by (at least) url",,"open","Element.extension",0,*,"","ele-1:All FHIR elements must have a @value or children {hasValue() or (children().count() > id.count())}
ext-1:Must have either extensions or value[x], not both {extension.exists() != value.exists()}"
"getfunctionalstatus-request","getfunctionalstatus-request.datePeriod.start","getfunctionalstatus-request.datePeriod.start","","","",1,1,"","","Y","dateTime {[]} {[]}
","Starting time with inclusive boundary","The start of the period. The boundary is inclusive.","If the low element is missing, the meaning is that the low boundary is not known.","","","","","","","","",,,,,"",,,,"Period.start",0,1,"per-1
","ele-1:All FHIR elements must have a @value or children {hasValue() or (children().count() > id.count())}
"
"getfunctionalstatus-request","getfunctionalstatus-request.datePeriod.end","getfunctionalstatus-request.datePeriod.end","","","",1,1,"","","Y","dateTime {[]} {[]}
","End time with inclusive boundary, if not ongoing","The end of the period. If the end of the period is missing, it means no end was known or planned at the time the instance was created. The start may be in the past, and the end date in the future, which means that period is expected/planned to end at that time.","The high value includes any matching date/time. i.e. 2012-02-03T10:00:00 is in a period that has an end value of 2012-02-03.","","","If the end of the period is missing, it means that the period is ongoing","","","","","",,,,,"",,,,"Period.end",0,1,"per-1
","ele-1:All FHIR elements must have a @value or children {hasValue() or (children().count() > id.count())}
"
"getfunctionalstatus-request","getfunctionalstatus-request.sourceSystemHSAId","getfunctionalstatus-request.sourceSystemHSAId","","","",0,1,"","","","Identifier {[]} {[]}
","Begränsar sökningen till aktivitet som är skapad i det angivna källsystemet","Begränsar sökningen till aktivitet som är skapad i det angivna källsystemet. Tjänsteproducenten förväntas enbart returnera poster som tillhör efterfrågat källsystem. / Värdet på detta fält måste överensstämma med värdet på logicalAddress i anropets tekniska kuvertering (ex. SOAP-header). / Det innebär i praktiken att aggregerande tjänster inte används när detta fält anges. / Ska anges om careContactId angivits. / Ska anges vid begäran på reservnummer. / Om sourceSystemHSAId och logicalAddress är olika ska ett svar endast innehålla en resultType med result.resultCode satt till ERROR samt result.errorCode satt till INVALID_REQUEST / Om careContactId är satt och sourceSystemHSAId är tomt ska ett svar endast innehålla en resultType med  result.resultCode satt till ERROR samt result.errorCode satt till INVALID_REQUEST. TKB-typ: HSAIdType. Kardinalitet: 0..1.","","","","","","","","","",,,,,"",,,,"getfunctionalstatus-request.sourceSystemHSAId",0,1,"",""
"getfunctionalstatus-request","getfunctionalstatus-request.careContactId","getfunctionalstatus-request.careContactId","","","",0,*,"","","","string {[]} {[]}
","Begränsar sökningen till de funktionsstatusobjekt som dokumenterades vid angiven hälso- och sjukvårdskontakt","Begränsar sökningen till de funktionsstatusobjekt som dokumenterades vid angiven hälso- och sjukvårdskontakt. TKB-typ: string. Kardinalitet: 0..*.","","","","","","","","","",,,,,"",,,,"getfunctionalstatus-request.careContactId",0,*,"",""
"getfunctionalstatus","getfunctionalstatus","getfunctionalstatus","","","",0,*,"","","","null {[]} {[]}
","GetFunctionalStatus","Logisk modell för svaret i tjänstekontraktet GetFunctionalStatus version 2.0 (RIV-TA urn:riv:clinicalprocess:healthcond:description:GetFunctionalStatusResponder:2), enligt fältreglerna i TKB clinicalprocess:healthcond:description 2.1.18. Representerar svarets informationsstruktur: funktionsstatusbedömningar för en patient samt resultat.","","","","","","","","","",,,,,"",,,,"Base",0,*,"",""
"getfunctionalstatus","getfunctionalstatus.functionalStatusAssessment","getfunctionalstatus.functionalStatusAssessment","","","",0,*,"","","","BackboneElement {[]} {[]}
","De funktionsstatusbedömningar som matchar begäran","De funktionsstatusbedömningar som matchar begäran. TKB-typ: FunctionalStatusAssessmentTime. Kardinalitet: 0..*.","","","","","","","","","",,,,,"",,,,"getfunctionalstatus.functionalStatusAssessment",0,*,"","ele-1:All FHIR elements must have a @value or children {hasValue() or (children().count() > id.count())}
"
"getfunctionalstatus","getfunctionalstatus.functionalStatusAssessment.id","getfunctionalstatus.functionalStatusAssessment.id","","","",0,1,"","","","string {[]} {[]}
","Unique id for inter-element referencing","Unique id for the element within a resource (for internal references). This may be any string value that does not contain spaces.","","","","","","","","","",,,,,"",,,,"Element.id",0,1,"",""
"getfunctionalstatus","getfunctionalstatus.functionalStatusAssessment.extension","getfunctionalstatus.functionalStatusAssessment.extension","","extensions
user content","",0,*,"","","","Extension {[]} {[]}
","Additional content defined by implementations","May be used to represent additional information that is not part of the basic definition of the element. To make the use of extensions safe and manageable, there is a strict set of governance  applied to the definition and use of extensions. Though any implementer can define an extension, there is a set of requirements that SHALL be met as part of the definition of the extension.","There can be no stigma associated with the use of extensions by any application, project, or standard - regardless of the institution or jurisdiction that uses or defines the extensions.  The use of extensions is what allows the FHIR specification to retain a core level of simplicity for everyone.","","","","","","","","",,,,,"","value:url}
","Extensions are always sliced by (at least) url",,"open","Element.extension",0,*,"","ele-1:All FHIR elements must have a @value or children {hasValue() or (children().count() > id.count())}
ext-1:Must have either extensions or value[x], not both {extension.exists() != value.exists()}"
"getfunctionalstatus","getfunctionalstatus.functionalStatusAssessment.modifierExtension","getfunctionalstatus.functionalStatusAssessment.modifierExtension","","extensions
user contentmodifiers","",0,*,"","Y","Y","Extension {[]} {[]}
","Extensions that cannot be ignored even if unrecognized","May be used to represent additional information that is not part of the basic definition of the element and that modifies the understanding of the element in which it is contained and/or the understanding of the containing element's descendants. Usually modifier elements provide negation or qualification. To make the use of extensions safe and manageable, there is a strict set of governance applied to the definition and use of extensions. Though any implementer can define an extension, there is a set of requirements that SHALL be met as part of the definition of the extension. Applications processing a resource are required to check for modifier extensions.

Modifier extensions SHALL NOT change the meaning of any elements on Resource or DomainResource (including cannot change the meaning of modifierExtension itself).","There can be no stigma associated with the use of extensions by any application, project, or standard - regardless of the institution or jurisdiction that uses or defines the extensions.  The use of extensions is what allows the FHIR specification to retain a core level of simplicity for everyone.","Modifier extensions allow for extensions that *cannot* be safely ignored to be clearly distinguished from the vast majority of extensions which can be safely ignored.  This promotes interoperability by eliminating the need for implementers to prohibit the presence of extensions. For further information, see the [definition of modifier extensions](http://hl7.org/fhir/R4/extensibility.html#modifierExtension).","","","","","","","",,,,,"",,,,"BackboneElement.modifierExtension",0,*,"","ele-1:All FHIR elements must have a @value or children {hasValue() or (children().count() > id.count())}
ext-1:Must have either extensions or value[x], not both {extension.exists() != value.exists()}"
"getfunctionalstatus","getfunctionalstatus.functionalStatusAssessment.functionalStatusAssessmentHeader","getfunctionalstatus.functionalStatusAssessment.functionalStatusAssessmentHeader","","","",1,1,"","","","BackboneElement {[]} {[]}
","Innehåller basinformation om dokumentet","Innehåller basinformation om dokumentet. TKB-typ: PatientSummaryHeaderType. Kardinalitet: 1..1.","","","","","","","","","",,,,,"",,,,"getfunctionalstatus.functionalStatusAssessment.functionalStatusAssessmentHeader",1,1,"","ele-1:All FHIR elements must have a @value or children {hasValue() or (children().count() > id.count())}
"
"getfunctionalstatus","getfunctionalstatus.functionalStatusAssessment.functionalStatusAssessmentHeader.id","getfunctionalstatus.functionalStatusAssessment.functionalStatusAssessmentHeader.id","","","",0,1,"","","","string {[]} {[]}
","Unique id for inter-element referencing","Unique id for the element within a resource (for internal references). This may be any string value that does not contain spaces.","","","","","","","","","",,,,,"",,,,"Element.id",0,1,"",""
"getfunctionalstatus","getfunctionalstatus.functionalStatusAssessment.functionalStatusAssessmentHeader.extension","getfunctionalstatus.functionalStatusAssessment.functionalStatusAssessmentHeader.extension","","extensions
user content","",0,*,"","","","Extension {[]} {[]}
","Additional content defined by implementations","May be used to represent additional information that is not part of the basic definition of the element. To make the use of extensions safe and manageable, there is a strict set of governance  applied to the definition and use of extensions. Though any implementer can define an extension, there is a set of requirements that SHALL be met as part of the definition of the extension.","There can be no stigma associated with the use of extensions by any application, project, or standard - regardless of the institution or jurisdiction that uses or defines the extensions.  The use of extensions is what allows the FHIR specification to retain a core level of simplicity for everyone.","","","","","","","","",,,,,"","value:url}
","Extensions are always sliced by (at least) url",,"open","Element.extension",0,*,"","ele-1:All FHIR elements must have a @value or children {hasValue() or (children().count() > id.count())}
ext-1:Must have either extensions or value[x], not both {extension.exists() != value.exists()}"
"getfunctionalstatus","getfunctionalstatus.functionalStatusAssessment.functionalStatusAssessmentHeader.modifierExtension","getfunctionalstatus.functionalStatusAssessment.functionalStatusAssessmentHeader.modifierExtension","","extensions
user contentmodifiers","",0,*,"","Y","Y","Extension {[]} {[]}
","Extensions that cannot be ignored even if unrecognized","May be used to represent additional information that is not part of the basic definition of the element and that modifies the understanding of the element in which it is contained and/or the understanding of the containing element's descendants. Usually modifier elements provide negation or qualification. To make the use of extensions safe and manageable, there is a strict set of governance applied to the definition and use of extensions. Though any implementer can define an extension, there is a set of requirements that SHALL be met as part of the definition of the extension. Applications processing a resource are required to check for modifier extensions.

Modifier extensions SHALL NOT change the meaning of any elements on Resource or DomainResource (including cannot change the meaning of modifierExtension itself).","There can be no stigma associated with the use of extensions by any application, project, or standard - regardless of the institution or jurisdiction that uses or defines the extensions.  The use of extensions is what allows the FHIR specification to retain a core level of simplicity for everyone.","Modifier extensions allow for extensions that *cannot* be safely ignored to be clearly distinguished from the vast majority of extensions which can be safely ignored.  This promotes interoperability by eliminating the need for implementers to prohibit the presence of extensions. For further information, see the [definition of modifier extensions](http://hl7.org/fhir/R4/extensibility.html#modifierExtension).","","","","","","","",,,,,"",,,,"BackboneElement.modifierExtension",0,*,"","ele-1:All FHIR elements must have a @value or children {hasValue() or (children().count() > id.count())}
ext-1:Must have either extensions or value[x], not both {extension.exists() != value.exists()}"
"getfunctionalstatus","getfunctionalstatus.functionalStatusAssessment.functionalStatusAssessmentHeader.documentId","getfunctionalstatus.functionalStatusAssessment.functionalStatusAssessmentHeader.documentId","","","",1,1,"","","","string {[]} {[]}
","Funktionsbedömningens identitet som är unik inom källsystemet","Funktionsbedömningens identitet som är unik inom källsystemet. / Identifieraren ska vara konsistent och beständigt mellan olika majorversioner av ett kontrakt. Ett exempel på detta är att en vårdkontakt ska ha samma identifierare i majorversion 3 och 4 av ett tjänstekontrakt för att läsa vårdkontakter. / Identifieraren ska vara konsistent och beständigt mellan olika kontrakt. Ett exempel på detta är att samma remiss-identitet ska användas i ett tjänstekontrakt för att läsa remisser, samt tjänstekontraktet som läser remissvar som refererar till den ursprungliga remissen. TKB-typ: string. Kardinalitet: 1..1.","","","","","","","","","",,,,,"",,,,"getfunctionalstatus.functionalStatusAssessment.functionalStatusAssessmentHeader.documentId",1,1,"",""
"getfunctionalstatus","getfunctionalstatus.functionalStatusAssessment.functionalStatusAssessmentHeader.sourceSystemHSAId","getfunctionalstatus.functionalStatusAssessment.functionalStatusAssessmentHeader.sourceSystemHSAId","","","",1,1,"","","","Identifier {[]} {[]}
","HSA-id för det system som dokumentet är skapat i","HSA-id för det system som dokumentet är skapat i. TKB-typ: HSAIdType. Kardinalitet: 1..1.","","","","","","","","","",,,,,"",,,,"getfunctionalstatus.functionalStatusAssessment.functionalStatusAssessmentHeader.sourceSystemHSAId",1,1,"",""
"getfunctionalstatus","getfunctionalstatus.functionalStatusAssessment.functionalStatusAssessmentHeader.documentTitle","getfunctionalstatus.functionalStatusAssessment.functionalStatusAssessmentHeader.documentTitle","","","",0,0,"","","","string {[]} {[]}
","documentTitle","Används ej. TKB-typ: string. Kardinalitet: 0..0.","","","","","","","","","",,,,,"",,,,"getfunctionalstatus.functionalStatusAssessment.functionalStatusAssessmentHeader.documentTitle",0,0,"",""
"getfunctionalstatus","getfunctionalstatus.functionalStatusAssessment.functionalStatusAssessmentHeader.documentTime","getfunctionalstatus.functionalStatusAssessment.functionalStatusAssessmentHeader.documentTime","","","",1,1,"","","","dateTime {[]} {[]}
","Bedömningstidpunkt/händelsetidpunkt","Bedömningstidpunkt/händelsetidpunkt. TKB-typ: TimeStampType. Kardinalitet: 1..1.","","","","","","","","","",,,,,"",,,,"getfunctionalstatus.functionalStatusAssessment.functionalStatusAssessmentHeader.documentTime",1,1,"",""
"getfunctionalstatus","getfunctionalstatus.functionalStatusAssessment.functionalStatusAssessmentHeader.patientId","getfunctionalstatus.functionalStatusAssessment.functionalStatusAssessmentHeader.patientId","","","",1,1,"","","","Identifier {[]} {[]}
","Identifierare för patient","Identifierare för patient. TKB-typ: PersonIdType. Kardinalitet: 1..1. Underelement i PersonIdType: id (string, 1..1): Sätts till patientens identifierare. Anges med 12 tecken utan avskiljare. | type (string, 1..1): Sätts till OID för typ av identifierare. / För personnummer ska Skatteverkets personnummer (1.2.752.129.2.1.3.1), [R14]. / För samordningsnummer ska Skatteverkets samordningsnummer (1.2.752.129.2.1.3.3), [R14]. / För reservnummer används lokalt definierade reservnummet, exempelvis SLL reservnummer (1.2.752.97.3.1.3), [R14].","","","","","","","","","",,,,,"",,,,"getfunctionalstatus.functionalStatusAssessment.functionalStatusAssessmentHeader.patientId",1,1,"",""
"getfunctionalstatus","getfunctionalstatus.functionalStatusAssessment.functionalStatusAssessmentHeader.accountableHealthcareProfessional","getfunctionalstatus.functionalStatusAssessment.functionalStatusAssessmentHeader.accountableHealthcareProfessional","","","",1,1,"","","","BackboneElement {[]} {[]}
","Information om den hälso- och sjukvårdsperson som ansvarar för funktionsstatusbedömninge, nedan kallas …","Information om den hälso- och sjukvårdsperson som ansvarar för funktionsstatusbedömninge, nedan kallas författare. TKB-typ: HealthcareProfessionalType. Kardinalitet: 1..1.","","","","","","","","","",,,,,"",,,,"getfunctionalstatus.functionalStatusAssessment.functionalStatusAssessmentHeader.accountableHealthcareProfessional",1,1,"","ele-1:All FHIR elements must have a @value or children {hasValue() or (children().count() > id.count())}
"
"getfunctionalstatus","getfunctionalstatus.functionalStatusAssessment.functionalStatusAssessmentHeader.accountableHealthcareProfessional.id","getfunctionalstatus.functionalStatusAssessment.functionalStatusAssessmentHeader.accountableHealthcareProfessional.id","","","",0,1,"","","","string {[]} {[]}
","Unique id for inter-element referencing","Unique id for the element within a resource (for internal references). This may be any string value that does not contain spaces.","","","","","","","","","",,,,,"",,,,"Element.id",0,1,"",""
"getfunctionalstatus","getfunctionalstatus.functionalStatusAssessment.functionalStatusAssessmentHeader.accountableHealthcareProfessional.extension","getfunctionalstatus.functionalStatusAssessment.functionalStatusAssessmentHeader.accountableHealthcareProfessional.extension","","extensions
user content","",0,*,"","","","Extension {[]} {[]}
","Additional content defined by implementations","May be used to represent additional information that is not part of the basic definition of the element. To make the use of extensions safe and manageable, there is a strict set of governance  applied to the definition and use of extensions. Though any implementer can define an extension, there is a set of requirements that SHALL be met as part of the definition of the extension.","There can be no stigma associated with the use of extensions by any application, project, or standard - regardless of the institution or jurisdiction that uses or defines the extensions.  The use of extensions is what allows the FHIR specification to retain a core level of simplicity for everyone.","","","","","","","","",,,,,"","value:url}
","Extensions are always sliced by (at least) url",,"open","Element.extension",0,*,"","ele-1:All FHIR elements must have a @value or children {hasValue() or (children().count() > id.count())}
ext-1:Must have either extensions or value[x], not both {extension.exists() != value.exists()}"
"getfunctionalstatus","getfunctionalstatus.functionalStatusAssessment.functionalStatusAssessmentHeader.accountableHealthcareProfessional.modifierExtension","getfunctionalstatus.functionalStatusAssessment.functionalStatusAssessmentHeader.accountableHealthcareProfessional.modifierExtension","","extensions
user contentmodifiers","",0,*,"","Y","Y","Extension {[]} {[]}
","Extensions that cannot be ignored even if unrecognized","May be used to represent additional information that is not part of the basic definition of the element and that modifies the understanding of the element in which it is contained and/or the understanding of the containing element's descendants. Usually modifier elements provide negation or qualification. To make the use of extensions safe and manageable, there is a strict set of governance applied to the definition and use of extensions. Though any implementer can define an extension, there is a set of requirements that SHALL be met as part of the definition of the extension. Applications processing a resource are required to check for modifier extensions.

Modifier extensions SHALL NOT change the meaning of any elements on Resource or DomainResource (including cannot change the meaning of modifierExtension itself).","There can be no stigma associated with the use of extensions by any application, project, or standard - regardless of the institution or jurisdiction that uses or defines the extensions.  The use of extensions is what allows the FHIR specification to retain a core level of simplicity for everyone.","Modifier extensions allow for extensions that *cannot* be safely ignored to be clearly distinguished from the vast majority of extensions which can be safely ignored.  This promotes interoperability by eliminating the need for implementers to prohibit the presence of extensions. For further information, see the [definition of modifier extensions](http://hl7.org/fhir/R4/extensibility.html#modifierExtension).","","","","","","","",,,,,"",,,,"BackboneElement.modifierExtension",0,*,"","ele-1:All FHIR elements must have a @value or children {hasValue() or (children().count() > id.count())}
ext-1:Must have either extensions or value[x], not both {extension.exists() != value.exists()}"
"getfunctionalstatus","getfunctionalstatus.functionalStatusAssessment.functionalStatusAssessmentHeader.accountableHealthcareProfessional.authorTime","getfunctionalstatus.functionalStatusAssessment.functionalStatusAssessmentHeader.accountableHealthcareProfessional.authorTime","","","",1,1,"","","","dateTime {[]} {[]}
","Tidpunkt då informationen registrerades","Tidpunkt då informationen registrerades. TKB-typ: TimeStampType. Kardinalitet: 1..1.","","","","","","","","","",,,,,"",,,,"getfunctionalstatus.functionalStatusAssessment.functionalStatusAssessmentHeader.accountableHealthcareProfessional.authorTime",1,1,"",""
"getfunctionalstatus","getfunctionalstatus.functionalStatusAssessment.functionalStatusAssessmentHeader.accountableHealthcareProfessional.healthcareProfessionalHSAId","getfunctionalstatus.functionalStatusAssessment.functionalStatusAssessmentHeader.accountableHealthcareProfessional.healthcareProfessionalHSAId","","","",0,1,"","","","Identifier {[]} {[]}
","Författarens HSA-id","Författarens HSA-id. TKB-typ: HSAIdType. Kardinalitet: 0..1.","","","","","","","","","",,,,,"",,,,"getfunctionalstatus.functionalStatusAssessment.functionalStatusAssessmentHeader.accountableHealthcareProfessional.healthcareProfessionalHSAId",0,1,"",""
"getfunctionalstatus","getfunctionalstatus.functionalStatusAssessment.functionalStatusAssessmentHeader.accountableHealthcareProfessional.healthcareProfessionalName","getfunctionalstatus.functionalStatusAssessment.functionalStatusAssessmentHeader.accountableHealthcareProfessional.healthcareProfessionalName","","","",0,1,"","","","string {[]} {[]}
","Namn på författaren","Namn på författaren. Om tillgängligt ska detta anges. TKB-typ: string. Kardinalitet: 0..1.","","","","","","","","","",,,,,"",,,,"getfunctionalstatus.functionalStatusAssessment.functionalStatusAssessmentHeader.accountableHealthcareProfessional.healthcareProfessionalName",0,1,"",""
"getfunctionalstatus","getfunctionalstatus.functionalStatusAssessment.functionalStatusAssessmentHeader.accountableHealthcareProfessional.healthcareProfessionalRoleCode","getfunctionalstatus.functionalStatusAssessment.functionalStatusAssessmentHeader.accountableHealthcareProfessional.healthcareProfessionalRoleCode","","","",0,1,"","","","CodeableConcept {[]} {[]}
","Information om personens befattning","Information om personens befattning. Om möjligt ska kodverket Befattning (OID 1.2.752.129.2.2.1.4) användas, [R13]. / I de fall kodverket Befattning ej kan användas, men information om befattning finns tillgänglig, måste vårdgivaren ange en OID på det organisationsinterna kodverk som används istället. / Information som finns kan inte utelämnas på grund av att mappning till kodverket Befattning inte är möjlig. TKB-typ: CVType. Kardinalitet: 0..1. Underelement i CVType: code (string, 0..1): Befattningskod. Om code anges ska också codeSystem  samt displayName anges. | codeSystem (string, 0..1): Kodsystem för befattningskod. Om codeSystem anges ska också code samt displayName anges. | codeSystemName (string, 0..1): Namn på kodsystem för befattningskod. | codeSystemVersion (string, 0..1): Version på kodsystem för befattningskod. | displayName (string, 0..1): Befattningskoden i klartext. Om separat displayName inte finns i producerande system ska samma värde som i code anges. | originalText (string, 0..1): Om befattning är beskriven i ett lokalt kodverk utan OID, eller när kod helt saknas, kan en beskrivande text anges i originalText. / Om originalText anges ska inget annat värde i healthcareProfessionalRoleCode anges.","","","","","","","","","",,,,,"",,,,"getfunctionalstatus.functionalStatusAssessment.functionalStatusAssessmentHeader.accountableHealthcareProfessional.healthcareProfessionalRoleCode",0,1,"",""
"getfunctionalstatus","getfunctionalstatus.functionalStatusAssessment.functionalStatusAssessmentHeader.accountableHealthcareProfessional.healthcareProfessionalOrgUnit","getfunctionalstatus.functionalStatusAssessment.functionalStatusAssessmentHeader.accountableHealthcareProfessional.healthcareProfessionalOrgUnit","","","",0,1,"","","","BackboneElement {[]} {[]}
","Den organisation som författaren är uppdragstagare på","Den organisation som författaren är uppdragstagare på. TKB-typ: OrgUnitType. Kardinalitet: 0..1.","","","","","","","","","",,,,,"",,,,"getfunctionalstatus.functionalStatusAssessment.functionalStatusAssessmentHeader.accountableHealthcareProfessional.healthcareProfessionalOrgUnit",0,1,"","ele-1:All FHIR elements must have a @value or children {hasValue() or (children().count() > id.count())}
"
"getfunctionalstatus","getfunctionalstatus.functionalStatusAssessment.functionalStatusAssessmentHeader.accountableHealthcareProfessional.healthcareProfessionalOrgUnit.id","getfunctionalstatus.functionalStatusAssessment.functionalStatusAssessmentHeader.accountableHealthcareProfessional.healthcareProfessionalOrgUnit.id","","","",0,1,"","","","string {[]} {[]}
","Unique id for inter-element referencing","Unique id for the element within a resource (for internal references). This may be any string value that does not contain spaces.","","","","","","","","","",,,,,"",,,,"Element.id",0,1,"",""
"getfunctionalstatus","getfunctionalstatus.functionalStatusAssessment.functionalStatusAssessmentHeader.accountableHealthcareProfessional.healthcareProfessionalOrgUnit.extension","getfunctionalstatus.functionalStatusAssessment.functionalStatusAssessmentHeader.accountableHealthcareProfessional.healthcareProfessionalOrgUnit.extension","","extensions
user content","",0,*,"","","","Extension {[]} {[]}
","Additional content defined by implementations","May be used to represent additional information that is not part of the basic definition of the element. To make the use of extensions safe and manageable, there is a strict set of governance  applied to the definition and use of extensions. Though any implementer can define an extension, there is a set of requirements that SHALL be met as part of the definition of the extension.","There can be no stigma associated with the use of extensions by any application, project, or standard - regardless of the institution or jurisdiction that uses or defines the extensions.  The use of extensions is what allows the FHIR specification to retain a core level of simplicity for everyone.","","","","","","","","",,,,,"","value:url}
","Extensions are always sliced by (at least) url",,"open","Element.extension",0,*,"","ele-1:All FHIR elements must have a @value or children {hasValue() or (children().count() > id.count())}
ext-1:Must have either extensions or value[x], not both {extension.exists() != value.exists()}"
"getfunctionalstatus","getfunctionalstatus.functionalStatusAssessment.functionalStatusAssessmentHeader.accountableHealthcareProfessional.healthcareProfessionalOrgUnit.modifierExtension","getfunctionalstatus.functionalStatusAssessment.functionalStatusAssessmentHeader.accountableHealthcareProfessional.healthcareProfessionalOrgUnit.modifierExtension","","extensions
user contentmodifiers","",0,*,"","Y","Y","Extension {[]} {[]}
","Extensions that cannot be ignored even if unrecognized","May be used to represent additional information that is not part of the basic definition of the element and that modifies the understanding of the element in which it is contained and/or the understanding of the containing element's descendants. Usually modifier elements provide negation or qualification. To make the use of extensions safe and manageable, there is a strict set of governance applied to the definition and use of extensions. Though any implementer can define an extension, there is a set of requirements that SHALL be met as part of the definition of the extension. Applications processing a resource are required to check for modifier extensions.

Modifier extensions SHALL NOT change the meaning of any elements on Resource or DomainResource (including cannot change the meaning of modifierExtension itself).","There can be no stigma associated with the use of extensions by any application, project, or standard - regardless of the institution or jurisdiction that uses or defines the extensions.  The use of extensions is what allows the FHIR specification to retain a core level of simplicity for everyone.","Modifier extensions allow for extensions that *cannot* be safely ignored to be clearly distinguished from the vast majority of extensions which can be safely ignored.  This promotes interoperability by eliminating the need for implementers to prohibit the presence of extensions. For further information, see the [definition of modifier extensions](http://hl7.org/fhir/R4/extensibility.html#modifierExtension).","","","","","","","",,,,,"",,,,"BackboneElement.modifierExtension",0,*,"","ele-1:All FHIR elements must have a @value or children {hasValue() or (children().count() > id.count())}
ext-1:Must have either extensions or value[x], not both {extension.exists() != value.exists()}"
"getfunctionalstatus","getfunctionalstatus.functionalStatusAssessment.functionalStatusAssessmentHeader.accountableHealthcareProfessional.healthcareProfessionalOrgUnit.orgUnitHSAId","getfunctionalstatus.functionalStatusAssessment.functionalStatusAssessmentHeader.accountableHealthcareProfessional.healthcareProfessionalOrgUnit.orgUnitHSAId","","","",1,1,"","","","Identifier {[]} {[]}
","HSA-id för organisationsenhet","HSA-id för organisationsenhet. TKB-typ: HSAIdType. Kardinalitet: 1..1.","","","","","","","","","",,,,,"",,,,"getfunctionalstatus.functionalStatusAssessment.functionalStatusAssessmentHeader.accountableHealthcareProfessional.healthcareProfessionalOrgUnit.orgUnitHSAId",1,1,"",""
"getfunctionalstatus","getfunctionalstatus.functionalStatusAssessment.functionalStatusAssessmentHeader.accountableHealthcareProfessional.healthcareProfessionalOrgUnit.orgUnitName","getfunctionalstatus.functionalStatusAssessment.functionalStatusAssessmentHeader.accountableHealthcareProfessional.healthcareProfessionalOrgUnit.orgUnitName","","","",1,1,"","","","string {[]} {[]}
","Namnet på den organisation som författaren är uppdragstagare på","Namnet på den organisation som författaren är uppdragstagare på. TKB-typ: string. Kardinalitet: 1..1.","","","","","","","","","",,,,,"",,,,"getfunctionalstatus.functionalStatusAssessment.functionalStatusAssessmentHeader.accountableHealthcareProfessional.healthcareProfessionalOrgUnit.orgUnitName",1,1,"",""
"getfunctionalstatus","getfunctionalstatus.functionalStatusAssessment.functionalStatusAssessmentHeader.accountableHealthcareProfessional.healthcareProfessionalOrgUnit.orgUnitTelecom","getfunctionalstatus.functionalStatusAssessment.functionalStatusAssessmentHeader.accountableHealthcareProfessional.healthcareProfessionalOrgUnit.orgUnitTelecom","","","",0,1,"","","","string {[]} {[]}
","Telefon till organisationsenhet","Telefon till organisationsenhet. TKB-typ: string. Kardinalitet: 0..1.","","","","","","","","","",,,,,"",,,,"getfunctionalstatus.functionalStatusAssessment.functionalStatusAssessmentHeader.accountableHealthcareProfessional.healthcareProfessionalOrgUnit.orgUnitTelecom",0,1,"",""
"getfunctionalstatus","getfunctionalstatus.functionalStatusAssessment.functionalStatusAssessmentHeader.accountableHealthcareProfessional.healthcareProfessionalOrgUnit.orgUnitEmail","getfunctionalstatus.functionalStatusAssessment.functionalStatusAssessmentHeader.accountableHealthcareProfessional.healthcareProfessionalOrgUnit.orgUnitEmail","","","",0,1,"","","","string {[]} {[]}
","Epost till organisationsenhet","Epost till organisationsenhet. TKB-typ: string. Kardinalitet: 0..1.","","","","","","","","","",,,,,"",,,,"getfunctionalstatus.functionalStatusAssessment.functionalStatusAssessmentHeader.accountableHealthcareProfessional.healthcareProfessionalOrgUnit.orgUnitEmail",0,1,"",""
"getfunctionalstatus","getfunctionalstatus.functionalStatusAssessment.functionalStatusAssessmentHeader.accountableHealthcareProfessional.healthcareProfessionalOrgUnit.orgUnitAddress","getfunctionalstatus.functionalStatusAssessment.functionalStatusAssessmentHeader.accountableHealthcareProfessional.healthcareProfessionalOrgUnit.orgUnitAddress","","","",0,1,"","","","string {[]} {[]}
","Postadress för den organisation som författaren är uppdragstagare på","Postadress för den organisation som författaren är uppdragstagare på. TKB-typ: string. Kardinalitet: 0..1.","","","","","","","","","",,,,,"",,,,"getfunctionalstatus.functionalStatusAssessment.functionalStatusAssessmentHeader.accountableHealthcareProfessional.healthcareProfessionalOrgUnit.orgUnitAddress",0,1,"",""
"getfunctionalstatus","getfunctionalstatus.functionalStatusAssessment.functionalStatusAssessmentHeader.accountableHealthcareProfessional.healthcareProfessionalOrgUnit.orgUnitLocation","getfunctionalstatus.functionalStatusAssessment.functionalStatusAssessmentHeader.accountableHealthcareProfessional.healthcareProfessionalOrgUnit.orgUnitLocation","","","",0,1,"","","","string {[]} {[]}
","Text som anger namnet på plats eller ort för organisationens fysiska placering","Text som anger namnet på plats eller ort för organisationens fysiska placering. TKB-typ: string. Kardinalitet: 0..1.","","","","","","","","","",,,,,"",,,,"getfunctionalstatus.functionalStatusAssessment.functionalStatusAssessmentHeader.accountableHealthcareProfessional.healthcareProfessionalOrgUnit.orgUnitLocation",0,1,"",""
"getfunctionalstatus","getfunctionalstatus.functionalStatusAssessment.functionalStatusAssessmentHeader.accountableHealthcareProfessional.healthcareProfessionalCareUnitHSAId","getfunctionalstatus.functionalStatusAssessment.functionalStatusAssessmentHeader.accountableHealthcareProfessional.healthcareProfessionalCareUnitHSAId","","","",0,1,"","","","Identifier {[]} {[]}
","HSA-id för vårdenhet","HSA-id för vårdenhet. (Regel:1) TKB-typ: HSAIdType. Kardinalitet: 0..1.","","","","","","","","","",,,,,"",,,,"getfunctionalstatus.functionalStatusAssessment.functionalStatusAssessmentHeader.accountableHealthcareProfessional.healthcareProfessionalCareUnitHSAId",0,1,"",""
"getfunctionalstatus","getfunctionalstatus.functionalStatusAssessment.functionalStatusAssessmentHeader.accountableHealthcareProfessional.healthcareProfessionalCareGiverHSAId","getfunctionalstatus.functionalStatusAssessment.functionalStatusAssessmentHeader.accountableHealthcareProfessional.healthcareProfessionalCareGiverHSAId","","","",0,1,"","","","Identifier {[]} {[]}
","HSA-id för vårdgivaren, som är vårdgivare för den enhet som författaren är uppdragstagare för","HSA-id för vårdgivaren, som är vårdgivare för den enhet som författaren är uppdragstagare för. (Regel:1) TKB-typ: HSAIdType. Kardinalitet: 0..1.","","","","","","","","","",,,,,"",,,,"getfunctionalstatus.functionalStatusAssessment.functionalStatusAssessmentHeader.accountableHealthcareProfessional.healthcareProfessionalCareGiverHSAId",0,1,"",""
"getfunctionalstatus","getfunctionalstatus.functionalStatusAssessment.functionalStatusAssessmentHeader.legalAuthenticator","getfunctionalstatus.functionalStatusAssessment.functionalStatusAssessmentHeader.legalAuthenticator","","","",0,1,"","","","BackboneElement {[]} {[]}
","Information om vem som signerat informationen i dokumentet","Information om vem som signerat informationen i dokumentet. TKB-typ: LegalAuthenticatorType. Kardinalitet: 0..1.","","","","","","","","","",,,,,"",,,,"getfunctionalstatus.functionalStatusAssessment.functionalStatusAssessmentHeader.legalAuthenticator",0,1,"","ele-1:All FHIR elements must have a @value or children {hasValue() or (children().count() > id.count())}
"
"getfunctionalstatus","getfunctionalstatus.functionalStatusAssessment.functionalStatusAssessmentHeader.legalAuthenticator.id","getfunctionalstatus.functionalStatusAssessment.functionalStatusAssessmentHeader.legalAuthenticator.id","","","",0,1,"","","","string {[]} {[]}
","Unique id for inter-element referencing","Unique id for the element within a resource (for internal references). This may be any string value that does not contain spaces.","","","","","","","","","",,,,,"",,,,"Element.id",0,1,"",""
"getfunctionalstatus","getfunctionalstatus.functionalStatusAssessment.functionalStatusAssessmentHeader.legalAuthenticator.extension","getfunctionalstatus.functionalStatusAssessment.functionalStatusAssessmentHeader.legalAuthenticator.extension","","extensions
user content","",0,*,"","","","Extension {[]} {[]}
","Additional content defined by implementations","May be used to represent additional information that is not part of the basic definition of the element. To make the use of extensions safe and manageable, there is a strict set of governance  applied to the definition and use of extensions. Though any implementer can define an extension, there is a set of requirements that SHALL be met as part of the definition of the extension.","There can be no stigma associated with the use of extensions by any application, project, or standard - regardless of the institution or jurisdiction that uses or defines the extensions.  The use of extensions is what allows the FHIR specification to retain a core level of simplicity for everyone.","","","","","","","","",,,,,"","value:url}
","Extensions are always sliced by (at least) url",,"open","Element.extension",0,*,"","ele-1:All FHIR elements must have a @value or children {hasValue() or (children().count() > id.count())}
ext-1:Must have either extensions or value[x], not both {extension.exists() != value.exists()}"
"getfunctionalstatus","getfunctionalstatus.functionalStatusAssessment.functionalStatusAssessmentHeader.legalAuthenticator.modifierExtension","getfunctionalstatus.functionalStatusAssessment.functionalStatusAssessmentHeader.legalAuthenticator.modifierExtension","","extensions
user contentmodifiers","",0,*,"","Y","Y","Extension {[]} {[]}
","Extensions that cannot be ignored even if unrecognized","May be used to represent additional information that is not part of the basic definition of the element and that modifies the understanding of the element in which it is contained and/or the understanding of the containing element's descendants. Usually modifier elements provide negation or qualification. To make the use of extensions safe and manageable, there is a strict set of governance applied to the definition and use of extensions. Though any implementer can define an extension, there is a set of requirements that SHALL be met as part of the definition of the extension. Applications processing a resource are required to check for modifier extensions.

Modifier extensions SHALL NOT change the meaning of any elements on Resource or DomainResource (including cannot change the meaning of modifierExtension itself).","There can be no stigma associated with the use of extensions by any application, project, or standard - regardless of the institution or jurisdiction that uses or defines the extensions.  The use of extensions is what allows the FHIR specification to retain a core level of simplicity for everyone.","Modifier extensions allow for extensions that *cannot* be safely ignored to be clearly distinguished from the vast majority of extensions which can be safely ignored.  This promotes interoperability by eliminating the need for implementers to prohibit the presence of extensions. For further information, see the [definition of modifier extensions](http://hl7.org/fhir/R4/extensibility.html#modifierExtension).","","","","","","","",,,,,"",,,,"BackboneElement.modifierExtension",0,*,"","ele-1:All FHIR elements must have a @value or children {hasValue() or (children().count() > id.count())}
ext-1:Must have either extensions or value[x], not both {extension.exists() != value.exists()}"
"getfunctionalstatus","getfunctionalstatus.functionalStatusAssessment.functionalStatusAssessmentHeader.legalAuthenticator.signatureTime","getfunctionalstatus.functionalStatusAssessment.functionalStatusAssessmentHeader.legalAuthenticator.signatureTime","","","",1,1,"","","","dateTime {[]} {[]}
","Signaturtidpunkt","Signaturtidpunkt. / Tid vid vilken funktionsstatusbedömningen signeras. TKB-typ: TimeStampType. Kardinalitet: 1..1.","","","","","","","","","",,,,,"",,,,"getfunctionalstatus.functionalStatusAssessment.functionalStatusAssessmentHeader.legalAuthenticator.signatureTime",1,1,"",""
"getfunctionalstatus","getfunctionalstatus.functionalStatusAssessment.functionalStatusAssessmentHeader.legalAuthenticator.legalAuthenticatorHSAId","getfunctionalstatus.functionalStatusAssessment.functionalStatusAssessmentHeader.legalAuthenticator.legalAuthenticatorHSAId","","","",0,1,"","","","Identifier {[]} {[]}
","HSA-id för person som signerat dokumentet","HSA-id för person som signerat dokumentet. TKB-typ: HSAIdType. Kardinalitet: 0..1.","","","","","","","","","",,,,,"",,,,"getfunctionalstatus.functionalStatusAssessment.functionalStatusAssessmentHeader.legalAuthenticator.legalAuthenticatorHSAId",0,1,"",""
"getfunctionalstatus","getfunctionalstatus.functionalStatusAssessment.functionalStatusAssessmentHeader.legalAuthenticator.legalAuthenticatorName","getfunctionalstatus.functionalStatusAssessment.functionalStatusAssessmentHeader.legalAuthenticator.legalAuthenticatorName","","","",0,1,"","","","string {[]} {[]}
","Namnen i klartext för signerande person","Namnen i klartext för signerande person. TKB-typ: string. Kardinalitet: 0..1.","","","","","","","","","",,,,,"",,,,"getfunctionalstatus.functionalStatusAssessment.functionalStatusAssessmentHeader.legalAuthenticator.legalAuthenticatorName",0,1,"",""
"getfunctionalstatus","getfunctionalstatus.functionalStatusAssessment.functionalStatusAssessmentHeader.legalAuthenticator.legalAuthenticatorRoleCode","getfunctionalstatus.functionalStatusAssessment.functionalStatusAssessmentHeader.legalAuthenticator.legalAuthenticatorRoleCode","","","",0,1,"","","","CodeableConcept {[]} {[]}
","Signerande persons befattning","Signerande persons befattning. Om möjligt ska kodverket Befattning (OID 1.2.752.129.2.2.1.4), [R13]. TKB-typ: CVType. Kardinalitet: 0..1. Underelement i CVType: code (string, 0..1): Befattningskod. Om code anges ska också codeSystem  samt displayName anges. | codeSystem (string, 0..1): Kodsystem för befattningskod. Om codeSystem anges ska också code samt displayName anges. | codeSystemName (string, 0..1): Namn på kodsystem för befattningskod. | codeSystemVersion (string, 0..1): Version på kodsystem för befattningskod. | displayName (string, 0..1): Befattningskoden i klartext. Om separat displayName inte finns i producerande system ska samma värde som i code anges. | originalText (string, 0..1): Om befattning är beskriven i ett lokalt kodverk utan OID, eller när kod helt saknas, kan en beskrivande text anges i originalText. / Om originalText anges ska inget annat värde i healthcareProfessionalRoleCode anges. OBS: elementet finns inte i LegalAuthenticatorType i XSD:n (clinicalprocess_healthcond_description_2.1.xsd); det kan bara skickas via xs:any.","","","","","","","","","",,,,,"",,,,"getfunctionalstatus.functionalStatusAssessment.functionalStatusAssessmentHeader.legalAuthenticator.legalAuthenticatorRoleCode",0,1,"",""
"getfunctionalstatus","getfunctionalstatus.functionalStatusAssessment.functionalStatusAssessmentHeader.approvedForPatient","getfunctionalstatus.functionalStatusAssessment.functionalStatusAssessmentHeader.approvedForPatient","","","",1,1,"","","","boolean {[]} {[]}
","Anger om information får delas till patient","Anger om information får delas till patient. Värdet sätts i sådant fall till true, i annat fall till false. TKB-typ: boolean. Kardinalitet: 1..1.","","","","","","","","","",,,,,"",,,,"getfunctionalstatus.functionalStatusAssessment.functionalStatusAssessmentHeader.approvedForPatient",1,1,"",""
"getfunctionalstatus","getfunctionalstatus.functionalStatusAssessment.functionalStatusAssessmentHeader.careContactId","getfunctionalstatus.functionalStatusAssessment.functionalStatusAssessmentHeader.careContactId","","","",0,1,"","","","string {[]} {[]}
","Vårdkontakts-id","Vårdkontakts-id. / Id för den vårdkontakt vid vilken funktionsstatusbedömningen gjorts. TKB-typ: string. Kardinalitet: 0..1.","","","","","","","","","",,,,,"",,,,"getfunctionalstatus.functionalStatusAssessment.functionalStatusAssessmentHeader.careContactId",0,1,"",""
"getfunctionalstatus","getfunctionalstatus.functionalStatusAssessment.functionalStatusAssessmentHeader.nullified","getfunctionalstatus.functionalStatusAssessment.functionalStatusAssessmentHeader.nullified","","","",0,0,"","","","boolean {[]} {[]}
","nullified","Används ej. TKB-typ: boolean. Kardinalitet: 0..0.","","","","","","","","","",,,,,"",,,,"getfunctionalstatus.functionalStatusAssessment.functionalStatusAssessmentHeader.nullified",0,0,"",""
"getfunctionalstatus","getfunctionalstatus.functionalStatusAssessment.functionalStatusAssessmentHeader.nullifiedReason","getfunctionalstatus.functionalStatusAssessment.functionalStatusAssessmentHeader.nullifiedReason","","","",0,0,"","","","string {[]} {[]}
","nullifiedReason","Används ej. TKB-typ: string. Kardinalitet: 0..0.","","","","","","","","","",,,,,"",,,,"getfunctionalstatus.functionalStatusAssessment.functionalStatusAssessmentHeader.nullifiedReason",0,0,"",""
"getfunctionalstatus","getfunctionalstatus.functionalStatusAssessment.functionalStatusAssessmentBody","getfunctionalstatus.functionalStatusAssessment.functionalStatusAssessmentBody","","","",1,1,"","","","BackboneElement {[]} {[]}
","functionalStatusAssessmentBody","functionalStatusAssessmentBody. TKB-typ: FunctionalStatusAssessmentBodyType. Kardinalitet: 1..1.","","","","","","","","","",,,,,"",,,,"getfunctionalstatus.functionalStatusAssessment.functionalStatusAssessmentBody",1,1,"","getfunctionalstatus-padl-only-pad:padl får enbart anges samtidigt som assessmentCategory = pad-pad (TKB 7.4.3). {padl.exists() implies assessmentCategory = 'pad-pad'}
getfunctionalstatus-disability-only-fun:disability får endast anges om assessmentCategory = fun-fun (TKB 7.4.3). {disability.exists() implies assessmentCategory = 'fun-fun'}getfunctionalstatus-comment-only-pad:comment får endast användas om assessmentCategory = pad-pad (TKB 7.4.3). {comment.exists() implies assessmentCategory = 'pad-pad'}ele-1:All FHIR elements must have a @value or children {hasValue() or (children().count() > id.count())}"
"getfunctionalstatus","getfunctionalstatus.functionalStatusAssessment.functionalStatusAssessmentBody.id","getfunctionalstatus.functionalStatusAssessment.functionalStatusAssessmentBody.id","","","",0,1,"","","","string {[]} {[]}
","Unique id for inter-element referencing","Unique id for the element within a resource (for internal references). This may be any string value that does not contain spaces.","","","","","","","","","",,,,,"",,,,"Element.id",0,1,"",""
"getfunctionalstatus","getfunctionalstatus.functionalStatusAssessment.functionalStatusAssessmentBody.extension","getfunctionalstatus.functionalStatusAssessment.functionalStatusAssessmentBody.extension","","extensions
user content","",0,*,"","","","Extension {[]} {[]}
","Additional content defined by implementations","May be used to represent additional information that is not part of the basic definition of the element. To make the use of extensions safe and manageable, there is a strict set of governance  applied to the definition and use of extensions. Though any implementer can define an extension, there is a set of requirements that SHALL be met as part of the definition of the extension.","There can be no stigma associated with the use of extensions by any application, project, or standard - regardless of the institution or jurisdiction that uses or defines the extensions.  The use of extensions is what allows the FHIR specification to retain a core level of simplicity for everyone.","","","","","","","","",,,,,"","value:url}
","Extensions are always sliced by (at least) url",,"open","Element.extension",0,*,"","ele-1:All FHIR elements must have a @value or children {hasValue() or (children().count() > id.count())}
ext-1:Must have either extensions or value[x], not both {extension.exists() != value.exists()}"
"getfunctionalstatus","getfunctionalstatus.functionalStatusAssessment.functionalStatusAssessmentBody.modifierExtension","getfunctionalstatus.functionalStatusAssessment.functionalStatusAssessmentBody.modifierExtension","","extensions
user contentmodifiers","",0,*,"","Y","Y","Extension {[]} {[]}
","Extensions that cannot be ignored even if unrecognized","May be used to represent additional information that is not part of the basic definition of the element and that modifies the understanding of the element in which it is contained and/or the understanding of the containing element's descendants. Usually modifier elements provide negation or qualification. To make the use of extensions safe and manageable, there is a strict set of governance applied to the definition and use of extensions. Though any implementer can define an extension, there is a set of requirements that SHALL be met as part of the definition of the extension. Applications processing a resource are required to check for modifier extensions.

Modifier extensions SHALL NOT change the meaning of any elements on Resource or DomainResource (including cannot change the meaning of modifierExtension itself).","There can be no stigma associated with the use of extensions by any application, project, or standard - regardless of the institution or jurisdiction that uses or defines the extensions.  The use of extensions is what allows the FHIR specification to retain a core level of simplicity for everyone.","Modifier extensions allow for extensions that *cannot* be safely ignored to be clearly distinguished from the vast majority of extensions which can be safely ignored.  This promotes interoperability by eliminating the need for implementers to prohibit the presence of extensions. For further information, see the [definition of modifier extensions](http://hl7.org/fhir/R4/extensibility.html#modifierExtension).","","","","","","","",,,,,"",,,,"BackboneElement.modifierExtension",0,*,"","ele-1:All FHIR elements must have a @value or children {hasValue() or (children().count() > id.count())}
ext-1:Must have either extensions or value[x], not both {extension.exists() != value.exists()}"
"getfunctionalstatus","getfunctionalstatus.functionalStatusAssessment.functionalStatusAssessmentBody.assessmentCategory","getfunctionalstatus.functionalStatusAssessment.functionalStatusAssessmentBody.assessmentCategory","","","",1,1,"","","","code {[]} {[]}
","Bedömningskategori","Bedömningskategori. / Beskriver vilken kategori av bedömning som är gjord. Tillåtna värden är ""pad-pad"" (för PADL-bedömning) och ""fun-fun"" (för funktionsnedsättningsbedömningar). / Värdet här ska stämma överens med elementet categorization i den Update som tjänsteproducent skickar till EI. TKB-typ: AssessmentCategoryEnum. Kardinalitet: 1..1.","","","","","","","","","",,"required","","https://fhir.inera.se/ig/clinicalprocess-healthcond-description/ValueSet/assessmentcategory-vs","",,,,"getfunctionalstatus.functionalStatusAssessment.functionalStatusAssessmentBody.assessmentCategory",1,1,"",""
"getfunctionalstatus","getfunctionalstatus.functionalStatusAssessment.functionalStatusAssessmentBody.comment","getfunctionalstatus.functionalStatusAssessment.functionalStatusAssessmentBody.comment","","","",0,1,"","","","string {[]} {[]}
","Kommentar","Kommentar. / Text som innehåller kommentar till totaliten av bedömningarna. Får endast användas om assessmentCategory = pad-pad. TKB-typ: string. Kardinalitet: 0..1.","","","","","","","","","",,,,,"",,,,"getfunctionalstatus.functionalStatusAssessment.functionalStatusAssessmentBody.comment",0,1,"",""
"getfunctionalstatus","getfunctionalstatus.functionalStatusAssessment.functionalStatusAssessmentBody.padl","getfunctionalstatus.functionalStatusAssessment.functionalStatusAssessmentBody.padl","","","",0,*,"","","","BackboneElement {[]} {[]}
","Beskriver gjorda PADL-bedömningar","Beskriver gjorda PADL-bedömningar. / Får enbart anges samtidigt som assessmentCategory = pad-pad. TKB-typ: PADLType. Kardinalitet: 0..*.","","","","","","","","","",,,,,"",,,,"getfunctionalstatus.functionalStatusAssessment.functionalStatusAssessmentBody.padl",0,*,"","ele-1:All FHIR elements must have a @value or children {hasValue() or (children().count() > id.count())}
"
"getfunctionalstatus","getfunctionalstatus.functionalStatusAssessment.functionalStatusAssessmentBody.padl.id","getfunctionalstatus.functionalStatusAssessment.functionalStatusAssessmentBody.padl.id","","","",0,1,"","","","string {[]} {[]}
","Unique id for inter-element referencing","Unique id for the element within a resource (for internal references). This may be any string value that does not contain spaces.","","","","","","","","","",,,,,"",,,,"Element.id",0,1,"",""
"getfunctionalstatus","getfunctionalstatus.functionalStatusAssessment.functionalStatusAssessmentBody.padl.extension","getfunctionalstatus.functionalStatusAssessment.functionalStatusAssessmentBody.padl.extension","","extensions
user content","",0,*,"","","","Extension {[]} {[]}
","Additional content defined by implementations","May be used to represent additional information that is not part of the basic definition of the element. To make the use of extensions safe and manageable, there is a strict set of governance  applied to the definition and use of extensions. Though any implementer can define an extension, there is a set of requirements that SHALL be met as part of the definition of the extension.","There can be no stigma associated with the use of extensions by any application, project, or standard - regardless of the institution or jurisdiction that uses or defines the extensions.  The use of extensions is what allows the FHIR specification to retain a core level of simplicity for everyone.","","","","","","","","",,,,,"","value:url}
","Extensions are always sliced by (at least) url",,"open","Element.extension",0,*,"","ele-1:All FHIR elements must have a @value or children {hasValue() or (children().count() > id.count())}
ext-1:Must have either extensions or value[x], not both {extension.exists() != value.exists()}"
"getfunctionalstatus","getfunctionalstatus.functionalStatusAssessment.functionalStatusAssessmentBody.padl.modifierExtension","getfunctionalstatus.functionalStatusAssessment.functionalStatusAssessmentBody.padl.modifierExtension","","extensions
user contentmodifiers","",0,*,"","Y","Y","Extension {[]} {[]}
","Extensions that cannot be ignored even if unrecognized","May be used to represent additional information that is not part of the basic definition of the element and that modifies the understanding of the element in which it is contained and/or the understanding of the containing element's descendants. Usually modifier elements provide negation or qualification. To make the use of extensions safe and manageable, there is a strict set of governance applied to the definition and use of extensions. Though any implementer can define an extension, there is a set of requirements that SHALL be met as part of the definition of the extension. Applications processing a resource are required to check for modifier extensions.

Modifier extensions SHALL NOT change the meaning of any elements on Resource or DomainResource (including cannot change the meaning of modifierExtension itself).","There can be no stigma associated with the use of extensions by any application, project, or standard - regardless of the institution or jurisdiction that uses or defines the extensions.  The use of extensions is what allows the FHIR specification to retain a core level of simplicity for everyone.","Modifier extensions allow for extensions that *cannot* be safely ignored to be clearly distinguished from the vast majority of extensions which can be safely ignored.  This promotes interoperability by eliminating the need for implementers to prohibit the presence of extensions. For further information, see the [definition of modifier extensions](http://hl7.org/fhir/R4/extensibility.html#modifierExtension).","","","","","","","",,,,,"",,,,"BackboneElement.modifierExtension",0,*,"","ele-1:All FHIR elements must have a @value or children {hasValue() or (children().count() > id.count())}
ext-1:Must have either extensions or value[x], not both {extension.exists() != value.exists()}"
"getfunctionalstatus","getfunctionalstatus.functionalStatusAssessment.functionalStatusAssessmentBody.padl.typeOfAssessment","getfunctionalstatus.functionalStatusAssessment.functionalStatusAssessmentBody.padl.typeOfAssessment","","","",1,1,"","","","CodeableConcept {[]} {[]}
","Typ av PADL-bedömning","Typ av PADL-bedömning. Kan anges med lämpligt kodsystem. / (Regel:2) TKB-typ: CVType. Kardinalitet: 1..1. Underelement i CVType: code (string, 0..1): Kod för PADL-bedömning. / Om code anges ska också codeSystem  samt displayName anges. | codeSystem (string, 0..1): Kodsystem för PADL-bedömning. / Om codeSystem anges ska också code samt displayName anges. | codeSystemName (string, 0..1): Namn på kodsystem för PADL-bedömning. | codeSystemVersion (string, 0..1): Version på kodsystem för PADL-bedömning. | displayName (string, 0..1): PADL-bedömningskoden i klartext. Om separat displayName inte finns i producerande system ska samma värde som i code anges. | originalText (string, 0..1): Om PADL-bedömning är beskriven i ett lokalt kodverk utan OID, eller när kod helt saknas, kan en beskrivande text anges i originalText. / Om originalText anges ska inget annat värde i typeOfAssessment anges.","","","","","","","","","",,,,,"",,,,"getfunctionalstatus.functionalStatusAssessment.functionalStatusAssessmentBody.padl.typeOfAssessment",1,1,"",""
"getfunctionalstatus","getfunctionalstatus.functionalStatusAssessment.functionalStatusAssessmentBody.padl.assessment","getfunctionalstatus.functionalStatusAssessment.functionalStatusAssessmentBody.padl.assessment","","","",1,1,"","","","string {[]} {[]}
","Den textuella PADL-bedömning som gjorts i kategorin av bedömningar som beskrivs i typeOfAssessment","Den textuella PADL-bedömning som gjorts i kategorin av bedömningar som beskrivs i typeOfAssessment. TKB-typ: string. Kardinalitet: 1..1.","","","","","","","","","",,,,,"",,,,"getfunctionalstatus.functionalStatusAssessment.functionalStatusAssessmentBody.padl.assessment",1,1,"",""
"getfunctionalstatus","getfunctionalstatus.functionalStatusAssessment.functionalStatusAssessmentBody.disability","getfunctionalstatus.functionalStatusAssessment.functionalStatusAssessmentBody.disability","","","",0,1,"","","","BackboneElement {[]} {[]}
","Beskriver gjord funktionsnedsättningsbedömning","Beskriver gjord funktionsnedsättningsbedömning. / Får endast anges om assessmentCategory = fun-fun. TKB-typ: DisabilityType. Kardinalitet: 0..1.","","","","","","","","","",,,,,"",,,,"getfunctionalstatus.functionalStatusAssessment.functionalStatusAssessmentBody.disability",0,1,"","ele-1:All FHIR elements must have a @value or children {hasValue() or (children().count() > id.count())}
"
"getfunctionalstatus","getfunctionalstatus.functionalStatusAssessment.functionalStatusAssessmentBody.disability.id","getfunctionalstatus.functionalStatusAssessment.functionalStatusAssessmentBody.disability.id","","","",0,1,"","","","string {[]} {[]}
","Unique id for inter-element referencing","Unique id for the element within a resource (for internal references). This may be any string value that does not contain spaces.","","","","","","","","","",,,,,"",,,,"Element.id",0,1,"",""
"getfunctionalstatus","getfunctionalstatus.functionalStatusAssessment.functionalStatusAssessmentBody.disability.extension","getfunctionalstatus.functionalStatusAssessment.functionalStatusAssessmentBody.disability.extension","","extensions
user content","",0,*,"","","","Extension {[]} {[]}
","Additional content defined by implementations","May be used to represent additional information that is not part of the basic definition of the element. To make the use of extensions safe and manageable, there is a strict set of governance  applied to the definition and use of extensions. Though any implementer can define an extension, there is a set of requirements that SHALL be met as part of the definition of the extension.","There can be no stigma associated with the use of extensions by any application, project, or standard - regardless of the institution or jurisdiction that uses or defines the extensions.  The use of extensions is what allows the FHIR specification to retain a core level of simplicity for everyone.","","","","","","","","",,,,,"","value:url}
","Extensions are always sliced by (at least) url",,"open","Element.extension",0,*,"","ele-1:All FHIR elements must have a @value or children {hasValue() or (children().count() > id.count())}
ext-1:Must have either extensions or value[x], not both {extension.exists() != value.exists()}"
"getfunctionalstatus","getfunctionalstatus.functionalStatusAssessment.functionalStatusAssessmentBody.disability.modifierExtension","getfunctionalstatus.functionalStatusAssessment.functionalStatusAssessmentBody.disability.modifierExtension","","extensions
user contentmodifiers","",0,*,"","Y","Y","Extension {[]} {[]}
","Extensions that cannot be ignored even if unrecognized","May be used to represent additional information that is not part of the basic definition of the element and that modifies the understanding of the element in which it is contained and/or the understanding of the containing element's descendants. Usually modifier elements provide negation or qualification. To make the use of extensions safe and manageable, there is a strict set of governance applied to the definition and use of extensions. Though any implementer can define an extension, there is a set of requirements that SHALL be met as part of the definition of the extension. Applications processing a resource are required to check for modifier extensions.

Modifier extensions SHALL NOT change the meaning of any elements on Resource or DomainResource (including cannot change the meaning of modifierExtension itself).","There can be no stigma associated with the use of extensions by any application, project, or standard - regardless of the institution or jurisdiction that uses or defines the extensions.  The use of extensions is what allows the FHIR specification to retain a core level of simplicity for everyone.","Modifier extensions allow for extensions that *cannot* be safely ignored to be clearly distinguished from the vast majority of extensions which can be safely ignored.  This promotes interoperability by eliminating the need for implementers to prohibit the presence of extensions. For further information, see the [definition of modifier extensions](http://hl7.org/fhir/R4/extensibility.html#modifierExtension).","","","","","","","",,,,,"",,,,"BackboneElement.modifierExtension",0,*,"","ele-1:All FHIR elements must have a @value or children {hasValue() or (children().count() > id.count())}
ext-1:Must have either extensions or value[x], not both {extension.exists() != value.exists()}"
"getfunctionalstatus","getfunctionalstatus.functionalStatusAssessment.functionalStatusAssessmentBody.disability.disabilityAssessment","getfunctionalstatus.functionalStatusAssessment.functionalStatusAssessmentBody.disability.disabilityAssessment","","","",1,1,"","","","CodeableConcept {[]} {[]}
","Angivelse av kod för den funktion som bedömts nedsatt","Angivelse av kod för den funktion som bedömts nedsatt. / Om funktionen anges strukturerat ska kod från ICF [R13] användas. Koden ska anges utan bedömningsfaktor och detta ska tolkas som att det är den funktion som ICF-koden representerar som är nedsatt från normal funktion. I attributet kommentar kan nedsättningen vid behov textuellt graderas och specificeras ytterligare. / Om ICF-kod inte kan anges kan den nedsatta funktionen anges i attributet originalText / Kontraktet har i denna version inte stöd för ICFs numeriska bedömningsfaktor. TKB-typ: CVType. Kardinalitet: 1..1. Underelement i CVType: code (string, 0..1): Kod för den funktion som bedömts nedsatt. Exempelvis ICF kod: b3101 / Om code anges ska också codeSystem  samt displayName anges, men ej originalText. | codeSystem (string, 0..1): OID för ICF: 1.2.752.116.1.1.3 | codeSystemName (string, 0..0): Namn på kodsystem för funktionsnedsättning. | codeSystemVersion (string, 0..0): Version på kodsystem för funktionsnedsättning. | displayName (string, 0..1): ICF-kodens klartextbenämning, exempelvis ”röstkvalitet” . | originalText (string, 0..1): Om ICF-kod saknas, kan en funktionsnedsättningen beskrivas i text i detta attribut. / Om originalText anges ska inget annat värde i disabilityAssessment anges.","","","","","","","","","",,,,,"",,,,"getfunctionalstatus.functionalStatusAssessment.functionalStatusAssessmentBody.disability.disabilityAssessment",1,1,"",""
"getfunctionalstatus","getfunctionalstatus.functionalStatusAssessment.functionalStatusAssessmentBody.disability.comment","getfunctionalstatus.functionalStatusAssessment.functionalStatusAssessmentBody.disability.comment","","","",0,1,"","","","string {[]} {[]}
","Kommentar","Kommentar. / Text som innehåller ytterligare information om funktionsnedsättningen. Exempelvis: ”uttalssvårigheter och tillfälligt bortfall av röststyrka”. TKB-typ: string. Kardinalitet: 0..1.","","","","","","","","","",,,,,"",,,,"getfunctionalstatus.functionalStatusAssessment.functionalStatusAssessmentBody.disability.comment",0,1,"",""
"getfunctionalstatus","getfunctionalstatus.result","getfunctionalstatus.result","","","",1,1,"","","","BackboneElement {[]} {[]}
","Innehåller information om begäran gick bra eller ej","Innehåller information om begäran gick bra eller ej. TKB-typ: ResultType. Kardinalitet: 1..1.","","","","","","","","","",,,,,"",,,,"getfunctionalstatus.result",1,1,"","ele-1:All FHIR elements must have a @value or children {hasValue() or (children().count() > id.count())}
"
"getfunctionalstatus","getfunctionalstatus.result.id","getfunctionalstatus.result.id","","","",0,1,"","","","string {[]} {[]}
","Unique id for inter-element referencing","Unique id for the element within a resource (for internal references). This may be any string value that does not contain spaces.","","","","","","","","","",,,,,"",,,,"Element.id",0,1,"",""
"getfunctionalstatus","getfunctionalstatus.result.extension","getfunctionalstatus.result.extension","","extensions
user content","",0,*,"","","","Extension {[]} {[]}
","Additional content defined by implementations","May be used to represent additional information that is not part of the basic definition of the element. To make the use of extensions safe and manageable, there is a strict set of governance  applied to the definition and use of extensions. Though any implementer can define an extension, there is a set of requirements that SHALL be met as part of the definition of the extension.","There can be no stigma associated with the use of extensions by any application, project, or standard - regardless of the institution or jurisdiction that uses or defines the extensions.  The use of extensions is what allows the FHIR specification to retain a core level of simplicity for everyone.","","","","","","","","",,,,,"","value:url}
","Extensions are always sliced by (at least) url",,"open","Element.extension",0,*,"","ele-1:All FHIR elements must have a @value or children {hasValue() or (children().count() > id.count())}
ext-1:Must have either extensions or value[x], not both {extension.exists() != value.exists()}"
"getfunctionalstatus","getfunctionalstatus.result.modifierExtension","getfunctionalstatus.result.modifierExtension","","extensions
user contentmodifiers","",0,*,"","Y","Y","Extension {[]} {[]}
","Extensions that cannot be ignored even if unrecognized","May be used to represent additional information that is not part of the basic definition of the element and that modifies the understanding of the element in which it is contained and/or the understanding of the containing element's descendants. Usually modifier elements provide negation or qualification. To make the use of extensions safe and manageable, there is a strict set of governance applied to the definition and use of extensions. Though any implementer can define an extension, there is a set of requirements that SHALL be met as part of the definition of the extension. Applications processing a resource are required to check for modifier extensions.

Modifier extensions SHALL NOT change the meaning of any elements on Resource or DomainResource (including cannot change the meaning of modifierExtension itself).","There can be no stigma associated with the use of extensions by any application, project, or standard - regardless of the institution or jurisdiction that uses or defines the extensions.  The use of extensions is what allows the FHIR specification to retain a core level of simplicity for everyone.","Modifier extensions allow for extensions that *cannot* be safely ignored to be clearly distinguished from the vast majority of extensions which can be safely ignored.  This promotes interoperability by eliminating the need for implementers to prohibit the presence of extensions. For further information, see the [definition of modifier extensions](http://hl7.org/fhir/R4/extensibility.html#modifierExtension).","","","","","","","",,,,,"",,,,"BackboneElement.modifierExtension",0,*,"","ele-1:All FHIR elements must have a @value or children {hasValue() or (children().count() > id.count())}
ext-1:Must have either extensions or value[x], not both {extension.exists() != value.exists()}"
"getfunctionalstatus","getfunctionalstatus.result.resultCode","getfunctionalstatus.result.resultCode","","","",1,1,"","","","code {[]} {[]}
","Kan endast vara OK, INFO eller ERROR","Kan endast vara OK, INFO eller ERROR. TKB-typ: ResultCodeEnum. Kardinalitet: 1..1.","","","","","","","","","",,,,,"",,,,"getfunctionalstatus.result.resultCode",1,1,"",""
"getfunctionalstatus","getfunctionalstatus.result.errorCode","getfunctionalstatus.result.errorCode","","","",0,1,"","","","code {[]} {[]}
","Sätts endast om resultCode är ERROR, se kapitel 4.4 för mer information","Sätts endast om resultCode är ERROR, se kapitel 4.4 för mer information. TKB-typ: ErrorCodeEnum. Kardinalitet: 0..1.","","","","","","","","","",,,,,"",,,,"getfunctionalstatus.result.errorCode",0,1,"",""
"getfunctionalstatus","getfunctionalstatus.result.subcode","getfunctionalstatus.result.subcode","","","",0,1,"","","","string {[]} {[]}
","Inga subkoder är specificerade","Inga subkoder är specificerade. TKB-typ: string. Kardinalitet: 0..1. OBS: elementet heter subCode i XSD:n.","","","","","","","","","",,,,,"",,,,"getfunctionalstatus.result.subcode",0,1,"",""
"getfunctionalstatus","getfunctionalstatus.result.logId","getfunctionalstatus.result.logId","","","",1,1,"","","","string {[]} {[]}
","En UUID som kan användas vid felanmälan för att användas vid felsökning av producent","En UUID som kan användas vid felanmälan för att användas vid felsökning av producent. TKB-typ: string. Kardinalitet: 1..1.","","","","","","","","","",,,,,"",,,,"getfunctionalstatus.result.logId",1,1,"",""
"getfunctionalstatus","getfunctionalstatus.result.message","getfunctionalstatus.result.message","","","",0,1,"","","","string {[]} {[]}
","En beskrivande text som kan visas för användaren","En beskrivande text som kan visas för användaren. TKB-typ: string. Kardinalitet: 0..1.","","","","","","","","","",,,,,"",,,,"getfunctionalstatus.result.message",0,1,"",""
