"Profile","Id","Path","Slice Name","Alias(s)","Label","Min","Max","Must Support?","Is Modifier?","Is Summary?","Type(s)","Short","Definition","Comments","Requirements","Default Value","Meaning When Missing","Fixed Value","Pattern","Example","Minimum Value","Maximum Value","Maximum Length","Binding Strength","Binding Description","Binding Value Set","Code","Slicing Discriminator","Slicing Description","Slicing Ordered","Slicing Rules","Base Path","Base Min","Base Max","Condition(s)","Constraint(s)"
"cancelbooking-request","cancelbooking-request","cancelbooking-request","","","",0,*,"","","","null {[]} {[]}
","CancelBooking — Request","Logisk modell för requestparametrar i CancelBooking.","","","","","","","","","",,,,,"",,,,"Base",0,*,"",""
"cancelbooking-request","cancelbooking-request.healthcare-facility","cancelbooking-request.healthcare_facility","","","",1,1,"","","","Identifier {[]} {[]}
","HSA-id för mottagning/vårdenhet","HSA-id för mottagning/vårdenhet.
Kardinalitet: Obligatorisk.","","","","","","","","","",,,,,"",,,,"cancelbooking-request.healthcare_facility",1,1,"",""
"cancelbooking-request","cancelbooking-request.bookingId","cancelbooking-request.bookingId","","","",1,1,"","","","string {[]} {[]}
","Intern bokningsidentitet","Intern bokningsidentitet för bokningen som ska avbokas.
Kardinalitet: Obligatorisk.","","","","","","","","","",,,,,"",,,,"cancelbooking-request.bookingId",1,1,"",""
"cancelbooking-request","cancelbooking-request.message","cancelbooking-request.message","","","",0,1,"","","","string {[]} {[]}
","Invånarens beskrivning av orsak för avbokning","Invånarens beskrivning av orsak för avbokning.
Fältet kan bara skickas om värdet på message_allowed är 'true' i svaret från GetBookingDetails.
Kardinalitet: Valfri.","","","","","","","","","",,,,,"",,,,"cancelbooking-request.message",0,1,"",""
"cancelbooking","cancelbooking","cancelbooking","","","",0,*,"","","","null {[]} {[]}
","CancelBooking","Logisk modell för tjänstekontraktet CancelBooking
(RIV-TA urn:riv:crm:scheduling:CancelBooking:1).
Representerar responsens informationsstruktur.
Tjänst för att avboka en bokning vid en vårdenhet.","","","","","","","","","",,,,,"",,,,"Base",0,*,"",""
"cancelbooking","cancelbooking.resultCode","cancelbooking.resultCode","","","",1,1,"","","","string {[]} {[]}
","Status för den gjorda avbokningen","ResultCodeEnum: Status för den gjorda avbokningen.
Möjliga värden: OK, INFO, ERROR.
Kardinalitet: Obligatorisk.","","","","","","","","","",,,,,"",,,,"cancelbooking.resultCode",1,1,"",""
"cancelbooking","cancelbooking.resultText","cancelbooking.resultText","","","",0,1,"","","","string {[]} {[]}
","Ev. meddelande kopplat till resultatkoden","Fritext meddelande kopplat till resultatkoden.
Kardinalitet: Valfri.","","","","","","","","","",,,,,"",,,,"cancelbooking.resultText",0,1,"",""
"getallcaretypes-request","getallcaretypes-request","getallcaretypes-request","","","",0,*,"","","","null {[]} {[]}
","GetAllCareTypes — Request","Logisk modell för requestparametrar i GetAllCareTypes.","","","","","","","","","",,,,,"",,,,"Base",0,*,"",""
"getallcaretypes-request","getallcaretypes-request.healthcare-facility","getallcaretypes-request.healthcare_facility","","","",1,1,"","","","Identifier {[]} {[]}
","HSA-id för mottagning/vårdenhet","HSA-id för mottagning/vårdenhet.
Kardinalitet: Obligatorisk.","","","","","","","","","",,,,,"",,,,"getallcaretypes-request.healthcare_facility",1,1,"",""
"getallcaretypes-request","getallcaretypes-request.timeTypeIDs","getallcaretypes-request.timeTypeIDs","","","",0,*,"","","","string {[]} {[]}
","Lista med tidstyper","Lista med tidstyper för att filtrera svarslistan.
Kardinalitet: Valfri, lista.","","","","","","","","","",,,,,"",,,,"getallcaretypes-request.timeTypeIDs",0,*,"",""
"getallcaretypes-request","getallcaretypes-request.performer","getallcaretypes-request.performer","","","",0,*,"","","","Identifier {[]} {[]}
","HSA-id för medarbetaren","HSA-id för medarbetaren för att filtrera svarslistan.
Kardinalitet: Valfri, lista.","","","","","","","","","",,,,,"",,,,"getallcaretypes-request.performer",0,*,"",""
"getallcaretypes-request","getallcaretypes-request.subject-of-care","getallcaretypes-request.subject_of_care","","","",1,1,"","","","string {[]} {[]}
","Personnummer enl. yyyymmddxxxx","Personnummer för invånaren.
Kardinalitet: Obligatorisk.","","","","","","","","","",,,,,"",,,,"getallcaretypes-request.subject_of_care",1,1,"",""
"getallcaretypes","getallcaretypes","getallcaretypes","","","",0,*,"","","","null {[]} {[]}
","GetAllCareTypes","Logisk modell för tjänstekontraktet GetAllCareTypes
(RIV-TA urn:riv:crm:scheduling:GetAllCareTypes:1).
Representerar responsens informationsstruktur.
Tjänst att för invånaren kunna visa en lista över vilka typer av vård
som kan bokas hos en viss vårdenhet/mottagning.","","","","","","","","","",,,,,"",,,,"Base",0,*,"",""
"getallcaretypes","getallcaretypes.careTypes","getallcaretypes.careTypes","","","",0,*,"","","","BackboneElement {[]} {[]}
","Lista med vårdtyper","Lista med tillgängliga vårdtyper (CareTypeType).
Kardinalitet: Valfri, lista.","","","","","","","","","",,,,,"",,,,"getallcaretypes.careTypes",0,*,"","ele-1:All FHIR elements must have a @value or children {hasValue() or (children().count() > id.count())}
"
"getallcaretypes","getallcaretypes.careTypes.id","getallcaretypes.careTypes.id","","","",0,1,"","","","string {[]} {[]}
","Unique id for inter-element referencing","Unique id for the element within a resource (for internal references). This may be any string value that does not contain spaces.","","","","","","","","","",,,,,"",,,,"Element.id",0,1,"",""
"getallcaretypes","getallcaretypes.careTypes.extension","getallcaretypes.careTypes.extension","","extensions
user content","",0,*,"","","","Extension {[]} {[]}
","Additional content defined by implementations","May be used to represent additional information that is not part of the basic definition of the element. To make the use of extensions safe and manageable, there is a strict set of governance  applied to the definition and use of extensions. Though any implementer can define an extension, there is a set of requirements that SHALL be met as part of the definition of the extension.","There can be no stigma associated with the use of extensions by any application, project, or standard - regardless of the institution or jurisdiction that uses or defines the extensions.  The use of extensions is what allows the FHIR specification to retain a core level of simplicity for everyone.","","","","","","","","",,,,,"","value:url}
","Extensions are always sliced by (at least) url",,"open","Element.extension",0,*,"","ele-1:All FHIR elements must have a @value or children {hasValue() or (children().count() > id.count())}
ext-1:Must have either extensions or value[x], not both {extension.exists() != value.exists()}"
"getallcaretypes","getallcaretypes.careTypes.modifierExtension","getallcaretypes.careTypes.modifierExtension","","extensions
user contentmodifiers","",0,*,"","Y","Y","Extension {[]} {[]}
","Extensions that cannot be ignored even if unrecognized","May be used to represent additional information that is not part of the basic definition of the element and that modifies the understanding of the element in which it is contained and/or the understanding of the containing element's descendants. Usually modifier elements provide negation or qualification. To make the use of extensions safe and manageable, there is a strict set of governance applied to the definition and use of extensions. Though any implementer can define an extension, there is a set of requirements that SHALL be met as part of the definition of the extension. Applications processing a resource are required to check for modifier extensions.

Modifier extensions SHALL NOT change the meaning of any elements on Resource or DomainResource (including cannot change the meaning of modifierExtension itself).","There can be no stigma associated with the use of extensions by any application, project, or standard - regardless of the institution or jurisdiction that uses or defines the extensions.  The use of extensions is what allows the FHIR specification to retain a core level of simplicity for everyone.","Modifier extensions allow for extensions that *cannot* be safely ignored to be clearly distinguished from the vast majority of extensions which can be safely ignored.  This promotes interoperability by eliminating the need for implementers to prohibit the presence of extensions. For further information, see the [definition of modifier extensions](http://hl7.org/fhir/R4/extensibility.html#modifierExtension).","","","","","","","",,,,,"",,,,"BackboneElement.modifierExtension",0,*,"","ele-1:All FHIR elements must have a @value or children {hasValue() or (children().count() > id.count())}
ext-1:Must have either extensions or value[x], not both {extension.exists() != value.exists()}"
"getallcaretypes","getallcaretypes.careTypes.careTypeName","getallcaretypes.careTypes.careTypeName","","","",1,1,"","","","string {[]} {[]}
","Beskrivande text för vårdtypen (att visas för användare)","Beskrivande text för vårdtypen att visas för användaren.
Kardinalitet: Obligatorisk.","","","","","","","","","",,,,,"",,,,"getallcaretypes.careTypes.careTypeName",1,1,"",""
"getallcaretypes","getallcaretypes.careTypes.careTypeId","getallcaretypes.careTypes.careTypeId","","","",1,1,"","","","string {[]} {[]}
","Kod för vårdtypen (intern för vårdenheten)","Intern kod för vårdtypen hos vårdenheten.
Kardinalitet: Obligatorisk.","","","","","","","","","",,,,,"",,,,"getallcaretypes.careTypes.careTypeId",1,1,"",""
"getallhealthcarefacilities-request","getallhealthcarefacilities-request","getallhealthcarefacilities-request","","","",0,*,"","","","null {[]} {[]}
","GetAllHealthcareFacilities — Request","Logisk modell för requestparametrar i GetAllHealthcareFacilities.","","","","","","","","","",,,,,"",,,,"Base",0,*,"",""
"getallhealthcarefacilities-request","getallhealthcarefacilities-request.healthcare-facility","getallhealthcarefacilities-request.healthcare_facility","","","",1,1,"","","","Identifier {[]} {[]}
","HSA-id för mottagning/vårdenhet","HSA-id för mottagning/vårdenhet (kallande organisation).
Kardinalitet: Obligatorisk.","","","","","","","","","",,,,,"",,,,"getallhealthcarefacilities-request.healthcare_facility",1,1,"",""
"getallhealthcarefacilities-request","getallhealthcarefacilities-request.subject-of-care","getallhealthcarefacilities-request.subject_of_care","","","",1,1,"","","","string {[]} {[]}
","Personnummer enl. yyyymmddxxxx","Personnummer för invånaren. Kan användas för att filtrera svar per invånare.
Kardinalitet: Obligatorisk.","","","","","","","","","",,,,,"",,,,"getallhealthcarefacilities-request.subject_of_care",1,1,"",""
"getallhealthcarefacilities-request","getallhealthcarefacilities-request.bookingId","getallhealthcarefacilities-request.bookingId","","","",0,1,"","","","string {[]} {[]}
","Internt bokningsid","Internt bokningsid. Obligatoriskt när förfrågan gäller ombokning.
Kardinalitet: Valfri (villkorlig: obligatorisk vid ombokning).","","","","","","","","","",,,,,"",,,,"getallhealthcarefacilities-request.bookingId",0,1,"",""
"getallhealthcarefacilities","getallhealthcarefacilities","getallhealthcarefacilities","","","",0,*,"","","","null {[]} {[]}
","GetAllHealthcareFacilities","Logisk modell för tjänstekontraktet GetAllHealthcareFacilities
(RIV-TA urn:riv:crm:scheduling:GetAllHealthcareFacilities:1).
Representerar responsens informationsstruktur.
Tjänst för att hämta alla vårdenheter som erbjuds för ombokning eller nybokning för aktuell invånare.","","","","","","","","","",,,,,"",,,,"Base",0,*,"",""
"getallhealthcarefacilities","getallhealthcarefacilities.healthcareFacilityInfos","getallhealthcarefacilities.healthcareFacilityInfos","","","",0,*,"","","","BackboneElement {[]} {[]}
","Lista med tillgängliga mottagningar/vårdenheter","Lista med tillgängliga mottagningar/vårdenheter (HealthcareFacilityInfoType).
Kardinalitet: Valfri, lista.","","","","","","","","","",,,,,"",,,,"getallhealthcarefacilities.healthcareFacilityInfos",0,*,"","ele-1:All FHIR elements must have a @value or children {hasValue() or (children().count() > id.count())}
"
"getallhealthcarefacilities","getallhealthcarefacilities.healthcareFacilityInfos.id","getallhealthcarefacilities.healthcareFacilityInfos.id","","","",0,1,"","","","string {[]} {[]}
","Unique id for inter-element referencing","Unique id for the element within a resource (for internal references). This may be any string value that does not contain spaces.","","","","","","","","","",,,,,"",,,,"Element.id",0,1,"",""
"getallhealthcarefacilities","getallhealthcarefacilities.healthcareFacilityInfos.extension","getallhealthcarefacilities.healthcareFacilityInfos.extension","","extensions
user content","",0,*,"","","","Extension {[]} {[]}
","Additional content defined by implementations","May be used to represent additional information that is not part of the basic definition of the element. To make the use of extensions safe and manageable, there is a strict set of governance  applied to the definition and use of extensions. Though any implementer can define an extension, there is a set of requirements that SHALL be met as part of the definition of the extension.","There can be no stigma associated with the use of extensions by any application, project, or standard - regardless of the institution or jurisdiction that uses or defines the extensions.  The use of extensions is what allows the FHIR specification to retain a core level of simplicity for everyone.","","","","","","","","",,,,,"","value:url}
","Extensions are always sliced by (at least) url",,"open","Element.extension",0,*,"","ele-1:All FHIR elements must have a @value or children {hasValue() or (children().count() > id.count())}
ext-1:Must have either extensions or value[x], not both {extension.exists() != value.exists()}"
"getallhealthcarefacilities","getallhealthcarefacilities.healthcareFacilityInfos.modifierExtension","getallhealthcarefacilities.healthcareFacilityInfos.modifierExtension","","extensions
user contentmodifiers","",0,*,"","Y","Y","Extension {[]} {[]}
","Extensions that cannot be ignored even if unrecognized","May be used to represent additional information that is not part of the basic definition of the element and that modifies the understanding of the element in which it is contained and/or the understanding of the containing element's descendants. Usually modifier elements provide negation or qualification. To make the use of extensions safe and manageable, there is a strict set of governance applied to the definition and use of extensions. Though any implementer can define an extension, there is a set of requirements that SHALL be met as part of the definition of the extension. Applications processing a resource are required to check for modifier extensions.

Modifier extensions SHALL NOT change the meaning of any elements on Resource or DomainResource (including cannot change the meaning of modifierExtension itself).","There can be no stigma associated with the use of extensions by any application, project, or standard - regardless of the institution or jurisdiction that uses or defines the extensions.  The use of extensions is what allows the FHIR specification to retain a core level of simplicity for everyone.","Modifier extensions allow for extensions that *cannot* be safely ignored to be clearly distinguished from the vast majority of extensions which can be safely ignored.  This promotes interoperability by eliminating the need for implementers to prohibit the presence of extensions. For further information, see the [definition of modifier extensions](http://hl7.org/fhir/R4/extensibility.html#modifierExtension).","","","","","","","",,,,,"",,,,"BackboneElement.modifierExtension",0,*,"","ele-1:All FHIR elements must have a @value or children {hasValue() or (children().count() > id.count())}
ext-1:Must have either extensions or value[x], not both {extension.exists() != value.exists()}"
"getallhealthcarefacilities","getallhealthcarefacilities.healthcareFacilityInfos.healthcare-facility","getallhealthcarefacilities.healthcareFacilityInfos.healthcare_facility","","","",1,1,"","","","Identifier {[]} {[]}
","HSA-id för mottagning/vårdenhet","HSA-id för mottagning/vårdenhet.
Kardinalitet: Obligatorisk.","","","","","","","","","",,,,,"",,,,"getallhealthcarefacilities.healthcareFacilityInfos.healthcare_facility",1,1,"",""
"getallhealthcarefacilities","getallhealthcarefacilities.healthcareFacilityInfos.healthcare-facility-name","getallhealthcarefacilities.healthcareFacilityInfos.healthcare_facility_name","","","",0,1,"","","","string {[]} {[]}
","Vårdenhetens föredragna namn","Vårdenhetens föredragna namn vid visning för användare (i förhållande till HSA-katalogens innehåll).
Kardinalitet: Valfri.","","","","","","","","","",,,,,"",,,,"getallhealthcarefacilities.healthcareFacilityInfos.healthcare_facility_name",0,1,"",""
"getallperformers-request","getallperformers-request","getallperformers-request","","","",0,*,"","","","null {[]} {[]}
","GetAllPerformers — Request","Logisk modell för requestparametrar i GetAllPerformers.","","","","","","","","","",,,,,"",,,,"Base",0,*,"",""
"getallperformers-request","getallperformers-request.healthcare-facility","getallperformers-request.healthcare_facility","","","",1,1,"","","","Identifier {[]} {[]}
","HSA-id för mottagning/vårdenhet","HSA-id för mottagning/vårdenhet.
Kardinalitet: Obligatorisk.","","","","","","","","","",,,,,"",,,,"getallperformers-request.healthcare_facility",1,1,"",""
"getallperformers-request","getallperformers-request.timeTypeIDs","getallperformers-request.timeTypeIDs","","","",0,*,"","","","string {[]} {[]}
","Tidstypid för att begränsa svarslistan","Tidstypid för att begränsa svarslistan.
Kardinalitet: Valfri, lista.","","","","","","","","","",,,,,"",,,,"getallperformers-request.timeTypeIDs",0,*,"",""
"getallperformers-request","getallperformers-request.careTypeIDs","getallperformers-request.careTypeIDs","","","",0,*,"","","","string {[]} {[]}
","Vårdtypsid för att begränsa svarslistan","Vårdtypsid för att begränsa svarslistan.
Ska stödjas av producent om GetAllCaretypes stödjs.
Kardinalitet: Valfri, lista.","","","","","","","","","",,,,,"",,,,"getallperformers-request.careTypeIDs",0,*,"",""
"getallperformers-request","getallperformers-request.subject-of-care","getallperformers-request.subject_of_care","","","",1,1,"","","","string {[]} {[]}
","Personnummer enl. yyyymmddxxxx","Personnummer för invånaren, för att begränsa/utöka svarslistan.
Kardinalitet: Obligatorisk.","","","","","","","","","",,,,,"",,,,"getallperformers-request.subject_of_care",1,1,"",""
"getallperformers","getallperformers","getallperformers","","","",0,*,"","","","null {[]} {[]}
","GetAllPerformers","Logisk modell för tjänstekontraktet GetAllPerformers
(RIV-TA urn:riv:crm:scheduling:GetAllPerformers:1).
Representerar responsens informationsstruktur.
Tjänst för att hämta en lista över medarbetare i vårdprofessionen som är bokningsbara online hos angiven vårdenhet.","","","","","","","","","",,,,,"",,,,"Base",0,*,"",""
"getallperformers","getallperformers.performerInfos","getallperformers.performerInfos","","","",0,*,"","","","BackboneElement {[]} {[]}
","Lista med medarbetare","Lista med medarbetare (PerformerInfoType).
Kardinalitet: Valfri, lista.","","","","","","","","","",,,,,"",,,,"getallperformers.performerInfos",0,*,"","ele-1:All FHIR elements must have a @value or children {hasValue() or (children().count() > id.count())}
"
"getallperformers","getallperformers.performerInfos.id","getallperformers.performerInfos.id","","","",0,1,"","","","string {[]} {[]}
","Unique id for inter-element referencing","Unique id for the element within a resource (for internal references). This may be any string value that does not contain spaces.","","","","","","","","","",,,,,"",,,,"Element.id",0,1,"",""
"getallperformers","getallperformers.performerInfos.extension","getallperformers.performerInfos.extension","","extensions
user content","",0,*,"","","","Extension {[]} {[]}
","Additional content defined by implementations","May be used to represent additional information that is not part of the basic definition of the element. To make the use of extensions safe and manageable, there is a strict set of governance  applied to the definition and use of extensions. Though any implementer can define an extension, there is a set of requirements that SHALL be met as part of the definition of the extension.","There can be no stigma associated with the use of extensions by any application, project, or standard - regardless of the institution or jurisdiction that uses or defines the extensions.  The use of extensions is what allows the FHIR specification to retain a core level of simplicity for everyone.","","","","","","","","",,,,,"","value:url}
","Extensions are always sliced by (at least) url",,"open","Element.extension",0,*,"","ele-1:All FHIR elements must have a @value or children {hasValue() or (children().count() > id.count())}
ext-1:Must have either extensions or value[x], not both {extension.exists() != value.exists()}"
"getallperformers","getallperformers.performerInfos.modifierExtension","getallperformers.performerInfos.modifierExtension","","extensions
user contentmodifiers","",0,*,"","Y","Y","Extension {[]} {[]}
","Extensions that cannot be ignored even if unrecognized","May be used to represent additional information that is not part of the basic definition of the element and that modifies the understanding of the element in which it is contained and/or the understanding of the containing element's descendants. Usually modifier elements provide negation or qualification. To make the use of extensions safe and manageable, there is a strict set of governance applied to the definition and use of extensions. Though any implementer can define an extension, there is a set of requirements that SHALL be met as part of the definition of the extension. Applications processing a resource are required to check for modifier extensions.

Modifier extensions SHALL NOT change the meaning of any elements on Resource or DomainResource (including cannot change the meaning of modifierExtension itself).","There can be no stigma associated with the use of extensions by any application, project, or standard - regardless of the institution or jurisdiction that uses or defines the extensions.  The use of extensions is what allows the FHIR specification to retain a core level of simplicity for everyone.","Modifier extensions allow for extensions that *cannot* be safely ignored to be clearly distinguished from the vast majority of extensions which can be safely ignored.  This promotes interoperability by eliminating the need for implementers to prohibit the presence of extensions. For further information, see the [definition of modifier extensions](http://hl7.org/fhir/R4/extensibility.html#modifierExtension).","","","","","","","",,,,,"",,,,"BackboneElement.modifierExtension",0,*,"","ele-1:All FHIR elements must have a @value or children {hasValue() or (children().count() > id.count())}
ext-1:Must have either extensions or value[x], not both {extension.exists() != value.exists()}"
"getallperformers","getallperformers.performerInfos.performer","getallperformers.performerInfos.performer","","","",1,1,"","","","Identifier {[]} {[]}
","HSA-id för bokningsbar medarbetare","HSA-id för bokningsbar medarbetare.
OBS: I schemat stavas fältet 'perfomer' (felstavning, issue id 19). FSH-modellen använder korrekt stavning.
Kardinalitet: Obligatorisk.","","","","","","","","","",,,,,"",,,,"getallperformers.performerInfos.performer",1,1,"",""
"getallperformers","getallperformers.performerInfos.firstName","getallperformers.performerInfos.firstName","","","",1,1,"","","","string {[]} {[]}
","Medarbetarens förnamn","Medarbetarens förnamn.
Kardinalitet: Obligatorisk.","","","","","","","","","",,,,,"",,,,"getallperformers.performerInfos.firstName",1,1,"",""
"getallperformers","getallperformers.performerInfos.lastName","getallperformers.performerInfos.lastName","","","",1,1,"","","","string {[]} {[]}
","Medarbetarens efternamn","Medarbetarens efternamn.
Kardinalitet: Obligatorisk.","","","","","","","","","",,,,,"",,,,"getallperformers.performerInfos.lastName",1,1,"",""
"getallperformers","getallperformers.performerInfos.title","getallperformers.performerInfos.title","","","",0,1,"","","","string {[]} {[]}
","Medarbetarens titel","Medarbetarens titel.
Kardinalitet: Valfri.","","","","","","","","","",,,,,"",,,,"getallperformers.performerInfos.title",0,1,"",""
"getalltimetypes-request","getalltimetypes-request","getalltimetypes-request","","","",0,*,"","","","null {[]} {[]}
","GetAllTimeTypes — Request","Logisk modell för requestparametrar i GetAllTimeTypes.","","","","","","","","","",,,,,"",,,,"Base",0,*,"",""
"getalltimetypes-request","getalltimetypes-request.healthcare-facility","getalltimetypes-request.healthcare_facility","","","",1,1,"","","","Identifier {[]} {[]}
","HSA-id för mottagning/vårdenhet","HSA-id för mottagning/vårdenhet.
Kardinalitet: Obligatorisk.","","","","","","","","","",,,,,"",,,,"getalltimetypes-request.healthcare_facility",1,1,"",""
"getalltimetypes-request","getalltimetypes-request.careTypeIDs","getalltimetypes-request.careTypeIDs","","","",0,*,"","","","string {[]} {[]}
","Vårdtypsidentitet för att begränsa sökningen","Vårdtypsidentitet för att begränsa sökningen.
Ska stödjas av producent om GetAllCaretypes stödjs.
Kardinalitet: Valfri, lista.","","","","","","","","","",,,,,"",,,,"getalltimetypes-request.careTypeIDs",0,*,"",""
"getalltimetypes-request","getalltimetypes-request.subject-of-care","getalltimetypes-request.subject_of_care","","","",1,1,"","","","string {[]} {[]}
","Personnummer enl. yyyymmddxxxx","Personnummer för invånaren.
Kardinalitet: Obligatorisk.","","","","","","","","","",,,,,"",,,,"getalltimetypes-request.subject_of_care",1,1,"",""
"getalltimetypes","getalltimetypes","getalltimetypes","","","",0,*,"","","","null {[]} {[]}
","GetAllTimeTypes","Logisk modell för tjänstekontraktet GetAllTimeTypes
(RIV-TA urn:riv:crm:scheduling:GetAllTimeTypes:1).
Representerar responsens informationsstruktur.
Tjänsten hämtar alla tidstyper som kan användas vid nybokning hos angiven vårdenhet.","","","","","","","","","",,,,,"",,,,"Base",0,*,"",""
"getalltimetypes","getalltimetypes.listOfTimeTypes","getalltimetypes.listOfTimeTypes","","","",0,*,"","","","BackboneElement {[]} {[]}
","Lista med tillgängliga tidstyper","Lista med tillgängliga tidstyper (TimeTypeType).
Kardinalitet: Valfri, lista.","","","","","","","","","",,,,,"",,,,"getalltimetypes.listOfTimeTypes",0,*,"","ele-1:All FHIR elements must have a @value or children {hasValue() or (children().count() > id.count())}
"
"getalltimetypes","getalltimetypes.listOfTimeTypes.id","getalltimetypes.listOfTimeTypes.id","","","",0,1,"","","","string {[]} {[]}
","Unique id for inter-element referencing","Unique id for the element within a resource (for internal references). This may be any string value that does not contain spaces.","","","","","","","","","",,,,,"",,,,"Element.id",0,1,"",""
"getalltimetypes","getalltimetypes.listOfTimeTypes.extension","getalltimetypes.listOfTimeTypes.extension","","extensions
user content","",0,*,"","","","Extension {[]} {[]}
","Additional content defined by implementations","May be used to represent additional information that is not part of the basic definition of the element. To make the use of extensions safe and manageable, there is a strict set of governance  applied to the definition and use of extensions. Though any implementer can define an extension, there is a set of requirements that SHALL be met as part of the definition of the extension.","There can be no stigma associated with the use of extensions by any application, project, or standard - regardless of the institution or jurisdiction that uses or defines the extensions.  The use of extensions is what allows the FHIR specification to retain a core level of simplicity for everyone.","","","","","","","","",,,,,"","value:url}
","Extensions are always sliced by (at least) url",,"open","Element.extension",0,*,"","ele-1:All FHIR elements must have a @value or children {hasValue() or (children().count() > id.count())}
ext-1:Must have either extensions or value[x], not both {extension.exists() != value.exists()}"
"getalltimetypes","getalltimetypes.listOfTimeTypes.modifierExtension","getalltimetypes.listOfTimeTypes.modifierExtension","","extensions
user contentmodifiers","",0,*,"","Y","Y","Extension {[]} {[]}
","Extensions that cannot be ignored even if unrecognized","May be used to represent additional information that is not part of the basic definition of the element and that modifies the understanding of the element in which it is contained and/or the understanding of the containing element's descendants. Usually modifier elements provide negation or qualification. To make the use of extensions safe and manageable, there is a strict set of governance applied to the definition and use of extensions. Though any implementer can define an extension, there is a set of requirements that SHALL be met as part of the definition of the extension. Applications processing a resource are required to check for modifier extensions.

Modifier extensions SHALL NOT change the meaning of any elements on Resource or DomainResource (including cannot change the meaning of modifierExtension itself).","There can be no stigma associated with the use of extensions by any application, project, or standard - regardless of the institution or jurisdiction that uses or defines the extensions.  The use of extensions is what allows the FHIR specification to retain a core level of simplicity for everyone.","Modifier extensions allow for extensions that *cannot* be safely ignored to be clearly distinguished from the vast majority of extensions which can be safely ignored.  This promotes interoperability by eliminating the need for implementers to prohibit the presence of extensions. For further information, see the [definition of modifier extensions](http://hl7.org/fhir/R4/extensibility.html#modifierExtension).","","","","","","","",,,,,"",,,,"BackboneElement.modifierExtension",0,*,"","ele-1:All FHIR elements must have a @value or children {hasValue() or (children().count() > id.count())}
ext-1:Must have either extensions or value[x], not both {extension.exists() != value.exists()}"
"getalltimetypes","getalltimetypes.listOfTimeTypes.timeTypeName","getalltimetypes.listOfTimeTypes.timeTypeName","","","",1,1,"","","","string {[]} {[]}
","Namnet på tidstypen","Namnet på tidstypen att visas för användaren.
Kardinalitet: Obligatorisk.","","","","","","","","","",,,,,"",,,,"getalltimetypes.listOfTimeTypes.timeTypeName",1,1,"",""
"getalltimetypes","getalltimetypes.listOfTimeTypes.timeTypeId","getalltimetypes.listOfTimeTypes.timeTypeId","","","",1,1,"","","","string {[]} {[]}
","Identifierare för tidstypen","Identifierare för tidstypen (TimeTypeIDType).
Kardinalitet: Obligatorisk.","","","","","","","","","",,,,,"",,,,"getalltimetypes.listOfTimeTypes.timeTypeId",1,1,"",""
"getavailabledates-request","getavailabledates-request","getavailabledates-request","","","",0,*,"","","","null {[]} {[]}
","GetAvailableDates — Request","Logisk modell för requestparametrar i GetAvailableDates.","","","","","","","","","",,,,,"",,,,"Base",0,*,"",""
"getavailabledates-request","getavailabledates-request.healthcare-facility","getavailabledates-request.healthcare_facility","","","",1,1,"","","","Identifier {[]} {[]}
","Hsa-Id för mottagning/vårdenhet","Hsa-Id för mottagning/vårdenhet.
Kardinalitet: Obligatorisk.","","","","","","","","","",,,,,"",,,,"getavailabledates-request.healthcare_facility",1,1,"",""
"getavailabledates-request","getavailabledates-request.bookingId","getavailabledates-request.bookingId","","","",0,1,"","","","string {[]} {[]}
","Intern bokningsidentitet","Intern bokningsidentitet. Används för att indikera ombokning.
Kardinalitet: Valfri.","","","","","","","","","",,,,,"",,,,"getavailabledates-request.bookingId",0,1,"",""
"getavailabledates-request","getavailabledates-request.startDateInclusive","getavailabledates-request.startDateInclusive","","","",1,1,"","","","string {[]} {[]}
","Datum från och med (ÅÅÅÅMMDD)","Datum från och med för de lediga tider som skall sökas ut, på formatet ÅÅÅÅMMDD.
Kardinalitet: Obligatorisk.","","","","","","","","","",,,,,"",,,,"getavailabledates-request.startDateInclusive",1,1,"",""
"getavailabledates-request","getavailabledates-request.endDateInclusive","getavailabledates-request.endDateInclusive","","","",1,1,"","","","string {[]} {[]}
","Datum till och med (ÅÅÅÅMMDD)","Datum till och med för de lediga tider som skall sökas ut, på formatet ÅÅÅÅMMDD.
Kardinalitet: Obligatorisk.","","","","","","","","","",,,,,"",,,,"getavailabledates-request.endDateInclusive",1,1,"",""
"getavailabledates-request","getavailabledates-request.performer","getavailabledates-request.performer","","","",0,*,"","","","Identifier {[]} {[]}
","HSA-id för HoS-personal","HSA-id för HoS-personal.
Kardinalitet: Valfri, lista.","","","","","","","","","",,,,,"",,,,"getavailabledates-request.performer",0,*,"",""
"getavailabledates-request","getavailabledates-request.timeTypeName","getavailabledates-request.timeTypeName","","","",0,1,"","","","string {[]} {[]}
","Namn på tidstyp","Namn på tidstyp.
Kardinalitet: Valfri.","","","","","","","","","",,,,,"",,,,"getavailabledates-request.timeTypeName",0,1,"",""
"getavailabledates-request","getavailabledates-request.timeTypeID","getavailabledates-request.timeTypeID","","","",0,1,"","","","string {[]} {[]}
","Identifierare för tidstyp","Identifierare för tidstyp.
Kardinalitet: Valfri.","","","","","","","","","",,,,,"",,,,"getavailabledates-request.timeTypeID",0,1,"",""
"getavailabledates-request","getavailabledates-request.careTypeName","getavailabledates-request.careTypeName","","","",0,1,"","","","string {[]} {[]}
","Namn på vårdtyp","Namn på vårdtyp.
Kardinalitet: Valfri.","","","","","","","","","",,,,,"",,,,"getavailabledates-request.careTypeName",0,1,"",""
"getavailabledates-request","getavailabledates-request.careTypeID","getavailabledates-request.careTypeID","","","",0,1,"","","","string {[]} {[]}
","Identitet för vårdtyp","Identitet för vårdtyp.
Kardinalitet: Valfri.","","","","","","","","","",,,,,"",,,,"getavailabledates-request.careTypeID",0,1,"",""
"getavailabledates-request","getavailabledates-request.subject-of-care","getavailabledates-request.subject_of_care","","","",1,1,"","","","string {[]} {[]}
","Personnummer enl. yyyymmddxxxx","Personnummer för invånaren.
Kardinalitet: Obligatorisk.","","","","","","","","","",,,,,"",,,,"getavailabledates-request.subject_of_care",1,1,"",""
"getavailabledates","getavailabledates","getavailabledates","","","",0,*,"","","","null {[]} {[]}
","GetAvailableDates","Logisk modell för tjänstekontraktet GetAvailableDates
(RIV-TA urn:riv:crm:scheduling:GetAvailableDates:1).
Representerar responsens informationsstruktur.
Tjänsten hämtar datum med lediga tider för angivet datumintervall.","","","","","","","","","",,,,,"",,,,"Base",0,*,"",""
"getavailabledates","getavailabledates.performerAvailabilityByDate","getavailabledates.performerAvailabilityByDate","","","",0,*,"","","","BackboneElement {[]} {[]}
","Lista med tillgängliga tider per datum","Lista med tillgängliga tider (PerformerAvailabilityByDateType).
Kardinalitet: Valfri, lista.","","","","","","","","","",,,,,"",,,,"getavailabledates.performerAvailabilityByDate",0,*,"","ele-1:All FHIR elements must have a @value or children {hasValue() or (children().count() > id.count())}
"
"getavailabledates","getavailabledates.performerAvailabilityByDate.id","getavailabledates.performerAvailabilityByDate.id","","","",0,1,"","","","string {[]} {[]}
","Unique id for inter-element referencing","Unique id for the element within a resource (for internal references). This may be any string value that does not contain spaces.","","","","","","","","","",,,,,"",,,,"Element.id",0,1,"",""
"getavailabledates","getavailabledates.performerAvailabilityByDate.extension","getavailabledates.performerAvailabilityByDate.extension","","extensions
user content","",0,*,"","","","Extension {[]} {[]}
","Additional content defined by implementations","May be used to represent additional information that is not part of the basic definition of the element. To make the use of extensions safe and manageable, there is a strict set of governance  applied to the definition and use of extensions. Though any implementer can define an extension, there is a set of requirements that SHALL be met as part of the definition of the extension.","There can be no stigma associated with the use of extensions by any application, project, or standard - regardless of the institution or jurisdiction that uses or defines the extensions.  The use of extensions is what allows the FHIR specification to retain a core level of simplicity for everyone.","","","","","","","","",,,,,"","value:url}
","Extensions are always sliced by (at least) url",,"open","Element.extension",0,*,"","ele-1:All FHIR elements must have a @value or children {hasValue() or (children().count() > id.count())}
ext-1:Must have either extensions or value[x], not both {extension.exists() != value.exists()}"
"getavailabledates","getavailabledates.performerAvailabilityByDate.modifierExtension","getavailabledates.performerAvailabilityByDate.modifierExtension","","extensions
user contentmodifiers","",0,*,"","Y","Y","Extension {[]} {[]}
","Extensions that cannot be ignored even if unrecognized","May be used to represent additional information that is not part of the basic definition of the element and that modifies the understanding of the element in which it is contained and/or the understanding of the containing element's descendants. Usually modifier elements provide negation or qualification. To make the use of extensions safe and manageable, there is a strict set of governance applied to the definition and use of extensions. Though any implementer can define an extension, there is a set of requirements that SHALL be met as part of the definition of the extension. Applications processing a resource are required to check for modifier extensions.

Modifier extensions SHALL NOT change the meaning of any elements on Resource or DomainResource (including cannot change the meaning of modifierExtension itself).","There can be no stigma associated with the use of extensions by any application, project, or standard - regardless of the institution or jurisdiction that uses or defines the extensions.  The use of extensions is what allows the FHIR specification to retain a core level of simplicity for everyone.","Modifier extensions allow for extensions that *cannot* be safely ignored to be clearly distinguished from the vast majority of extensions which can be safely ignored.  This promotes interoperability by eliminating the need for implementers to prohibit the presence of extensions. For further information, see the [definition of modifier extensions](http://hl7.org/fhir/R4/extensibility.html#modifierExtension).","","","","","","","",,,,,"",,,,"BackboneElement.modifierExtension",0,*,"","ele-1:All FHIR elements must have a @value or children {hasValue() or (children().count() > id.count())}
ext-1:Must have either extensions or value[x], not both {extension.exists() != value.exists()}"
"getavailabledates","getavailabledates.performerAvailabilityByDate.healthcare-facility","getavailabledates.performerAvailabilityByDate.healthcare_facility","","","",1,1,"","","","Identifier {[]} {[]}
","HSA-id för mottagning/vårdenhet","HSA-id för mottagning/vårdenhet.
Kardinalitet: Obligatorisk.","","","","","","","","","",,,,,"",,,,"getavailabledates.performerAvailabilityByDate.healthcare_facility",1,1,"",""
"getavailabledates","getavailabledates.performerAvailabilityByDate.performer","getavailabledates.performerAvailabilityByDate.performer","","","",0,1,"","","","Identifier {[]} {[]}
","HSA-id för HoS-personal","HSA-id för HoS-personal.
Kardinalitet: Valfri.","","","","","","","","","",,,,,"",,,,"getavailabledates.performerAvailabilityByDate.performer",0,1,"",""
"getavailabledates","getavailabledates.performerAvailabilityByDate.date","getavailabledates.performerAvailabilityByDate.date","","","",1,1,"","","","string {[]} {[]}
","Datum där lediga tider finns (ÅÅÅÅMMDD)","Ett datum där lediga tider finns, på formatet ÅÅÅÅMMDD.
Kardinalitet: Obligatorisk.","","","","","","","","","",,,,,"",,,,"getavailabledates.performerAvailabilityByDate.date",1,1,"",""
"getavailabledates","getavailabledates.performerAvailabilityByDate.resourceName","getavailabledates.performerAvailabilityByDate.resourceName","","","",0,1,"","","","string {[]} {[]}
","Namn på resurs","Namn på resurs.
Kardinalitet: Valfri.","","","","","","","","","",,,,,"",,,,"getavailabledates.performerAvailabilityByDate.resourceName",0,1,"",""
"getavailabledates","getavailabledates.performerAvailabilityByDate.resourceID","getavailabledates.performerAvailabilityByDate.resourceID","","","",0,1,"","","","string {[]} {[]}
","Identifierare för resurs","Identifierare för resurs.
Kardinalitet: Valfri.","","","","","","","","","",,,,,"",,,,"getavailabledates.performerAvailabilityByDate.resourceID",0,1,"",""
"getavailabledates","getavailabledates.performerAvailabilityByDate.timeTypeName","getavailabledates.performerAvailabilityByDate.timeTypeName","","","",0,1,"","","","string {[]} {[]}
","Namn på tidstyp","Namn på tidstyp.
Kardinalitet: Valfri.","","","","","","","","","",,,,,"",,,,"getavailabledates.performerAvailabilityByDate.timeTypeName",0,1,"",""
"getavailabledates","getavailabledates.performerAvailabilityByDate.timeTypeID","getavailabledates.performerAvailabilityByDate.timeTypeID","","","",0,1,"","","","string {[]} {[]}
","Identifierare för tidstyp","Identifierare för tidstyp.
Kardinalitet: Valfri.","","","","","","","","","",,,,,"",,,,"getavailabledates.performerAvailabilityByDate.timeTypeID",0,1,"",""
"getavailabledates","getavailabledates.performerAvailabilityByDate.careTypeName","getavailabledates.performerAvailabilityByDate.careTypeName","","","",0,1,"","","","string {[]} {[]}
","Namn på vårdtyp","Namn på vårdtyp.
Kardinalitet: Valfri.","","","","","","","","","",,,,,"",,,,"getavailabledates.performerAvailabilityByDate.careTypeName",0,1,"",""
"getavailabletimeslots-request","getavailabletimeslots-request","getavailabletimeslots-request","","","",0,*,"","","","null {[]} {[]}
","GetAvailableTimeslots — Request","Logisk modell för requestparametrar i GetAvailableTimeslots.","","","","","","","","","",,,,,"",,,,"Base",0,*,"",""
"getavailabletimeslots-request","getavailabletimeslots-request.healthcare-facility","getavailabletimeslots-request.healthcare_facility","","","",1,1,"","","","Identifier {[]} {[]}
","Hsa-ID för mottagning/vårdenhet","Hsa-ID för mottagning/vårdenhet.
Kardinalitet: Obligatorisk.","","","","","","","","","",,,,,"",,,,"getavailabletimeslots-request.healthcare_facility",1,1,"",""
"getavailabletimeslots-request","getavailabletimeslots-request.bookingId","getavailabletimeslots-request.bookingId","","","",0,1,"","","","string {[]} {[]}
","Intern bokningsidentitet","Intern bokningsidentitet. Används för att indikera ombokning.
Kardinalitet: Valfri.","","","","","","","","","",,,,,"",,,,"getavailabletimeslots-request.bookingId",0,1,"",""
"getavailabletimeslots-request","getavailabletimeslots-request.startDateInclusive","getavailabletimeslots-request.startDateInclusive","","","",1,1,"","","","string {[]} {[]}
","Datum från och med (ÅÅÅÅMMDD)","Datum från och med, på formatet ÅÅÅÅMMDD.
Kardinalitet: Obligatorisk.","","","","","","","","","",,,,,"",,,,"getavailabletimeslots-request.startDateInclusive",1,1,"",""
"getavailabletimeslots-request","getavailabletimeslots-request.endDateInclusive","getavailabletimeslots-request.endDateInclusive","","","",1,1,"","","","string {[]} {[]}
","Datum till och med (ÅÅÅÅMMDD)","Datum till och med, på formatet ÅÅÅÅMMDD.
Kardinalitet: Obligatorisk.","","","","","","","","","",,,,,"",,,,"getavailabletimeslots-request.endDateInclusive",1,1,"",""
"getavailabletimeslots-request","getavailabletimeslots-request.performer","getavailabletimeslots-request.performer","","","",0,*,"","","","Identifier {[]} {[]}
","HSA-id för HoS-personal","HSA-id för HoS-personal.
Kardinalitet: Valfri, lista.","","","","","","","","","",,,,,"",,,,"getavailabletimeslots-request.performer",0,*,"",""
"getavailabletimeslots-request","getavailabletimeslots-request.timeTypeName","getavailabletimeslots-request.timeTypeName","","","",0,1,"","","","string {[]} {[]}
","Namn på tidstyp","Namn på tidstyp.
Kardinalitet: Valfri.","","","","","","","","","",,,,,"",,,,"getavailabletimeslots-request.timeTypeName",0,1,"",""
"getavailabletimeslots-request","getavailabletimeslots-request.timeTypeID","getavailabletimeslots-request.timeTypeID","","","",0,1,"","","","string {[]} {[]}
","Identifierare för tidstyp","Identifierare för tidstyp.
Kardinalitet: Valfri.","","","","","","","","","",,,,,"",,,,"getavailabletimeslots-request.timeTypeID",0,1,"",""
"getavailabletimeslots-request","getavailabletimeslots-request.careTypeName","getavailabletimeslots-request.careTypeName","","","",0,1,"","","","string {[]} {[]}
","Namn på vårdtyp","Namn på vårdtyp.
Kardinalitet: Valfri.","","","","","","","","","",,,,,"",,,,"getavailabletimeslots-request.careTypeName",0,1,"",""
"getavailabletimeslots-request","getavailabletimeslots-request.careTypeID","getavailabletimeslots-request.careTypeID","","","",0,1,"","","","string {[]} {[]}
","Identifierare för vårdtyp","Identifierare för vårdtyp.
Kardinalitet: Valfri.","","","","","","","","","",,,,,"",,,,"getavailabletimeslots-request.careTypeID",0,1,"",""
"getavailabletimeslots-request","getavailabletimeslots-request.subject-of-care","getavailabletimeslots-request.subject_of_care","","","",1,1,"","","","string {[]} {[]}
","Personnummer enl. yyyymmddxxxx","Personnummer för invånaren.
Kardinalitet: Obligatorisk.","","","","","","","","","",,,,,"",,,,"getavailabletimeslots-request.subject_of_care",1,1,"",""
"getavailabletimeslots","getavailabletimeslots","getavailabletimeslots","","","",0,*,"","","","null {[]} {[]}
","GetAvailableTimeslots","Logisk modell för tjänstekontraktet GetAvailableTimeslots
(RIV-TA urn:riv:crm:scheduling:GetAvailableTimeslots:1).
Representerar responsens informationsstruktur.
Tjänsten hämtar lediga tider för angivet datumintervall.","","","","","","","","","",,,,,"",,,,"Base",0,*,"",""
"getavailabletimeslots","getavailabletimeslots.timeslotDetail","getavailabletimeslots.timeslotDetail","","","",0,*,"","","","BackboneElement {[]} {[]}
","Lista med tillgängliga tider (TimeslotType)","Lista med tillgängliga tider.
Kardinalitet: Valfri, lista.","","","","","","","","","",,,,,"",,,,"getavailabletimeslots.timeslotDetail",0,*,"","ele-1:All FHIR elements must have a @value or children {hasValue() or (children().count() > id.count())}
"
"getavailabletimeslots","getavailabletimeslots.timeslotDetail.id","getavailabletimeslots.timeslotDetail.id","","","",0,1,"","","","string {[]} {[]}
","Unique id for inter-element referencing","Unique id for the element within a resource (for internal references). This may be any string value that does not contain spaces.","","","","","","","","","",,,,,"",,,,"Element.id",0,1,"",""
"getavailabletimeslots","getavailabletimeslots.timeslotDetail.extension","getavailabletimeslots.timeslotDetail.extension","","extensions
user content","",0,*,"","","","Extension {[]} {[]}
","Additional content defined by implementations","May be used to represent additional information that is not part of the basic definition of the element. To make the use of extensions safe and manageable, there is a strict set of governance  applied to the definition and use of extensions. Though any implementer can define an extension, there is a set of requirements that SHALL be met as part of the definition of the extension.","There can be no stigma associated with the use of extensions by any application, project, or standard - regardless of the institution or jurisdiction that uses or defines the extensions.  The use of extensions is what allows the FHIR specification to retain a core level of simplicity for everyone.","","","","","","","","",,,,,"","value:url}
","Extensions are always sliced by (at least) url",,"open","Element.extension",0,*,"","ele-1:All FHIR elements must have a @value or children {hasValue() or (children().count() > id.count())}
ext-1:Must have either extensions or value[x], not both {extension.exists() != value.exists()}"
"getavailabletimeslots","getavailabletimeslots.timeslotDetail.modifierExtension","getavailabletimeslots.timeslotDetail.modifierExtension","","extensions
user contentmodifiers","",0,*,"","Y","Y","Extension {[]} {[]}
","Extensions that cannot be ignored even if unrecognized","May be used to represent additional information that is not part of the basic definition of the element and that modifies the understanding of the element in which it is contained and/or the understanding of the containing element's descendants. Usually modifier elements provide negation or qualification. To make the use of extensions safe and manageable, there is a strict set of governance applied to the definition and use of extensions. Though any implementer can define an extension, there is a set of requirements that SHALL be met as part of the definition of the extension. Applications processing a resource are required to check for modifier extensions.

Modifier extensions SHALL NOT change the meaning of any elements on Resource or DomainResource (including cannot change the meaning of modifierExtension itself).","There can be no stigma associated with the use of extensions by any application, project, or standard - regardless of the institution or jurisdiction that uses or defines the extensions.  The use of extensions is what allows the FHIR specification to retain a core level of simplicity for everyone.","Modifier extensions allow for extensions that *cannot* be safely ignored to be clearly distinguished from the vast majority of extensions which can be safely ignored.  This promotes interoperability by eliminating the need for implementers to prohibit the presence of extensions. For further information, see the [definition of modifier extensions](http://hl7.org/fhir/R4/extensibility.html#modifierExtension).","","","","","","","",,,,,"",,,,"BackboneElement.modifierExtension",0,*,"","ele-1:All FHIR elements must have a @value or children {hasValue() or (children().count() > id.count())}
ext-1:Must have either extensions or value[x], not both {extension.exists() != value.exists()}"
"getavailabletimeslots","getavailabletimeslots.timeslotDetail.startTimeInclusive","getavailabletimeslots.timeslotDetail.startTimeInclusive","","","",1,1,"","","","string {[]} {[]}
","Startdatum och klockslag (ÅÅÅÅMMDDttmmss)","Startdatum och klockslag för bokad tid, på formatet ÅÅÅÅMMDDttmmss.
Kardinalitet: Obligatorisk.","","","","","","","","","",,,,,"",,,,"getavailabletimeslots.timeslotDetail.startTimeInclusive",1,1,"",""
"getavailabletimeslots","getavailabletimeslots.timeslotDetail.endTimeExclusive","getavailabletimeslots.timeslotDetail.endTimeExclusive","","","",1,1,"","","","string {[]} {[]}
","Slutdatum och klockslag (ÅÅÅÅMMDDttmmss)","Slutdatum och klockslag för bokad tid, på formatet ÅÅÅÅMMDDttmmss.
Kardinalitet: Obligatorisk.","","","","","","","","","",,,,,"",,,,"getavailabletimeslots.timeslotDetail.endTimeExclusive",1,1,"",""
"getavailabletimeslots","getavailabletimeslots.timeslotDetail.healthcare-facility","getavailabletimeslots.timeslotDetail.healthcare_facility","","","",1,1,"","","","Identifier {[]} {[]}
","HSA-id för mottagning/vårdenhet","HSA-id för mottagning/vårdenhet.
Kardinalitet: Obligatorisk.","","","","","","","","","",,,,,"",,,,"getavailabletimeslots.timeslotDetail.healthcare_facility",1,1,"",""
"getavailabletimeslots","getavailabletimeslots.timeslotDetail.performer","getavailabletimeslots.timeslotDetail.performer","","","",0,1,"","","","Identifier {[]} {[]}
","HSA-id för Hos-person","HSA-id för Hos-person som besöket är bokat hos.
Kardinalitet: Valfri.","","","","","","","","","",,,,,"",,,,"getavailabletimeslots.timeslotDetail.performer",0,1,"",""
"getavailabletimeslots","getavailabletimeslots.timeslotDetail.bookingId","getavailabletimeslots.timeslotDetail.bookingId","","","",0,1,"","","","string {[]} {[]}
","Bokningsidentitet","Bokningsidentitet för det bokade besöket.
Kardinalitet: Valfri.","","","","","","","","","",,,,,"",,,,"getavailabletimeslots.timeslotDetail.bookingId",0,1,"",""
"getavailabletimeslots","getavailabletimeslots.timeslotDetail.purpose","getavailabletimeslots.timeslotDetail.purpose","","","",0,1,"","","","string {[]} {[]}
","Beskrivning av besöksorsak angiven av vårdenhet","Beskrivning av besöksorsak angiven av vårdenhet.
Kardinalitet: Valfri.","","","","","","","","","",,,,,"",,,,"getavailabletimeslots.timeslotDetail.purpose",0,1,"",""
"getavailabletimeslots","getavailabletimeslots.timeslotDetail.reason","getavailabletimeslots.timeslotDetail.reason","","","",0,1,"","","","string {[]} {[]}
","Kontaktorsak som invånare uppger vid bokning","Kontaktorsak som invånare uppger vid bokning.
Kardinalitet: Valfri.","","","","","","","","","",,,,,"",,,,"getavailabletimeslots.timeslotDetail.reason",0,1,"",""
"getavailabletimeslots","getavailabletimeslots.timeslotDetail.resourceName","getavailabletimeslots.timeslotDetail.resourceName","","","",0,1,"","","","string {[]} {[]}
","Namn på resurs","Namn på resurs.
Kardinalitet: Valfri.","","","","","","","","","",,,,,"",,,,"getavailabletimeslots.timeslotDetail.resourceName",0,1,"",""
"getavailabletimeslots","getavailabletimeslots.timeslotDetail.healthcare-facility-name","getavailabletimeslots.timeslotDetail.healthcare_facility_name","","","",0,1,"","","","string {[]} {[]}
","Namn på bokad mottagning/vårdenhet","Namn på bokad mottagning/vårdenhet.
Kardinalitet: Valfri.","","","","","","","","","",,,,,"",,,,"getavailabletimeslots.timeslotDetail.healthcare_facility_name",0,1,"",""
"getavailabletimeslots","getavailabletimeslots.timeslotDetail.performerName","getavailabletimeslots.timeslotDetail.performerName","","","",0,1,"","","","string {[]} {[]}
","Namn på HoS-person","Namn på HoS-person som besöket är bokat hos.
Kardinalitet: Valfri.","","","","","","","","","",,,,,"",,,,"getavailabletimeslots.timeslotDetail.performerName",0,1,"",""
"getavailabletimeslots","getavailabletimeslots.timeslotDetail.resourceID","getavailabletimeslots.timeslotDetail.resourceID","","","",0,1,"","","","string {[]} {[]}
","Identifierare för resurs","Identifierare för resurs.
Kardinalitet: Valfri.","","","","","","","","","",,,,,"",,,,"getavailabletimeslots.timeslotDetail.resourceID",0,1,"",""
"getavailabletimeslots","getavailabletimeslots.timeslotDetail.timeTypeName","getavailabletimeslots.timeslotDetail.timeTypeName","","","",0,1,"","","","string {[]} {[]}
","Tidstyp för det bokade besöket","Tidstyp för det bokade besöket.
Kardinalitet: Valfri.","","","","","","","","","",,,,,"",,,,"getavailabletimeslots.timeslotDetail.timeTypeName",0,1,"",""
"getavailabletimeslots","getavailabletimeslots.timeslotDetail.timeTypeID","getavailabletimeslots.timeslotDetail.timeTypeID","","","",0,1,"","","","string {[]} {[]}
","Identifierare för tidstyp","Identifierare för tidstyp.
Kardinalitet: Valfri.","","","","","","","","","",,,,,"",,,,"getavailabletimeslots.timeslotDetail.timeTypeID",0,1,"",""
"getavailabletimeslots","getavailabletimeslots.timeslotDetail.careTypeName","getavailabletimeslots.timeslotDetail.careTypeName","","","",0,1,"","","","string {[]} {[]}
","Klartext för vårdtyp","Klartext för vårdtyp.
Kardinalitet: Valfri.","","","","","","","","","",,,,,"",,,,"getavailabletimeslots.timeslotDetail.careTypeName",0,1,"",""
"getavailabletimeslots","getavailabletimeslots.timeslotDetail.careTypeID","getavailabletimeslots.timeslotDetail.careTypeID","","","",0,1,"","","","string {[]} {[]}
","Identifierare för vårdtyp","Identifierare för vårdtyp.
Kardinalitet: Valfri.","","","","","","","","","",,,,,"",,,,"getavailabletimeslots.timeslotDetail.careTypeID",0,1,"",""
"getavailabletimeslots","getavailabletimeslots.timeslotDetail.cancel-booking-allowed","getavailabletimeslots.timeslotDetail.cancel_booking_allowed","","","",0,1,"","","","boolean {[]} {[]}
","Om bokningen kan avbokas","Sätts av producenten. Anger om bokningen kan avbokas.
Avbokning är inte tillåten om värdet saknas eller är false.
Kardinalitet: Valfri.","","","","","","","","","",,,,,"",,,,"getavailabletimeslots.timeslotDetail.cancel_booking_allowed",0,1,"",""
"getavailabletimeslots","getavailabletimeslots.timeslotDetail.rebooking-allowed","getavailabletimeslots.timeslotDetail.rebooking_allowed","","","",0,1,"","","","boolean {[]} {[]}
","Om bokningen kan ombokas","Sätts av producenten. Anger om bokningen kan ombokas.
Ombokning är inte tillåten om värdet saknas eller är false.
Kardinalitet: Valfri.","","","","","","","","","",,,,,"",,,,"getavailabletimeslots.timeslotDetail.rebooking_allowed",0,1,"",""
"getavailabletimeslots","getavailabletimeslots.timeslotDetail.message-allowed","getavailabletimeslots.timeslotDetail.message_allowed","","","",0,1,"","","","boolean {[]} {[]}
","Om orsak till av/ombokning kan skickas","Sätts av producenten. Anger om orsak till av- eller ombokning kan skickas med i berörda tjänster.
Kardinalitet: Valfri.","","","","","","","","","",,,,,"",,,,"getavailabletimeslots.timeslotDetail.message_allowed",0,1,"",""
"getbookingdetails-request","getbookingdetails-request","getbookingdetails-request","","","",0,*,"","","","null {[]} {[]}
","GetBookingDetails — Request","Logisk modell för requestparametrar i GetBookingDetails.","","","","","","","","","",,,,,"",,,,"Base",0,*,"",""
"getbookingdetails-request","getbookingdetails-request.healthcare-facility","getbookingdetails-request.healthcare_facility","","","",1,1,"","","","Identifier {[]} {[]}
","HSA-id för mottagning/vårdenhet","HSA-id för mottagning/vårdenhet.
Kardinalitet: Obligatorisk.","","","","","","","","","",,,,,"",,,,"getbookingdetails-request.healthcare_facility",1,1,"",""
"getbookingdetails-request","getbookingdetails-request.bookingId","getbookingdetails-request.bookingId","","","",1,1,"","","","string {[]} {[]}
","Intern bokningsidentitet","Intern bokningsidentitet.
Kardinalitet: Obligatorisk.","","","","","","","","","",,,,,"",,,,"getbookingdetails-request.bookingId",1,1,"",""
"getbookingdetails","getbookingdetails","getbookingdetails","","","",0,*,"","","","null {[]} {[]}
","GetBookingDetails","Logisk modell för tjänstekontraktet GetBookingDetails
(RIV-TA urn:riv:crm:scheduling:GetBookingDetails:1).
Representerar responsens informationsstruktur.
Tjänsten hämtar detaljinformation för en befintlig bokning vid en vårdenhet.","","","","","","","","","",,,,,"",,,,"Base",0,*,"",""
"getbookingdetails","getbookingdetails.timeslotDetail","getbookingdetails.timeslotDetail","","","",1,1,"","","","BackboneElement {[]} {[]}
","Information om den aktuella tiden (TimeslotType)","Information om den aktuella bokade/kallade tiden.
Kardinalitet: Obligatorisk.","","","","","","","","","",,,,,"",,,,"getbookingdetails.timeslotDetail",1,1,"","getbookingdetails-purpose-required:purpose ska anges om isInvitation är true (kallelse) {isInvitation = true implies purpose.exists()}
ele-1:All FHIR elements must have a @value or children {hasValue() or (children().count() > id.count())}"
"getbookingdetails","getbookingdetails.timeslotDetail.id","getbookingdetails.timeslotDetail.id","","","",0,1,"","","","string {[]} {[]}
","Unique id for inter-element referencing","Unique id for the element within a resource (for internal references). This may be any string value that does not contain spaces.","","","","","","","","","",,,,,"",,,,"Element.id",0,1,"",""
"getbookingdetails","getbookingdetails.timeslotDetail.extension","getbookingdetails.timeslotDetail.extension","","extensions
user content","",0,*,"","","","Extension {[]} {[]}
","Additional content defined by implementations","May be used to represent additional information that is not part of the basic definition of the element. To make the use of extensions safe and manageable, there is a strict set of governance  applied to the definition and use of extensions. Though any implementer can define an extension, there is a set of requirements that SHALL be met as part of the definition of the extension.","There can be no stigma associated with the use of extensions by any application, project, or standard - regardless of the institution or jurisdiction that uses or defines the extensions.  The use of extensions is what allows the FHIR specification to retain a core level of simplicity for everyone.","","","","","","","","",,,,,"","value:url}
","Extensions are always sliced by (at least) url",,"open","Element.extension",0,*,"","ele-1:All FHIR elements must have a @value or children {hasValue() or (children().count() > id.count())}
ext-1:Must have either extensions or value[x], not both {extension.exists() != value.exists()}"
"getbookingdetails","getbookingdetails.timeslotDetail.modifierExtension","getbookingdetails.timeslotDetail.modifierExtension","","extensions
user contentmodifiers","",0,*,"","Y","Y","Extension {[]} {[]}
","Extensions that cannot be ignored even if unrecognized","May be used to represent additional information that is not part of the basic definition of the element and that modifies the understanding of the element in which it is contained and/or the understanding of the containing element's descendants. Usually modifier elements provide negation or qualification. To make the use of extensions safe and manageable, there is a strict set of governance applied to the definition and use of extensions. Though any implementer can define an extension, there is a set of requirements that SHALL be met as part of the definition of the extension. Applications processing a resource are required to check for modifier extensions.

Modifier extensions SHALL NOT change the meaning of any elements on Resource or DomainResource (including cannot change the meaning of modifierExtension itself).","There can be no stigma associated with the use of extensions by any application, project, or standard - regardless of the institution or jurisdiction that uses or defines the extensions.  The use of extensions is what allows the FHIR specification to retain a core level of simplicity for everyone.","Modifier extensions allow for extensions that *cannot* be safely ignored to be clearly distinguished from the vast majority of extensions which can be safely ignored.  This promotes interoperability by eliminating the need for implementers to prohibit the presence of extensions. For further information, see the [definition of modifier extensions](http://hl7.org/fhir/R4/extensibility.html#modifierExtension).","","","","","","","",,,,,"",,,,"BackboneElement.modifierExtension",0,*,"","ele-1:All FHIR elements must have a @value or children {hasValue() or (children().count() > id.count())}
ext-1:Must have either extensions or value[x], not both {extension.exists() != value.exists()}"
"getbookingdetails","getbookingdetails.timeslotDetail.startTimeInclusive","getbookingdetails.timeslotDetail.startTimeInclusive","","","",0,1,"","","","string {[]} {[]}
","Startdatum och klockslag (ÅÅÅÅMMDDttmmss)","Startdatum och klockslag. Kan saknas för öppen kallelse.
Kardinalitet: Valfri.","","","","","","","","","",,,,,"",,,,"getbookingdetails.timeslotDetail.startTimeInclusive",0,1,"",""
"getbookingdetails","getbookingdetails.timeslotDetail.endTimeExclusive","getbookingdetails.timeslotDetail.endTimeExclusive","","","",0,1,"","","","string {[]} {[]}
","Slutdatum och klockslag (ÅÅÅÅMMDDttmmss)","Slutdatum och klockslag. Kan saknas för öppen kallelse.
Kardinalitet: Valfri.","","","","","","","","","",,,,,"",,,,"getbookingdetails.timeslotDetail.endTimeExclusive",0,1,"",""
"getbookingdetails","getbookingdetails.timeslotDetail.healthcare-facility","getbookingdetails.timeslotDetail.healthcare_facility","","","",1,1,"","","","Identifier {[]} {[]}
","HSA-id för mottagning/vårdenhet","HSA-id för mottagning/vårdenhet.
Kardinalitet: Obligatorisk.","","","","","","","","","",,,,,"",,,,"getbookingdetails.timeslotDetail.healthcare_facility",1,1,"",""
"getbookingdetails","getbookingdetails.timeslotDetail.performer","getbookingdetails.timeslotDetail.performer","","","",0,1,"","","","Identifier {[]} {[]}
","HSA-id för Hos-person","HSA-id för Hos-person som besöket är bokat hos.
Kardinalitet: Valfri.","","","","","","","","","",,,,,"",,,,"getbookingdetails.timeslotDetail.performer",0,1,"",""
"getbookingdetails","getbookingdetails.timeslotDetail.bookingId","getbookingdetails.timeslotDetail.bookingId","","","",0,1,"","","","string {[]} {[]}
","Bokningsidentitet","Bokningsidentitet för det bokade besöket.
Kardinalitet: Valfri.","","","","","","","","","",,,,,"",,,,"getbookingdetails.timeslotDetail.bookingId",0,1,"",""
"getbookingdetails","getbookingdetails.timeslotDetail.subject-of-care","getbookingdetails.timeslotDetail.subject_of_care","","","",1,1,"","","","string {[]} {[]}
","Personnummer enl. yyyymmddxxxx","Personnummer för invånaren.
Kardinalitet: Obligatorisk.","","","","","","","","","",,,,,"",,,,"getbookingdetails.timeslotDetail.subject_of_care",1,1,"",""
"getbookingdetails","getbookingdetails.timeslotDetail.purpose","getbookingdetails.timeslotDetail.purpose","","","",0,1,"","","","string {[]} {[]}
","Beskrivning av besöksorsak angiven av vårdenhet","Beskrivning av besöksorsak angiven av vårdenhet.
Villkorlig: obligatorisk om isInvitation = true (kallelse).
Producenten kan använda DocBook-format version 5.0.
Kardinalitet: Valfri (villkorlig).","","","","","","","","","",,,,,"",,,,"getbookingdetails.timeslotDetail.purpose",0,1,"",""
"getbookingdetails","getbookingdetails.timeslotDetail.reason","getbookingdetails.timeslotDetail.reason","","","",0,1,"","","","string {[]} {[]}
","Kontaktorsak som invånare uppger","Kontaktorsak som invånare uppger vid bokning.
Kardinalitet: Valfri.","","","","","","","","","",,,,,"",,,,"getbookingdetails.timeslotDetail.reason",0,1,"",""
"getbookingdetails","getbookingdetails.timeslotDetail.resourceName","getbookingdetails.timeslotDetail.resourceName","","","",0,1,"","","","string {[]} {[]}
","Namn på resurs","Namn på resurs.
Kardinalitet: Valfri.","","","","","","","","","",,,,,"",,,,"getbookingdetails.timeslotDetail.resourceName",0,1,"",""
"getbookingdetails","getbookingdetails.timeslotDetail.healthcare-facility-name","getbookingdetails.timeslotDetail.healthcare_facility_name","","","",0,1,"","","","string {[]} {[]}
","Namn på bokad mottagning/vårdenhet","Namn på bokad mottagning/vårdenhet.
Kardinalitet: Valfri.","","","","","","","","","",,,,,"",,,,"getbookingdetails.timeslotDetail.healthcare_facility_name",0,1,"",""
"getbookingdetails","getbookingdetails.timeslotDetail.performerName","getbookingdetails.timeslotDetail.performerName","","","",0,1,"","","","string {[]} {[]}
","Namn på HoS-person","Namn på HoS-person som besöket är bokat hos.
Kardinalitet: Valfri.","","","","","","","","","",,,,,"",,,,"getbookingdetails.timeslotDetail.performerName",0,1,"",""
"getbookingdetails","getbookingdetails.timeslotDetail.resourceID","getbookingdetails.timeslotDetail.resourceID","","","",0,1,"","","","string {[]} {[]}
","Identitet för resurs","Identitet för resurs.
Kardinalitet: Valfri.","","","","","","","","","",,,,,"",,,,"getbookingdetails.timeslotDetail.resourceID",0,1,"",""
"getbookingdetails","getbookingdetails.timeslotDetail.timeTypeName","getbookingdetails.timeslotDetail.timeTypeName","","","",0,1,"","","","string {[]} {[]}
","Tidstyp för det bokade besöket","Tidstyp för det bokade besöket.
Kardinalitet: Valfri.","","","","","","","","","",,,,,"",,,,"getbookingdetails.timeslotDetail.timeTypeName",0,1,"",""
"getbookingdetails","getbookingdetails.timeslotDetail.timeTypeID","getbookingdetails.timeslotDetail.timeTypeID","","","",0,1,"","","","string {[]} {[]}
","Identitet för tidstyp","Identitet för tidstyp.
Kardinalitet: Valfri.","","","","","","","","","",,,,,"",,,,"getbookingdetails.timeslotDetail.timeTypeID",0,1,"",""
"getbookingdetails","getbookingdetails.timeslotDetail.careTypeName","getbookingdetails.timeslotDetail.careTypeName","","","",0,1,"","","","string {[]} {[]}
","Klartext för vårdtyp","Klartext för vårdtyp.
Kardinalitet: Valfri.","","","","","","","","","",,,,,"",,,,"getbookingdetails.timeslotDetail.careTypeName",0,1,"",""
"getbookingdetails","getbookingdetails.timeslotDetail.careTypeID","getbookingdetails.timeslotDetail.careTypeID","","","",0,1,"","","","string {[]} {[]}
","Identitet för vårdtyp","Identitet för vårdtyp.
Kardinalitet: Valfri.","","","","","","","","","",,,,,"",,,,"getbookingdetails.timeslotDetail.careTypeID",0,1,"",""
"getbookingdetails","getbookingdetails.timeslotDetail.cancel-booking-allowed","getbookingdetails.timeslotDetail.cancel_booking_allowed","","","",1,1,"","","","boolean {[]} {[]}
","Om bokningen kan avbokas","Sätts av producenten. Anger om bokningen kan avbokas.
Kardinalitet: Obligatorisk.","","","","","","","","","",,,,,"",,,,"getbookingdetails.timeslotDetail.cancel_booking_allowed",1,1,"",""
"getbookingdetails","getbookingdetails.timeslotDetail.rebooking-allowed","getbookingdetails.timeslotDetail.rebooking_allowed","","","",1,1,"","","","boolean {[]} {[]}
","Om bokningen kan ombokas","Sätts av producenten. Anger om bokningen kan ombokas.
Kardinalitet: Obligatorisk.","","","","","","","","","",,,,,"",,,,"getbookingdetails.timeslotDetail.rebooking_allowed",1,1,"",""
"getbookingdetails","getbookingdetails.timeslotDetail.message-allowed","getbookingdetails.timeslotDetail.message_allowed","","","",1,1,"","","","boolean {[]} {[]}
","Om orsak kan skickas","Sätts av producenten. Anger om orsak till av- eller ombokning kan skickas.
Kardinalitet: Obligatorisk.","","","","","","","","","",,,,,"",,,,"getbookingdetails.timeslotDetail.message_allowed",1,1,"",""
"getbookingdetails","getbookingdetails.timeslotDetail.isInvitation","getbookingdetails.timeslotDetail.isInvitation","","","",0,1,"","","","boolean {[]} {[]}
","Om bokningen är en kallelse","Sätts av producenten. Anger om bokningen skapats på vårdgivarens initiativ (kallelse).
isInvitation = true innebär kallelse; false eller saknat innebär invånariniterad bokning.
Kardinalitet: Valfri.","","","","","","","","","",,,,,"",,,,"getbookingdetails.timeslotDetail.isInvitation",0,1,"",""
"getsubjectofcareschedule-request","getsubjectofcareschedule-request","getsubjectofcareschedule-request","","","",0,*,"","","","null {[]} {[]}
","GetSubjectOfCareSchedule — Request","Logisk modell för requestparametrar i GetSubjectOfCareSchedule.","","","","","","","","","",,,,,"",,,,"Base",0,*,"",""
"getsubjectofcareschedule-request","getsubjectofcareschedule-request.healthcare-facility","getsubjectofcareschedule-request.healthcare_facility","","","",1,1,"","","","Identifier {[]} {[]}
","HSA-id för mottagning/vårdenhet","HSA-id för mottagning/vårdenhet.
Observera att vid adressering av aggregerande tjänst kommer detta fält att ignoreras.
Fältet måste ändå finnas med av kompatibilitetsskäl.
Kardinalitet: Obligatorisk.","","","","","","","","","",,,,,"",,,,"getsubjectofcareschedule-request.healthcare_facility",1,1,"",""
"getsubjectofcareschedule-request","getsubjectofcareschedule-request.subject-of-care","getsubjectofcareschedule-request.subject_of_care","","","",1,1,"","","","string {[]} {[]}
","Personnummer enl. yyyymmddxxxx","Personnummer för invånaren.
Kardinalitet: Obligatorisk.","","","","","","","","","",,,,,"",,,,"getsubjectofcareschedule-request.subject_of_care",1,1,"",""
"getsubjectofcareschedule","getsubjectofcareschedule","getsubjectofcareschedule","","","",0,*,"","","","null {[]} {[]}
","GetSubjectOfCareSchedule","Logisk modell för tjänstekontraktet GetSubjectOfCareSchedule
(RIV-TA urn:riv:crm:scheduling:GetSubjectOfCareSchedule:1).
Representerar responsens informationsstruktur.
Tjänsten hämtar alla bokade tider för en invånare.
Öppna kallelser ingår inte i svaret.","","","","","","","","","",,,,,"",,,,"Base",0,*,"",""
"getsubjectofcareschedule","getsubjectofcareschedule.timeslotDetail","getsubjectofcareschedule.timeslotDetail","","","",0,*,"","","","BackboneElement {[]} {[]}
","Lista med användarens tider (TimeslotType)","Lista med invånarens bokade tider för angiven vårdenhet. Öppna kallelser ingår inte.
Kardinalitet: Valfri, lista.","","","","","","","","","",,,,,"",,,,"getsubjectofcareschedule.timeslotDetail",0,*,"","ele-1:All FHIR elements must have a @value or children {hasValue() or (children().count() > id.count())}
"
"getsubjectofcareschedule","getsubjectofcareschedule.timeslotDetail.id","getsubjectofcareschedule.timeslotDetail.id","","","",0,1,"","","","string {[]} {[]}
","Unique id for inter-element referencing","Unique id for the element within a resource (for internal references). This may be any string value that does not contain spaces.","","","","","","","","","",,,,,"",,,,"Element.id",0,1,"",""
"getsubjectofcareschedule","getsubjectofcareschedule.timeslotDetail.extension","getsubjectofcareschedule.timeslotDetail.extension","","extensions
user content","",0,*,"","","","Extension {[]} {[]}
","Additional content defined by implementations","May be used to represent additional information that is not part of the basic definition of the element. To make the use of extensions safe and manageable, there is a strict set of governance  applied to the definition and use of extensions. Though any implementer can define an extension, there is a set of requirements that SHALL be met as part of the definition of the extension.","There can be no stigma associated with the use of extensions by any application, project, or standard - regardless of the institution or jurisdiction that uses or defines the extensions.  The use of extensions is what allows the FHIR specification to retain a core level of simplicity for everyone.","","","","","","","","",,,,,"","value:url}
","Extensions are always sliced by (at least) url",,"open","Element.extension",0,*,"","ele-1:All FHIR elements must have a @value or children {hasValue() or (children().count() > id.count())}
ext-1:Must have either extensions or value[x], not both {extension.exists() != value.exists()}"
"getsubjectofcareschedule","getsubjectofcareschedule.timeslotDetail.modifierExtension","getsubjectofcareschedule.timeslotDetail.modifierExtension","","extensions
user contentmodifiers","",0,*,"","Y","Y","Extension {[]} {[]}
","Extensions that cannot be ignored even if unrecognized","May be used to represent additional information that is not part of the basic definition of the element and that modifies the understanding of the element in which it is contained and/or the understanding of the containing element's descendants. Usually modifier elements provide negation or qualification. To make the use of extensions safe and manageable, there is a strict set of governance applied to the definition and use of extensions. Though any implementer can define an extension, there is a set of requirements that SHALL be met as part of the definition of the extension. Applications processing a resource are required to check for modifier extensions.

Modifier extensions SHALL NOT change the meaning of any elements on Resource or DomainResource (including cannot change the meaning of modifierExtension itself).","There can be no stigma associated with the use of extensions by any application, project, or standard - regardless of the institution or jurisdiction that uses or defines the extensions.  The use of extensions is what allows the FHIR specification to retain a core level of simplicity for everyone.","Modifier extensions allow for extensions that *cannot* be safely ignored to be clearly distinguished from the vast majority of extensions which can be safely ignored.  This promotes interoperability by eliminating the need for implementers to prohibit the presence of extensions. For further information, see the [definition of modifier extensions](http://hl7.org/fhir/R4/extensibility.html#modifierExtension).","","","","","","","",,,,,"",,,,"BackboneElement.modifierExtension",0,*,"","ele-1:All FHIR elements must have a @value or children {hasValue() or (children().count() > id.count())}
ext-1:Must have either extensions or value[x], not both {extension.exists() != value.exists()}"
"getsubjectofcareschedule","getsubjectofcareschedule.timeslotDetail.startTimeInclusive","getsubjectofcareschedule.timeslotDetail.startTimeInclusive","","","",1,1,"","","","string {[]} {[]}
","Startdatum och klockslag (ÅÅÅÅMMDDttmmss)","Startdatum och klockslag för bokad tid, på formatet ÅÅÅÅMMDDttmmss.
Kardinalitet: Obligatorisk.","","","","","","","","","",,,,,"",,,,"getsubjectofcareschedule.timeslotDetail.startTimeInclusive",1,1,"",""
"getsubjectofcareschedule","getsubjectofcareschedule.timeslotDetail.endTimeExclusive","getsubjectofcareschedule.timeslotDetail.endTimeExclusive","","","",1,1,"","","","string {[]} {[]}
","Slutdatum och klockslag (ÅÅÅÅMMDDttmmss)","Slutdatum och klockslag för bokad tid, på formatet ÅÅÅÅMMDDttmmss.
Kardinalitet: Obligatorisk.","","","","","","","","","",,,,,"",,,,"getsubjectofcareschedule.timeslotDetail.endTimeExclusive",1,1,"",""
"getsubjectofcareschedule","getsubjectofcareschedule.timeslotDetail.healthcare-facility","getsubjectofcareschedule.timeslotDetail.healthcare_facility","","","",1,1,"","","","Identifier {[]} {[]}
","HSA-id för mottagning/vårdenhet","HSA-id för mottagning/vårdenhet.
Kardinalitet: Obligatorisk.","","","","","","","","","",,,,,"",,,,"getsubjectofcareschedule.timeslotDetail.healthcare_facility",1,1,"",""
"getsubjectofcareschedule","getsubjectofcareschedule.timeslotDetail.performer","getsubjectofcareschedule.timeslotDetail.performer","","","",0,1,"","","","Identifier {[]} {[]}
","HSA-id för Hos-person","HSA-id för Hos-person som besöket är bokat hos.
Kardinalitet: Valfri.","","","","","","","","","",,,,,"",,,,"getsubjectofcareschedule.timeslotDetail.performer",0,1,"",""
"getsubjectofcareschedule","getsubjectofcareschedule.timeslotDetail.bookingId","getsubjectofcareschedule.timeslotDetail.bookingId","","","",1,1,"","","","string {[]} {[]}
","Bokningsidentitet","Bokningsidentitet för det bokade besöket.
Kardinalitet: Obligatorisk.","","","","","","","","","",,,,,"",,,,"getsubjectofcareschedule.timeslotDetail.bookingId",1,1,"",""
"getsubjectofcareschedule","getsubjectofcareschedule.timeslotDetail.subject-of-care","getsubjectofcareschedule.timeslotDetail.subject_of_care","","","",1,1,"","","","string {[]} {[]}
","Personnummer enl. yyyymmddxxxx","Personnummer för invånaren.
Kardinalitet: Obligatorisk.","","","","","","","","","",,,,,"",,,,"getsubjectofcareschedule.timeslotDetail.subject_of_care",1,1,"",""
"getsubjectofcareschedule","getsubjectofcareschedule.timeslotDetail.purpose","getsubjectofcareschedule.timeslotDetail.purpose","","","",0,1,"","","","string {[]} {[]}
","Beskrivning av besöksorsak angiven av vårdenhet","Beskrivning av besöksorsak angiven av vårdenhet.
Kardinalitet: Valfri.","","","","","","","","","",,,,,"",,,,"getsubjectofcareschedule.timeslotDetail.purpose",0,1,"",""
"getsubjectofcareschedule","getsubjectofcareschedule.timeslotDetail.reason","getsubjectofcareschedule.timeslotDetail.reason","","","",0,1,"","","","string {[]} {[]}
","Kontaktorsak som invånare uppger","Kontaktorsak som invånare uppger vid bokning.
Kardinalitet: Valfri.","","","","","","","","","",,,,,"",,,,"getsubjectofcareschedule.timeslotDetail.reason",0,1,"",""
"getsubjectofcareschedule","getsubjectofcareschedule.timeslotDetail.resourceName","getsubjectofcareschedule.timeslotDetail.resourceName","","","",0,1,"","","","string {[]} {[]}
","Namn på resurs","Namn på resurs.
Kardinalitet: Valfri.","","","","","","","","","",,,,,"",,,,"getsubjectofcareschedule.timeslotDetail.resourceName",0,1,"",""
"getsubjectofcareschedule","getsubjectofcareschedule.timeslotDetail.healthcare-facility-name","getsubjectofcareschedule.timeslotDetail.healthcare_facility_name","","","",0,1,"","","","string {[]} {[]}
","Namn på bokad mottagning/vårdenhet","Namn på bokad mottagning/vårdenhet.
Kardinalitet: Valfri.","","","","","","","","","",,,,,"",,,,"getsubjectofcareschedule.timeslotDetail.healthcare_facility_name",0,1,"",""
"getsubjectofcareschedule","getsubjectofcareschedule.timeslotDetail.performerName","getsubjectofcareschedule.timeslotDetail.performerName","","","",0,1,"","","","string {[]} {[]}
","Namn på HoS-person","Namn på HoS-person som besöket är bokat hos.
Kardinalitet: Valfri.","","","","","","","","","",,,,,"",,,,"getsubjectofcareschedule.timeslotDetail.performerName",0,1,"",""
"getsubjectofcareschedule","getsubjectofcareschedule.timeslotDetail.resourceID","getsubjectofcareschedule.timeslotDetail.resourceID","","","",0,1,"","","","string {[]} {[]}
","Identitet för resurs","Identitet för resurs.
Kardinalitet: Valfri.","","","","","","","","","",,,,,"",,,,"getsubjectofcareschedule.timeslotDetail.resourceID",0,1,"",""
"getsubjectofcareschedule","getsubjectofcareschedule.timeslotDetail.timeTypeName","getsubjectofcareschedule.timeslotDetail.timeTypeName","","","",0,1,"","","","string {[]} {[]}
","Tidstyp","Tidstyp för det bokade besöket.
Kardinalitet: Valfri.","","","","","","","","","",,,,,"",,,,"getsubjectofcareschedule.timeslotDetail.timeTypeName",0,1,"",""
"getsubjectofcareschedule","getsubjectofcareschedule.timeslotDetail.timeTypeID","getsubjectofcareschedule.timeslotDetail.timeTypeID","","","",0,1,"","","","string {[]} {[]}
","Identitet för tidstyp","Identitet för tidstyp.
Kardinalitet: Valfri.","","","","","","","","","",,,,,"",,,,"getsubjectofcareschedule.timeslotDetail.timeTypeID",0,1,"",""
"getsubjectofcareschedule","getsubjectofcareschedule.timeslotDetail.careTypeName","getsubjectofcareschedule.timeslotDetail.careTypeName","","","",0,1,"","","","string {[]} {[]}
","Klartext för vårdtyp","Klartext för vårdtyp.
Kardinalitet: Valfri.","","","","","","","","","",,,,,"",,,,"getsubjectofcareschedule.timeslotDetail.careTypeName",0,1,"",""
"getsubjectofcareschedule","getsubjectofcareschedule.timeslotDetail.careTypeID","getsubjectofcareschedule.timeslotDetail.careTypeID","","","",0,1,"","","","string {[]} {[]}
","Identitet för vårdtyp","Identitet för vårdtyp.
Kardinalitet: Valfri.","","","","","","","","","",,,,,"",,,,"getsubjectofcareschedule.timeslotDetail.careTypeID",0,1,"",""
"getsubjectofcareschedule","getsubjectofcareschedule.timeslotDetail.cancel-booking-allowed","getsubjectofcareschedule.timeslotDetail.cancel_booking_allowed","","","",0,1,"","","","boolean {[]} {[]}
","Om bokningen kan avbokas","Sätts av producenten. Anger om bokningen kan avbokas.
Kardinalitet: Valfri.","","","","","","","","","",,,,,"",,,,"getsubjectofcareschedule.timeslotDetail.cancel_booking_allowed",0,1,"",""
"getsubjectofcareschedule","getsubjectofcareschedule.timeslotDetail.rebooking-allowed","getsubjectofcareschedule.timeslotDetail.rebooking_allowed","","","",0,1,"","","","boolean {[]} {[]}
","Om bokningen kan ombokas","Sätts av producenten. Anger om bokningen kan ombokas.
Kardinalitet: Valfri.","","","","","","","","","",,,,,"",,,,"getsubjectofcareschedule.timeslotDetail.rebooking_allowed",0,1,"",""
"getsubjectofcareschedule","getsubjectofcareschedule.timeslotDetail.message-allowed","getsubjectofcareschedule.timeslotDetail.message_allowed","","","",0,1,"","","","boolean {[]} {[]}
","Om orsak kan skickas","Sätts av producenten. Anger om orsak till av- eller ombokning kan skickas.
Kardinalitet: Valfri.","","","","","","","","","",,,,,"",,,,"getsubjectofcareschedule.timeslotDetail.message_allowed",0,1,"",""
"getsubjectofcareschedule","getsubjectofcareschedule.timeslotDetail.isInvitation","getsubjectofcareschedule.timeslotDetail.isInvitation","","","",0,1,"","","","boolean {[]} {[]}
","Om bokningen är en kallelse","Sätts av producenten. Anger om bokningen skapats på vårdgivarens initiativ.
Kardinalitet: Valfri.","","","","","","","","","",,,,,"",,,,"getsubjectofcareschedule.timeslotDetail.isInvitation",0,1,"",""
"makebooking-request","makebooking-request","makebooking-request","","","",0,*,"","","","null {[]} {[]}
","MakeBooking — Request","Logisk modell för requestparametrar i MakeBooking.","","","","","","","","","",,,,,"",,,,"Base",0,*,"",""
"makebooking-request","makebooking-request.healthcare-facility-med","makebooking-request.healthcare_facility_med","","","",1,1,"","","","Identifier {[]} {[]}
","HSA-id för avsändar-vårdenhet","HSA-id för mottagning (avsändar-vårdenhet i begäran).
Kardinalitet: Obligatorisk.","","","","","","","","","",,,,,"",,,,"makebooking-request.healthcare_facility_med",1,1,"",""
"makebooking-request","makebooking-request.requestedTimeslot","makebooking-request.requestedTimeslot","","","",1,1,"","","","BackboneElement {[]} {[]}
","Information för aktuell bokning (TimeslotType)","Information för aktuell bokning.
Kardinalitet: Obligatorisk.","","","","","","","","","",,,,,"",,,,"makebooking-request.requestedTimeslot",1,1,"","ele-1:All FHIR elements must have a @value or children {hasValue() or (children().count() > id.count())}
"
"makebooking-request","makebooking-request.requestedTimeslot.id","makebooking-request.requestedTimeslot.id","","","",0,1,"","","","string {[]} {[]}
","Unique id for inter-element referencing","Unique id for the element within a resource (for internal references). This may be any string value that does not contain spaces.","","","","","","","","","",,,,,"",,,,"Element.id",0,1,"",""
"makebooking-request","makebooking-request.requestedTimeslot.extension","makebooking-request.requestedTimeslot.extension","","extensions
user content","",0,*,"","","","Extension {[]} {[]}
","Additional content defined by implementations","May be used to represent additional information that is not part of the basic definition of the element. To make the use of extensions safe and manageable, there is a strict set of governance  applied to the definition and use of extensions. Though any implementer can define an extension, there is a set of requirements that SHALL be met as part of the definition of the extension.","There can be no stigma associated with the use of extensions by any application, project, or standard - regardless of the institution or jurisdiction that uses or defines the extensions.  The use of extensions is what allows the FHIR specification to retain a core level of simplicity for everyone.","","","","","","","","",,,,,"","value:url}
","Extensions are always sliced by (at least) url",,"open","Element.extension",0,*,"","ele-1:All FHIR elements must have a @value or children {hasValue() or (children().count() > id.count())}
ext-1:Must have either extensions or value[x], not both {extension.exists() != value.exists()}"
"makebooking-request","makebooking-request.requestedTimeslot.modifierExtension","makebooking-request.requestedTimeslot.modifierExtension","","extensions
user contentmodifiers","",0,*,"","Y","Y","Extension {[]} {[]}
","Extensions that cannot be ignored even if unrecognized","May be used to represent additional information that is not part of the basic definition of the element and that modifies the understanding of the element in which it is contained and/or the understanding of the containing element's descendants. Usually modifier elements provide negation or qualification. To make the use of extensions safe and manageable, there is a strict set of governance applied to the definition and use of extensions. Though any implementer can define an extension, there is a set of requirements that SHALL be met as part of the definition of the extension. Applications processing a resource are required to check for modifier extensions.

Modifier extensions SHALL NOT change the meaning of any elements on Resource or DomainResource (including cannot change the meaning of modifierExtension itself).","There can be no stigma associated with the use of extensions by any application, project, or standard - regardless of the institution or jurisdiction that uses or defines the extensions.  The use of extensions is what allows the FHIR specification to retain a core level of simplicity for everyone.","Modifier extensions allow for extensions that *cannot* be safely ignored to be clearly distinguished from the vast majority of extensions which can be safely ignored.  This promotes interoperability by eliminating the need for implementers to prohibit the presence of extensions. For further information, see the [definition of modifier extensions](http://hl7.org/fhir/R4/extensibility.html#modifierExtension).","","","","","","","",,,,,"",,,,"BackboneElement.modifierExtension",0,*,"","ele-1:All FHIR elements must have a @value or children {hasValue() or (children().count() > id.count())}
ext-1:Must have either extensions or value[x], not both {extension.exists() != value.exists()}"
"makebooking-request","makebooking-request.requestedTimeslot.startTimeInclusive","makebooking-request.requestedTimeslot.startTimeInclusive","","","",1,1,"","","","string {[]} {[]}
","Startdatum och klockslag (ÅÅÅÅMMDDttmmss)","Startdatum och klockslag för bokad tid.
Kardinalitet: Obligatorisk.","","","","","","","","","",,,,,"",,,,"makebooking-request.requestedTimeslot.startTimeInclusive",1,1,"",""
"makebooking-request","makebooking-request.requestedTimeslot.endTimeExclusive","makebooking-request.requestedTimeslot.endTimeExclusive","","","",1,1,"","","","string {[]} {[]}
","Slutdatum och klockslag (ÅÅÅÅMMDDttmmss)","Slutdatum och klockslag för bokad tid.
Kardinalitet: Obligatorisk.","","","","","","","","","",,,,,"",,,,"makebooking-request.requestedTimeslot.endTimeExclusive",1,1,"",""
"makebooking-request","makebooking-request.requestedTimeslot.healthcare-facility","makebooking-request.requestedTimeslot.healthcare_facility","","","",1,1,"","","","Identifier {[]} {[]}
","HSA-id för mottagning/vårdenhet","HSA-id för mottagning/vårdenhet.
Kardinalitet: Obligatorisk.","","","","","","","","","",,,,,"",,,,"makebooking-request.requestedTimeslot.healthcare_facility",1,1,"",""
"makebooking-request","makebooking-request.requestedTimeslot.performer","makebooking-request.requestedTimeslot.performer","","","",0,1,"","","","Identifier {[]} {[]}
","HSA-id för HoS-person","HSA-id för HoS-person som besöket är bokat hos.
Kardinalitet: Valfri.","","","","","","","","","",,,,,"",,,,"makebooking-request.requestedTimeslot.performer",0,1,"",""
"makebooking-request","makebooking-request.requestedTimeslot.bookingId","makebooking-request.requestedTimeslot.bookingId","","","",0,1,"","","","string {[]} {[]}
","Bokningsidentitet (öppen kallelse)","Bokningsidentitet. Används vid bokning mot öppen kallelse.
Kardinalitet: Valfri.","","","","","","","","","",,,,,"",,,,"makebooking-request.requestedTimeslot.bookingId",0,1,"",""
"makebooking-request","makebooking-request.requestedTimeslot.subject-of-care","makebooking-request.requestedTimeslot.subject_of_care","","","",1,1,"","","","string {[]} {[]}
","Personnummer enl. yyyymmddxxxx","Personnummer för invånaren.
Kardinalitet: Obligatorisk.","","","","","","","","","",,,,,"",,,,"makebooking-request.requestedTimeslot.subject_of_care",1,1,"",""
"makebooking-request","makebooking-request.requestedTimeslot.purpose","makebooking-request.requestedTimeslot.purpose","","","",0,1,"","","","string {[]} {[]}
","Besöksorsak","Beskrivning av besöksorsak angiven av vårdenhet.
Kardinalitet: Valfri.","","","","","","","","","",,,,,"",,,,"makebooking-request.requestedTimeslot.purpose",0,1,"",""
"makebooking-request","makebooking-request.requestedTimeslot.reason","makebooking-request.requestedTimeslot.reason","","","",0,1,"","","","string {[]} {[]}
","Kontaktorsak","Kontaktorsak som invånare uppger.
Kardinalitet: Valfri.","","","","","","","","","",,,,,"",,,,"makebooking-request.requestedTimeslot.reason",0,1,"",""
"makebooking-request","makebooking-request.requestedTimeslot.resourceName","makebooking-request.requestedTimeslot.resourceName","","","",0,1,"","","","string {[]} {[]}
","Namn på resurs","Namn på resurs.
Kardinalitet: Valfri.","","","","","","","","","",,,,,"",,,,"makebooking-request.requestedTimeslot.resourceName",0,1,"",""
"makebooking-request","makebooking-request.requestedTimeslot.healthcare-facility-name","makebooking-request.requestedTimeslot.healthcare_facility_name","","","",0,1,"","","","string {[]} {[]}
","Namn på mottagning","Namn på mottagning/vårdenhet.
Kardinalitet: Valfri.","","","","","","","","","",,,,,"",,,,"makebooking-request.requestedTimeslot.healthcare_facility_name",0,1,"",""
"makebooking-request","makebooking-request.requestedTimeslot.performerName","makebooking-request.requestedTimeslot.performerName","","","",0,1,"","","","string {[]} {[]}
","Namn på HoS-person","Namn på HoS-person.
Kardinalitet: Valfri.","","","","","","","","","",,,,,"",,,,"makebooking-request.requestedTimeslot.performerName",0,1,"",""
"makebooking-request","makebooking-request.requestedTimeslot.resourceID","makebooking-request.requestedTimeslot.resourceID","","","",0,1,"","","","string {[]} {[]}
","Identitet för resurs","Identitet för resurs.
Kardinalitet: Valfri.","","","","","","","","","",,,,,"",,,,"makebooking-request.requestedTimeslot.resourceID",0,1,"",""
"makebooking-request","makebooking-request.requestedTimeslot.timeTypeName","makebooking-request.requestedTimeslot.timeTypeName","","","",0,1,"","","","string {[]} {[]}
","Tidstyp","Tidstyp för det bokade besöket.
Kardinalitet: Valfri.","","","","","","","","","",,,,,"",,,,"makebooking-request.requestedTimeslot.timeTypeName",0,1,"",""
"makebooking-request","makebooking-request.requestedTimeslot.timeTypeID","makebooking-request.requestedTimeslot.timeTypeID","","","",0,1,"","","","string {[]} {[]}
","Identitet för tidstyp","Identitet för tidstyp.
Kardinalitet: Valfri.","","","","","","","","","",,,,,"",,,,"makebooking-request.requestedTimeslot.timeTypeID",0,1,"",""
"makebooking-request","makebooking-request.requestedTimeslot.careTypeName","makebooking-request.requestedTimeslot.careTypeName","","","",0,1,"","","","string {[]} {[]}
","Klartext för vårdtyp","Klartext för vårdtyp.
Kardinalitet: Valfri.","","","","","","","","","",,,,,"",,,,"makebooking-request.requestedTimeslot.careTypeName",0,1,"",""
"makebooking-request","makebooking-request.requestedTimeslot.careTypeID","makebooking-request.requestedTimeslot.careTypeID","","","",0,1,"","","","string {[]} {[]}
","Identitet för vårdtyp","Identitet för vårdtyp.
Kardinalitet: Valfri.","","","","","","","","","",,,,,"",,,,"makebooking-request.requestedTimeslot.careTypeID",0,1,"",""
"makebooking-request","makebooking-request.subject-of-care-info","makebooking-request.subject_of_care_info","","","",1,1,"","","","BackboneElement {[]} {[]}
","Invånarinformation (SubjectOfCareType)","Invånarens kontaktinformation.
Kardinalitet: Obligatorisk.","","","","","","","","","",,,,,"",,,,"makebooking-request.subject_of_care_info",1,1,"","ele-1:All FHIR elements must have a @value or children {hasValue() or (children().count() > id.count())}
"
"makebooking-request","makebooking-request.subject-of-care-info.id","makebooking-request.subject_of_care_info.id","","","",0,1,"","","","string {[]} {[]}
","Unique id for inter-element referencing","Unique id for the element within a resource (for internal references). This may be any string value that does not contain spaces.","","","","","","","","","",,,,,"",,,,"Element.id",0,1,"",""
"makebooking-request","makebooking-request.subject-of-care-info.extension","makebooking-request.subject_of_care_info.extension","","extensions
user content","",0,*,"","","","Extension {[]} {[]}
","Additional content defined by implementations","May be used to represent additional information that is not part of the basic definition of the element. To make the use of extensions safe and manageable, there is a strict set of governance  applied to the definition and use of extensions. Though any implementer can define an extension, there is a set of requirements that SHALL be met as part of the definition of the extension.","There can be no stigma associated with the use of extensions by any application, project, or standard - regardless of the institution or jurisdiction that uses or defines the extensions.  The use of extensions is what allows the FHIR specification to retain a core level of simplicity for everyone.","","","","","","","","",,,,,"","value:url}
","Extensions are always sliced by (at least) url",,"open","Element.extension",0,*,"","ele-1:All FHIR elements must have a @value or children {hasValue() or (children().count() > id.count())}
ext-1:Must have either extensions or value[x], not both {extension.exists() != value.exists()}"
"makebooking-request","makebooking-request.subject-of-care-info.modifierExtension","makebooking-request.subject_of_care_info.modifierExtension","","extensions
user contentmodifiers","",0,*,"","Y","Y","Extension {[]} {[]}
","Extensions that cannot be ignored even if unrecognized","May be used to represent additional information that is not part of the basic definition of the element and that modifies the understanding of the element in which it is contained and/or the understanding of the containing element's descendants. Usually modifier elements provide negation or qualification. To make the use of extensions safe and manageable, there is a strict set of governance applied to the definition and use of extensions. Though any implementer can define an extension, there is a set of requirements that SHALL be met as part of the definition of the extension. Applications processing a resource are required to check for modifier extensions.

Modifier extensions SHALL NOT change the meaning of any elements on Resource or DomainResource (including cannot change the meaning of modifierExtension itself).","There can be no stigma associated with the use of extensions by any application, project, or standard - regardless of the institution or jurisdiction that uses or defines the extensions.  The use of extensions is what allows the FHIR specification to retain a core level of simplicity for everyone.","Modifier extensions allow for extensions that *cannot* be safely ignored to be clearly distinguished from the vast majority of extensions which can be safely ignored.  This promotes interoperability by eliminating the need for implementers to prohibit the presence of extensions. For further information, see the [definition of modifier extensions](http://hl7.org/fhir/R4/extensibility.html#modifierExtension).","","","","","","","",,,,,"",,,,"BackboneElement.modifierExtension",0,*,"","ele-1:All FHIR elements must have a @value or children {hasValue() or (children().count() > id.count())}
ext-1:Must have either extensions or value[x], not both {extension.exists() != value.exists()}"
"makebooking-request","makebooking-request.subject-of-care-info.phone","makebooking-request.subject_of_care_info.phone","","","",0,1,"","","","string {[]} {[]}
","Telefonnummer","Telefonnummer.
Kardinalitet: Valfri.","","","","","","","","","",,,,,"",,,,"makebooking-request.subject_of_care_info.phone",0,1,"",""
"makebooking-request","makebooking-request.subject-of-care-info.email","makebooking-request.subject_of_care_info.email","","","",0,1,"","","","string {[]} {[]}
","Email-adress","Email-adress.
Kardinalitet: Valfri.","","","","","","","","","",,,,,"",,,,"makebooking-request.subject_of_care_info.email",0,1,"",""
"makebooking-request","makebooking-request.subject-of-care-info.address","makebooking-request.subject_of_care_info.address","","","",0,1,"","","","string {[]} {[]}
","Adress","Adress.
Kardinalitet: Valfri.","","","","","","","","","",,,,,"",,,,"makebooking-request.subject_of_care_info.address",0,1,"",""
"makebooking-request","makebooking-request.subject-of-care-info.coaddress","makebooking-request.subject_of_care_info.coaddress","","","",0,1,"","","","string {[]} {[]}
","Co-adress","Co-adress.
Kardinalitet: Valfri.","","","","","","","","","",,,,,"",,,,"makebooking-request.subject_of_care_info.coaddress",0,1,"",""
"makebooking-request","makebooking-request.subject-of-care-info.firstName","makebooking-request.subject_of_care_info.firstName","","","",1,1,"","","","string {[]} {[]}
","Invånarens förnamn","Invånarens förnamn enligt Skatteverkets definition (aktuellt värde).
Kardinalitet: Obligatorisk.","","","","","","","","","",,,,,"",,,,"makebooking-request.subject_of_care_info.firstName",1,1,"",""
"makebooking-request","makebooking-request.subject-of-care-info.middleName","makebooking-request.subject_of_care_info.middleName","","","",0,1,"","","","string {[]} {[]}
","Invånarens mellannamn","Invånarens mellannamn enligt Skatteverkets definition (aktuellt värde).
Kardinalitet: Valfri.","","","","","","","","","",,,,,"",,,,"makebooking-request.subject_of_care_info.middleName",0,1,"",""
"makebooking-request","makebooking-request.subject-of-care-info.lastName","makebooking-request.subject_of_care_info.lastName","","","",1,1,"","","","string {[]} {[]}
","Invånarens efternamn","Invånarens efternamn enligt Skatteverkets definition (aktuellt värde).
Kardinalitet: Obligatorisk.","","","","","","","","","",,,,,"",,,,"makebooking-request.subject_of_care_info.lastName",1,1,"",""
"makebooking-request","makebooking-request.notification","makebooking-request.notification","","","",0,1,"","","","string {[]} {[]}
","Notifiering till producent","Notifiering till producent.
Kardinalitet: Valfri.","","","","","","","","","",,,,,"",,,,"makebooking-request.notification",0,1,"",""
"makebooking","makebooking","makebooking","","","",0,*,"","","","null {[]} {[]}
","MakeBooking","Logisk modell för tjänstekontraktet MakeBooking
(RIV-TA urn:riv:crm:scheduling:MakeBooking:1).
Representerar responsens informationsstruktur.
Tjänst för nybokning vid en vårdenhet.","","","","","","","","","",,,,,"",,,,"Base",0,*,"",""
"makebooking","makebooking.bookingId","makebooking.bookingId","","","",0,1,"","","","string {[]} {[]}
","Id för skapad bokning","Id för skapad bokning. Ska anges vid genomförd bokning (resultCode OK eller INFO), annars inte (ERROR).
Kardinalitet: Valfri (villkorlig).","","","","","","","","","",,,,,"",,,,"makebooking.bookingId",0,1,"",""
"makebooking","makebooking.resultCode","makebooking.resultCode","","","",1,1,"","","","string {[]} {[]}
","Status för den gjorda bokningen","ResultCodeEnum: Status för den gjorda bokningen.
Möjliga värden: OK, INFO, ERROR.
Kardinalitet: Obligatorisk.","","","","","","","","","",,,,,"",,,,"makebooking.resultCode",1,1,"",""
"makebooking","makebooking.resultText","makebooking.resultText","","","",0,1,"","","","string {[]} {[]}
","Ev. meddelande kopplat till resultatkoden","Fritext meddelande kopplat till resultatkoden.
Kardinalitet: Valfri.","","","","","","","","","",,,,,"",,,,"makebooking.resultText",0,1,"",""
"updatebooking-request","updatebooking-request","updatebooking-request","","","",0,*,"","","","null {[]} {[]}
","UpdateBooking — Request","Logisk modell för requestparametrar i UpdateBooking.","","","","","","","","","",,,,,"",,,,"Base",0,*,"",""
"updatebooking-request","updatebooking-request.requestedTimeslot","updatebooking-request.requestedTimeslot","","","",1,1,"","","","BackboneElement {[]} {[]}
","Ny tidsinformation (TimeslotType)","Ny tidsinformation för ombokningen.
Kardinalitet: Obligatorisk.","","","","","","","","","",,,,,"",,,,"updatebooking-request.requestedTimeslot",1,1,"","ele-1:All FHIR elements must have a @value or children {hasValue() or (children().count() > id.count())}
"
"updatebooking-request","updatebooking-request.requestedTimeslot.id","updatebooking-request.requestedTimeslot.id","","","",0,1,"","","","string {[]} {[]}
","Unique id for inter-element referencing","Unique id for the element within a resource (for internal references). This may be any string value that does not contain spaces.","","","","","","","","","",,,,,"",,,,"Element.id",0,1,"",""
"updatebooking-request","updatebooking-request.requestedTimeslot.extension","updatebooking-request.requestedTimeslot.extension","","extensions
user content","",0,*,"","","","Extension {[]} {[]}
","Additional content defined by implementations","May be used to represent additional information that is not part of the basic definition of the element. To make the use of extensions safe and manageable, there is a strict set of governance  applied to the definition and use of extensions. Though any implementer can define an extension, there is a set of requirements that SHALL be met as part of the definition of the extension.","There can be no stigma associated with the use of extensions by any application, project, or standard - regardless of the institution or jurisdiction that uses or defines the extensions.  The use of extensions is what allows the FHIR specification to retain a core level of simplicity for everyone.","","","","","","","","",,,,,"","value:url}
","Extensions are always sliced by (at least) url",,"open","Element.extension",0,*,"","ele-1:All FHIR elements must have a @value or children {hasValue() or (children().count() > id.count())}
ext-1:Must have either extensions or value[x], not both {extension.exists() != value.exists()}"
"updatebooking-request","updatebooking-request.requestedTimeslot.modifierExtension","updatebooking-request.requestedTimeslot.modifierExtension","","extensions
user contentmodifiers","",0,*,"","Y","Y","Extension {[]} {[]}
","Extensions that cannot be ignored even if unrecognized","May be used to represent additional information that is not part of the basic definition of the element and that modifies the understanding of the element in which it is contained and/or the understanding of the containing element's descendants. Usually modifier elements provide negation or qualification. To make the use of extensions safe and manageable, there is a strict set of governance applied to the definition and use of extensions. Though any implementer can define an extension, there is a set of requirements that SHALL be met as part of the definition of the extension. Applications processing a resource are required to check for modifier extensions.

Modifier extensions SHALL NOT change the meaning of any elements on Resource or DomainResource (including cannot change the meaning of modifierExtension itself).","There can be no stigma associated with the use of extensions by any application, project, or standard - regardless of the institution or jurisdiction that uses or defines the extensions.  The use of extensions is what allows the FHIR specification to retain a core level of simplicity for everyone.","Modifier extensions allow for extensions that *cannot* be safely ignored to be clearly distinguished from the vast majority of extensions which can be safely ignored.  This promotes interoperability by eliminating the need for implementers to prohibit the presence of extensions. For further information, see the [definition of modifier extensions](http://hl7.org/fhir/R4/extensibility.html#modifierExtension).","","","","","","","",,,,,"",,,,"BackboneElement.modifierExtension",0,*,"","ele-1:All FHIR elements must have a @value or children {hasValue() or (children().count() > id.count())}
ext-1:Must have either extensions or value[x], not both {extension.exists() != value.exists()}"
"updatebooking-request","updatebooking-request.requestedTimeslot.startTimeInclusive","updatebooking-request.requestedTimeslot.startTimeInclusive","","","",1,1,"","","","string {[]} {[]}
","Startdatum och klockslag (ÅÅÅÅMMDDttmmss)","Startdatum och klockslag för ny bokad tid.
Kardinalitet: Obligatorisk.","","","","","","","","","",,,,,"",,,,"updatebooking-request.requestedTimeslot.startTimeInclusive",1,1,"",""
"updatebooking-request","updatebooking-request.requestedTimeslot.endTimeExclusive","updatebooking-request.requestedTimeslot.endTimeExclusive","","","",1,1,"","","","string {[]} {[]}
","Slutdatum och klockslag (ÅÅÅÅMMDDttmmss)","Slutdatum och klockslag för ny bokad tid.
Kardinalitet: Obligatorisk.","","","","","","","","","",,,,,"",,,,"updatebooking-request.requestedTimeslot.endTimeExclusive",1,1,"",""
"updatebooking-request","updatebooking-request.requestedTimeslot.healthcare-facility","updatebooking-request.requestedTimeslot.healthcare_facility","","","",1,1,"","","","Identifier {[]} {[]}
","HSA-id för mottagning/vårdenhet","HSA-id för mottagning/vårdenhet.
Kardinalitet: Obligatorisk.","","","","","","","","","",,,,,"",,,,"updatebooking-request.requestedTimeslot.healthcare_facility",1,1,"",""
"updatebooking-request","updatebooking-request.requestedTimeslot.performer","updatebooking-request.requestedTimeslot.performer","","","",0,1,"","","","Identifier {[]} {[]}
","HSA-id för HoS-person","HSA-id för HoS-person som besöket är bokat hos.
Kardinalitet: Valfri.","","","","","","","","","",,,,,"",,,,"updatebooking-request.requestedTimeslot.performer",0,1,"",""
"updatebooking-request","updatebooking-request.requestedTimeslot.bookingId","updatebooking-request.requestedTimeslot.bookingId","","","",1,1,"","","","string {[]} {[]}
","Bokningsidentitet för bokning att omboka","Bokningsidentitet för bokningen som ska ombokas. Måste avse en tidssatt bokning.
Kardinalitet: Obligatorisk.","","","","","","","","","",,,,,"",,,,"updatebooking-request.requestedTimeslot.bookingId",1,1,"",""
"updatebooking-request","updatebooking-request.requestedTimeslot.subject-of-care","updatebooking-request.requestedTimeslot.subject_of_care","","","",1,1,"","","","string {[]} {[]}
","Personnummer enl. yyyymmddxxxx","Personnummer för invånaren.
Kardinalitet: Obligatorisk.","","","","","","","","","",,,,,"",,,,"updatebooking-request.requestedTimeslot.subject_of_care",1,1,"",""
"updatebooking-request","updatebooking-request.requestedTimeslot.purpose","updatebooking-request.requestedTimeslot.purpose","","","",0,1,"","","","string {[]} {[]}
","Besöksorsak","Beskrivning av besöksorsak.
Kardinalitet: Valfri.","","","","","","","","","",,,,,"",,,,"updatebooking-request.requestedTimeslot.purpose",0,1,"",""
"updatebooking-request","updatebooking-request.requestedTimeslot.reason","updatebooking-request.requestedTimeslot.reason","","","",0,1,"","","","string {[]} {[]}
","Kontaktorsak","Kontaktorsak som invånare uppger.
Kardinalitet: Valfri.","","","","","","","","","",,,,,"",,,,"updatebooking-request.requestedTimeslot.reason",0,1,"",""
"updatebooking-request","updatebooking-request.requestedTimeslot.resourceName","updatebooking-request.requestedTimeslot.resourceName","","","",0,1,"","","","string {[]} {[]}
","Namn på resurs","Namn på resurs.
Kardinalitet: Valfri.","","","","","","","","","",,,,,"",,,,"updatebooking-request.requestedTimeslot.resourceName",0,1,"",""
"updatebooking-request","updatebooking-request.requestedTimeslot.healthcare-facility-name","updatebooking-request.requestedTimeslot.healthcare_facility_name","","","",0,1,"","","","string {[]} {[]}
","Namn på mottagning","Namn på mottagning/vårdenhet.
Kardinalitet: Valfri.","","","","","","","","","",,,,,"",,,,"updatebooking-request.requestedTimeslot.healthcare_facility_name",0,1,"",""
"updatebooking-request","updatebooking-request.requestedTimeslot.performerName","updatebooking-request.requestedTimeslot.performerName","","","",0,1,"","","","string {[]} {[]}
","Namn på HoS-person","Namn på HoS-person.
Kardinalitet: Valfri.","","","","","","","","","",,,,,"",,,,"updatebooking-request.requestedTimeslot.performerName",0,1,"",""
"updatebooking-request","updatebooking-request.requestedTimeslot.resourceID","updatebooking-request.requestedTimeslot.resourceID","","","",0,1,"","","","string {[]} {[]}
","Identitet för resurs","Identitet för resurs.
Kardinalitet: Valfri.","","","","","","","","","",,,,,"",,,,"updatebooking-request.requestedTimeslot.resourceID",0,1,"",""
"updatebooking-request","updatebooking-request.requestedTimeslot.timeTypeName","updatebooking-request.requestedTimeslot.timeTypeName","","","",0,1,"","","","string {[]} {[]}
","Tidstyp","Tidstyp för det bokade besöket.
Kardinalitet: Valfri.","","","","","","","","","",,,,,"",,,,"updatebooking-request.requestedTimeslot.timeTypeName",0,1,"",""
"updatebooking-request","updatebooking-request.requestedTimeslot.timeTypeID","updatebooking-request.requestedTimeslot.timeTypeID","","","",0,1,"","","","string {[]} {[]}
","Identitet för tidstyp","Identitet för tidstyp.
Kardinalitet: Valfri.","","","","","","","","","",,,,,"",,,,"updatebooking-request.requestedTimeslot.timeTypeID",0,1,"",""
"updatebooking-request","updatebooking-request.requestedTimeslot.careTypeName","updatebooking-request.requestedTimeslot.careTypeName","","","",0,1,"","","","string {[]} {[]}
","Klartext för vårdtyp","Klartext för vårdtyp.
Kardinalitet: Valfri.","","","","","","","","","",,,,,"",,,,"updatebooking-request.requestedTimeslot.careTypeName",0,1,"",""
"updatebooking-request","updatebooking-request.requestedTimeslot.careTypeID","updatebooking-request.requestedTimeslot.careTypeID","","","",0,1,"","","","string {[]} {[]}
","Identitet för vårdtyp","Identitet för vårdtyp.
Kardinalitet: Valfri.","","","","","","","","","",,,,,"",,,,"updatebooking-request.requestedTimeslot.careTypeID",0,1,"",""
"updatebooking-request","updatebooking-request.subject-of-care-info","updatebooking-request.subject_of_care_info","","","",0,1,"","","","BackboneElement {[]} {[]}
","Invånarinformation (SubjectOfCareType)","Invånarens kontaktinformation. Valfri vid ombokning.
Kardinalitet: Valfri.","","","","","","","","","",,,,,"",,,,"updatebooking-request.subject_of_care_info",0,1,"","ele-1:All FHIR elements must have a @value or children {hasValue() or (children().count() > id.count())}
"
"updatebooking-request","updatebooking-request.subject-of-care-info.id","updatebooking-request.subject_of_care_info.id","","","",0,1,"","","","string {[]} {[]}
","Unique id for inter-element referencing","Unique id for the element within a resource (for internal references). This may be any string value that does not contain spaces.","","","","","","","","","",,,,,"",,,,"Element.id",0,1,"",""
"updatebooking-request","updatebooking-request.subject-of-care-info.extension","updatebooking-request.subject_of_care_info.extension","","extensions
user content","",0,*,"","","","Extension {[]} {[]}
","Additional content defined by implementations","May be used to represent additional information that is not part of the basic definition of the element. To make the use of extensions safe and manageable, there is a strict set of governance  applied to the definition and use of extensions. Though any implementer can define an extension, there is a set of requirements that SHALL be met as part of the definition of the extension.","There can be no stigma associated with the use of extensions by any application, project, or standard - regardless of the institution or jurisdiction that uses or defines the extensions.  The use of extensions is what allows the FHIR specification to retain a core level of simplicity for everyone.","","","","","","","","",,,,,"","value:url}
","Extensions are always sliced by (at least) url",,"open","Element.extension",0,*,"","ele-1:All FHIR elements must have a @value or children {hasValue() or (children().count() > id.count())}
ext-1:Must have either extensions or value[x], not both {extension.exists() != value.exists()}"
"updatebooking-request","updatebooking-request.subject-of-care-info.modifierExtension","updatebooking-request.subject_of_care_info.modifierExtension","","extensions
user contentmodifiers","",0,*,"","Y","Y","Extension {[]} {[]}
","Extensions that cannot be ignored even if unrecognized","May be used to represent additional information that is not part of the basic definition of the element and that modifies the understanding of the element in which it is contained and/or the understanding of the containing element's descendants. Usually modifier elements provide negation or qualification. To make the use of extensions safe and manageable, there is a strict set of governance applied to the definition and use of extensions. Though any implementer can define an extension, there is a set of requirements that SHALL be met as part of the definition of the extension. Applications processing a resource are required to check for modifier extensions.

Modifier extensions SHALL NOT change the meaning of any elements on Resource or DomainResource (including cannot change the meaning of modifierExtension itself).","There can be no stigma associated with the use of extensions by any application, project, or standard - regardless of the institution or jurisdiction that uses or defines the extensions.  The use of extensions is what allows the FHIR specification to retain a core level of simplicity for everyone.","Modifier extensions allow for extensions that *cannot* be safely ignored to be clearly distinguished from the vast majority of extensions which can be safely ignored.  This promotes interoperability by eliminating the need for implementers to prohibit the presence of extensions. For further information, see the [definition of modifier extensions](http://hl7.org/fhir/R4/extensibility.html#modifierExtension).","","","","","","","",,,,,"",,,,"BackboneElement.modifierExtension",0,*,"","ele-1:All FHIR elements must have a @value or children {hasValue() or (children().count() > id.count())}
ext-1:Must have either extensions or value[x], not both {extension.exists() != value.exists()}"
"updatebooking-request","updatebooking-request.subject-of-care-info.phone","updatebooking-request.subject_of_care_info.phone","","","",0,1,"","","","string {[]} {[]}
","Telefonnummer","Telefonnummer.
Kardinalitet: Valfri.","","","","","","","","","",,,,,"",,,,"updatebooking-request.subject_of_care_info.phone",0,1,"",""
"updatebooking-request","updatebooking-request.subject-of-care-info.email","updatebooking-request.subject_of_care_info.email","","","",0,1,"","","","string {[]} {[]}
","Email-adress","Email-adress.
Kardinalitet: Valfri.","","","","","","","","","",,,,,"",,,,"updatebooking-request.subject_of_care_info.email",0,1,"",""
"updatebooking-request","updatebooking-request.subject-of-care-info.address","updatebooking-request.subject_of_care_info.address","","","",0,1,"","","","string {[]} {[]}
","Adress","Adress.
Kardinalitet: Valfri.","","","","","","","","","",,,,,"",,,,"updatebooking-request.subject_of_care_info.address",0,1,"",""
"updatebooking-request","updatebooking-request.subject-of-care-info.coaddress","updatebooking-request.subject_of_care_info.coaddress","","","",0,1,"","","","string {[]} {[]}
","Co-adress","Co-adress.
Kardinalitet: Valfri.","","","","","","","","","",,,,,"",,,,"updatebooking-request.subject_of_care_info.coaddress",0,1,"",""
"updatebooking-request","updatebooking-request.subject-of-care-info.firstName","updatebooking-request.subject_of_care_info.firstName","","","",1,1,"","","","string {[]} {[]}
","Invånarens förnamn","Invånarens förnamn.
Kardinalitet: Obligatorisk.","","","","","","","","","",,,,,"",,,,"updatebooking-request.subject_of_care_info.firstName",1,1,"",""
"updatebooking-request","updatebooking-request.subject-of-care-info.middleName","updatebooking-request.subject_of_care_info.middleName","","","",0,1,"","","","string {[]} {[]}
","Invånarens mellannamn","Invånarens mellannamn.
Kardinalitet: Valfri.","","","","","","","","","",,,,,"",,,,"updatebooking-request.subject_of_care_info.middleName",0,1,"",""
"updatebooking-request","updatebooking-request.subject-of-care-info.lastName","updatebooking-request.subject_of_care_info.lastName","","","",1,1,"","","","string {[]} {[]}
","Invånarens efternamn","Invånarens efternamn.
Kardinalitet: Obligatorisk.","","","","","","","","","",,,,,"",,,,"updatebooking-request.subject_of_care_info.lastName",1,1,"",""
"updatebooking-request","updatebooking-request.notification","updatebooking-request.notification","","","",0,1,"","","","string {[]} {[]}
","Avisering","Avisering.
Kardinalitet: Valfri.","","","","","","","","","",,,,,"",,,,"updatebooking-request.notification",0,1,"",""
"updatebooking","updatebooking","updatebooking","","","",0,*,"","","","null {[]} {[]}
","UpdateBooking","Logisk modell för tjänstekontraktet UpdateBooking
(RIV-TA urn:riv:crm:scheduling:UpdateBooking:1).
Representerar responsens informationsstruktur.
Tjänst för att uppdatera en bokning med nytt datum och tid (ombokning).","","","","","","","","","",,,,,"",,,,"Base",0,*,"",""
"updatebooking","updatebooking.resultCode","updatebooking.resultCode","","","",1,1,"","","","string {[]} {[]}
","Status för den gjorda ombokningen","ResultCodeEnum: Status för den gjorda ombokningen.
Möjliga värden: OK, INFO, ERROR.
Kardinalitet: Obligatorisk.","","","","","","","","","",,,,,"",,,,"updatebooking.resultCode",1,1,"",""
"updatebooking","updatebooking.resultText","updatebooking.resultText","","","",0,1,"","","","string {[]} {[]}
","Ev. meddelande kopplat till resultatkoden","Fritext meddelande kopplat till resultatkoden.
Kardinalitet: Valfri.","","","","","","","","","",,,,,"",,,,"updatebooking.resultText",0,1,"",""
