"Profile","Id","Path","Slice Name","Alias(s)","Label","Min","Max","Must Support?","Is Modifier?","Is Summary?","Type(s)","Short","Definition","Comments","Requirements","Default Value","Meaning When Missing","Fixed Value","Pattern","Example","Minimum Value","Maximum Value","Maximum Length","Binding Strength","Binding Description","Binding Value Set","Code","Slicing Discriminator","Slicing Description","Slicing Ordered","Slicing Rules","Base Path","Base Min","Base Max","Condition(s)","Constraint(s)"
"getpatientcontactinformation-request","getpatientcontactinformation-request","getpatientcontactinformation-request","","","",0,*,"","","","null {[]} {[]}
","GetPatientContactInformation — Request","Logisk modell för begäran i GetPatientContactInformation
(urn:riv:masterdata:citizen:patient:GetPatientContactInformationResponder:1, GetPatientContactInformationType), inklusive SOAP-huvuden enligt WSDL.","","","","","","","","","",,,,,"",,,,"Base",0,*,"",""
"getpatientcontactinformation-request","getpatientcontactinformation-request.logicalAddress","getpatientcontactinformation-request.logicalAddress","","","",1,1,"","","","string {[]} {[]}
","logicalAddress","SOAP-huvud LogicalAddress. National: The HSA-id of Inera AB (""national"" aggregation service) Regional: The HSA-id of Inera AB (regional aggregation service) Specific Source system: The HSA-id of the source system","","","","","","","","","",,,,,"",,,,"getpatientcontactinformation-request.logicalAddress",1,1,"",""
"getpatientcontactinformation-request","getpatientcontactinformation-request.patientId","getpatientcontactinformation-request.patientId","","","",1,1,"","","","BackboneElement {[]} {[]}
","patientId","patientId","","","","","","","","","",,,,,"",,,,"getpatientcontactinformation-request.patientId",1,1,"","ele-1:All FHIR elements must have a @value or children {hasValue() or (children().count() > id.count())}
"
"getpatientcontactinformation-request","getpatientcontactinformation-request.patientId.id","getpatientcontactinformation-request.patientId.id","","","",0,1,"","","","string {[]} {[]}
","Unique id for inter-element referencing","Unique id for the element within a resource (for internal references). This may be any string value that does not contain spaces.","","","","","","","","","",,,,,"",,,,"Element.id",0,1,"",""
"getpatientcontactinformation-request","getpatientcontactinformation-request.patientId.extension","getpatientcontactinformation-request.patientId.extension","","extensions
user content","",0,*,"","","","Extension {[]} {[]}
","Additional content defined by implementations","May be used to represent additional information that is not part of the basic definition of the element. To make the use of extensions safe and manageable, there is a strict set of governance  applied to the definition and use of extensions. Though any implementer can define an extension, there is a set of requirements that SHALL be met as part of the definition of the extension.","There can be no stigma associated with the use of extensions by any application, project, or standard - regardless of the institution or jurisdiction that uses or defines the extensions.  The use of extensions is what allows the FHIR specification to retain a core level of simplicity for everyone.","","","","","","","","",,,,,"","value:url}
","Extensions are always sliced by (at least) url",,"open","Element.extension",0,*,"","ele-1:All FHIR elements must have a @value or children {hasValue() or (children().count() > id.count())}
ext-1:Must have either extensions or value[x], not both {extension.exists() != value.exists()}"
"getpatientcontactinformation-request","getpatientcontactinformation-request.patientId.modifierExtension","getpatientcontactinformation-request.patientId.modifierExtension","","extensions
user contentmodifiers","",0,*,"","Y","Y","Extension {[]} {[]}
","Extensions that cannot be ignored even if unrecognized","May be used to represent additional information that is not part of the basic definition of the element and that modifies the understanding of the element in which it is contained and/or the understanding of the containing element's descendants. Usually modifier elements provide negation or qualification. To make the use of extensions safe and manageable, there is a strict set of governance applied to the definition and use of extensions. Though any implementer can define an extension, there is a set of requirements that SHALL be met as part of the definition of the extension. Applications processing a resource are required to check for modifier extensions.

Modifier extensions SHALL NOT change the meaning of any elements on Resource or DomainResource (including cannot change the meaning of modifierExtension itself).","There can be no stigma associated with the use of extensions by any application, project, or standard - regardless of the institution or jurisdiction that uses or defines the extensions.  The use of extensions is what allows the FHIR specification to retain a core level of simplicity for everyone.","Modifier extensions allow for extensions that *cannot* be safely ignored to be clearly distinguished from the vast majority of extensions which can be safely ignored.  This promotes interoperability by eliminating the need for implementers to prohibit the presence of extensions. For further information, see the [definition of modifier extensions](http://hl7.org/fhir/R4/extensibility.html#modifierExtension).","","","","","","","",,,,,"",,,,"BackboneElement.modifierExtension",0,*,"","ele-1:All FHIR elements must have a @value or children {hasValue() or (children().count() > id.count())}
ext-1:Must have either extensions or value[x], not both {extension.exists() != value.exists()}"
"getpatientcontactinformation-request","getpatientcontactinformation-request.patientId.root","getpatientcontactinformation-request.patientId.root","","","",1,1,"","","","string {[]} {[]}
","root","root","","","","","","","","","",,,,,"",,,,"getpatientcontactinformation-request.patientId.root",1,1,"",""
"getpatientcontactinformation-request","getpatientcontactinformation-request.patientId.iiExtension","getpatientcontactinformation-request.patientId.iiExtension","","","",0,1,"","","","string {[]} {[]}
","iiExtension","iiExtension Heter extension i schemat.","","","","","","","","","",,,,,"",,,,"getpatientcontactinformation-request.patientId.iiExtension",0,1,"",""
"getpatientcontactinformation","getpatientcontactinformation","getpatientcontactinformation","","","",0,*,"","","","null {[]} {[]}
","GetPatientContactInformation — Response","Logisk modell för svaret i GetPatientContactInformation
(urn:riv:masterdata:citizen:patient:GetPatientContactInformationResponder:1, GetPatientContactInformationResponseType).","","","","","","","","","",,,,,"",,,,"Base",0,*,"",""
"getpatientcontactinformation","getpatientcontactinformation.lastUpdatedBy","getpatientcontactinformation.lastUpdatedBy","","","",0,1,"","","","BackboneElement {[]} {[]}
","lastUpdatedBy","lastUpdatedBy","","","","","","","","","",,,,,"",,,,"getpatientcontactinformation.lastUpdatedBy",0,1,"","ele-1:All FHIR elements must have a @value or children {hasValue() or (children().count() > id.count())}
"
"getpatientcontactinformation","getpatientcontactinformation.lastUpdatedBy.id","getpatientcontactinformation.lastUpdatedBy.id","","","",0,1,"","","","string {[]} {[]}
","Unique id for inter-element referencing","Unique id for the element within a resource (for internal references). This may be any string value that does not contain spaces.","","","","","","","","","",,,,,"",,,,"Element.id",0,1,"",""
"getpatientcontactinformation","getpatientcontactinformation.lastUpdatedBy.extension","getpatientcontactinformation.lastUpdatedBy.extension","","extensions
user content","",0,*,"","","","Extension {[]} {[]}
","Additional content defined by implementations","May be used to represent additional information that is not part of the basic definition of the element. To make the use of extensions safe and manageable, there is a strict set of governance  applied to the definition and use of extensions. Though any implementer can define an extension, there is a set of requirements that SHALL be met as part of the definition of the extension.","There can be no stigma associated with the use of extensions by any application, project, or standard - regardless of the institution or jurisdiction that uses or defines the extensions.  The use of extensions is what allows the FHIR specification to retain a core level of simplicity for everyone.","","","","","","","","",,,,,"","value:url}
","Extensions are always sliced by (at least) url",,"open","Element.extension",0,*,"","ele-1:All FHIR elements must have a @value or children {hasValue() or (children().count() > id.count())}
ext-1:Must have either extensions or value[x], not both {extension.exists() != value.exists()}"
"getpatientcontactinformation","getpatientcontactinformation.lastUpdatedBy.modifierExtension","getpatientcontactinformation.lastUpdatedBy.modifierExtension","","extensions
user contentmodifiers","",0,*,"","Y","Y","Extension {[]} {[]}
","Extensions that cannot be ignored even if unrecognized","May be used to represent additional information that is not part of the basic definition of the element and that modifies the understanding of the element in which it is contained and/or the understanding of the containing element's descendants. Usually modifier elements provide negation or qualification. To make the use of extensions safe and manageable, there is a strict set of governance applied to the definition and use of extensions. Though any implementer can define an extension, there is a set of requirements that SHALL be met as part of the definition of the extension. Applications processing a resource are required to check for modifier extensions.

Modifier extensions SHALL NOT change the meaning of any elements on Resource or DomainResource (including cannot change the meaning of modifierExtension itself).","There can be no stigma associated with the use of extensions by any application, project, or standard - regardless of the institution or jurisdiction that uses or defines the extensions.  The use of extensions is what allows the FHIR specification to retain a core level of simplicity for everyone.","Modifier extensions allow for extensions that *cannot* be safely ignored to be clearly distinguished from the vast majority of extensions which can be safely ignored.  This promotes interoperability by eliminating the need for implementers to prohibit the presence of extensions. For further information, see the [definition of modifier extensions](http://hl7.org/fhir/R4/extensibility.html#modifierExtension).","","","","","","","",,,,,"",,,,"BackboneElement.modifierExtension",0,*,"","ele-1:All FHIR elements must have a @value or children {hasValue() or (children().count() > id.count())}
ext-1:Must have either extensions or value[x], not both {extension.exists() != value.exists()}"
"getpatientcontactinformation","getpatientcontactinformation.lastUpdatedBy.root","getpatientcontactinformation.lastUpdatedBy.root","","","",1,1,"","","","string {[]} {[]}
","root","root","","","","","","","","","",,,,,"",,,,"getpatientcontactinformation.lastUpdatedBy.root",1,1,"",""
"getpatientcontactinformation","getpatientcontactinformation.lastUpdatedBy.iiExtension","getpatientcontactinformation.lastUpdatedBy.iiExtension","","","",0,1,"","","","string {[]} {[]}
","iiExtension","iiExtension Heter extension i schemat.","","","","","","","","","",,,,,"",,,,"getpatientcontactinformation.lastUpdatedBy.iiExtension",0,1,"",""
"getpatientcontactinformation","getpatientcontactinformation.lastUpdatedTime","getpatientcontactinformation.lastUpdatedTime","","","",0,1,"","","","string {[]} {[]}
","lastUpdatedTime","lastUpdatedTime","","","","","","","","","",,,,,"",,,,"getpatientcontactinformation.lastUpdatedTime",0,1,"",""
"getpatientcontactinformation","getpatientcontactinformation.patient","getpatientcontactinformation.patient","","","",0,1,"","","","BackboneElement {[]} {[]}
","patient","person_ID : Nationell identifikation på personen. Dock ej reservnummer. kommentar : Övrig kontaktuppgift för patient. Fri text","","","","","","","","","",,,,,"",,,,"getpatientcontactinformation.patient",0,1,"","ele-1:All FHIR elements must have a @value or children {hasValue() or (children().count() > id.count())}
"
"getpatientcontactinformation","getpatientcontactinformation.patient.id","getpatientcontactinformation.patient.id","","","",0,1,"","","","string {[]} {[]}
","Unique id for inter-element referencing","Unique id for the element within a resource (for internal references). This may be any string value that does not contain spaces.","","","","","","","","","",,,,,"",,,,"Element.id",0,1,"",""
"getpatientcontactinformation","getpatientcontactinformation.patient.extension","getpatientcontactinformation.patient.extension","","extensions
user content","",0,*,"","","","Extension {[]} {[]}
","Additional content defined by implementations","May be used to represent additional information that is not part of the basic definition of the element. To make the use of extensions safe and manageable, there is a strict set of governance  applied to the definition and use of extensions. Though any implementer can define an extension, there is a set of requirements that SHALL be met as part of the definition of the extension.","There can be no stigma associated with the use of extensions by any application, project, or standard - regardless of the institution or jurisdiction that uses or defines the extensions.  The use of extensions is what allows the FHIR specification to retain a core level of simplicity for everyone.","","","","","","","","",,,,,"","value:url}
","Extensions are always sliced by (at least) url",,"open","Element.extension",0,*,"","ele-1:All FHIR elements must have a @value or children {hasValue() or (children().count() > id.count())}
ext-1:Must have either extensions or value[x], not both {extension.exists() != value.exists()}"
"getpatientcontactinformation","getpatientcontactinformation.patient.modifierExtension","getpatientcontactinformation.patient.modifierExtension","","extensions
user contentmodifiers","",0,*,"","Y","Y","Extension {[]} {[]}
","Extensions that cannot be ignored even if unrecognized","May be used to represent additional information that is not part of the basic definition of the element and that modifies the understanding of the element in which it is contained and/or the understanding of the containing element's descendants. Usually modifier elements provide negation or qualification. To make the use of extensions safe and manageable, there is a strict set of governance applied to the definition and use of extensions. Though any implementer can define an extension, there is a set of requirements that SHALL be met as part of the definition of the extension. Applications processing a resource are required to check for modifier extensions.

Modifier extensions SHALL NOT change the meaning of any elements on Resource or DomainResource (including cannot change the meaning of modifierExtension itself).","There can be no stigma associated with the use of extensions by any application, project, or standard - regardless of the institution or jurisdiction that uses or defines the extensions.  The use of extensions is what allows the FHIR specification to retain a core level of simplicity for everyone.","Modifier extensions allow for extensions that *cannot* be safely ignored to be clearly distinguished from the vast majority of extensions which can be safely ignored.  This promotes interoperability by eliminating the need for implementers to prohibit the presence of extensions. For further information, see the [definition of modifier extensions](http://hl7.org/fhir/R4/extensibility.html#modifierExtension).","","","","","","","",,,,,"",,,,"BackboneElement.modifierExtension",0,*,"","ele-1:All FHIR elements must have a @value or children {hasValue() or (children().count() > id.count())}
ext-1:Must have either extensions or value[x], not both {extension.exists() != value.exists()}"
"getpatientcontactinformation","getpatientcontactinformation.patient.patientId","getpatientcontactinformation.patient.patientId","","","",1,1,"","","","BackboneElement {[]} {[]}
","patientId","patientId Heter id i schemat.","","","","","","","","","",,,,,"",,,,"getpatientcontactinformation.patient.patientId",1,1,"","ele-1:All FHIR elements must have a @value or children {hasValue() or (children().count() > id.count())}
"
"getpatientcontactinformation","getpatientcontactinformation.patient.patientId.id","getpatientcontactinformation.patient.patientId.id","","","",0,1,"","","","string {[]} {[]}
","Unique id for inter-element referencing","Unique id for the element within a resource (for internal references). This may be any string value that does not contain spaces.","","","","","","","","","",,,,,"",,,,"Element.id",0,1,"",""
"getpatientcontactinformation","getpatientcontactinformation.patient.patientId.extension","getpatientcontactinformation.patient.patientId.extension","","extensions
user content","",0,*,"","","","Extension {[]} {[]}
","Additional content defined by implementations","May be used to represent additional information that is not part of the basic definition of the element. To make the use of extensions safe and manageable, there is a strict set of governance  applied to the definition and use of extensions. Though any implementer can define an extension, there is a set of requirements that SHALL be met as part of the definition of the extension.","There can be no stigma associated with the use of extensions by any application, project, or standard - regardless of the institution or jurisdiction that uses or defines the extensions.  The use of extensions is what allows the FHIR specification to retain a core level of simplicity for everyone.","","","","","","","","",,,,,"","value:url}
","Extensions are always sliced by (at least) url",,"open","Element.extension",0,*,"","ele-1:All FHIR elements must have a @value or children {hasValue() or (children().count() > id.count())}
ext-1:Must have either extensions or value[x], not both {extension.exists() != value.exists()}"
"getpatientcontactinformation","getpatientcontactinformation.patient.patientId.modifierExtension","getpatientcontactinformation.patient.patientId.modifierExtension","","extensions
user contentmodifiers","",0,*,"","Y","Y","Extension {[]} {[]}
","Extensions that cannot be ignored even if unrecognized","May be used to represent additional information that is not part of the basic definition of the element and that modifies the understanding of the element in which it is contained and/or the understanding of the containing element's descendants. Usually modifier elements provide negation or qualification. To make the use of extensions safe and manageable, there is a strict set of governance applied to the definition and use of extensions. Though any implementer can define an extension, there is a set of requirements that SHALL be met as part of the definition of the extension. Applications processing a resource are required to check for modifier extensions.

Modifier extensions SHALL NOT change the meaning of any elements on Resource or DomainResource (including cannot change the meaning of modifierExtension itself).","There can be no stigma associated with the use of extensions by any application, project, or standard - regardless of the institution or jurisdiction that uses or defines the extensions.  The use of extensions is what allows the FHIR specification to retain a core level of simplicity for everyone.","Modifier extensions allow for extensions that *cannot* be safely ignored to be clearly distinguished from the vast majority of extensions which can be safely ignored.  This promotes interoperability by eliminating the need for implementers to prohibit the presence of extensions. For further information, see the [definition of modifier extensions](http://hl7.org/fhir/R4/extensibility.html#modifierExtension).","","","","","","","",,,,,"",,,,"BackboneElement.modifierExtension",0,*,"","ele-1:All FHIR elements must have a @value or children {hasValue() or (children().count() > id.count())}
ext-1:Must have either extensions or value[x], not both {extension.exists() != value.exists()}"
"getpatientcontactinformation","getpatientcontactinformation.patient.patientId.root","getpatientcontactinformation.patient.patientId.root","","","",1,1,"","","","string {[]} {[]}
","root","root","","","","","","","","","",,,,,"",,,,"getpatientcontactinformation.patient.patientId.root",1,1,"",""
"getpatientcontactinformation","getpatientcontactinformation.patient.patientId.iiExtension","getpatientcontactinformation.patient.patientId.iiExtension","","","",0,1,"","","","string {[]} {[]}
","iiExtension","iiExtension Heter extension i schemat.","","","","","","","","","",,,,,"",,,,"getpatientcontactinformation.patient.patientId.iiExtension",0,1,"",""
"getpatientcontactinformation","getpatientcontactinformation.patient.comment","getpatientcontactinformation.patient.comment","","","",0,1,"","","","string {[]} {[]}
","comment","comment","","","","","","","","","",,,,,"",,,,"getpatientcontactinformation.patient.comment",0,1,"",""
"getpatientcontactinformation","getpatientcontactinformation.contactInformation","getpatientcontactinformation.contactInformation","","","",0,*,"","","","BackboneElement {[]} {[]}
","contactInformation","typ_av_telekom : Anger vilken typ av internet/telefoni-kommunikation som avses. Kodval ur kodverk med OID: 1.2.752.129.2.2.1.30 1 - Telefon - Användaren får välja mellan två svenska format: a) [riktnummer med inledande nolla] [följt av lokalt nummer] b) +46 [riktnummer utan inledande nolla][lokalt nummer] Tillåt blanktecken mellan grupper av siffror, samt minus (-) och slash (/) som separatorer emellan. 2 - Fax - Format som telefon ovan. 3 - Mobiltelefon - Format som telefon ovan. Dock endast riktnummer på 070, 072, 073 och 076 (mobiltelefoni), eller 010 (geografiskt oberoende tjänster). Detta enligt nu gällande nummerplan, som dock ändras på sikt. 4 - Personsökare - Format som telefon ovan. Dock endast riktnummer på 074 (personsökning). 5 - Epost - Defineras enligt RFC 5322 Internet message format !6! - !hemsida! - !Ska inte användas för detta tjänstekontrakt! För mer info, se definition av urn:riv:masterdata:citizen:patient:enums:1:TelecomTypeEnum typ_av_kontakt : Anger om tele- e-Kom adress t.ex. är privat eller till arbetet kv teleekomkontakttyp OID: 1.2.752.129.2.2.1.29 Exempel: privat, arbete För mer info, se definition av urn:riv:masterdata:citizen:patient:enums:1:ContactTypeEnum nummer_eller_elektronisk_adress : Tele-/Mobil-/Sökare-/Fax-nummer eller elektronisk adress kommentar : Övrig kontaktuppgift per telnr/email","","","","","","","","","",,,,,"",,,,"getpatientcontactinformation.contactInformation",0,*,"","ele-1:All FHIR elements must have a @value or children {hasValue() or (children().count() > id.count())}
"
"getpatientcontactinformation","getpatientcontactinformation.contactInformation.id","getpatientcontactinformation.contactInformation.id","","","",0,1,"","","","string {[]} {[]}
","Unique id for inter-element referencing","Unique id for the element within a resource (for internal references). This may be any string value that does not contain spaces.","","","","","","","","","",,,,,"",,,,"Element.id",0,1,"",""
"getpatientcontactinformation","getpatientcontactinformation.contactInformation.extension","getpatientcontactinformation.contactInformation.extension","","extensions
user content","",0,*,"","","","Extension {[]} {[]}
","Additional content defined by implementations","May be used to represent additional information that is not part of the basic definition of the element. To make the use of extensions safe and manageable, there is a strict set of governance  applied to the definition and use of extensions. Though any implementer can define an extension, there is a set of requirements that SHALL be met as part of the definition of the extension.","There can be no stigma associated with the use of extensions by any application, project, or standard - regardless of the institution or jurisdiction that uses or defines the extensions.  The use of extensions is what allows the FHIR specification to retain a core level of simplicity for everyone.","","","","","","","","",,,,,"","value:url}
","Extensions are always sliced by (at least) url",,"open","Element.extension",0,*,"","ele-1:All FHIR elements must have a @value or children {hasValue() or (children().count() > id.count())}
ext-1:Must have either extensions or value[x], not both {extension.exists() != value.exists()}"
"getpatientcontactinformation","getpatientcontactinformation.contactInformation.modifierExtension","getpatientcontactinformation.contactInformation.modifierExtension","","extensions
user contentmodifiers","",0,*,"","Y","Y","Extension {[]} {[]}
","Extensions that cannot be ignored even if unrecognized","May be used to represent additional information that is not part of the basic definition of the element and that modifies the understanding of the element in which it is contained and/or the understanding of the containing element's descendants. Usually modifier elements provide negation or qualification. To make the use of extensions safe and manageable, there is a strict set of governance applied to the definition and use of extensions. Though any implementer can define an extension, there is a set of requirements that SHALL be met as part of the definition of the extension. Applications processing a resource are required to check for modifier extensions.

Modifier extensions SHALL NOT change the meaning of any elements on Resource or DomainResource (including cannot change the meaning of modifierExtension itself).","There can be no stigma associated with the use of extensions by any application, project, or standard - regardless of the institution or jurisdiction that uses or defines the extensions.  The use of extensions is what allows the FHIR specification to retain a core level of simplicity for everyone.","Modifier extensions allow for extensions that *cannot* be safely ignored to be clearly distinguished from the vast majority of extensions which can be safely ignored.  This promotes interoperability by eliminating the need for implementers to prohibit the presence of extensions. For further information, see the [definition of modifier extensions](http://hl7.org/fhir/R4/extensibility.html#modifierExtension).","","","","","","","",,,,,"",,,,"BackboneElement.modifierExtension",0,*,"","ele-1:All FHIR elements must have a @value or children {hasValue() or (children().count() > id.count())}
ext-1:Must have either extensions or value[x], not both {extension.exists() != value.exists()}"
"getpatientcontactinformation","getpatientcontactinformation.contactInformation.telecomType","getpatientcontactinformation.contactInformation.telecomType","","","",1,1,"","","","code {[]} {[]}
","telecomType","telecomType","","","","","","","","","",,"required","","https://fhir.inera.se/ig/masterdata-citizen-patient/ValueSet/masterdata-citizen-patient-typeoftelecompatient-vs","",,,,"getpatientcontactinformation.contactInformation.telecomType",1,1,"",""
"getpatientcontactinformation","getpatientcontactinformation.contactInformation.contactType","getpatientcontactinformation.contactInformation.contactType","","","",0,1,"","","","code {[]} {[]}
","contactType","contactType","","","","","","","","","",,"required","","https://fhir.inera.se/ig/masterdata-citizen-patient/ValueSet/masterdata-citizen-patient-typeofcontact-vs","",,,,"getpatientcontactinformation.contactInformation.contactType",0,1,"",""
"getpatientcontactinformation","getpatientcontactinformation.contactInformation.numberOrElectronicalAddress","getpatientcontactinformation.contactInformation.numberOrElectronicalAddress","","","",1,1,"","","","string {[]} {[]}
","numberOrElectronicalAddress","numberOrElectronicalAddress","","","","","","","","","",,,,,"",,,,"getpatientcontactinformation.contactInformation.numberOrElectronicalAddress",1,1,"",""
"getpatientcontactinformation","getpatientcontactinformation.contactInformation.comment","getpatientcontactinformation.contactInformation.comment","","","",0,1,"","","","string {[]} {[]}
","comment","comment","","","","","","","","","",,,,,"",,,,"getpatientcontactinformation.contactInformation.comment",0,1,"",""
"getpatientcontactinformation","getpatientcontactinformation.contactInformation.otherContactInfo","getpatientcontactinformation.contactInformation.otherContactInfo","","","",0,1,"","","","BackboneElement {[]} {[]}
","otherContactInfo","completingContactInfo: Fri text Kompletterande information som inte går att notera i strukturerat format.","","","","","","","","","",,,,,"",,,,"getpatientcontactinformation.contactInformation.otherContactInfo",0,1,"","ele-1:All FHIR elements must have a @value or children {hasValue() or (children().count() > id.count())}
"
"getpatientcontactinformation","getpatientcontactinformation.contactInformation.otherContactInfo.id","getpatientcontactinformation.contactInformation.otherContactInfo.id","","","",0,1,"","","","string {[]} {[]}
","Unique id for inter-element referencing","Unique id for the element within a resource (for internal references). This may be any string value that does not contain spaces.","","","","","","","","","",,,,,"",,,,"Element.id",0,1,"",""
"getpatientcontactinformation","getpatientcontactinformation.contactInformation.otherContactInfo.extension","getpatientcontactinformation.contactInformation.otherContactInfo.extension","","extensions
user content","",0,*,"","","","Extension {[]} {[]}
","Additional content defined by implementations","May be used to represent additional information that is not part of the basic definition of the element. To make the use of extensions safe and manageable, there is a strict set of governance  applied to the definition and use of extensions. Though any implementer can define an extension, there is a set of requirements that SHALL be met as part of the definition of the extension.","There can be no stigma associated with the use of extensions by any application, project, or standard - regardless of the institution or jurisdiction that uses or defines the extensions.  The use of extensions is what allows the FHIR specification to retain a core level of simplicity for everyone.","","","","","","","","",,,,,"","value:url}
","Extensions are always sliced by (at least) url",,"open","Element.extension",0,*,"","ele-1:All FHIR elements must have a @value or children {hasValue() or (children().count() > id.count())}
ext-1:Must have either extensions or value[x], not both {extension.exists() != value.exists()}"
"getpatientcontactinformation","getpatientcontactinformation.contactInformation.otherContactInfo.modifierExtension","getpatientcontactinformation.contactInformation.otherContactInfo.modifierExtension","","extensions
user contentmodifiers","",0,*,"","Y","Y","Extension {[]} {[]}
","Extensions that cannot be ignored even if unrecognized","May be used to represent additional information that is not part of the basic definition of the element and that modifies the understanding of the element in which it is contained and/or the understanding of the containing element's descendants. Usually modifier elements provide negation or qualification. To make the use of extensions safe and manageable, there is a strict set of governance applied to the definition and use of extensions. Though any implementer can define an extension, there is a set of requirements that SHALL be met as part of the definition of the extension. Applications processing a resource are required to check for modifier extensions.

Modifier extensions SHALL NOT change the meaning of any elements on Resource or DomainResource (including cannot change the meaning of modifierExtension itself).","There can be no stigma associated with the use of extensions by any application, project, or standard - regardless of the institution or jurisdiction that uses or defines the extensions.  The use of extensions is what allows the FHIR specification to retain a core level of simplicity for everyone.","Modifier extensions allow for extensions that *cannot* be safely ignored to be clearly distinguished from the vast majority of extensions which can be safely ignored.  This promotes interoperability by eliminating the need for implementers to prohibit the presence of extensions. For further information, see the [definition of modifier extensions](http://hl7.org/fhir/R4/extensibility.html#modifierExtension).","","","","","","","",,,,,"",,,,"BackboneElement.modifierExtension",0,*,"","ele-1:All FHIR elements must have a @value or children {hasValue() or (children().count() > id.count())}
ext-1:Must have either extensions or value[x], not both {extension.exists() != value.exists()}"
"getpatientcontactinformation","getpatientcontactinformation.contactInformation.otherContactInfo.completingContactInfo","getpatientcontactinformation.contactInformation.otherContactInfo.completingContactInfo","","","",1,1,"","","","string {[]} {[]}
","completingContactInfo","completingContactInfo","","","","","","","","","",,,,,"",,,,"getpatientcontactinformation.contactInformation.otherContactInfo.completingContactInfo",1,1,"",""
"getpatientcontactinformation","getpatientcontactinformation.contactPerson","getpatientcontactinformation.contactPerson","","","",0,*,"","","","BackboneElement {[]} {[]}
","contactPerson","Kontaktperson relationType : Val av kategori(OID), och inom denna val av kod. (När OID för kodverk ”relationskategori” fastställs, så kan även den nyttjas för att erbjuda alternativet: kod=4, klartext=”Annan”) kv närståenderelation OID: 1.2.752.129.2.2.1.8 kv släktrelation OID: 1.2.752.129.2.2.1.24 kv företrädare OID: 1.2.752.129.2.2.1.23 rangordning : Ordningsnummer enligt patienten. Från 1 och uppåt sekventiellt. Övrig kontaktinformation: ... Från Kontaktperson med person-data förnamn: SKV 717, men förenklat här. efternamn: SKV 717, men förenklat här. kontaktperson_adresser: Lista med kontaktpersonens post-/besöks-adresser. (Tjänsteprotokollet är förenklat till max en adress för kontaktperson.) kontaktperson_telefon_lista: Nummer som kontaktpersonen är nåbar på. Kan vara privat telefonnummer eller arbetsnummer. kommentar: Övrig kontaktuppgift (?) för kontaktperson. Fri text giltighetstid: Tidsperiod för när aktuell relation till patienten gäller, både start och slutdatum ingår i intervallet. (Format ÅÅÅÅMMDD) får kontaktas: Anger om person eller enhet får lov att kontaktas kontakttid: Anger eventuella telefontider eller dyl då kontakt kan göras","","","","","","","","","",,,,,"",,,,"getpatientcontactinformation.contactPerson",0,*,"","ele-1:All FHIR elements must have a @value or children {hasValue() or (children().count() > id.count())}
"
"getpatientcontactinformation","getpatientcontactinformation.contactPerson.id","getpatientcontactinformation.contactPerson.id","","","",0,1,"","","","string {[]} {[]}
","Unique id for inter-element referencing","Unique id for the element within a resource (for internal references). This may be any string value that does not contain spaces.","","","","","","","","","",,,,,"",,,,"Element.id",0,1,"",""
"getpatientcontactinformation","getpatientcontactinformation.contactPerson.extension","getpatientcontactinformation.contactPerson.extension","","extensions
user content","",0,*,"","","","Extension {[]} {[]}
","Additional content defined by implementations","May be used to represent additional information that is not part of the basic definition of the element. To make the use of extensions safe and manageable, there is a strict set of governance  applied to the definition and use of extensions. Though any implementer can define an extension, there is a set of requirements that SHALL be met as part of the definition of the extension.","There can be no stigma associated with the use of extensions by any application, project, or standard - regardless of the institution or jurisdiction that uses or defines the extensions.  The use of extensions is what allows the FHIR specification to retain a core level of simplicity for everyone.","","","","","","","","",,,,,"","value:url}
","Extensions are always sliced by (at least) url",,"open","Element.extension",0,*,"","ele-1:All FHIR elements must have a @value or children {hasValue() or (children().count() > id.count())}
ext-1:Must have either extensions or value[x], not both {extension.exists() != value.exists()}"
"getpatientcontactinformation","getpatientcontactinformation.contactPerson.modifierExtension","getpatientcontactinformation.contactPerson.modifierExtension","","extensions
user contentmodifiers","",0,*,"","Y","Y","Extension {[]} {[]}
","Extensions that cannot be ignored even if unrecognized","May be used to represent additional information that is not part of the basic definition of the element and that modifies the understanding of the element in which it is contained and/or the understanding of the containing element's descendants. Usually modifier elements provide negation or qualification. To make the use of extensions safe and manageable, there is a strict set of governance applied to the definition and use of extensions. Though any implementer can define an extension, there is a set of requirements that SHALL be met as part of the definition of the extension. Applications processing a resource are required to check for modifier extensions.

Modifier extensions SHALL NOT change the meaning of any elements on Resource or DomainResource (including cannot change the meaning of modifierExtension itself).","There can be no stigma associated with the use of extensions by any application, project, or standard - regardless of the institution or jurisdiction that uses or defines the extensions.  The use of extensions is what allows the FHIR specification to retain a core level of simplicity for everyone.","Modifier extensions allow for extensions that *cannot* be safely ignored to be clearly distinguished from the vast majority of extensions which can be safely ignored.  This promotes interoperability by eliminating the need for implementers to prohibit the presence of extensions. For further information, see the [definition of modifier extensions](http://hl7.org/fhir/R4/extensibility.html#modifierExtension).","","","","","","","",,,,,"",,,,"BackboneElement.modifierExtension",0,*,"","ele-1:All FHIR elements must have a @value or children {hasValue() or (children().count() > id.count())}
ext-1:Must have either extensions or value[x], not both {extension.exists() != value.exists()}"
"getpatientcontactinformation","getpatientcontactinformation.contactPerson.relationType","getpatientcontactinformation.contactPerson.relationType","","","",1,1,"","","","BackboneElement {[]} {[]}
","relationType","codeSystem: Släkt relation (OID 1.2.752.129.2.2.1.24) Närstående relation (OID 1.2.752.129.2.2.1.8) Företrädare (OID 1.2.752.129.2.2.1.23) code: Any code valid in the given codeSystem, for more info see urn:riv:masterdata:citizen:patient:enums:1:TypeOfRelativeEnum urn:riv:masterdata:citizen:patient:enums:1:TypeOfCloseRelationEnum urn:riv:masterdata:citizen:patient:enums:1:TypeOfRepresentativeEnum","","","","","","","","","",,,,,"",,,,"getpatientcontactinformation.contactPerson.relationType",1,1,"","ele-1:All FHIR elements must have a @value or children {hasValue() or (children().count() > id.count())}
"
"getpatientcontactinformation","getpatientcontactinformation.contactPerson.relationType.id","getpatientcontactinformation.contactPerson.relationType.id","","","",0,1,"","","","string {[]} {[]}
","Unique id for inter-element referencing","Unique id for the element within a resource (for internal references). This may be any string value that does not contain spaces.","","","","","","","","","",,,,,"",,,,"Element.id",0,1,"",""
"getpatientcontactinformation","getpatientcontactinformation.contactPerson.relationType.extension","getpatientcontactinformation.contactPerson.relationType.extension","","extensions
user content","",0,*,"","","","Extension {[]} {[]}
","Additional content defined by implementations","May be used to represent additional information that is not part of the basic definition of the element. To make the use of extensions safe and manageable, there is a strict set of governance  applied to the definition and use of extensions. Though any implementer can define an extension, there is a set of requirements that SHALL be met as part of the definition of the extension.","There can be no stigma associated with the use of extensions by any application, project, or standard - regardless of the institution or jurisdiction that uses or defines the extensions.  The use of extensions is what allows the FHIR specification to retain a core level of simplicity for everyone.","","","","","","","","",,,,,"","value:url}
","Extensions are always sliced by (at least) url",,"open","Element.extension",0,*,"","ele-1:All FHIR elements must have a @value or children {hasValue() or (children().count() > id.count())}
ext-1:Must have either extensions or value[x], not both {extension.exists() != value.exists()}"
"getpatientcontactinformation","getpatientcontactinformation.contactPerson.relationType.modifierExtension","getpatientcontactinformation.contactPerson.relationType.modifierExtension","","extensions
user contentmodifiers","",0,*,"","Y","Y","Extension {[]} {[]}
","Extensions that cannot be ignored even if unrecognized","May be used to represent additional information that is not part of the basic definition of the element and that modifies the understanding of the element in which it is contained and/or the understanding of the containing element's descendants. Usually modifier elements provide negation or qualification. To make the use of extensions safe and manageable, there is a strict set of governance applied to the definition and use of extensions. Though any implementer can define an extension, there is a set of requirements that SHALL be met as part of the definition of the extension. Applications processing a resource are required to check for modifier extensions.

Modifier extensions SHALL NOT change the meaning of any elements on Resource or DomainResource (including cannot change the meaning of modifierExtension itself).","There can be no stigma associated with the use of extensions by any application, project, or standard - regardless of the institution or jurisdiction that uses or defines the extensions.  The use of extensions is what allows the FHIR specification to retain a core level of simplicity for everyone.","Modifier extensions allow for extensions that *cannot* be safely ignored to be clearly distinguished from the vast majority of extensions which can be safely ignored.  This promotes interoperability by eliminating the need for implementers to prohibit the presence of extensions. For further information, see the [definition of modifier extensions](http://hl7.org/fhir/R4/extensibility.html#modifierExtension).","","","","","","","",,,,,"",,,,"BackboneElement.modifierExtension",0,*,"","ele-1:All FHIR elements must have a @value or children {hasValue() or (children().count() > id.count())}
ext-1:Must have either extensions or value[x], not both {extension.exists() != value.exists()}"
"getpatientcontactinformation","getpatientcontactinformation.contactPerson.relationType.contactRelationCode","getpatientcontactinformation.contactPerson.relationType.contactRelationCode","","","",1,1,"","","","string {[]} {[]}
","contactRelationCode","Union av kodverken TypeOfRelativeEnum, TypeOfCloseRelationEnum, TypeOfRepresentativeEnum. Heter code i schemat.","","","","","","","","","",,,,,"",,,,"getpatientcontactinformation.contactPerson.relationType.contactRelationCode",1,1,"",""
"getpatientcontactinformation","getpatientcontactinformation.contactPerson.relationType.codeSystem","getpatientcontactinformation.contactPerson.relationType.codeSystem","","","",1,1,"","","","code {[]} {[]}
","codeSystem","codeSystem","","","","","","","","","",,"required","","https://fhir.inera.se/ig/masterdata-citizen-patient/ValueSet/masterdata-citizen-patient-typeofcontactrelationcodesystem-vs","",,,,"getpatientcontactinformation.contactPerson.relationType.codeSystem",1,1,"",""
"getpatientcontactinformation","getpatientcontactinformation.contactPerson.rank","getpatientcontactinformation.contactPerson.rank","","","",1,1,"","","","integer {[]} {[]}
","rank","rank","","","","","","","","","",,,,,"",,,,"getpatientcontactinformation.contactPerson.rank",1,1,"",""
"getpatientcontactinformation","getpatientcontactinformation.contactPerson.otherContactInfo","getpatientcontactinformation.contactPerson.otherContactInfo","","","",0,1,"","","","BackboneElement {[]} {[]}
","otherContactInfo","completingContactInfo: Fri text Kompletterande information som inte går att notera i strukturerat format.","","","","","","","","","",,,,,"",,,,"getpatientcontactinformation.contactPerson.otherContactInfo",0,1,"","ele-1:All FHIR elements must have a @value or children {hasValue() or (children().count() > id.count())}
"
"getpatientcontactinformation","getpatientcontactinformation.contactPerson.otherContactInfo.id","getpatientcontactinformation.contactPerson.otherContactInfo.id","","","",0,1,"","","","string {[]} {[]}
","Unique id for inter-element referencing","Unique id for the element within a resource (for internal references). This may be any string value that does not contain spaces.","","","","","","","","","",,,,,"",,,,"Element.id",0,1,"",""
"getpatientcontactinformation","getpatientcontactinformation.contactPerson.otherContactInfo.extension","getpatientcontactinformation.contactPerson.otherContactInfo.extension","","extensions
user content","",0,*,"","","","Extension {[]} {[]}
","Additional content defined by implementations","May be used to represent additional information that is not part of the basic definition of the element. To make the use of extensions safe and manageable, there is a strict set of governance  applied to the definition and use of extensions. Though any implementer can define an extension, there is a set of requirements that SHALL be met as part of the definition of the extension.","There can be no stigma associated with the use of extensions by any application, project, or standard - regardless of the institution or jurisdiction that uses or defines the extensions.  The use of extensions is what allows the FHIR specification to retain a core level of simplicity for everyone.","","","","","","","","",,,,,"","value:url}
","Extensions are always sliced by (at least) url",,"open","Element.extension",0,*,"","ele-1:All FHIR elements must have a @value or children {hasValue() or (children().count() > id.count())}
ext-1:Must have either extensions or value[x], not both {extension.exists() != value.exists()}"
"getpatientcontactinformation","getpatientcontactinformation.contactPerson.otherContactInfo.modifierExtension","getpatientcontactinformation.contactPerson.otherContactInfo.modifierExtension","","extensions
user contentmodifiers","",0,*,"","Y","Y","Extension {[]} {[]}
","Extensions that cannot be ignored even if unrecognized","May be used to represent additional information that is not part of the basic definition of the element and that modifies the understanding of the element in which it is contained and/or the understanding of the containing element's descendants. Usually modifier elements provide negation or qualification. To make the use of extensions safe and manageable, there is a strict set of governance applied to the definition and use of extensions. Though any implementer can define an extension, there is a set of requirements that SHALL be met as part of the definition of the extension. Applications processing a resource are required to check for modifier extensions.

Modifier extensions SHALL NOT change the meaning of any elements on Resource or DomainResource (including cannot change the meaning of modifierExtension itself).","There can be no stigma associated with the use of extensions by any application, project, or standard - regardless of the institution or jurisdiction that uses or defines the extensions.  The use of extensions is what allows the FHIR specification to retain a core level of simplicity for everyone.","Modifier extensions allow for extensions that *cannot* be safely ignored to be clearly distinguished from the vast majority of extensions which can be safely ignored.  This promotes interoperability by eliminating the need for implementers to prohibit the presence of extensions. For further information, see the [definition of modifier extensions](http://hl7.org/fhir/R4/extensibility.html#modifierExtension).","","","","","","","",,,,,"",,,,"BackboneElement.modifierExtension",0,*,"","ele-1:All FHIR elements must have a @value or children {hasValue() or (children().count() > id.count())}
ext-1:Must have either extensions or value[x], not both {extension.exists() != value.exists()}"
"getpatientcontactinformation","getpatientcontactinformation.contactPerson.otherContactInfo.completingContactInfo","getpatientcontactinformation.contactPerson.otherContactInfo.completingContactInfo","","","",1,1,"","","","string {[]} {[]}
","completingContactInfo","completingContactInfo","","","","","","","","","",,,,,"",,,,"getpatientcontactinformation.contactPerson.otherContactInfo.completingContactInfo",1,1,"",""
"getpatientcontactinformation","getpatientcontactinformation.contactPerson.firstName","getpatientcontactinformation.contactPerson.firstName","","","",1,1,"","","","string {[]} {[]}
","firstName","firstName","","","","","","","","","",,,,,"",,,,"getpatientcontactinformation.contactPerson.firstName",1,1,"",""
"getpatientcontactinformation","getpatientcontactinformation.contactPerson.lastName","getpatientcontactinformation.contactPerson.lastName","","","",1,1,"","","","string {[]} {[]}
","lastName","lastName","","","","","","","","","",,,,,"",,,,"getpatientcontactinformation.contactPerson.lastName",1,1,"",""
"getpatientcontactinformation","getpatientcontactinformation.contactPerson.contactPersonAddress","getpatientcontactinformation.contactPerson.contactPersonAddress","","","",0,1,"","","","BackboneElement {[]} {[]}
","contactPersonAddress","Enstaka adress som ingår i adresslista Adress standarden SS 6134 01 (RIV/VTIM 2.2 har fler adressrader än vad som förekommer för svenska adress format i ref 8, samt ref 9.) I första version av tjänstekontrakt är adressformat rejält förenklat för kontaktpersons adress. co : T ex c/o Malte Lindeman adress_1 : Gatunamn och nr, eller box adress postnummer : NNN NN postort : Stad eller motsvarande","","","","","","","","","",,,,,"",,,,"getpatientcontactinformation.contactPerson.contactPersonAddress",0,1,"","ele-1:All FHIR elements must have a @value or children {hasValue() or (children().count() > id.count())}
"
"getpatientcontactinformation","getpatientcontactinformation.contactPerson.contactPersonAddress.id","getpatientcontactinformation.contactPerson.contactPersonAddress.id","","","",0,1,"","","","string {[]} {[]}
","Unique id for inter-element referencing","Unique id for the element within a resource (for internal references). This may be any string value that does not contain spaces.","","","","","","","","","",,,,,"",,,,"Element.id",0,1,"",""
"getpatientcontactinformation","getpatientcontactinformation.contactPerson.contactPersonAddress.extension","getpatientcontactinformation.contactPerson.contactPersonAddress.extension","","extensions
user content","",0,*,"","","","Extension {[]} {[]}
","Additional content defined by implementations","May be used to represent additional information that is not part of the basic definition of the element. To make the use of extensions safe and manageable, there is a strict set of governance  applied to the definition and use of extensions. Though any implementer can define an extension, there is a set of requirements that SHALL be met as part of the definition of the extension.","There can be no stigma associated with the use of extensions by any application, project, or standard - regardless of the institution or jurisdiction that uses or defines the extensions.  The use of extensions is what allows the FHIR specification to retain a core level of simplicity for everyone.","","","","","","","","",,,,,"","value:url}
","Extensions are always sliced by (at least) url",,"open","Element.extension",0,*,"","ele-1:All FHIR elements must have a @value or children {hasValue() or (children().count() > id.count())}
ext-1:Must have either extensions or value[x], not both {extension.exists() != value.exists()}"
"getpatientcontactinformation","getpatientcontactinformation.contactPerson.contactPersonAddress.modifierExtension","getpatientcontactinformation.contactPerson.contactPersonAddress.modifierExtension","","extensions
user contentmodifiers","",0,*,"","Y","Y","Extension {[]} {[]}
","Extensions that cannot be ignored even if unrecognized","May be used to represent additional information that is not part of the basic definition of the element and that modifies the understanding of the element in which it is contained and/or the understanding of the containing element's descendants. Usually modifier elements provide negation or qualification. To make the use of extensions safe and manageable, there is a strict set of governance applied to the definition and use of extensions. Though any implementer can define an extension, there is a set of requirements that SHALL be met as part of the definition of the extension. Applications processing a resource are required to check for modifier extensions.

Modifier extensions SHALL NOT change the meaning of any elements on Resource or DomainResource (including cannot change the meaning of modifierExtension itself).","There can be no stigma associated with the use of extensions by any application, project, or standard - regardless of the institution or jurisdiction that uses or defines the extensions.  The use of extensions is what allows the FHIR specification to retain a core level of simplicity for everyone.","Modifier extensions allow for extensions that *cannot* be safely ignored to be clearly distinguished from the vast majority of extensions which can be safely ignored.  This promotes interoperability by eliminating the need for implementers to prohibit the presence of extensions. For further information, see the [definition of modifier extensions](http://hl7.org/fhir/R4/extensibility.html#modifierExtension).","","","","","","","",,,,,"",,,,"BackboneElement.modifierExtension",0,*,"","ele-1:All FHIR elements must have a @value or children {hasValue() or (children().count() > id.count())}
ext-1:Must have either extensions or value[x], not both {extension.exists() != value.exists()}"
"getpatientcontactinformation","getpatientcontactinformation.contactPerson.contactPersonAddress.co","getpatientcontactinformation.contactPerson.contactPersonAddress.co","","","",0,1,"","","","string {[]} {[]}
","co","co","","","","","","","","","",,,,,"",,,,"getpatientcontactinformation.contactPerson.contactPersonAddress.co",0,1,"",""
"getpatientcontactinformation","getpatientcontactinformation.contactPerson.contactPersonAddress.address","getpatientcontactinformation.contactPerson.contactPersonAddress.address","","","",1,1,"","","","string {[]} {[]}
","address","address","","","","","","","","","",,,,,"",,,,"getpatientcontactinformation.contactPerson.contactPersonAddress.address",1,1,"",""
"getpatientcontactinformation","getpatientcontactinformation.contactPerson.contactPersonAddress.zipCode","getpatientcontactinformation.contactPerson.contactPersonAddress.zipCode","","","",1,1,"","","","string {[]} {[]}
","zipCode","zipCode","","","","","","","","","",,,,,"",,,,"getpatientcontactinformation.contactPerson.contactPersonAddress.zipCode",1,1,"",""
"getpatientcontactinformation","getpatientcontactinformation.contactPerson.contactPersonAddress.city","getpatientcontactinformation.contactPerson.contactPersonAddress.city","","","",1,1,"","","","string {[]} {[]}
","city","city","","","","","","","","","",,,,,"",,,,"getpatientcontactinformation.contactPerson.contactPersonAddress.city",1,1,"",""
"getpatientcontactinformation","getpatientcontactinformation.contactPerson.contactInformation","getpatientcontactinformation.contactPerson.contactInformation","","","",0,*,"","","","BackboneElement {[]} {[]}
","contactInformation","Kontaktpersonens telefonnummer typ_av_telekom : Anger vilken typ av telefonikommunikation som avses. Kodval ur kodverk med OID: 1.2.752.129.2.2.1.30 1 - Telefon - Användaren får välja mellan två svenska format: a) [riktnummer med inledande nolla] [följt av lokalt nummer] b) +46 [riktnummer utan inledande nolla][lokalt nummer] Tillåt blanktecken mellan grupper av siffror, samt minus (-) och slash (/) som separatorer emellan. 2 - Fax - Format som telefon ovan. 3 - Mobiltelefon - Format som telefon ovan. Dock endast riktnummer på 070, 072, 073 och 076 (mobiltelefoni), eller 010 (geografiskt oberoende tjänster). Detta enligt nu gällande nummerplan, som dock ändras på sikt. 4 - Personsökare - Format som telefon ovan. Dock endast riktnummer på 074 (personsökning). !5! - !Epost! - !SKA INTE ANVÄNDAS FÖR KONTAKTPERSONER! !6! - !hemsida! - !Ska inte användas för detta tjänstekontrakt! För mer info, se definition av urn:riv:masterdata:citizen:patient:enums:1:TelecomTypeEnum typ_av_kontakt : Anger om telefonnummer t.ex. är privat eller till arbetet kv tele ekomkontakttyp OID: 1.2.752.129.2.2.1.29 Exempel: privat, arbete För mer info, se definition av urn:riv:masterdata:citizen:patient:enums:1:ContactTypeEnum nummer : Tele-/Mobil-/Sökare-/Fax-nummer kommentar : Övrig kontaktuppgift per telnr/email","","","","","","","","","",,,,,"",,,,"getpatientcontactinformation.contactPerson.contactInformation",0,*,"","ele-1:All FHIR elements must have a @value or children {hasValue() or (children().count() > id.count())}
"
"getpatientcontactinformation","getpatientcontactinformation.contactPerson.contactInformation.id","getpatientcontactinformation.contactPerson.contactInformation.id","","","",0,1,"","","","string {[]} {[]}
","Unique id for inter-element referencing","Unique id for the element within a resource (for internal references). This may be any string value that does not contain spaces.","","","","","","","","","",,,,,"",,,,"Element.id",0,1,"",""
"getpatientcontactinformation","getpatientcontactinformation.contactPerson.contactInformation.extension","getpatientcontactinformation.contactPerson.contactInformation.extension","","extensions
user content","",0,*,"","","","Extension {[]} {[]}
","Additional content defined by implementations","May be used to represent additional information that is not part of the basic definition of the element. To make the use of extensions safe and manageable, there is a strict set of governance  applied to the definition and use of extensions. Though any implementer can define an extension, there is a set of requirements that SHALL be met as part of the definition of the extension.","There can be no stigma associated with the use of extensions by any application, project, or standard - regardless of the institution or jurisdiction that uses or defines the extensions.  The use of extensions is what allows the FHIR specification to retain a core level of simplicity for everyone.","","","","","","","","",,,,,"","value:url}
","Extensions are always sliced by (at least) url",,"open","Element.extension",0,*,"","ele-1:All FHIR elements must have a @value or children {hasValue() or (children().count() > id.count())}
ext-1:Must have either extensions or value[x], not both {extension.exists() != value.exists()}"
"getpatientcontactinformation","getpatientcontactinformation.contactPerson.contactInformation.modifierExtension","getpatientcontactinformation.contactPerson.contactInformation.modifierExtension","","extensions
user contentmodifiers","",0,*,"","Y","Y","Extension {[]} {[]}
","Extensions that cannot be ignored even if unrecognized","May be used to represent additional information that is not part of the basic definition of the element and that modifies the understanding of the element in which it is contained and/or the understanding of the containing element's descendants. Usually modifier elements provide negation or qualification. To make the use of extensions safe and manageable, there is a strict set of governance applied to the definition and use of extensions. Though any implementer can define an extension, there is a set of requirements that SHALL be met as part of the definition of the extension. Applications processing a resource are required to check for modifier extensions.

Modifier extensions SHALL NOT change the meaning of any elements on Resource or DomainResource (including cannot change the meaning of modifierExtension itself).","There can be no stigma associated with the use of extensions by any application, project, or standard - regardless of the institution or jurisdiction that uses or defines the extensions.  The use of extensions is what allows the FHIR specification to retain a core level of simplicity for everyone.","Modifier extensions allow for extensions that *cannot* be safely ignored to be clearly distinguished from the vast majority of extensions which can be safely ignored.  This promotes interoperability by eliminating the need for implementers to prohibit the presence of extensions. For further information, see the [definition of modifier extensions](http://hl7.org/fhir/R4/extensibility.html#modifierExtension).","","","","","","","",,,,,"",,,,"BackboneElement.modifierExtension",0,*,"","ele-1:All FHIR elements must have a @value or children {hasValue() or (children().count() > id.count())}
ext-1:Must have either extensions or value[x], not both {extension.exists() != value.exists()}"
"getpatientcontactinformation","getpatientcontactinformation.contactPerson.contactInformation.telecomType","getpatientcontactinformation.contactPerson.contactInformation.telecomType","","","",1,1,"","","","code {[]} {[]}
","telecomType","telecomType","","","","","","","","","",,"required","","https://fhir.inera.se/ig/masterdata-citizen-patient/ValueSet/masterdata-citizen-patient-typeoftelecomcontactperson-vs","",,,,"getpatientcontactinformation.contactPerson.contactInformation.telecomType",1,1,"",""
"getpatientcontactinformation","getpatientcontactinformation.contactPerson.contactInformation.contactType","getpatientcontactinformation.contactPerson.contactInformation.contactType","","","",0,1,"","","","code {[]} {[]}
","contactType","contactType","","","","","","","","","",,"required","","https://fhir.inera.se/ig/masterdata-citizen-patient/ValueSet/masterdata-citizen-patient-typeofcontact-vs","",,,,"getpatientcontactinformation.contactPerson.contactInformation.contactType",0,1,"",""
"getpatientcontactinformation","getpatientcontactinformation.contactPerson.contactInformation.numberOrElectronicalAddress","getpatientcontactinformation.contactPerson.contactInformation.numberOrElectronicalAddress","","","",1,1,"","","","string {[]} {[]}
","numberOrElectronicalAddress","numberOrElectronicalAddress","","","","","","","","","",,,,,"",,,,"getpatientcontactinformation.contactPerson.contactInformation.numberOrElectronicalAddress",1,1,"",""
"getpatientcontactinformation","getpatientcontactinformation.contactPerson.contactInformation.comment","getpatientcontactinformation.contactPerson.contactInformation.comment","","","",0,1,"","","","string {[]} {[]}
","comment","comment","","","","","","","","","",,,,,"",,,,"getpatientcontactinformation.contactPerson.contactInformation.comment",0,1,"",""
"getpatientcontactinformation","getpatientcontactinformation.contactPerson.contactInformation.otherContactInfo","getpatientcontactinformation.contactPerson.contactInformation.otherContactInfo","","","",0,1,"","","","BackboneElement {[]} {[]}
","otherContactInfo","completingContactInfo: Fri text Kompletterande information som inte går att notera i strukturerat format.","","","","","","","","","",,,,,"",,,,"getpatientcontactinformation.contactPerson.contactInformation.otherContactInfo",0,1,"","ele-1:All FHIR elements must have a @value or children {hasValue() or (children().count() > id.count())}
"
"getpatientcontactinformation","getpatientcontactinformation.contactPerson.contactInformation.otherContactInfo.id","getpatientcontactinformation.contactPerson.contactInformation.otherContactInfo.id","","","",0,1,"","","","string {[]} {[]}
","Unique id for inter-element referencing","Unique id for the element within a resource (for internal references). This may be any string value that does not contain spaces.","","","","","","","","","",,,,,"",,,,"Element.id",0,1,"",""
"getpatientcontactinformation","getpatientcontactinformation.contactPerson.contactInformation.otherContactInfo.extension","getpatientcontactinformation.contactPerson.contactInformation.otherContactInfo.extension","","extensions
user content","",0,*,"","","","Extension {[]} {[]}
","Additional content defined by implementations","May be used to represent additional information that is not part of the basic definition of the element. To make the use of extensions safe and manageable, there is a strict set of governance  applied to the definition and use of extensions. Though any implementer can define an extension, there is a set of requirements that SHALL be met as part of the definition of the extension.","There can be no stigma associated with the use of extensions by any application, project, or standard - regardless of the institution or jurisdiction that uses or defines the extensions.  The use of extensions is what allows the FHIR specification to retain a core level of simplicity for everyone.","","","","","","","","",,,,,"","value:url}
","Extensions are always sliced by (at least) url",,"open","Element.extension",0,*,"","ele-1:All FHIR elements must have a @value or children {hasValue() or (children().count() > id.count())}
ext-1:Must have either extensions or value[x], not both {extension.exists() != value.exists()}"
"getpatientcontactinformation","getpatientcontactinformation.contactPerson.contactInformation.otherContactInfo.modifierExtension","getpatientcontactinformation.contactPerson.contactInformation.otherContactInfo.modifierExtension","","extensions
user contentmodifiers","",0,*,"","Y","Y","Extension {[]} {[]}
","Extensions that cannot be ignored even if unrecognized","May be used to represent additional information that is not part of the basic definition of the element and that modifies the understanding of the element in which it is contained and/or the understanding of the containing element's descendants. Usually modifier elements provide negation or qualification. To make the use of extensions safe and manageable, there is a strict set of governance applied to the definition and use of extensions. Though any implementer can define an extension, there is a set of requirements that SHALL be met as part of the definition of the extension. Applications processing a resource are required to check for modifier extensions.

Modifier extensions SHALL NOT change the meaning of any elements on Resource or DomainResource (including cannot change the meaning of modifierExtension itself).","There can be no stigma associated with the use of extensions by any application, project, or standard - regardless of the institution or jurisdiction that uses or defines the extensions.  The use of extensions is what allows the FHIR specification to retain a core level of simplicity for everyone.","Modifier extensions allow for extensions that *cannot* be safely ignored to be clearly distinguished from the vast majority of extensions which can be safely ignored.  This promotes interoperability by eliminating the need for implementers to prohibit the presence of extensions. For further information, see the [definition of modifier extensions](http://hl7.org/fhir/R4/extensibility.html#modifierExtension).","","","","","","","",,,,,"",,,,"BackboneElement.modifierExtension",0,*,"","ele-1:All FHIR elements must have a @value or children {hasValue() or (children().count() > id.count())}
ext-1:Must have either extensions or value[x], not both {extension.exists() != value.exists()}"
"getpatientcontactinformation","getpatientcontactinformation.contactPerson.contactInformation.otherContactInfo.completingContactInfo","getpatientcontactinformation.contactPerson.contactInformation.otherContactInfo.completingContactInfo","","","",1,1,"","","","string {[]} {[]}
","completingContactInfo","completingContactInfo","","","","","","","","","",,,,,"",,,,"getpatientcontactinformation.contactPerson.contactInformation.otherContactInfo.completingContactInfo",1,1,"",""
"getpatientcontactinformation","getpatientcontactinformation.contactPerson.comment","getpatientcontactinformation.contactPerson.comment","","","",0,1,"","","","string {[]} {[]}
","comment","comment","","","","","","","","","",,,,,"",,,,"getpatientcontactinformation.contactPerson.comment",0,1,"",""
"getpatientcontactinformation","getpatientcontactinformation.contactPerson.periodOfValidity","getpatientcontactinformation.contactPerson.periodOfValidity","","","",0,1,"","","","BackboneElement {[]} {[]}
","periodOfValidity","Används för att specificera ett datumintervall med hjälp av start- och slutdatum. start: Startdatum på formatet ÅÅÅÅMMDD end: Slutdatum på formatet ÅÅÅÅMMDD","","","","","","","","","",,,,,"",,,,"getpatientcontactinformation.contactPerson.periodOfValidity",0,1,"","ele-1:All FHIR elements must have a @value or children {hasValue() or (children().count() > id.count())}
"
"getpatientcontactinformation","getpatientcontactinformation.contactPerson.periodOfValidity.id","getpatientcontactinformation.contactPerson.periodOfValidity.id","","","",0,1,"","","","string {[]} {[]}
","Unique id for inter-element referencing","Unique id for the element within a resource (for internal references). This may be any string value that does not contain spaces.","","","","","","","","","",,,,,"",,,,"Element.id",0,1,"",""
"getpatientcontactinformation","getpatientcontactinformation.contactPerson.periodOfValidity.extension","getpatientcontactinformation.contactPerson.periodOfValidity.extension","","extensions
user content","",0,*,"","","","Extension {[]} {[]}
","Additional content defined by implementations","May be used to represent additional information that is not part of the basic definition of the element. To make the use of extensions safe and manageable, there is a strict set of governance  applied to the definition and use of extensions. Though any implementer can define an extension, there is a set of requirements that SHALL be met as part of the definition of the extension.","There can be no stigma associated with the use of extensions by any application, project, or standard - regardless of the institution or jurisdiction that uses or defines the extensions.  The use of extensions is what allows the FHIR specification to retain a core level of simplicity for everyone.","","","","","","","","",,,,,"","value:url}
","Extensions are always sliced by (at least) url",,"open","Element.extension",0,*,"","ele-1:All FHIR elements must have a @value or children {hasValue() or (children().count() > id.count())}
ext-1:Must have either extensions or value[x], not both {extension.exists() != value.exists()}"
"getpatientcontactinformation","getpatientcontactinformation.contactPerson.periodOfValidity.modifierExtension","getpatientcontactinformation.contactPerson.periodOfValidity.modifierExtension","","extensions
user contentmodifiers","",0,*,"","Y","Y","Extension {[]} {[]}
","Extensions that cannot be ignored even if unrecognized","May be used to represent additional information that is not part of the basic definition of the element and that modifies the understanding of the element in which it is contained and/or the understanding of the containing element's descendants. Usually modifier elements provide negation or qualification. To make the use of extensions safe and manageable, there is a strict set of governance applied to the definition and use of extensions. Though any implementer can define an extension, there is a set of requirements that SHALL be met as part of the definition of the extension. Applications processing a resource are required to check for modifier extensions.

Modifier extensions SHALL NOT change the meaning of any elements on Resource or DomainResource (including cannot change the meaning of modifierExtension itself).","There can be no stigma associated with the use of extensions by any application, project, or standard - regardless of the institution or jurisdiction that uses or defines the extensions.  The use of extensions is what allows the FHIR specification to retain a core level of simplicity for everyone.","Modifier extensions allow for extensions that *cannot* be safely ignored to be clearly distinguished from the vast majority of extensions which can be safely ignored.  This promotes interoperability by eliminating the need for implementers to prohibit the presence of extensions. For further information, see the [definition of modifier extensions](http://hl7.org/fhir/R4/extensibility.html#modifierExtension).","","","","","","","",,,,,"",,,,"BackboneElement.modifierExtension",0,*,"","ele-1:All FHIR elements must have a @value or children {hasValue() or (children().count() > id.count())}
ext-1:Must have either extensions or value[x], not both {extension.exists() != value.exists()}"
"getpatientcontactinformation","getpatientcontactinformation.contactPerson.periodOfValidity.start","getpatientcontactinformation.contactPerson.periodOfValidity.start","","","",1,1,"","","","string {[]} {[]}
","start","start","","","","","","","","","",,,,,"",,,,"getpatientcontactinformation.contactPerson.periodOfValidity.start",1,1,"",""
"getpatientcontactinformation","getpatientcontactinformation.contactPerson.periodOfValidity.end","getpatientcontactinformation.contactPerson.periodOfValidity.end","","","",1,1,"","","","string {[]} {[]}
","end","end","","","","","","","","","",,,,,"",,,,"getpatientcontactinformation.contactPerson.periodOfValidity.end",1,1,"",""
"getpatientcontactinformation","getpatientcontactinformation.contactPerson.contactAllowed","getpatientcontactinformation.contactPerson.contactAllowed","","","",1,1,"","","","boolean {[]} {[]}
","contactAllowed","contactAllowed","","","","","","","","","",,,,,"",,,,"getpatientcontactinformation.contactPerson.contactAllowed",1,1,"",""
"getpatientcontactinformation","getpatientcontactinformation.contactPerson.contactTime","getpatientcontactinformation.contactPerson.contactTime","","","",0,1,"","","","string {[]} {[]}
","contactTime","contactTime","","","","","","","","","",,,,,"",,,,"getpatientcontactinformation.contactPerson.contactTime",0,1,"",""
"getpatientcontactinformation","getpatientcontactinformation.getPatientContactInformationVersion","getpatientcontactinformation.getPatientContactInformationVersion","","","",0,1,"","","","string {[]} {[]}
","getPatientContactInformationVersion","getPatientContactInformationVersion (xs:long i schemat.) Heter version i schemat.","","","","","","","","","",,,,,"",,,,"getpatientcontactinformation.getPatientContactInformationVersion",0,1,"",""
"updatepatientcontactinformation-request","updatepatientcontactinformation-request","updatepatientcontactinformation-request","","","",0,*,"","","","null {[]} {[]}
","UpdatePatientContactInformation — Request","Logisk modell för begäran i UpdatePatientContactInformation
(urn:riv:masterdata:citizen:patient:UpdatePatientContactInformationResponder:1, UpdatePatientContactInformationType), inklusive SOAP-huvuden enligt WSDL.","","","","","","","","","",,,,,"",,,,"Base",0,*,"",""
"updatepatientcontactinformation-request","updatepatientcontactinformation-request.logicalAddress","updatepatientcontactinformation-request.logicalAddress","","","",1,1,"","","","string {[]} {[]}
","logicalAddress","SOAP-huvud LogicalAddress.","","","","","","","","","",,,,,"",,,,"updatepatientcontactinformation-request.logicalAddress",1,1,"",""
"updatepatientcontactinformation-request","updatepatientcontactinformation-request.editor","updatepatientcontactinformation-request.editor","","","",1,1,"","","","BackboneElement {[]} {[]}
","editor","editor","","","","","","","","","",,,,,"",,,,"updatepatientcontactinformation-request.editor",1,1,"","ele-1:All FHIR elements must have a @value or children {hasValue() or (children().count() > id.count())}
"
"updatepatientcontactinformation-request","updatepatientcontactinformation-request.editor.id","updatepatientcontactinformation-request.editor.id","","","",0,1,"","","","string {[]} {[]}
","Unique id for inter-element referencing","Unique id for the element within a resource (for internal references). This may be any string value that does not contain spaces.","","","","","","","","","",,,,,"",,,,"Element.id",0,1,"",""
"updatepatientcontactinformation-request","updatepatientcontactinformation-request.editor.extension","updatepatientcontactinformation-request.editor.extension","","extensions
user content","",0,*,"","","","Extension {[]} {[]}
","Additional content defined by implementations","May be used to represent additional information that is not part of the basic definition of the element. To make the use of extensions safe and manageable, there is a strict set of governance  applied to the definition and use of extensions. Though any implementer can define an extension, there is a set of requirements that SHALL be met as part of the definition of the extension.","There can be no stigma associated with the use of extensions by any application, project, or standard - regardless of the institution or jurisdiction that uses or defines the extensions.  The use of extensions is what allows the FHIR specification to retain a core level of simplicity for everyone.","","","","","","","","",,,,,"","value:url}
","Extensions are always sliced by (at least) url",,"open","Element.extension",0,*,"","ele-1:All FHIR elements must have a @value or children {hasValue() or (children().count() > id.count())}
ext-1:Must have either extensions or value[x], not both {extension.exists() != value.exists()}"
"updatepatientcontactinformation-request","updatepatientcontactinformation-request.editor.modifierExtension","updatepatientcontactinformation-request.editor.modifierExtension","","extensions
user contentmodifiers","",0,*,"","Y","Y","Extension {[]} {[]}
","Extensions that cannot be ignored even if unrecognized","May be used to represent additional information that is not part of the basic definition of the element and that modifies the understanding of the element in which it is contained and/or the understanding of the containing element's descendants. Usually modifier elements provide negation or qualification. To make the use of extensions safe and manageable, there is a strict set of governance applied to the definition and use of extensions. Though any implementer can define an extension, there is a set of requirements that SHALL be met as part of the definition of the extension. Applications processing a resource are required to check for modifier extensions.

Modifier extensions SHALL NOT change the meaning of any elements on Resource or DomainResource (including cannot change the meaning of modifierExtension itself).","There can be no stigma associated with the use of extensions by any application, project, or standard - regardless of the institution or jurisdiction that uses or defines the extensions.  The use of extensions is what allows the FHIR specification to retain a core level of simplicity for everyone.","Modifier extensions allow for extensions that *cannot* be safely ignored to be clearly distinguished from the vast majority of extensions which can be safely ignored.  This promotes interoperability by eliminating the need for implementers to prohibit the presence of extensions. For further information, see the [definition of modifier extensions](http://hl7.org/fhir/R4/extensibility.html#modifierExtension).","","","","","","","",,,,,"",,,,"BackboneElement.modifierExtension",0,*,"","ele-1:All FHIR elements must have a @value or children {hasValue() or (children().count() > id.count())}
ext-1:Must have either extensions or value[x], not both {extension.exists() != value.exists()}"
"updatepatientcontactinformation-request","updatepatientcontactinformation-request.editor.root","updatepatientcontactinformation-request.editor.root","","","",1,1,"","","","string {[]} {[]}
","root","root","","","","","","","","","",,,,,"",,,,"updatepatientcontactinformation-request.editor.root",1,1,"",""
"updatepatientcontactinformation-request","updatepatientcontactinformation-request.editor.iiExtension","updatepatientcontactinformation-request.editor.iiExtension","","","",0,1,"","","","string {[]} {[]}
","iiExtension","iiExtension Heter extension i schemat.","","","","","","","","","",,,,,"",,,,"updatepatientcontactinformation-request.editor.iiExtension",0,1,"",""
"updatepatientcontactinformation-request","updatepatientcontactinformation-request.patient","updatepatientcontactinformation-request.patient","","","",1,1,"","","","BackboneElement {[]} {[]}
","patient","person_ID : Nationell identifikation på personen. Dock ej reservnummer. kommentar : Övrig kontaktuppgift för patient. Fri text","","","","","","","","","",,,,,"",,,,"updatepatientcontactinformation-request.patient",1,1,"","ele-1:All FHIR elements must have a @value or children {hasValue() or (children().count() > id.count())}
"
"updatepatientcontactinformation-request","updatepatientcontactinformation-request.patient.id","updatepatientcontactinformation-request.patient.id","","","",0,1,"","","","string {[]} {[]}
","Unique id for inter-element referencing","Unique id for the element within a resource (for internal references). This may be any string value that does not contain spaces.","","","","","","","","","",,,,,"",,,,"Element.id",0,1,"",""
"updatepatientcontactinformation-request","updatepatientcontactinformation-request.patient.extension","updatepatientcontactinformation-request.patient.extension","","extensions
user content","",0,*,"","","","Extension {[]} {[]}
","Additional content defined by implementations","May be used to represent additional information that is not part of the basic definition of the element. To make the use of extensions safe and manageable, there is a strict set of governance  applied to the definition and use of extensions. Though any implementer can define an extension, there is a set of requirements that SHALL be met as part of the definition of the extension.","There can be no stigma associated with the use of extensions by any application, project, or standard - regardless of the institution or jurisdiction that uses or defines the extensions.  The use of extensions is what allows the FHIR specification to retain a core level of simplicity for everyone.","","","","","","","","",,,,,"","value:url}
","Extensions are always sliced by (at least) url",,"open","Element.extension",0,*,"","ele-1:All FHIR elements must have a @value or children {hasValue() or (children().count() > id.count())}
ext-1:Must have either extensions or value[x], not both {extension.exists() != value.exists()}"
"updatepatientcontactinformation-request","updatepatientcontactinformation-request.patient.modifierExtension","updatepatientcontactinformation-request.patient.modifierExtension","","extensions
user contentmodifiers","",0,*,"","Y","Y","Extension {[]} {[]}
","Extensions that cannot be ignored even if unrecognized","May be used to represent additional information that is not part of the basic definition of the element and that modifies the understanding of the element in which it is contained and/or the understanding of the containing element's descendants. Usually modifier elements provide negation or qualification. To make the use of extensions safe and manageable, there is a strict set of governance applied to the definition and use of extensions. Though any implementer can define an extension, there is a set of requirements that SHALL be met as part of the definition of the extension. Applications processing a resource are required to check for modifier extensions.

Modifier extensions SHALL NOT change the meaning of any elements on Resource or DomainResource (including cannot change the meaning of modifierExtension itself).","There can be no stigma associated with the use of extensions by any application, project, or standard - regardless of the institution or jurisdiction that uses or defines the extensions.  The use of extensions is what allows the FHIR specification to retain a core level of simplicity for everyone.","Modifier extensions allow for extensions that *cannot* be safely ignored to be clearly distinguished from the vast majority of extensions which can be safely ignored.  This promotes interoperability by eliminating the need for implementers to prohibit the presence of extensions. For further information, see the [definition of modifier extensions](http://hl7.org/fhir/R4/extensibility.html#modifierExtension).","","","","","","","",,,,,"",,,,"BackboneElement.modifierExtension",0,*,"","ele-1:All FHIR elements must have a @value or children {hasValue() or (children().count() > id.count())}
ext-1:Must have either extensions or value[x], not both {extension.exists() != value.exists()}"
"updatepatientcontactinformation-request","updatepatientcontactinformation-request.patient.patientId","updatepatientcontactinformation-request.patient.patientId","","","",1,1,"","","","BackboneElement {[]} {[]}
","patientId","patientId Heter id i schemat.","","","","","","","","","",,,,,"",,,,"updatepatientcontactinformation-request.patient.patientId",1,1,"","ele-1:All FHIR elements must have a @value or children {hasValue() or (children().count() > id.count())}
"
"updatepatientcontactinformation-request","updatepatientcontactinformation-request.patient.patientId.id","updatepatientcontactinformation-request.patient.patientId.id","","","",0,1,"","","","string {[]} {[]}
","Unique id for inter-element referencing","Unique id for the element within a resource (for internal references). This may be any string value that does not contain spaces.","","","","","","","","","",,,,,"",,,,"Element.id",0,1,"",""
"updatepatientcontactinformation-request","updatepatientcontactinformation-request.patient.patientId.extension","updatepatientcontactinformation-request.patient.patientId.extension","","extensions
user content","",0,*,"","","","Extension {[]} {[]}
","Additional content defined by implementations","May be used to represent additional information that is not part of the basic definition of the element. To make the use of extensions safe and manageable, there is a strict set of governance  applied to the definition and use of extensions. Though any implementer can define an extension, there is a set of requirements that SHALL be met as part of the definition of the extension.","There can be no stigma associated with the use of extensions by any application, project, or standard - regardless of the institution or jurisdiction that uses or defines the extensions.  The use of extensions is what allows the FHIR specification to retain a core level of simplicity for everyone.","","","","","","","","",,,,,"","value:url}
","Extensions are always sliced by (at least) url",,"open","Element.extension",0,*,"","ele-1:All FHIR elements must have a @value or children {hasValue() or (children().count() > id.count())}
ext-1:Must have either extensions or value[x], not both {extension.exists() != value.exists()}"
"updatepatientcontactinformation-request","updatepatientcontactinformation-request.patient.patientId.modifierExtension","updatepatientcontactinformation-request.patient.patientId.modifierExtension","","extensions
user contentmodifiers","",0,*,"","Y","Y","Extension {[]} {[]}
","Extensions that cannot be ignored even if unrecognized","May be used to represent additional information that is not part of the basic definition of the element and that modifies the understanding of the element in which it is contained and/or the understanding of the containing element's descendants. Usually modifier elements provide negation or qualification. To make the use of extensions safe and manageable, there is a strict set of governance applied to the definition and use of extensions. Though any implementer can define an extension, there is a set of requirements that SHALL be met as part of the definition of the extension. Applications processing a resource are required to check for modifier extensions.

Modifier extensions SHALL NOT change the meaning of any elements on Resource or DomainResource (including cannot change the meaning of modifierExtension itself).","There can be no stigma associated with the use of extensions by any application, project, or standard - regardless of the institution or jurisdiction that uses or defines the extensions.  The use of extensions is what allows the FHIR specification to retain a core level of simplicity for everyone.","Modifier extensions allow for extensions that *cannot* be safely ignored to be clearly distinguished from the vast majority of extensions which can be safely ignored.  This promotes interoperability by eliminating the need for implementers to prohibit the presence of extensions. For further information, see the [definition of modifier extensions](http://hl7.org/fhir/R4/extensibility.html#modifierExtension).","","","","","","","",,,,,"",,,,"BackboneElement.modifierExtension",0,*,"","ele-1:All FHIR elements must have a @value or children {hasValue() or (children().count() > id.count())}
ext-1:Must have either extensions or value[x], not both {extension.exists() != value.exists()}"
"updatepatientcontactinformation-request","updatepatientcontactinformation-request.patient.patientId.root","updatepatientcontactinformation-request.patient.patientId.root","","","",1,1,"","","","string {[]} {[]}
","root","root","","","","","","","","","",,,,,"",,,,"updatepatientcontactinformation-request.patient.patientId.root",1,1,"",""
"updatepatientcontactinformation-request","updatepatientcontactinformation-request.patient.patientId.iiExtension","updatepatientcontactinformation-request.patient.patientId.iiExtension","","","",0,1,"","","","string {[]} {[]}
","iiExtension","iiExtension Heter extension i schemat.","","","","","","","","","",,,,,"",,,,"updatepatientcontactinformation-request.patient.patientId.iiExtension",0,1,"",""
"updatepatientcontactinformation-request","updatepatientcontactinformation-request.patient.comment","updatepatientcontactinformation-request.patient.comment","","","",0,1,"","","","string {[]} {[]}
","comment","comment","","","","","","","","","",,,,,"",,,,"updatepatientcontactinformation-request.patient.comment",0,1,"",""
"updatepatientcontactinformation-request","updatepatientcontactinformation-request.contactInformation","updatepatientcontactinformation-request.contactInformation","","","",0,*,"","","","BackboneElement {[]} {[]}
","contactInformation","typ_av_telekom : Anger vilken typ av internet/telefoni-kommunikation som avses. Kodval ur kodverk med OID: 1.2.752.129.2.2.1.30 1 - Telefon - Användaren får välja mellan två svenska format: a) [riktnummer med inledande nolla] [följt av lokalt nummer] b) +46 [riktnummer utan inledande nolla][lokalt nummer] Tillåt blanktecken mellan grupper av siffror, samt minus (-) och slash (/) som separatorer emellan. 2 - Fax - Format som telefon ovan. 3 - Mobiltelefon - Format som telefon ovan. Dock endast riktnummer på 070, 072, 073 och 076 (mobiltelefoni), eller 010 (geografiskt oberoende tjänster). Detta enligt nu gällande nummerplan, som dock ändras på sikt. 4 - Personsökare - Format som telefon ovan. Dock endast riktnummer på 074 (personsökning). 5 - Epost - Defineras enligt RFC 5322 Internet message format !6! - !hemsida! - !Ska inte användas för detta tjänstekontrakt! För mer info, se definition av urn:riv:masterdata:citizen:patient:enums:1:TelecomTypeEnum typ_av_kontakt : Anger om tele- e-Kom adress t.ex. är privat eller till arbetet kv teleekomkontakttyp OID: 1.2.752.129.2.2.1.29 Exempel: privat, arbete För mer info, se definition av urn:riv:masterdata:citizen:patient:enums:1:ContactTypeEnum nummer_eller_elektronisk_adress : Tele-/Mobil-/Sökare-/Fax-nummer eller elektronisk adress kommentar : Övrig kontaktuppgift per telnr/email","","","","","","","","","",,,,,"",,,,"updatepatientcontactinformation-request.contactInformation",0,*,"","ele-1:All FHIR elements must have a @value or children {hasValue() or (children().count() > id.count())}
"
"updatepatientcontactinformation-request","updatepatientcontactinformation-request.contactInformation.id","updatepatientcontactinformation-request.contactInformation.id","","","",0,1,"","","","string {[]} {[]}
","Unique id for inter-element referencing","Unique id for the element within a resource (for internal references). This may be any string value that does not contain spaces.","","","","","","","","","",,,,,"",,,,"Element.id",0,1,"",""
"updatepatientcontactinformation-request","updatepatientcontactinformation-request.contactInformation.extension","updatepatientcontactinformation-request.contactInformation.extension","","extensions
user content","",0,*,"","","","Extension {[]} {[]}
","Additional content defined by implementations","May be used to represent additional information that is not part of the basic definition of the element. To make the use of extensions safe and manageable, there is a strict set of governance  applied to the definition and use of extensions. Though any implementer can define an extension, there is a set of requirements that SHALL be met as part of the definition of the extension.","There can be no stigma associated with the use of extensions by any application, project, or standard - regardless of the institution or jurisdiction that uses or defines the extensions.  The use of extensions is what allows the FHIR specification to retain a core level of simplicity for everyone.","","","","","","","","",,,,,"","value:url}
","Extensions are always sliced by (at least) url",,"open","Element.extension",0,*,"","ele-1:All FHIR elements must have a @value or children {hasValue() or (children().count() > id.count())}
ext-1:Must have either extensions or value[x], not both {extension.exists() != value.exists()}"
"updatepatientcontactinformation-request","updatepatientcontactinformation-request.contactInformation.modifierExtension","updatepatientcontactinformation-request.contactInformation.modifierExtension","","extensions
user contentmodifiers","",0,*,"","Y","Y","Extension {[]} {[]}
","Extensions that cannot be ignored even if unrecognized","May be used to represent additional information that is not part of the basic definition of the element and that modifies the understanding of the element in which it is contained and/or the understanding of the containing element's descendants. Usually modifier elements provide negation or qualification. To make the use of extensions safe and manageable, there is a strict set of governance applied to the definition and use of extensions. Though any implementer can define an extension, there is a set of requirements that SHALL be met as part of the definition of the extension. Applications processing a resource are required to check for modifier extensions.

Modifier extensions SHALL NOT change the meaning of any elements on Resource or DomainResource (including cannot change the meaning of modifierExtension itself).","There can be no stigma associated with the use of extensions by any application, project, or standard - regardless of the institution or jurisdiction that uses or defines the extensions.  The use of extensions is what allows the FHIR specification to retain a core level of simplicity for everyone.","Modifier extensions allow for extensions that *cannot* be safely ignored to be clearly distinguished from the vast majority of extensions which can be safely ignored.  This promotes interoperability by eliminating the need for implementers to prohibit the presence of extensions. For further information, see the [definition of modifier extensions](http://hl7.org/fhir/R4/extensibility.html#modifierExtension).","","","","","","","",,,,,"",,,,"BackboneElement.modifierExtension",0,*,"","ele-1:All FHIR elements must have a @value or children {hasValue() or (children().count() > id.count())}
ext-1:Must have either extensions or value[x], not both {extension.exists() != value.exists()}"
"updatepatientcontactinformation-request","updatepatientcontactinformation-request.contactInformation.telecomType","updatepatientcontactinformation-request.contactInformation.telecomType","","","",1,1,"","","","code {[]} {[]}
","telecomType","telecomType","","","","","","","","","",,"required","","https://fhir.inera.se/ig/masterdata-citizen-patient/ValueSet/masterdata-citizen-patient-typeoftelecompatient-vs","",,,,"updatepatientcontactinformation-request.contactInformation.telecomType",1,1,"",""
"updatepatientcontactinformation-request","updatepatientcontactinformation-request.contactInformation.contactType","updatepatientcontactinformation-request.contactInformation.contactType","","","",0,1,"","","","code {[]} {[]}
","contactType","contactType","","","","","","","","","",,"required","","https://fhir.inera.se/ig/masterdata-citizen-patient/ValueSet/masterdata-citizen-patient-typeofcontact-vs","",,,,"updatepatientcontactinformation-request.contactInformation.contactType",0,1,"",""
"updatepatientcontactinformation-request","updatepatientcontactinformation-request.contactInformation.numberOrElectronicalAddress","updatepatientcontactinformation-request.contactInformation.numberOrElectronicalAddress","","","",1,1,"","","","string {[]} {[]}
","numberOrElectronicalAddress","numberOrElectronicalAddress","","","","","","","","","",,,,,"",,,,"updatepatientcontactinformation-request.contactInformation.numberOrElectronicalAddress",1,1,"",""
"updatepatientcontactinformation-request","updatepatientcontactinformation-request.contactInformation.comment","updatepatientcontactinformation-request.contactInformation.comment","","","",0,1,"","","","string {[]} {[]}
","comment","comment","","","","","","","","","",,,,,"",,,,"updatepatientcontactinformation-request.contactInformation.comment",0,1,"",""
"updatepatientcontactinformation-request","updatepatientcontactinformation-request.contactInformation.otherContactInfo","updatepatientcontactinformation-request.contactInformation.otherContactInfo","","","",0,1,"","","","BackboneElement {[]} {[]}
","otherContactInfo","completingContactInfo: Fri text Kompletterande information som inte går att notera i strukturerat format.","","","","","","","","","",,,,,"",,,,"updatepatientcontactinformation-request.contactInformation.otherContactInfo",0,1,"","ele-1:All FHIR elements must have a @value or children {hasValue() or (children().count() > id.count())}
"
"updatepatientcontactinformation-request","updatepatientcontactinformation-request.contactInformation.otherContactInfo.id","updatepatientcontactinformation-request.contactInformation.otherContactInfo.id","","","",0,1,"","","","string {[]} {[]}
","Unique id for inter-element referencing","Unique id for the element within a resource (for internal references). This may be any string value that does not contain spaces.","","","","","","","","","",,,,,"",,,,"Element.id",0,1,"",""
"updatepatientcontactinformation-request","updatepatientcontactinformation-request.contactInformation.otherContactInfo.extension","updatepatientcontactinformation-request.contactInformation.otherContactInfo.extension","","extensions
user content","",0,*,"","","","Extension {[]} {[]}
","Additional content defined by implementations","May be used to represent additional information that is not part of the basic definition of the element. To make the use of extensions safe and manageable, there is a strict set of governance  applied to the definition and use of extensions. Though any implementer can define an extension, there is a set of requirements that SHALL be met as part of the definition of the extension.","There can be no stigma associated with the use of extensions by any application, project, or standard - regardless of the institution or jurisdiction that uses or defines the extensions.  The use of extensions is what allows the FHIR specification to retain a core level of simplicity for everyone.","","","","","","","","",,,,,"","value:url}
","Extensions are always sliced by (at least) url",,"open","Element.extension",0,*,"","ele-1:All FHIR elements must have a @value or children {hasValue() or (children().count() > id.count())}
ext-1:Must have either extensions or value[x], not both {extension.exists() != value.exists()}"
"updatepatientcontactinformation-request","updatepatientcontactinformation-request.contactInformation.otherContactInfo.modifierExtension","updatepatientcontactinformation-request.contactInformation.otherContactInfo.modifierExtension","","extensions
user contentmodifiers","",0,*,"","Y","Y","Extension {[]} {[]}
","Extensions that cannot be ignored even if unrecognized","May be used to represent additional information that is not part of the basic definition of the element and that modifies the understanding of the element in which it is contained and/or the understanding of the containing element's descendants. Usually modifier elements provide negation or qualification. To make the use of extensions safe and manageable, there is a strict set of governance applied to the definition and use of extensions. Though any implementer can define an extension, there is a set of requirements that SHALL be met as part of the definition of the extension. Applications processing a resource are required to check for modifier extensions.

Modifier extensions SHALL NOT change the meaning of any elements on Resource or DomainResource (including cannot change the meaning of modifierExtension itself).","There can be no stigma associated with the use of extensions by any application, project, or standard - regardless of the institution or jurisdiction that uses or defines the extensions.  The use of extensions is what allows the FHIR specification to retain a core level of simplicity for everyone.","Modifier extensions allow for extensions that *cannot* be safely ignored to be clearly distinguished from the vast majority of extensions which can be safely ignored.  This promotes interoperability by eliminating the need for implementers to prohibit the presence of extensions. For further information, see the [definition of modifier extensions](http://hl7.org/fhir/R4/extensibility.html#modifierExtension).","","","","","","","",,,,,"",,,,"BackboneElement.modifierExtension",0,*,"","ele-1:All FHIR elements must have a @value or children {hasValue() or (children().count() > id.count())}
ext-1:Must have either extensions or value[x], not both {extension.exists() != value.exists()}"
"updatepatientcontactinformation-request","updatepatientcontactinformation-request.contactInformation.otherContactInfo.completingContactInfo","updatepatientcontactinformation-request.contactInformation.otherContactInfo.completingContactInfo","","","",1,1,"","","","string {[]} {[]}
","completingContactInfo","completingContactInfo","","","","","","","","","",,,,,"",,,,"updatepatientcontactinformation-request.contactInformation.otherContactInfo.completingContactInfo",1,1,"",""
"updatepatientcontactinformation-request","updatepatientcontactinformation-request.contactPerson","updatepatientcontactinformation-request.contactPerson","","","",0,*,"","","","BackboneElement {[]} {[]}
","contactPerson","Kontaktperson relationType : Val av kategori(OID), och inom denna val av kod. (När OID för kodverk ”relationskategori” fastställs, så kan även den nyttjas för att erbjuda alternativet: kod=4, klartext=”Annan”) kv närståenderelation OID: 1.2.752.129.2.2.1.8 kv släktrelation OID: 1.2.752.129.2.2.1.24 kv företrädare OID: 1.2.752.129.2.2.1.23 rangordning : Ordningsnummer enligt patienten. Från 1 och uppåt sekventiellt. Övrig kontaktinformation: ... Från Kontaktperson med person-data förnamn: SKV 717, men förenklat här. efternamn: SKV 717, men förenklat här. kontaktperson_adresser: Lista med kontaktpersonens post-/besöks-adresser. (Tjänsteprotokollet är förenklat till max en adress för kontaktperson.) kontaktperson_telefon_lista: Nummer som kontaktpersonen är nåbar på. Kan vara privat telefonnummer eller arbetsnummer. kommentar: Övrig kontaktuppgift (?) för kontaktperson. Fri text giltighetstid: Tidsperiod för när aktuell relation till patienten gäller, både start och slutdatum ingår i intervallet. (Format ÅÅÅÅMMDD) får kontaktas: Anger om person eller enhet får lov att kontaktas kontakttid: Anger eventuella telefontider eller dyl då kontakt kan göras","","","","","","","","","",,,,,"",,,,"updatepatientcontactinformation-request.contactPerson",0,*,"","ele-1:All FHIR elements must have a @value or children {hasValue() or (children().count() > id.count())}
"
"updatepatientcontactinformation-request","updatepatientcontactinformation-request.contactPerson.id","updatepatientcontactinformation-request.contactPerson.id","","","",0,1,"","","","string {[]} {[]}
","Unique id for inter-element referencing","Unique id for the element within a resource (for internal references). This may be any string value that does not contain spaces.","","","","","","","","","",,,,,"",,,,"Element.id",0,1,"",""
"updatepatientcontactinformation-request","updatepatientcontactinformation-request.contactPerson.extension","updatepatientcontactinformation-request.contactPerson.extension","","extensions
user content","",0,*,"","","","Extension {[]} {[]}
","Additional content defined by implementations","May be used to represent additional information that is not part of the basic definition of the element. To make the use of extensions safe and manageable, there is a strict set of governance  applied to the definition and use of extensions. Though any implementer can define an extension, there is a set of requirements that SHALL be met as part of the definition of the extension.","There can be no stigma associated with the use of extensions by any application, project, or standard - regardless of the institution or jurisdiction that uses or defines the extensions.  The use of extensions is what allows the FHIR specification to retain a core level of simplicity for everyone.","","","","","","","","",,,,,"","value:url}
","Extensions are always sliced by (at least) url",,"open","Element.extension",0,*,"","ele-1:All FHIR elements must have a @value or children {hasValue() or (children().count() > id.count())}
ext-1:Must have either extensions or value[x], not both {extension.exists() != value.exists()}"
"updatepatientcontactinformation-request","updatepatientcontactinformation-request.contactPerson.modifierExtension","updatepatientcontactinformation-request.contactPerson.modifierExtension","","extensions
user contentmodifiers","",0,*,"","Y","Y","Extension {[]} {[]}
","Extensions that cannot be ignored even if unrecognized","May be used to represent additional information that is not part of the basic definition of the element and that modifies the understanding of the element in which it is contained and/or the understanding of the containing element's descendants. Usually modifier elements provide negation or qualification. To make the use of extensions safe and manageable, there is a strict set of governance applied to the definition and use of extensions. Though any implementer can define an extension, there is a set of requirements that SHALL be met as part of the definition of the extension. Applications processing a resource are required to check for modifier extensions.

Modifier extensions SHALL NOT change the meaning of any elements on Resource or DomainResource (including cannot change the meaning of modifierExtension itself).","There can be no stigma associated with the use of extensions by any application, project, or standard - regardless of the institution or jurisdiction that uses or defines the extensions.  The use of extensions is what allows the FHIR specification to retain a core level of simplicity for everyone.","Modifier extensions allow for extensions that *cannot* be safely ignored to be clearly distinguished from the vast majority of extensions which can be safely ignored.  This promotes interoperability by eliminating the need for implementers to prohibit the presence of extensions. For further information, see the [definition of modifier extensions](http://hl7.org/fhir/R4/extensibility.html#modifierExtension).","","","","","","","",,,,,"",,,,"BackboneElement.modifierExtension",0,*,"","ele-1:All FHIR elements must have a @value or children {hasValue() or (children().count() > id.count())}
ext-1:Must have either extensions or value[x], not both {extension.exists() != value.exists()}"
"updatepatientcontactinformation-request","updatepatientcontactinformation-request.contactPerson.relationType","updatepatientcontactinformation-request.contactPerson.relationType","","","",1,1,"","","","BackboneElement {[]} {[]}
","relationType","codeSystem: Släkt relation (OID 1.2.752.129.2.2.1.24) Närstående relation (OID 1.2.752.129.2.2.1.8) Företrädare (OID 1.2.752.129.2.2.1.23) code: Any code valid in the given codeSystem, for more info see urn:riv:masterdata:citizen:patient:enums:1:TypeOfRelativeEnum urn:riv:masterdata:citizen:patient:enums:1:TypeOfCloseRelationEnum urn:riv:masterdata:citizen:patient:enums:1:TypeOfRepresentativeEnum","","","","","","","","","",,,,,"",,,,"updatepatientcontactinformation-request.contactPerson.relationType",1,1,"","ele-1:All FHIR elements must have a @value or children {hasValue() or (children().count() > id.count())}
"
"updatepatientcontactinformation-request","updatepatientcontactinformation-request.contactPerson.relationType.id","updatepatientcontactinformation-request.contactPerson.relationType.id","","","",0,1,"","","","string {[]} {[]}
","Unique id for inter-element referencing","Unique id for the element within a resource (for internal references). This may be any string value that does not contain spaces.","","","","","","","","","",,,,,"",,,,"Element.id",0,1,"",""
"updatepatientcontactinformation-request","updatepatientcontactinformation-request.contactPerson.relationType.extension","updatepatientcontactinformation-request.contactPerson.relationType.extension","","extensions
user content","",0,*,"","","","Extension {[]} {[]}
","Additional content defined by implementations","May be used to represent additional information that is not part of the basic definition of the element. To make the use of extensions safe and manageable, there is a strict set of governance  applied to the definition and use of extensions. Though any implementer can define an extension, there is a set of requirements that SHALL be met as part of the definition of the extension.","There can be no stigma associated with the use of extensions by any application, project, or standard - regardless of the institution or jurisdiction that uses or defines the extensions.  The use of extensions is what allows the FHIR specification to retain a core level of simplicity for everyone.","","","","","","","","",,,,,"","value:url}
","Extensions are always sliced by (at least) url",,"open","Element.extension",0,*,"","ele-1:All FHIR elements must have a @value or children {hasValue() or (children().count() > id.count())}
ext-1:Must have either extensions or value[x], not both {extension.exists() != value.exists()}"
"updatepatientcontactinformation-request","updatepatientcontactinformation-request.contactPerson.relationType.modifierExtension","updatepatientcontactinformation-request.contactPerson.relationType.modifierExtension","","extensions
user contentmodifiers","",0,*,"","Y","Y","Extension {[]} {[]}
","Extensions that cannot be ignored even if unrecognized","May be used to represent additional information that is not part of the basic definition of the element and that modifies the understanding of the element in which it is contained and/or the understanding of the containing element's descendants. Usually modifier elements provide negation or qualification. To make the use of extensions safe and manageable, there is a strict set of governance applied to the definition and use of extensions. Though any implementer can define an extension, there is a set of requirements that SHALL be met as part of the definition of the extension. Applications processing a resource are required to check for modifier extensions.

Modifier extensions SHALL NOT change the meaning of any elements on Resource or DomainResource (including cannot change the meaning of modifierExtension itself).","There can be no stigma associated with the use of extensions by any application, project, or standard - regardless of the institution or jurisdiction that uses or defines the extensions.  The use of extensions is what allows the FHIR specification to retain a core level of simplicity for everyone.","Modifier extensions allow for extensions that *cannot* be safely ignored to be clearly distinguished from the vast majority of extensions which can be safely ignored.  This promotes interoperability by eliminating the need for implementers to prohibit the presence of extensions. For further information, see the [definition of modifier extensions](http://hl7.org/fhir/R4/extensibility.html#modifierExtension).","","","","","","","",,,,,"",,,,"BackboneElement.modifierExtension",0,*,"","ele-1:All FHIR elements must have a @value or children {hasValue() or (children().count() > id.count())}
ext-1:Must have either extensions or value[x], not both {extension.exists() != value.exists()}"
"updatepatientcontactinformation-request","updatepatientcontactinformation-request.contactPerson.relationType.contactRelationCode","updatepatientcontactinformation-request.contactPerson.relationType.contactRelationCode","","","",1,1,"","","","string {[]} {[]}
","contactRelationCode","Union av kodverken TypeOfRelativeEnum, TypeOfCloseRelationEnum, TypeOfRepresentativeEnum. Heter code i schemat.","","","","","","","","","",,,,,"",,,,"updatepatientcontactinformation-request.contactPerson.relationType.contactRelationCode",1,1,"",""
"updatepatientcontactinformation-request","updatepatientcontactinformation-request.contactPerson.relationType.codeSystem","updatepatientcontactinformation-request.contactPerson.relationType.codeSystem","","","",1,1,"","","","code {[]} {[]}
","codeSystem","codeSystem","","","","","","","","","",,"required","","https://fhir.inera.se/ig/masterdata-citizen-patient/ValueSet/masterdata-citizen-patient-typeofcontactrelationcodesystem-vs","",,,,"updatepatientcontactinformation-request.contactPerson.relationType.codeSystem",1,1,"",""
"updatepatientcontactinformation-request","updatepatientcontactinformation-request.contactPerson.rank","updatepatientcontactinformation-request.contactPerson.rank","","","",1,1,"","","","integer {[]} {[]}
","rank","rank","","","","","","","","","",,,,,"",,,,"updatepatientcontactinformation-request.contactPerson.rank",1,1,"",""
"updatepatientcontactinformation-request","updatepatientcontactinformation-request.contactPerson.otherContactInfo","updatepatientcontactinformation-request.contactPerson.otherContactInfo","","","",0,1,"","","","BackboneElement {[]} {[]}
","otherContactInfo","completingContactInfo: Fri text Kompletterande information som inte går att notera i strukturerat format.","","","","","","","","","",,,,,"",,,,"updatepatientcontactinformation-request.contactPerson.otherContactInfo",0,1,"","ele-1:All FHIR elements must have a @value or children {hasValue() or (children().count() > id.count())}
"
"updatepatientcontactinformation-request","updatepatientcontactinformation-request.contactPerson.otherContactInfo.id","updatepatientcontactinformation-request.contactPerson.otherContactInfo.id","","","",0,1,"","","","string {[]} {[]}
","Unique id for inter-element referencing","Unique id for the element within a resource (for internal references). This may be any string value that does not contain spaces.","","","","","","","","","",,,,,"",,,,"Element.id",0,1,"",""
"updatepatientcontactinformation-request","updatepatientcontactinformation-request.contactPerson.otherContactInfo.extension","updatepatientcontactinformation-request.contactPerson.otherContactInfo.extension","","extensions
user content","",0,*,"","","","Extension {[]} {[]}
","Additional content defined by implementations","May be used to represent additional information that is not part of the basic definition of the element. To make the use of extensions safe and manageable, there is a strict set of governance  applied to the definition and use of extensions. Though any implementer can define an extension, there is a set of requirements that SHALL be met as part of the definition of the extension.","There can be no stigma associated with the use of extensions by any application, project, or standard - regardless of the institution or jurisdiction that uses or defines the extensions.  The use of extensions is what allows the FHIR specification to retain a core level of simplicity for everyone.","","","","","","","","",,,,,"","value:url}
","Extensions are always sliced by (at least) url",,"open","Element.extension",0,*,"","ele-1:All FHIR elements must have a @value or children {hasValue() or (children().count() > id.count())}
ext-1:Must have either extensions or value[x], not both {extension.exists() != value.exists()}"
"updatepatientcontactinformation-request","updatepatientcontactinformation-request.contactPerson.otherContactInfo.modifierExtension","updatepatientcontactinformation-request.contactPerson.otherContactInfo.modifierExtension","","extensions
user contentmodifiers","",0,*,"","Y","Y","Extension {[]} {[]}
","Extensions that cannot be ignored even if unrecognized","May be used to represent additional information that is not part of the basic definition of the element and that modifies the understanding of the element in which it is contained and/or the understanding of the containing element's descendants. Usually modifier elements provide negation or qualification. To make the use of extensions safe and manageable, there is a strict set of governance applied to the definition and use of extensions. Though any implementer can define an extension, there is a set of requirements that SHALL be met as part of the definition of the extension. Applications processing a resource are required to check for modifier extensions.

Modifier extensions SHALL NOT change the meaning of any elements on Resource or DomainResource (including cannot change the meaning of modifierExtension itself).","There can be no stigma associated with the use of extensions by any application, project, or standard - regardless of the institution or jurisdiction that uses or defines the extensions.  The use of extensions is what allows the FHIR specification to retain a core level of simplicity for everyone.","Modifier extensions allow for extensions that *cannot* be safely ignored to be clearly distinguished from the vast majority of extensions which can be safely ignored.  This promotes interoperability by eliminating the need for implementers to prohibit the presence of extensions. For further information, see the [definition of modifier extensions](http://hl7.org/fhir/R4/extensibility.html#modifierExtension).","","","","","","","",,,,,"",,,,"BackboneElement.modifierExtension",0,*,"","ele-1:All FHIR elements must have a @value or children {hasValue() or (children().count() > id.count())}
ext-1:Must have either extensions or value[x], not both {extension.exists() != value.exists()}"
"updatepatientcontactinformation-request","updatepatientcontactinformation-request.contactPerson.otherContactInfo.completingContactInfo","updatepatientcontactinformation-request.contactPerson.otherContactInfo.completingContactInfo","","","",1,1,"","","","string {[]} {[]}
","completingContactInfo","completingContactInfo","","","","","","","","","",,,,,"",,,,"updatepatientcontactinformation-request.contactPerson.otherContactInfo.completingContactInfo",1,1,"",""
"updatepatientcontactinformation-request","updatepatientcontactinformation-request.contactPerson.firstName","updatepatientcontactinformation-request.contactPerson.firstName","","","",1,1,"","","","string {[]} {[]}
","firstName","firstName","","","","","","","","","",,,,,"",,,,"updatepatientcontactinformation-request.contactPerson.firstName",1,1,"",""
"updatepatientcontactinformation-request","updatepatientcontactinformation-request.contactPerson.lastName","updatepatientcontactinformation-request.contactPerson.lastName","","","",1,1,"","","","string {[]} {[]}
","lastName","lastName","","","","","","","","","",,,,,"",,,,"updatepatientcontactinformation-request.contactPerson.lastName",1,1,"",""
"updatepatientcontactinformation-request","updatepatientcontactinformation-request.contactPerson.contactPersonAddress","updatepatientcontactinformation-request.contactPerson.contactPersonAddress","","","",0,1,"","","","BackboneElement {[]} {[]}
","contactPersonAddress","Enstaka adress som ingår i adresslista Adress standarden SS 6134 01 (RIV/VTIM 2.2 har fler adressrader än vad som förekommer för svenska adress format i ref 8, samt ref 9.) I första version av tjänstekontrakt är adressformat rejält förenklat för kontaktpersons adress. co : T ex c/o Malte Lindeman adress_1 : Gatunamn och nr, eller box adress postnummer : NNN NN postort : Stad eller motsvarande","","","","","","","","","",,,,,"",,,,"updatepatientcontactinformation-request.contactPerson.contactPersonAddress",0,1,"","ele-1:All FHIR elements must have a @value or children {hasValue() or (children().count() > id.count())}
"
"updatepatientcontactinformation-request","updatepatientcontactinformation-request.contactPerson.contactPersonAddress.id","updatepatientcontactinformation-request.contactPerson.contactPersonAddress.id","","","",0,1,"","","","string {[]} {[]}
","Unique id for inter-element referencing","Unique id for the element within a resource (for internal references). This may be any string value that does not contain spaces.","","","","","","","","","",,,,,"",,,,"Element.id",0,1,"",""
"updatepatientcontactinformation-request","updatepatientcontactinformation-request.contactPerson.contactPersonAddress.extension","updatepatientcontactinformation-request.contactPerson.contactPersonAddress.extension","","extensions
user content","",0,*,"","","","Extension {[]} {[]}
","Additional content defined by implementations","May be used to represent additional information that is not part of the basic definition of the element. To make the use of extensions safe and manageable, there is a strict set of governance  applied to the definition and use of extensions. Though any implementer can define an extension, there is a set of requirements that SHALL be met as part of the definition of the extension.","There can be no stigma associated with the use of extensions by any application, project, or standard - regardless of the institution or jurisdiction that uses or defines the extensions.  The use of extensions is what allows the FHIR specification to retain a core level of simplicity for everyone.","","","","","","","","",,,,,"","value:url}
","Extensions are always sliced by (at least) url",,"open","Element.extension",0,*,"","ele-1:All FHIR elements must have a @value or children {hasValue() or (children().count() > id.count())}
ext-1:Must have either extensions or value[x], not both {extension.exists() != value.exists()}"
"updatepatientcontactinformation-request","updatepatientcontactinformation-request.contactPerson.contactPersonAddress.modifierExtension","updatepatientcontactinformation-request.contactPerson.contactPersonAddress.modifierExtension","","extensions
user contentmodifiers","",0,*,"","Y","Y","Extension {[]} {[]}
","Extensions that cannot be ignored even if unrecognized","May be used to represent additional information that is not part of the basic definition of the element and that modifies the understanding of the element in which it is contained and/or the understanding of the containing element's descendants. Usually modifier elements provide negation or qualification. To make the use of extensions safe and manageable, there is a strict set of governance applied to the definition and use of extensions. Though any implementer can define an extension, there is a set of requirements that SHALL be met as part of the definition of the extension. Applications processing a resource are required to check for modifier extensions.

Modifier extensions SHALL NOT change the meaning of any elements on Resource or DomainResource (including cannot change the meaning of modifierExtension itself).","There can be no stigma associated with the use of extensions by any application, project, or standard - regardless of the institution or jurisdiction that uses or defines the extensions.  The use of extensions is what allows the FHIR specification to retain a core level of simplicity for everyone.","Modifier extensions allow for extensions that *cannot* be safely ignored to be clearly distinguished from the vast majority of extensions which can be safely ignored.  This promotes interoperability by eliminating the need for implementers to prohibit the presence of extensions. For further information, see the [definition of modifier extensions](http://hl7.org/fhir/R4/extensibility.html#modifierExtension).","","","","","","","",,,,,"",,,,"BackboneElement.modifierExtension",0,*,"","ele-1:All FHIR elements must have a @value or children {hasValue() or (children().count() > id.count())}
ext-1:Must have either extensions or value[x], not both {extension.exists() != value.exists()}"
"updatepatientcontactinformation-request","updatepatientcontactinformation-request.contactPerson.contactPersonAddress.co","updatepatientcontactinformation-request.contactPerson.contactPersonAddress.co","","","",0,1,"","","","string {[]} {[]}
","co","co","","","","","","","","","",,,,,"",,,,"updatepatientcontactinformation-request.contactPerson.contactPersonAddress.co",0,1,"",""
"updatepatientcontactinformation-request","updatepatientcontactinformation-request.contactPerson.contactPersonAddress.address","updatepatientcontactinformation-request.contactPerson.contactPersonAddress.address","","","",1,1,"","","","string {[]} {[]}
","address","address","","","","","","","","","",,,,,"",,,,"updatepatientcontactinformation-request.contactPerson.contactPersonAddress.address",1,1,"",""
"updatepatientcontactinformation-request","updatepatientcontactinformation-request.contactPerson.contactPersonAddress.zipCode","updatepatientcontactinformation-request.contactPerson.contactPersonAddress.zipCode","","","",1,1,"","","","string {[]} {[]}
","zipCode","zipCode","","","","","","","","","",,,,,"",,,,"updatepatientcontactinformation-request.contactPerson.contactPersonAddress.zipCode",1,1,"",""
"updatepatientcontactinformation-request","updatepatientcontactinformation-request.contactPerson.contactPersonAddress.city","updatepatientcontactinformation-request.contactPerson.contactPersonAddress.city","","","",1,1,"","","","string {[]} {[]}
","city","city","","","","","","","","","",,,,,"",,,,"updatepatientcontactinformation-request.contactPerson.contactPersonAddress.city",1,1,"",""
"updatepatientcontactinformation-request","updatepatientcontactinformation-request.contactPerson.contactInformation","updatepatientcontactinformation-request.contactPerson.contactInformation","","","",0,*,"","","","BackboneElement {[]} {[]}
","contactInformation","Kontaktpersonens telefonnummer typ_av_telekom : Anger vilken typ av telefonikommunikation som avses. Kodval ur kodverk med OID: 1.2.752.129.2.2.1.30 1 - Telefon - Användaren får välja mellan två svenska format: a) [riktnummer med inledande nolla] [följt av lokalt nummer] b) +46 [riktnummer utan inledande nolla][lokalt nummer] Tillåt blanktecken mellan grupper av siffror, samt minus (-) och slash (/) som separatorer emellan. 2 - Fax - Format som telefon ovan. 3 - Mobiltelefon - Format som telefon ovan. Dock endast riktnummer på 070, 072, 073 och 076 (mobiltelefoni), eller 010 (geografiskt oberoende tjänster). Detta enligt nu gällande nummerplan, som dock ändras på sikt. 4 - Personsökare - Format som telefon ovan. Dock endast riktnummer på 074 (personsökning). !5! - !Epost! - !SKA INTE ANVÄNDAS FÖR KONTAKTPERSONER! !6! - !hemsida! - !Ska inte användas för detta tjänstekontrakt! För mer info, se definition av urn:riv:masterdata:citizen:patient:enums:1:TelecomTypeEnum typ_av_kontakt : Anger om telefonnummer t.ex. är privat eller till arbetet kv tele ekomkontakttyp OID: 1.2.752.129.2.2.1.29 Exempel: privat, arbete För mer info, se definition av urn:riv:masterdata:citizen:patient:enums:1:ContactTypeEnum nummer : Tele-/Mobil-/Sökare-/Fax-nummer kommentar : Övrig kontaktuppgift per telnr/email","","","","","","","","","",,,,,"",,,,"updatepatientcontactinformation-request.contactPerson.contactInformation",0,*,"","ele-1:All FHIR elements must have a @value or children {hasValue() or (children().count() > id.count())}
"
"updatepatientcontactinformation-request","updatepatientcontactinformation-request.contactPerson.contactInformation.id","updatepatientcontactinformation-request.contactPerson.contactInformation.id","","","",0,1,"","","","string {[]} {[]}
","Unique id for inter-element referencing","Unique id for the element within a resource (for internal references). This may be any string value that does not contain spaces.","","","","","","","","","",,,,,"",,,,"Element.id",0,1,"",""
"updatepatientcontactinformation-request","updatepatientcontactinformation-request.contactPerson.contactInformation.extension","updatepatientcontactinformation-request.contactPerson.contactInformation.extension","","extensions
user content","",0,*,"","","","Extension {[]} {[]}
","Additional content defined by implementations","May be used to represent additional information that is not part of the basic definition of the element. To make the use of extensions safe and manageable, there is a strict set of governance  applied to the definition and use of extensions. Though any implementer can define an extension, there is a set of requirements that SHALL be met as part of the definition of the extension.","There can be no stigma associated with the use of extensions by any application, project, or standard - regardless of the institution or jurisdiction that uses or defines the extensions.  The use of extensions is what allows the FHIR specification to retain a core level of simplicity for everyone.","","","","","","","","",,,,,"","value:url}
","Extensions are always sliced by (at least) url",,"open","Element.extension",0,*,"","ele-1:All FHIR elements must have a @value or children {hasValue() or (children().count() > id.count())}
ext-1:Must have either extensions or value[x], not both {extension.exists() != value.exists()}"
"updatepatientcontactinformation-request","updatepatientcontactinformation-request.contactPerson.contactInformation.modifierExtension","updatepatientcontactinformation-request.contactPerson.contactInformation.modifierExtension","","extensions
user contentmodifiers","",0,*,"","Y","Y","Extension {[]} {[]}
","Extensions that cannot be ignored even if unrecognized","May be used to represent additional information that is not part of the basic definition of the element and that modifies the understanding of the element in which it is contained and/or the understanding of the containing element's descendants. Usually modifier elements provide negation or qualification. To make the use of extensions safe and manageable, there is a strict set of governance applied to the definition and use of extensions. Though any implementer can define an extension, there is a set of requirements that SHALL be met as part of the definition of the extension. Applications processing a resource are required to check for modifier extensions.

Modifier extensions SHALL NOT change the meaning of any elements on Resource or DomainResource (including cannot change the meaning of modifierExtension itself).","There can be no stigma associated with the use of extensions by any application, project, or standard - regardless of the institution or jurisdiction that uses or defines the extensions.  The use of extensions is what allows the FHIR specification to retain a core level of simplicity for everyone.","Modifier extensions allow for extensions that *cannot* be safely ignored to be clearly distinguished from the vast majority of extensions which can be safely ignored.  This promotes interoperability by eliminating the need for implementers to prohibit the presence of extensions. For further information, see the [definition of modifier extensions](http://hl7.org/fhir/R4/extensibility.html#modifierExtension).","","","","","","","",,,,,"",,,,"BackboneElement.modifierExtension",0,*,"","ele-1:All FHIR elements must have a @value or children {hasValue() or (children().count() > id.count())}
ext-1:Must have either extensions or value[x], not both {extension.exists() != value.exists()}"
"updatepatientcontactinformation-request","updatepatientcontactinformation-request.contactPerson.contactInformation.telecomType","updatepatientcontactinformation-request.contactPerson.contactInformation.telecomType","","","",1,1,"","","","code {[]} {[]}
","telecomType","telecomType","","","","","","","","","",,"required","","https://fhir.inera.se/ig/masterdata-citizen-patient/ValueSet/masterdata-citizen-patient-typeoftelecomcontactperson-vs","",,,,"updatepatientcontactinformation-request.contactPerson.contactInformation.telecomType",1,1,"",""
"updatepatientcontactinformation-request","updatepatientcontactinformation-request.contactPerson.contactInformation.contactType","updatepatientcontactinformation-request.contactPerson.contactInformation.contactType","","","",0,1,"","","","code {[]} {[]}
","contactType","contactType","","","","","","","","","",,"required","","https://fhir.inera.se/ig/masterdata-citizen-patient/ValueSet/masterdata-citizen-patient-typeofcontact-vs","",,,,"updatepatientcontactinformation-request.contactPerson.contactInformation.contactType",0,1,"",""
"updatepatientcontactinformation-request","updatepatientcontactinformation-request.contactPerson.contactInformation.numberOrElectronicalAddress","updatepatientcontactinformation-request.contactPerson.contactInformation.numberOrElectronicalAddress","","","",1,1,"","","","string {[]} {[]}
","numberOrElectronicalAddress","numberOrElectronicalAddress","","","","","","","","","",,,,,"",,,,"updatepatientcontactinformation-request.contactPerson.contactInformation.numberOrElectronicalAddress",1,1,"",""
"updatepatientcontactinformation-request","updatepatientcontactinformation-request.contactPerson.contactInformation.comment","updatepatientcontactinformation-request.contactPerson.contactInformation.comment","","","",0,1,"","","","string {[]} {[]}
","comment","comment","","","","","","","","","",,,,,"",,,,"updatepatientcontactinformation-request.contactPerson.contactInformation.comment",0,1,"",""
"updatepatientcontactinformation-request","updatepatientcontactinformation-request.contactPerson.contactInformation.otherContactInfo","updatepatientcontactinformation-request.contactPerson.contactInformation.otherContactInfo","","","",0,1,"","","","BackboneElement {[]} {[]}
","otherContactInfo","completingContactInfo: Fri text Kompletterande information som inte går att notera i strukturerat format.","","","","","","","","","",,,,,"",,,,"updatepatientcontactinformation-request.contactPerson.contactInformation.otherContactInfo",0,1,"","ele-1:All FHIR elements must have a @value or children {hasValue() or (children().count() > id.count())}
"
"updatepatientcontactinformation-request","updatepatientcontactinformation-request.contactPerson.contactInformation.otherContactInfo.id","updatepatientcontactinformation-request.contactPerson.contactInformation.otherContactInfo.id","","","",0,1,"","","","string {[]} {[]}
","Unique id for inter-element referencing","Unique id for the element within a resource (for internal references). This may be any string value that does not contain spaces.","","","","","","","","","",,,,,"",,,,"Element.id",0,1,"",""
"updatepatientcontactinformation-request","updatepatientcontactinformation-request.contactPerson.contactInformation.otherContactInfo.extension","updatepatientcontactinformation-request.contactPerson.contactInformation.otherContactInfo.extension","","extensions
user content","",0,*,"","","","Extension {[]} {[]}
","Additional content defined by implementations","May be used to represent additional information that is not part of the basic definition of the element. To make the use of extensions safe and manageable, there is a strict set of governance  applied to the definition and use of extensions. Though any implementer can define an extension, there is a set of requirements that SHALL be met as part of the definition of the extension.","There can be no stigma associated with the use of extensions by any application, project, or standard - regardless of the institution or jurisdiction that uses or defines the extensions.  The use of extensions is what allows the FHIR specification to retain a core level of simplicity for everyone.","","","","","","","","",,,,,"","value:url}
","Extensions are always sliced by (at least) url",,"open","Element.extension",0,*,"","ele-1:All FHIR elements must have a @value or children {hasValue() or (children().count() > id.count())}
ext-1:Must have either extensions or value[x], not both {extension.exists() != value.exists()}"
"updatepatientcontactinformation-request","updatepatientcontactinformation-request.contactPerson.contactInformation.otherContactInfo.modifierExtension","updatepatientcontactinformation-request.contactPerson.contactInformation.otherContactInfo.modifierExtension","","extensions
user contentmodifiers","",0,*,"","Y","Y","Extension {[]} {[]}
","Extensions that cannot be ignored even if unrecognized","May be used to represent additional information that is not part of the basic definition of the element and that modifies the understanding of the element in which it is contained and/or the understanding of the containing element's descendants. Usually modifier elements provide negation or qualification. To make the use of extensions safe and manageable, there is a strict set of governance applied to the definition and use of extensions. Though any implementer can define an extension, there is a set of requirements that SHALL be met as part of the definition of the extension. Applications processing a resource are required to check for modifier extensions.

Modifier extensions SHALL NOT change the meaning of any elements on Resource or DomainResource (including cannot change the meaning of modifierExtension itself).","There can be no stigma associated with the use of extensions by any application, project, or standard - regardless of the institution or jurisdiction that uses or defines the extensions.  The use of extensions is what allows the FHIR specification to retain a core level of simplicity for everyone.","Modifier extensions allow for extensions that *cannot* be safely ignored to be clearly distinguished from the vast majority of extensions which can be safely ignored.  This promotes interoperability by eliminating the need for implementers to prohibit the presence of extensions. For further information, see the [definition of modifier extensions](http://hl7.org/fhir/R4/extensibility.html#modifierExtension).","","","","","","","",,,,,"",,,,"BackboneElement.modifierExtension",0,*,"","ele-1:All FHIR elements must have a @value or children {hasValue() or (children().count() > id.count())}
ext-1:Must have either extensions or value[x], not both {extension.exists() != value.exists()}"
"updatepatientcontactinformation-request","updatepatientcontactinformation-request.contactPerson.contactInformation.otherContactInfo.completingContactInfo","updatepatientcontactinformation-request.contactPerson.contactInformation.otherContactInfo.completingContactInfo","","","",1,1,"","","","string {[]} {[]}
","completingContactInfo","completingContactInfo","","","","","","","","","",,,,,"",,,,"updatepatientcontactinformation-request.contactPerson.contactInformation.otherContactInfo.completingContactInfo",1,1,"",""
"updatepatientcontactinformation-request","updatepatientcontactinformation-request.contactPerson.comment","updatepatientcontactinformation-request.contactPerson.comment","","","",0,1,"","","","string {[]} {[]}
","comment","comment","","","","","","","","","",,,,,"",,,,"updatepatientcontactinformation-request.contactPerson.comment",0,1,"",""
"updatepatientcontactinformation-request","updatepatientcontactinformation-request.contactPerson.periodOfValidity","updatepatientcontactinformation-request.contactPerson.periodOfValidity","","","",0,1,"","","","BackboneElement {[]} {[]}
","periodOfValidity","Används för att specificera ett datumintervall med hjälp av start- och slutdatum. start: Startdatum på formatet ÅÅÅÅMMDD end: Slutdatum på formatet ÅÅÅÅMMDD","","","","","","","","","",,,,,"",,,,"updatepatientcontactinformation-request.contactPerson.periodOfValidity",0,1,"","ele-1:All FHIR elements must have a @value or children {hasValue() or (children().count() > id.count())}
"
"updatepatientcontactinformation-request","updatepatientcontactinformation-request.contactPerson.periodOfValidity.id","updatepatientcontactinformation-request.contactPerson.periodOfValidity.id","","","",0,1,"","","","string {[]} {[]}
","Unique id for inter-element referencing","Unique id for the element within a resource (for internal references). This may be any string value that does not contain spaces.","","","","","","","","","",,,,,"",,,,"Element.id",0,1,"",""
"updatepatientcontactinformation-request","updatepatientcontactinformation-request.contactPerson.periodOfValidity.extension","updatepatientcontactinformation-request.contactPerson.periodOfValidity.extension","","extensions
user content","",0,*,"","","","Extension {[]} {[]}
","Additional content defined by implementations","May be used to represent additional information that is not part of the basic definition of the element. To make the use of extensions safe and manageable, there is a strict set of governance  applied to the definition and use of extensions. Though any implementer can define an extension, there is a set of requirements that SHALL be met as part of the definition of the extension.","There can be no stigma associated with the use of extensions by any application, project, or standard - regardless of the institution or jurisdiction that uses or defines the extensions.  The use of extensions is what allows the FHIR specification to retain a core level of simplicity for everyone.","","","","","","","","",,,,,"","value:url}
","Extensions are always sliced by (at least) url",,"open","Element.extension",0,*,"","ele-1:All FHIR elements must have a @value or children {hasValue() or (children().count() > id.count())}
ext-1:Must have either extensions or value[x], not both {extension.exists() != value.exists()}"
"updatepatientcontactinformation-request","updatepatientcontactinformation-request.contactPerson.periodOfValidity.modifierExtension","updatepatientcontactinformation-request.contactPerson.periodOfValidity.modifierExtension","","extensions
user contentmodifiers","",0,*,"","Y","Y","Extension {[]} {[]}
","Extensions that cannot be ignored even if unrecognized","May be used to represent additional information that is not part of the basic definition of the element and that modifies the understanding of the element in which it is contained and/or the understanding of the containing element's descendants. Usually modifier elements provide negation or qualification. To make the use of extensions safe and manageable, there is a strict set of governance applied to the definition and use of extensions. Though any implementer can define an extension, there is a set of requirements that SHALL be met as part of the definition of the extension. Applications processing a resource are required to check for modifier extensions.

Modifier extensions SHALL NOT change the meaning of any elements on Resource or DomainResource (including cannot change the meaning of modifierExtension itself).","There can be no stigma associated with the use of extensions by any application, project, or standard - regardless of the institution or jurisdiction that uses or defines the extensions.  The use of extensions is what allows the FHIR specification to retain a core level of simplicity for everyone.","Modifier extensions allow for extensions that *cannot* be safely ignored to be clearly distinguished from the vast majority of extensions which can be safely ignored.  This promotes interoperability by eliminating the need for implementers to prohibit the presence of extensions. For further information, see the [definition of modifier extensions](http://hl7.org/fhir/R4/extensibility.html#modifierExtension).","","","","","","","",,,,,"",,,,"BackboneElement.modifierExtension",0,*,"","ele-1:All FHIR elements must have a @value or children {hasValue() or (children().count() > id.count())}
ext-1:Must have either extensions or value[x], not both {extension.exists() != value.exists()}"
"updatepatientcontactinformation-request","updatepatientcontactinformation-request.contactPerson.periodOfValidity.start","updatepatientcontactinformation-request.contactPerson.periodOfValidity.start","","","",1,1,"","","","string {[]} {[]}
","start","start","","","","","","","","","",,,,,"",,,,"updatepatientcontactinformation-request.contactPerson.periodOfValidity.start",1,1,"",""
"updatepatientcontactinformation-request","updatepatientcontactinformation-request.contactPerson.periodOfValidity.end","updatepatientcontactinformation-request.contactPerson.periodOfValidity.end","","","",1,1,"","","","string {[]} {[]}
","end","end","","","","","","","","","",,,,,"",,,,"updatepatientcontactinformation-request.contactPerson.periodOfValidity.end",1,1,"",""
"updatepatientcontactinformation-request","updatepatientcontactinformation-request.contactPerson.contactAllowed","updatepatientcontactinformation-request.contactPerson.contactAllowed","","","",1,1,"","","","boolean {[]} {[]}
","contactAllowed","contactAllowed","","","","","","","","","",,,,,"",,,,"updatepatientcontactinformation-request.contactPerson.contactAllowed",1,1,"",""
"updatepatientcontactinformation-request","updatepatientcontactinformation-request.contactPerson.contactTime","updatepatientcontactinformation-request.contactPerson.contactTime","","","",0,1,"","","","string {[]} {[]}
","contactTime","contactTime","","","","","","","","","",,,,,"",,,,"updatepatientcontactinformation-request.contactPerson.contactTime",0,1,"",""
"updatepatientcontactinformation-request","updatepatientcontactinformation-request.updatePatientContactInformationVersion","updatepatientcontactinformation-request.updatePatientContactInformationVersion","","","",1,1,"","","","string {[]} {[]}
","updatePatientContactInformationVersion","updatePatientContactInformationVersion (xs:long i schemat.) Heter version i schemat.","","","","","","","","","",,,,,"",,,,"updatepatientcontactinformation-request.updatePatientContactInformationVersion",1,1,"",""
"updatepatientcontactinformation","updatepatientcontactinformation","updatepatientcontactinformation","","","",0,*,"","","","null {[]} {[]}
","UpdatePatientContactInformation — Response","Logisk modell för svaret i UpdatePatientContactInformation
(urn:riv:masterdata:citizen:patient:UpdatePatientContactInformationResponder:1, UpdatePatientContactInformationResponseType).","","","","","","","","","",,,,,"",,,,"Base",0,*,"",""
"updatepatientcontactinformation","updatepatientcontactinformation.message","updatepatientcontactinformation.message","","","",0,1,"","","","string {[]} {[]}
","message","message","","","","","","","","","",,,,,"",,,,"updatepatientcontactinformation.message",0,1,"",""
"updatepatientcontactinformation","updatepatientcontactinformation.resultCode","updatepatientcontactinformation.resultCode","","","",1,1,"","","","code {[]} {[]}
","resultCode","resultCode","","","","","","","","","",,"required","","https://fhir.inera.se/ig/masterdata-citizen-patient/ValueSet/masterdata-citizen-patient-resultcodeenum-vs","",,,,"updatepatientcontactinformation.resultCode",1,1,"",""
