"Profile","Id","Path","Slice Name","Alias(s)","Label","Min","Max","Must Support?","Is Modifier?","Is Summary?","Type(s)","Short","Definition","Comments","Requirements","Default Value","Meaning When Missing","Fixed Value","Pattern","Example","Minimum Value","Maximum Value","Maximum Length","Binding Strength","Binding Description","Binding Value Set","Code","Slicing Discriminator","Slicing Description","Slicing Ordered","Slicing Rules","Base Path","Base Min","Base Max","Condition(s)","Constraint(s)"
"gethealthcareunit-request","gethealthcareunit-request","gethealthcareunit-request","","","",0,*,"","","","null {[]} {[]}
","GetHealthCareUnit — Request","Logisk modell för requestparametrar i GetHealthCareUnit (RIV-TA urn:riv:infrastructure:directory:organization:GetHealthCareUnit:2).","","","","","","","","","",,,,,"",,,,"Base",0,*,"",""
"gethealthcareunit-request","gethealthcareunit-request.healthCareUnitMemberHsaId","gethealthcareunit-request.healthCareUnitMemberHsaId","","","",1,1,"","","","string {[]} {[]}
","HSA-id för en enhet eller funktion som är kopplad till en vårdenhet enligt PDL.","Ref. HSA-id (hsaIdentity) i Informationsspecifikationen [R5].
Kardinalitet: Obligatorisk.","","","","","","","","","",,,,,"",,,,"gethealthcareunit-request.healthCareUnitMemberHsaId",1,1,"",""
"gethealthcareunit-request","gethealthcareunit-request.searchBase","gethealthcareunit-request.searchBase","","","",0,1,"","","","string {[]} {[]}
","Sökbas. Om ingen sökbas anges används c=SE som sökbas.","DN-format (Distinguished Name).
Kardinalitet: Valfri.","","","","","","","","","",,,,,"",,,,"gethealthcareunit-request.searchBase",0,1,"",""
"gethealthcareunit-request","gethealthcareunit-request.includeFeignedObject","gethealthcareunit-request.includeFeignedObject","","","",0,1,"","","","boolean {[]} {[]}
","true: om metoden ska leverera svar med fingerade objekt.","Uteblivet värde tolkas som false, dvs inga fingerade objekt levereras.
Kardinalitet: Valfri.","","","","","","","","","",,,,,"",,,,"gethealthcareunit-request.includeFeignedObject",0,1,"",""
"gethealthcareunit","gethealthcareunit","gethealthcareunit","","","",0,*,"","","","null {[]} {[]}
","GetHealthCareUnit","Logisk modell för tjänstekontraktet GetHealthCareUnit
(RIV-TA urn:riv:infrastructure:directory:organization:GetHealthCareUnit:2).
Representerar responsens informationsstruktur — vårdenhet med tillhörande organisatorisk information.","","","","","","","","","",,,,,"",,,,"Base",0,*,"",""
"gethealthcareunit","gethealthcareunit.healthCareUnit","gethealthcareunit.healthCareUnit","","","",0,1,"","","","BackboneElement {[]} {[]}
","Svarsobjekt med vårdenhetsinformation","Aggregerat objekt med information om enheten, vårdenhet och vårdgivare.
Kardinalitet: Valfri.","","","","","","","","","",,,,,"",,,,"gethealthcareunit.healthCareUnit",0,1,"","ele-1:All FHIR elements must have a @value or children {hasValue() or (children().count() > id.count())}
"
"gethealthcareunit","gethealthcareunit.healthCareUnit.id","gethealthcareunit.healthCareUnit.id","","","",0,1,"","","","string {[]} {[]}
","Unique id for inter-element referencing","Unique id for the element within a resource (for internal references). This may be any string value that does not contain spaces.","","","","","","","","","",,,,,"",,,,"Element.id",0,1,"",""
"gethealthcareunit","gethealthcareunit.healthCareUnit.extension","gethealthcareunit.healthCareUnit.extension","","extensions
user content","",0,*,"","","","Extension {[]} {[]}
","Additional content defined by implementations","May be used to represent additional information that is not part of the basic definition of the element. To make the use of extensions safe and manageable, there is a strict set of governance  applied to the definition and use of extensions. Though any implementer can define an extension, there is a set of requirements that SHALL be met as part of the definition of the extension.","There can be no stigma associated with the use of extensions by any application, project, or standard - regardless of the institution or jurisdiction that uses or defines the extensions.  The use of extensions is what allows the FHIR specification to retain a core level of simplicity for everyone.","","","","","","","","",,,,,"","value:url}
","Extensions are always sliced by (at least) url",,"open","Element.extension",0,*,"","ele-1:All FHIR elements must have a @value or children {hasValue() or (children().count() > id.count())}
ext-1:Must have either extensions or value[x], not both {extension.exists() != value.exists()}"
"gethealthcareunit","gethealthcareunit.healthCareUnit.modifierExtension","gethealthcareunit.healthCareUnit.modifierExtension","","extensions
user contentmodifiers","",0,*,"","Y","Y","Extension {[]} {[]}
","Extensions that cannot be ignored even if unrecognized","May be used to represent additional information that is not part of the basic definition of the element and that modifies the understanding of the element in which it is contained and/or the understanding of the containing element's descendants. Usually modifier elements provide negation or qualification. To make the use of extensions safe and manageable, there is a strict set of governance applied to the definition and use of extensions. Though any implementer can define an extension, there is a set of requirements that SHALL be met as part of the definition of the extension. Applications processing a resource are required to check for modifier extensions.

Modifier extensions SHALL NOT change the meaning of any elements on Resource or DomainResource (including cannot change the meaning of modifierExtension itself).","There can be no stigma associated with the use of extensions by any application, project, or standard - regardless of the institution or jurisdiction that uses or defines the extensions.  The use of extensions is what allows the FHIR specification to retain a core level of simplicity for everyone.","Modifier extensions allow for extensions that *cannot* be safely ignored to be clearly distinguished from the vast majority of extensions which can be safely ignored.  This promotes interoperability by eliminating the need for implementers to prohibit the presence of extensions. For further information, see the [definition of modifier extensions](http://hl7.org/fhir/R4/extensibility.html#modifierExtension).","","","","","","","",,,,,"",,,,"BackboneElement.modifierExtension",0,*,"","ele-1:All FHIR elements must have a @value or children {hasValue() or (children().count() > id.count())}
ext-1:Must have either extensions or value[x], not both {extension.exists() != value.exists()}"
"gethealthcareunit","gethealthcareunit.healthCareUnit.healthCareUnitMemberHsaId","gethealthcareunit.healthCareUnit.healthCareUnitMemberHsaId","","","",0,1,"","","","string {[]} {[]}
","Enhetens (funktionens) HSA-id. Ref. hsaIdentity [R5].","Enhetens (funktionens) HSA-id. Ref. hsaIdentity [R5].","","","","","","","","","",,,,,"",,,,"gethealthcareunit.healthCareUnit.healthCareUnitMemberHsaId",0,1,"",""
"gethealthcareunit","gethealthcareunit.healthCareUnit.healthCareUnitMemberName","gethealthcareunit.healthCareUnit.healthCareUnitMemberName","","","",0,1,"","","","string {[]} {[]}
","Enhetens (funktionens) namn. Ref. organisationsnamn (o), enhetsnamn (ou) resp. objektnamn (cn) [R5].","Enhetens (funktionens) namn. Ref. organisationsnamn (o), enhetsnamn (ou) resp. objektnamn (cn) [R5].","","","","","","","","","",,,,,"",,,,"gethealthcareunit.healthCareUnit.healthCareUnitMemberName",0,1,"",""
"gethealthcareunit","gethealthcareunit.healthCareUnit.healthCareUnitMemberPublicName","gethealthcareunit.healthCareUnit.healthCareUnitMemberPublicName","","","",0,1,"","","","string {[]} {[]}
","Publikt officiellt namn på enheten/funktionen.","Publikt officiellt namn på enheten/funktionen.","","","","","","","","","",,,,,"",,,,"gethealthcareunit.healthCareUnit.healthCareUnitMemberPublicName",0,1,"",""
"gethealthcareunit","gethealthcareunit.healthCareUnit.healthCareUnitMemberStartDate","gethealthcareunit.healthCareUnit.healthCareUnitMemberStartDate","","","",0,1,"","","","dateTime {[]} {[]}
","Startdatum för enhetens (funktionens) verksamhet. Ref. startDate [R5].","Startdatum för enhetens (funktionens) verksamhet. Ref. startDate [R5].","","","","","","","","","",,,,,"",,,,"gethealthcareunit.healthCareUnit.healthCareUnitMemberStartDate",0,1,"",""
"gethealthcareunit","gethealthcareunit.healthCareUnit.healthCareUnitMemberEndDate","gethealthcareunit.healthCareUnit.healthCareUnitMemberEndDate","","","",0,1,"","","","dateTime {[]} {[]}
","Slutdatum för enhetens (funktionens) verksamhet. Ref. endDate [R5].","Slutdatum för enhetens (funktionens) verksamhet. Ref. endDate [R5].","","","","","","","","","",,,,,"",,,,"gethealthcareunit.healthCareUnit.healthCareUnitMemberEndDate",0,1,"",""
"gethealthcareunit","gethealthcareunit.healthCareUnit.healthCareUnitHsaId","gethealthcareunit.healthCareUnit.healthCareUnitHsaId","","","",1,1,"","","","string {[]} {[]}
","Vårdenhetens HSA-id. Ref. hsaIdentity [R5].","Vårdenhetens HSA-id. Ref. hsaIdentity [R5].","","","","","","","","","",,,,,"",,,,"gethealthcareunit.healthCareUnit.healthCareUnitHsaId",1,1,"",""
"gethealthcareunit","gethealthcareunit.healthCareUnit.unitIsHealthCareUnit","gethealthcareunit.healthCareUnit.unitIsHealthCareUnit","","","",0,1,"","","","boolean {[]} {[]}
","True, om enheten (funktionen) själv är en vårdenhet. Ref. hjälpklassen Vårdenhet (hsaHealthCareUnit) [R5].","True, om enheten (funktionen) själv är en vårdenhet. Ref. hjälpklassen Vårdenhet (hsaHealthCareUnit) [R5].","","","","","","","","","",,,,,"",,,,"gethealthcareunit.healthCareUnit.unitIsHealthCareUnit",0,1,"",""
"gethealthcareunit","gethealthcareunit.healthCareUnit.healthCareUnitName","gethealthcareunit.healthCareUnit.healthCareUnitName","","","",1,1,"","","","string {[]} {[]}
","Vårdenhetens namn. Ref. organisationsnamn (o) resp. enhetsnamn (ou) [R5].","Vårdenhetens namn. Ref. organisationsnamn (o) resp. enhetsnamn (ou) [R5].","","","","","","","","","",,,,,"",,,,"gethealthcareunit.healthCareUnit.healthCareUnitName",1,1,"",""
"gethealthcareunit","gethealthcareunit.healthCareUnit.healthCareUnitPublicName","gethealthcareunit.healthCareUnit.healthCareUnitPublicName","","","",1,1,"","","","string {[]} {[]}
","Publikt officiellt namn på vårdenheten.","Publikt officiellt namn på vårdenheten.","","","","","","","","","",,,,,"",,,,"gethealthcareunit.healthCareUnit.healthCareUnitPublicName",1,1,"",""
"gethealthcareunit","gethealthcareunit.healthCareUnit.healthCareUnitStartDate","gethealthcareunit.healthCareUnit.healthCareUnitStartDate","","","",0,1,"","","","dateTime {[]} {[]}
","Startdatum för vårdenhetens verksamhet. Ref. startDate [R5].","Startdatum för vårdenhetens verksamhet. Ref. startDate [R5].","","","","","","","","","",,,,,"",,,,"gethealthcareunit.healthCareUnit.healthCareUnitStartDate",0,1,"",""
"gethealthcareunit","gethealthcareunit.healthCareUnit.healthCareUnitEndDate","gethealthcareunit.healthCareUnit.healthCareUnitEndDate","","","",0,1,"","","","dateTime {[]} {[]}
","Slutdatum för vårdenhetens verksamhet. Ref. endDate [R5].","Slutdatum för vårdenhetens verksamhet. Ref. endDate [R5].","","","","","","","","","",,,,,"",,,,"gethealthcareunit.healthCareUnit.healthCareUnitEndDate",0,1,"",""
"gethealthcareunit","gethealthcareunit.healthCareUnit.healthCareProviderHsaId","gethealthcareunit.healthCareUnit.healthCareProviderHsaId","","","",1,1,"","","","string {[]} {[]}
","Vårdgivarens HSA-id. Ref. hsaIdentity [R5].","Vårdgivarens HSA-id. Ref. hsaIdentity [R5].","","","","","","","","","",,,,,"",,,,"gethealthcareunit.healthCareUnit.healthCareProviderHsaId",1,1,"",""
"gethealthcareunit","gethealthcareunit.healthCareUnit.healthCareProviderName","gethealthcareunit.healthCareUnit.healthCareProviderName","","","",1,1,"","","","string {[]} {[]}
","Vårdgivarens namn. Ref. organisationsnamn (o) resp. enhetsnamn (ou) [R5].","Vårdgivarens namn. Ref. organisationsnamn (o) resp. enhetsnamn (ou) [R5].","","","","","","","","","",,,,,"",,,,"gethealthcareunit.healthCareUnit.healthCareProviderName",1,1,"",""
"gethealthcareunit","gethealthcareunit.healthCareUnit.healthCareProviderPublicName","gethealthcareunit.healthCareUnit.healthCareProviderPublicName","","","",1,1,"","","","string {[]} {[]}
","Publikt officiellt namn på vårdgivaren.","Publikt officiellt namn på vårdgivaren.","","","","","","","","","",,,,,"",,,,"gethealthcareunit.healthCareUnit.healthCareProviderPublicName",1,1,"",""
"gethealthcareunit","gethealthcareunit.healthCareUnit.healthCareProviderOrgNo","gethealthcareunit.healthCareUnit.healthCareProviderOrgNo","","","",1,1,"","","","string {[]} {[]}
","Vårdgivarens organisationsnummer. Ref. orgNo [R5].","Vårdgivarens organisationsnummer. Ref. orgNo [R5].","","","","","","","","","",,,,,"",,,,"gethealthcareunit.healthCareUnit.healthCareProviderOrgNo",1,1,"",""
"gethealthcareunit","gethealthcareunit.healthCareUnit.healthCareProviderStartDate","gethealthcareunit.healthCareUnit.healthCareProviderStartDate","","","",0,1,"","","","dateTime {[]} {[]}
","Startdatum för vårdgivarens verksamhet. Ref. startDate [R5].","Startdatum för vårdgivarens verksamhet. Ref. startDate [R5].","","","","","","","","","",,,,,"",,,,"gethealthcareunit.healthCareUnit.healthCareProviderStartDate",0,1,"",""
"gethealthcareunit","gethealthcareunit.healthCareUnit.healthCareProviderEndDate","gethealthcareunit.healthCareUnit.healthCareProviderEndDate","","","",0,1,"","","","dateTime {[]} {[]}
","Slutdatum för vårdgivarens verksamhet. Ref. endDate [R5].","Slutdatum för vårdgivarens verksamhet. Ref. endDate [R5].","","","","","","","","","",,,,,"",,,,"gethealthcareunit.healthCareUnit.healthCareProviderEndDate",0,1,"",""
"gethealthcareunit","gethealthcareunit.healthCareUnit.feignedHealthCareUnitMember","gethealthcareunit.healthCareUnit.feignedHealthCareUnitMember","","","",0,1,"","","","boolean {[]} {[]}
","true: om enheten är ett fingerat objekt. Ref. hjälpklassen Fingerat objekt (hsaFeignedObject) [R5].","true: om enheten är ett fingerat objekt. Ref. hjälpklassen Fingerat objekt (hsaFeignedObject) [R5].","","","","","","","","","",,,,,"",,,,"gethealthcareunit.healthCareUnit.feignedHealthCareUnitMember",0,1,"",""
"gethealthcareunit","gethealthcareunit.healthCareUnit.feignedHealthCareUnit","gethealthcareunit.healthCareUnit.feignedHealthCareUnit","","","",0,1,"","","","boolean {[]} {[]}
","true: om vårdenheten är ett fingerat objekt. Ref. hjälpklassen Fingerat objekt (hsaFeignedObject) [R5].","true: om vårdenheten är ett fingerat objekt. Ref. hjälpklassen Fingerat objekt (hsaFeignedObject) [R5].","","","","","","","","","",,,,,"",,,,"gethealthcareunit.healthCareUnit.feignedHealthCareUnit",0,1,"",""
"gethealthcareunit","gethealthcareunit.healthCareUnit.feignedHealthCareProvider","gethealthcareunit.healthCareUnit.feignedHealthCareProvider","","","",0,1,"","","","boolean {[]} {[]}
","true: om vårdgivaren är ett fingerat objekt. Ref. hjälpklassen Fingerat objekt (hsaFeignedObject) [R5].","true: om vårdgivaren är ett fingerat objekt. Ref. hjälpklassen Fingerat objekt (hsaFeignedObject) [R5].","","","","","","","","","",,,,,"",,,,"gethealthcareunit.healthCareUnit.feignedHealthCareProvider",0,1,"",""
"gethealthcareunit","gethealthcareunit.healthCareUnit.archivedHealthCareUnitMember","gethealthcareunit.healthCareUnit.archivedHealthCareUnitMember","","","",0,1,"","","","boolean {[]} {[]}
","true: om enheten är ett arkiverat objekt. Ref. hjälpklassen arkiverat objekt (hsaArchivedObject) [R5].","true: om enheten är ett arkiverat objekt. Ref. hjälpklassen arkiverat objekt (hsaArchivedObject) [R5].","","","","","","","","","",,,,,"",,,,"gethealthcareunit.healthCareUnit.archivedHealthCareUnitMember",0,1,"",""
"gethealthcareunit","gethealthcareunit.healthCareUnit.archivedHealthCareUnit","gethealthcareunit.healthCareUnit.archivedHealthCareUnit","","","",0,1,"","","","boolean {[]} {[]}
","true: om vårdenheten är ett arkiverat objekt. Ref. hjälpklassen arkiverat objekt (hsaArchivedObject) [R5].","true: om vårdenheten är ett arkiverat objekt. Ref. hjälpklassen arkiverat objekt (hsaArchivedObject) [R5].","","","","","","","","","",,,,,"",,,,"gethealthcareunit.healthCareUnit.archivedHealthCareUnit",0,1,"",""
"gethealthcareunit","gethealthcareunit.healthCareUnit.archivedHealthCareProvider","gethealthcareunit.healthCareUnit.archivedHealthCareProvider","","","",0,1,"","","","boolean {[]} {[]}
","true: om vårdgivaren är ett arkiverat objekt. Ref. hjälpklassen arkiverat objekt (hsaArchivedObject) [R5].","true: om vårdgivaren är ett arkiverat objekt. Ref. hjälpklassen arkiverat objekt (hsaArchivedObject) [R5].","","","","","","","","","",,,,,"",,,,"gethealthcareunit.healthCareUnit.archivedHealthCareProvider",0,1,"",""
"gethealthcareunitlist-request","gethealthcareunitlist-request","gethealthcareunitlist-request","","","",0,*,"","","","null {[]} {[]}
","GetHealthCareUnitList — Request","Logisk modell för requestparametrar i GetHealthCareUnitList (RIV-TA urn:riv:infrastructure:directory:organization:GetHealthCareUnitList:2).","","","","","","","","","",,,,,"",,,,"Base",0,*,"",""
"gethealthcareunitlist-request","gethealthcareunitlist-request.healthCareProviderHsaId","gethealthcareunitlist-request.healthCareProviderHsaId","","","",1,1,"","","","string {[]} {[]}
","Vårdgivarens HSA-id. Ref. hsaIdentity [R5].","Kardinalitet: Obligatorisk.","","","","","","","","","",,,,,"",,,,"gethealthcareunitlist-request.healthCareProviderHsaId",1,1,"",""
"gethealthcareunitlist-request","gethealthcareunitlist-request.searchBase","gethealthcareunitlist-request.searchBase","","","",0,1,"","","","string {[]} {[]}
","Sökbas. Om ingen sökbas anges används c=SE som sökbas.","DN-format. Används för sökning av kopplad enhet, vårdenhet och vårdgivare.
Kardinalitet: Valfri.","","","","","","","","","",,,,,"",,,,"gethealthcareunitlist-request.searchBase",0,1,"",""
"gethealthcareunitlist-request","gethealthcareunitlist-request.includeFeignedObject","gethealthcareunitlist-request.includeFeignedObject","","","",0,1,"","","","boolean {[]} {[]}
","true: om metoden ska leverera svar med fingerade objekt.","Uteblivet värde tolkas som false.
Kardinalitet: Valfri.","","","","","","","","","",,,,,"",,,,"gethealthcareunitlist-request.includeFeignedObject",0,1,"",""
"gethealthcareunitlist","gethealthcareunitlist","gethealthcareunitlist","","","",0,*,"","","","null {[]} {[]}
","GetHealthCareUnitList","Logisk modell för tjänstekontraktet GetHealthCareUnitList
(RIV-TA urn:riv:infrastructure:directory:organization:GetHealthCareUnitList:2).
Representerar responsens informationsstruktur — lista av vårdenheter för en angiven vårdgivare.","","","","","","","","","",,,,,"",,,,"Base",0,*,"",""
"gethealthcareunitlist","gethealthcareunitlist.healthCareUnitList","gethealthcareunitlist.healthCareUnitList","","","",0,1,"","","","BackboneElement {[]} {[]}
","Lista av vårdenheter för angiven vårdgivare","Aggregerat objekt med information om vårdgivaren och dess ingående vårdenheter.
Kardinalitet: Valfri.","","","","","","","","","",,,,,"",,,,"gethealthcareunitlist.healthCareUnitList",0,1,"","ele-1:All FHIR elements must have a @value or children {hasValue() or (children().count() > id.count())}
"
"gethealthcareunitlist","gethealthcareunitlist.healthCareUnitList.id","gethealthcareunitlist.healthCareUnitList.id","","","",0,1,"","","","string {[]} {[]}
","Unique id for inter-element referencing","Unique id for the element within a resource (for internal references). This may be any string value that does not contain spaces.","","","","","","","","","",,,,,"",,,,"Element.id",0,1,"",""
"gethealthcareunitlist","gethealthcareunitlist.healthCareUnitList.extension","gethealthcareunitlist.healthCareUnitList.extension","","extensions
user content","",0,*,"","","","Extension {[]} {[]}
","Additional content defined by implementations","May be used to represent additional information that is not part of the basic definition of the element. To make the use of extensions safe and manageable, there is a strict set of governance  applied to the definition and use of extensions. Though any implementer can define an extension, there is a set of requirements that SHALL be met as part of the definition of the extension.","There can be no stigma associated with the use of extensions by any application, project, or standard - regardless of the institution or jurisdiction that uses or defines the extensions.  The use of extensions is what allows the FHIR specification to retain a core level of simplicity for everyone.","","","","","","","","",,,,,"","value:url}
","Extensions are always sliced by (at least) url",,"open","Element.extension",0,*,"","ele-1:All FHIR elements must have a @value or children {hasValue() or (children().count() > id.count())}
ext-1:Must have either extensions or value[x], not both {extension.exists() != value.exists()}"
"gethealthcareunitlist","gethealthcareunitlist.healthCareUnitList.modifierExtension","gethealthcareunitlist.healthCareUnitList.modifierExtension","","extensions
user contentmodifiers","",0,*,"","Y","Y","Extension {[]} {[]}
","Extensions that cannot be ignored even if unrecognized","May be used to represent additional information that is not part of the basic definition of the element and that modifies the understanding of the element in which it is contained and/or the understanding of the containing element's descendants. Usually modifier elements provide negation or qualification. To make the use of extensions safe and manageable, there is a strict set of governance applied to the definition and use of extensions. Though any implementer can define an extension, there is a set of requirements that SHALL be met as part of the definition of the extension. Applications processing a resource are required to check for modifier extensions.

Modifier extensions SHALL NOT change the meaning of any elements on Resource or DomainResource (including cannot change the meaning of modifierExtension itself).","There can be no stigma associated with the use of extensions by any application, project, or standard - regardless of the institution or jurisdiction that uses or defines the extensions.  The use of extensions is what allows the FHIR specification to retain a core level of simplicity for everyone.","Modifier extensions allow for extensions that *cannot* be safely ignored to be clearly distinguished from the vast majority of extensions which can be safely ignored.  This promotes interoperability by eliminating the need for implementers to prohibit the presence of extensions. For further information, see the [definition of modifier extensions](http://hl7.org/fhir/R4/extensibility.html#modifierExtension).","","","","","","","",,,,,"",,,,"BackboneElement.modifierExtension",0,*,"","ele-1:All FHIR elements must have a @value or children {hasValue() or (children().count() > id.count())}
ext-1:Must have either extensions or value[x], not both {extension.exists() != value.exists()}"
"gethealthcareunitlist","gethealthcareunitlist.healthCareUnitList.healthCareProviderHsaId","gethealthcareunitlist.healthCareUnitList.healthCareProviderHsaId","","","",1,1,"","","","string {[]} {[]}
","Vårdgivarens HSA-id. Ref. hsaIdentity [R5].","Vårdgivarens HSA-id. Ref. hsaIdentity [R5].","","","","","","","","","",,,,,"",,,,"gethealthcareunitlist.healthCareUnitList.healthCareProviderHsaId",1,1,"",""
"gethealthcareunitlist","gethealthcareunitlist.healthCareUnitList.healthCareProviderName","gethealthcareunitlist.healthCareUnitList.healthCareProviderName","","","",1,1,"","","","string {[]} {[]}
","Vårdgivarens namn. Ref. organisationsnamn (o) resp. enhetsnamn (ou) [R5].","Vårdgivarens namn. Ref. organisationsnamn (o) resp. enhetsnamn (ou) [R5].","","","","","","","","","",,,,,"",,,,"gethealthcareunitlist.healthCareUnitList.healthCareProviderName",1,1,"",""
"gethealthcareunitlist","gethealthcareunitlist.healthCareUnitList.healthCareProviderPublicName","gethealthcareunitlist.healthCareUnitList.healthCareProviderPublicName","","","",1,1,"","","","string {[]} {[]}
","Publikt officiellt namn på vårdgivaren.","Publikt officiellt namn på vårdgivaren.","","","","","","","","","",,,,,"",,,,"gethealthcareunitlist.healthCareUnitList.healthCareProviderPublicName",1,1,"",""
"gethealthcareunitlist","gethealthcareunitlist.healthCareUnitList.healthCareProviderOrgNo","gethealthcareunitlist.healthCareUnitList.healthCareProviderOrgNo","","","",1,1,"","","","string {[]} {[]}
","Vårdgivarens organisationsnummer. Ref. orgNo [R5].","Vårdgivarens organisationsnummer. Ref. orgNo [R5].","","","","","","","","","",,,,,"",,,,"gethealthcareunitlist.healthCareUnitList.healthCareProviderOrgNo",1,1,"",""
"gethealthcareunitlist","gethealthcareunitlist.healthCareUnitList.healthCareProviderStartDate","gethealthcareunitlist.healthCareUnitList.healthCareProviderStartDate","","","",0,1,"","","","dateTime {[]} {[]}
","Startdatum för vårdgivarens verksamhet. Ref. startDate [R5].","Startdatum för vårdgivarens verksamhet. Ref. startDate [R5].","","","","","","","","","",,,,,"",,,,"gethealthcareunitlist.healthCareUnitList.healthCareProviderStartDate",0,1,"",""
"gethealthcareunitlist","gethealthcareunitlist.healthCareUnitList.healthCareProviderEndDate","gethealthcareunitlist.healthCareUnitList.healthCareProviderEndDate","","","",0,1,"","","","dateTime {[]} {[]}
","Slutdatum för vårdgivarens verksamhet. Ref. endDate [R5].","Slutdatum för vårdgivarens verksamhet. Ref. endDate [R5].","","","","","","","","","",,,,,"",,,,"gethealthcareunitlist.healthCareUnitList.healthCareProviderEndDate",0,1,"",""
"gethealthcareunitlist","gethealthcareunitlist.healthCareUnitList.feignedHealthCareProvider","gethealthcareunitlist.healthCareUnitList.feignedHealthCareProvider","","","",0,1,"","","","boolean {[]} {[]}
","true: om vårdgivaren är ett fingerat objekt. Ref. hjälpklassen Fingerat objekt (hsaFeignedObject) [R5].","true: om vårdgivaren är ett fingerat objekt. Ref. hjälpklassen Fingerat objekt (hsaFeignedObject) [R5].","","","","","","","","","",,,,,"",,,,"gethealthcareunitlist.healthCareUnitList.feignedHealthCareProvider",0,1,"",""
"gethealthcareunitlist","gethealthcareunitlist.healthCareUnitList.archivedHealthCareProvider","gethealthcareunitlist.healthCareUnitList.archivedHealthCareProvider","","","",0,1,"","","","boolean {[]} {[]}
","true: om vårdgivaren är ett arkiverat objekt. Ref. hjälpklassen arkiverat objekt (hsaArchivedObject) [R5].","true: om vårdgivaren är ett arkiverat objekt. Ref. hjälpklassen arkiverat objekt (hsaArchivedObject) [R5].","","","","","","","","","",,,,,"",,,,"gethealthcareunitlist.healthCareUnitList.archivedHealthCareProvider",0,1,"",""
"gethealthcareunitlist","gethealthcareunitlist.healthCareUnitList.healthCareUnit","gethealthcareunitlist.healthCareUnitList.healthCareUnit","","","",0,*,"","","","BackboneElement {[]} {[]}
","Ingående vårdenhet enligt PDL","Lista av vårdenheter som tillhör vårdgivaren.
Kardinalitet: Valfri, lista.","","","","","","","","","",,,,,"",,,,"gethealthcareunitlist.healthCareUnitList.healthCareUnit",0,*,"","ele-1:All FHIR elements must have a @value or children {hasValue() or (children().count() > id.count())}
"
"gethealthcareunitlist","gethealthcareunitlist.healthCareUnitList.healthCareUnit.id","gethealthcareunitlist.healthCareUnitList.healthCareUnit.id","","","",0,1,"","","","string {[]} {[]}
","Unique id for inter-element referencing","Unique id for the element within a resource (for internal references). This may be any string value that does not contain spaces.","","","","","","","","","",,,,,"",,,,"Element.id",0,1,"",""
"gethealthcareunitlist","gethealthcareunitlist.healthCareUnitList.healthCareUnit.extension","gethealthcareunitlist.healthCareUnitList.healthCareUnit.extension","","extensions
user content","",0,*,"","","","Extension {[]} {[]}
","Additional content defined by implementations","May be used to represent additional information that is not part of the basic definition of the element. To make the use of extensions safe and manageable, there is a strict set of governance  applied to the definition and use of extensions. Though any implementer can define an extension, there is a set of requirements that SHALL be met as part of the definition of the extension.","There can be no stigma associated with the use of extensions by any application, project, or standard - regardless of the institution or jurisdiction that uses or defines the extensions.  The use of extensions is what allows the FHIR specification to retain a core level of simplicity for everyone.","","","","","","","","",,,,,"","value:url}
","Extensions are always sliced by (at least) url",,"open","Element.extension",0,*,"","ele-1:All FHIR elements must have a @value or children {hasValue() or (children().count() > id.count())}
ext-1:Must have either extensions or value[x], not both {extension.exists() != value.exists()}"
"gethealthcareunitlist","gethealthcareunitlist.healthCareUnitList.healthCareUnit.modifierExtension","gethealthcareunitlist.healthCareUnitList.healthCareUnit.modifierExtension","","extensions
user contentmodifiers","",0,*,"","Y","Y","Extension {[]} {[]}
","Extensions that cannot be ignored even if unrecognized","May be used to represent additional information that is not part of the basic definition of the element and that modifies the understanding of the element in which it is contained and/or the understanding of the containing element's descendants. Usually modifier elements provide negation or qualification. To make the use of extensions safe and manageable, there is a strict set of governance applied to the definition and use of extensions. Though any implementer can define an extension, there is a set of requirements that SHALL be met as part of the definition of the extension. Applications processing a resource are required to check for modifier extensions.

Modifier extensions SHALL NOT change the meaning of any elements on Resource or DomainResource (including cannot change the meaning of modifierExtension itself).","There can be no stigma associated with the use of extensions by any application, project, or standard - regardless of the institution or jurisdiction that uses or defines the extensions.  The use of extensions is what allows the FHIR specification to retain a core level of simplicity for everyone.","Modifier extensions allow for extensions that *cannot* be safely ignored to be clearly distinguished from the vast majority of extensions which can be safely ignored.  This promotes interoperability by eliminating the need for implementers to prohibit the presence of extensions. For further information, see the [definition of modifier extensions](http://hl7.org/fhir/R4/extensibility.html#modifierExtension).","","","","","","","",,,,,"",,,,"BackboneElement.modifierExtension",0,*,"","ele-1:All FHIR elements must have a @value or children {hasValue() or (children().count() > id.count())}
ext-1:Must have either extensions or value[x], not both {extension.exists() != value.exists()}"
"gethealthcareunitlist","gethealthcareunitlist.healthCareUnitList.healthCareUnit.healthCareUnitHsaId","gethealthcareunitlist.healthCareUnitList.healthCareUnit.healthCareUnitHsaId","","","",1,1,"","","","string {[]} {[]}
","HSA-identitet ingående enhet. Ref. hsaIdentity [R5].","HSA-identitet ingående enhet. Ref. hsaIdentity [R5].","","","","","","","","","",,,,,"",,,,"gethealthcareunitlist.healthCareUnitList.healthCareUnit.healthCareUnitHsaId",1,1,"",""
"gethealthcareunitlist","gethealthcareunitlist.healthCareUnitList.healthCareUnit.healthCareUnitName","gethealthcareunitlist.healthCareUnitList.healthCareUnit.healthCareUnitName","","","",1,1,"","","","string {[]} {[]}
","Namn ingående enhet. Ref. organisationsnamn (o) resp. enhetsnamn (ou) [R5].","Namn ingående enhet. Ref. organisationsnamn (o) resp. enhetsnamn (ou) [R5].","","","","","","","","","",,,,,"",,,,"gethealthcareunitlist.healthCareUnitList.healthCareUnit.healthCareUnitName",1,1,"",""
"gethealthcareunitlist","gethealthcareunitlist.healthCareUnitList.healthCareUnit.healthCareUnitPublicName","gethealthcareunitlist.healthCareUnitList.healthCareUnit.healthCareUnitPublicName","","","",1,1,"","","","string {[]} {[]}
","Publikt officiellt namn på vårdenheten.","Publikt officiellt namn på vårdenheten.","","","","","","","","","",,,,,"",,,,"gethealthcareunitlist.healthCareUnitList.healthCareUnit.healthCareUnitPublicName",1,1,"",""
"gethealthcareunitlist","gethealthcareunitlist.healthCareUnitList.healthCareUnit.healthCareUnitStartDate","gethealthcareunitlist.healthCareUnitList.healthCareUnit.healthCareUnitStartDate","","","",0,1,"","","","dateTime {[]} {[]}
","Startdatum för vårdenhetens verksamhet. Ref. startDate [R5].","Startdatum för vårdenhetens verksamhet. Ref. startDate [R5].","","","","","","","","","",,,,,"",,,,"gethealthcareunitlist.healthCareUnitList.healthCareUnit.healthCareUnitStartDate",0,1,"",""
"gethealthcareunitlist","gethealthcareunitlist.healthCareUnitList.healthCareUnit.healthCareUnitEndDate","gethealthcareunitlist.healthCareUnitList.healthCareUnit.healthCareUnitEndDate","","","",0,1,"","","","dateTime {[]} {[]}
","Slutdatum för vårdenhetens verksamhet. Ref. endDate [R5].","Slutdatum för vårdenhetens verksamhet. Ref. endDate [R5].","","","","","","","","","",,,,,"",,,,"gethealthcareunitlist.healthCareUnitList.healthCareUnit.healthCareUnitEndDate",0,1,"",""
"gethealthcareunitlist","gethealthcareunitlist.healthCareUnitList.healthCareUnit.feignedHealthCareUnit","gethealthcareunitlist.healthCareUnitList.healthCareUnit.feignedHealthCareUnit","","","",0,1,"","","","boolean {[]} {[]}
","true: om vårdenheten är ett fingerat objekt. Ref. hjälpklassen Fingerat objekt (hsaFeignedObject) [R5].","true: om vårdenheten är ett fingerat objekt. Ref. hjälpklassen Fingerat objekt (hsaFeignedObject) [R5].","","","","","","","","","",,,,,"",,,,"gethealthcareunitlist.healthCareUnitList.healthCareUnit.feignedHealthCareUnit",0,1,"",""
"gethealthcareunitlist","gethealthcareunitlist.healthCareUnitList.healthCareUnit.archivedHealthCareUnit","gethealthcareunitlist.healthCareUnitList.healthCareUnit.archivedHealthCareUnit","","","",0,1,"","","","boolean {[]} {[]}
","true: om vårdenheten är ett arkiverat objekt. Ref. hjälpklassen arkiverat objekt (hsaArchivedObject) [R5].","true: om vårdenheten är ett arkiverat objekt. Ref. hjälpklassen arkiverat objekt (hsaArchivedObject) [R5].","","","","","","","","","",,,,,"",,,,"gethealthcareunitlist.healthCareUnitList.healthCareUnit.archivedHealthCareUnit",0,1,"",""
"gethealthcareunitmembers-request","gethealthcareunitmembers-request","gethealthcareunitmembers-request","","","",0,*,"","","","null {[]} {[]}
","GetHealthCareUnitMembers — Request","Logisk modell för requestparametrar i GetHealthCareUnitMembers (RIV-TA urn:riv:infrastructure:directory:organization:GetHealthCareUnitMembers:2).","","","","","","","","","",,,,,"",,,,"Base",0,*,"",""
"gethealthcareunitmembers-request","gethealthcareunitmembers-request.healthCareUnitHsaId","gethealthcareunitmembers-request.healthCareUnitHsaId","","","",1,1,"","","","string {[]} {[]}
","HSA-id för vårdenhet enligt PDL. Ref. hsaIdentity [R5].","Kardinalitet: Obligatorisk.","","","","","","","","","",,,,,"",,,,"gethealthcareunitmembers-request.healthCareUnitHsaId",1,1,"",""
"gethealthcareunitmembers-request","gethealthcareunitmembers-request.searchBase","gethealthcareunitmembers-request.searchBase","","","",0,1,"","","","string {[]} {[]}
","Sökbas. Om ingen sökbas anges används c=SE som sökbas.","DN-format. Obs: kopplade enheter söks alltid med sökbas c=se.
Kardinalitet: Valfri.","","","","","","","","","",,,,,"",,,,"gethealthcareunitmembers-request.searchBase",0,1,"",""
"gethealthcareunitmembers-request","gethealthcareunitmembers-request.includeFeignedObject","gethealthcareunitmembers-request.includeFeignedObject","","","",0,1,"","","","boolean {[]} {[]}
","true: om metoden ska leverera svar med fingerade objekt.","Uteblivet värde tolkas som false.
Kardinalitet: Valfri.","","","","","","","","","",,,,,"",,,,"gethealthcareunitmembers-request.includeFeignedObject",0,1,"",""
"gethealthcareunitmembers","gethealthcareunitmembers","gethealthcareunitmembers","","","",0,*,"","","","null {[]} {[]}
","GetHealthCareUnitMembers","Logisk modell för tjänstekontraktet GetHealthCareUnitMembers
(RIV-TA urn:riv:infrastructure:directory:organization:GetHealthCareUnitMembers:2).
Representerar responsens informationsstruktur — vårdenhet med alla kopplade enheter.","","","","","","","","","",,,,,"",,,,"Base",0,*,"",""
"gethealthcareunitmembers","gethealthcareunitmembers.healthCareUnitMembers","gethealthcareunitmembers.healthCareUnitMembers","","","",0,1,"","","","BackboneElement {[]} {[]}
","Information om vårdenheten och dess kopplade enheter","Aggregerat objekt med vårdenhetens information, tillhörande vårdgivare och lista av kopplade enheter.
Kardinalitet: Valfri.","","","","","","","","","",,,,,"",,,,"gethealthcareunitmembers.healthCareUnitMembers",0,1,"","ele-1:All FHIR elements must have a @value or children {hasValue() or (children().count() > id.count())}
"
"gethealthcareunitmembers","gethealthcareunitmembers.healthCareUnitMembers.id","gethealthcareunitmembers.healthCareUnitMembers.id","","","",0,1,"","","","string {[]} {[]}
","Unique id for inter-element referencing","Unique id for the element within a resource (for internal references). This may be any string value that does not contain spaces.","","","","","","","","","",,,,,"",,,,"Element.id",0,1,"",""
"gethealthcareunitmembers","gethealthcareunitmembers.healthCareUnitMembers.extension","gethealthcareunitmembers.healthCareUnitMembers.extension","","extensions
user content","",0,*,"","","","Extension {[]} {[]}
","Additional content defined by implementations","May be used to represent additional information that is not part of the basic definition of the element. To make the use of extensions safe and manageable, there is a strict set of governance  applied to the definition and use of extensions. Though any implementer can define an extension, there is a set of requirements that SHALL be met as part of the definition of the extension.","There can be no stigma associated with the use of extensions by any application, project, or standard - regardless of the institution or jurisdiction that uses or defines the extensions.  The use of extensions is what allows the FHIR specification to retain a core level of simplicity for everyone.","","","","","","","","",,,,,"","value:url}
","Extensions are always sliced by (at least) url",,"open","Element.extension",0,*,"","ele-1:All FHIR elements must have a @value or children {hasValue() or (children().count() > id.count())}
ext-1:Must have either extensions or value[x], not both {extension.exists() != value.exists()}"
"gethealthcareunitmembers","gethealthcareunitmembers.healthCareUnitMembers.modifierExtension","gethealthcareunitmembers.healthCareUnitMembers.modifierExtension","","extensions
user contentmodifiers","",0,*,"","Y","Y","Extension {[]} {[]}
","Extensions that cannot be ignored even if unrecognized","May be used to represent additional information that is not part of the basic definition of the element and that modifies the understanding of the element in which it is contained and/or the understanding of the containing element's descendants. Usually modifier elements provide negation or qualification. To make the use of extensions safe and manageable, there is a strict set of governance applied to the definition and use of extensions. Though any implementer can define an extension, there is a set of requirements that SHALL be met as part of the definition of the extension. Applications processing a resource are required to check for modifier extensions.

Modifier extensions SHALL NOT change the meaning of any elements on Resource or DomainResource (including cannot change the meaning of modifierExtension itself).","There can be no stigma associated with the use of extensions by any application, project, or standard - regardless of the institution or jurisdiction that uses or defines the extensions.  The use of extensions is what allows the FHIR specification to retain a core level of simplicity for everyone.","Modifier extensions allow for extensions that *cannot* be safely ignored to be clearly distinguished from the vast majority of extensions which can be safely ignored.  This promotes interoperability by eliminating the need for implementers to prohibit the presence of extensions. For further information, see the [definition of modifier extensions](http://hl7.org/fhir/R4/extensibility.html#modifierExtension).","","","","","","","",,,,,"",,,,"BackboneElement.modifierExtension",0,*,"","ele-1:All FHIR elements must have a @value or children {hasValue() or (children().count() > id.count())}
ext-1:Must have either extensions or value[x], not both {extension.exists() != value.exists()}"
"gethealthcareunitmembers","gethealthcareunitmembers.healthCareUnitMembers.healthCareUnitName","gethealthcareunitmembers.healthCareUnitMembers.healthCareUnitName","","","",1,1,"","","","string {[]} {[]}
","Vårdenhetens namn. Ref. organisationsnamn (o) resp. enhetsnamn (ou) [R5].","Vårdenhetens namn. Ref. organisationsnamn (o) resp. enhetsnamn (ou) [R5].","","","","","","","","","",,,,,"",,,,"gethealthcareunitmembers.healthCareUnitMembers.healthCareUnitName",1,1,"",""
"gethealthcareunitmembers","gethealthcareunitmembers.healthCareUnitMembers.healthCareUnitPublicName","gethealthcareunitmembers.healthCareUnitMembers.healthCareUnitPublicName","","","",1,1,"","","","string {[]} {[]}
","Publikt officiellt namn på vårdenheten.","Publikt officiellt namn på vårdenheten.","","","","","","","","","",,,,,"",,,,"gethealthcareunitmembers.healthCareUnitMembers.healthCareUnitPublicName",1,1,"",""
"gethealthcareunitmembers","gethealthcareunitmembers.healthCareUnitMembers.healthCareUnitHsaId","gethealthcareunitmembers.healthCareUnitMembers.healthCareUnitHsaId","","","",1,1,"","","","string {[]} {[]}
","Vårdenhetens HSA-id. Ref. hsaIdentity [R5].","Vårdenhetens HSA-id. Ref. hsaIdentity [R5].","","","","","","","","","",,,,,"",,,,"gethealthcareunitmembers.healthCareUnitMembers.healthCareUnitHsaId",1,1,"",""
"gethealthcareunitmembers","gethealthcareunitmembers.healthCareUnitMembers.healthCareUnitStartDate","gethealthcareunitmembers.healthCareUnitMembers.healthCareUnitStartDate","","","",0,1,"","","","dateTime {[]} {[]}
","Startdatum för vårdenhetens verksamhet. Ref. startDate [R5].","Startdatum för vårdenhetens verksamhet. Ref. startDate [R5].","","","","","","","","","",,,,,"",,,,"gethealthcareunitmembers.healthCareUnitMembers.healthCareUnitStartDate",0,1,"",""
"gethealthcareunitmembers","gethealthcareunitmembers.healthCareUnitMembers.healthCareUnitEndDate","gethealthcareunitmembers.healthCareUnitMembers.healthCareUnitEndDate","","","",0,1,"","","","dateTime {[]} {[]}
","Slutdatum för vårdenhetens verksamhet. Ref. endDate [R5].","Slutdatum för vårdenhetens verksamhet. Ref. endDate [R5].","","","","","","","","","",,,,,"",,,,"gethealthcareunitmembers.healthCareUnitMembers.healthCareUnitEndDate",0,1,"",""
"gethealthcareunitmembers","gethealthcareunitmembers.healthCareUnitMembers.healthCareUnitPrescriptionCode","gethealthcareunitmembers.healthCareUnitMembers.healthCareUnitPrescriptionCode","","","",0,*,"","","","string {[]} {[]}
","Vårdenhetens arbetsplatskod(-er). Ref. arbetsplatskod (unitPrescriptionCode) [R5].","Vårdenhetens arbetsplatskod(-er). Ref. arbetsplatskod (unitPrescriptionCode) [R5].","","","","","","","","","",,,,,"",,,,"gethealthcareunitmembers.healthCareUnitMembers.healthCareUnitPrescriptionCode",0,*,"",""
"gethealthcareunitmembers","gethealthcareunitmembers.healthCareUnitMembers.telephoneNumber","gethealthcareunitmembers.healthCareUnitMembers.telephoneNumber","","","",0,*,"","","","string {[]} {[]}
","Vårdenhetens publika direkttelefonnummer. Ref. direkttelefon (telephoneNumber) [R5].","Vårdenhetens publika direkttelefonnummer. Ref. direkttelefon (telephoneNumber) [R5].","","","","","","","","","",,,,,"",,,,"gethealthcareunitmembers.healthCareUnitMembers.telephoneNumber",0,*,"",""
"gethealthcareunitmembers","gethealthcareunitmembers.healthCareUnitMembers.postalAddress","gethealthcareunitmembers.healthCareUnitMembers.postalAddress","","","",0,1,"","","","BackboneElement {[]} {[]}
","Vårdenhetens postadress i ostrukturerat format. Ref. postadress (postalAddress) [R5].","Vårdenhetens postadress i ostrukturerat format. Ref. postadress (postalAddress) [R5].","","","","","","","","","",,,,,"",,,,"gethealthcareunitmembers.healthCareUnitMembers.postalAddress",0,1,"","ele-1:All FHIR elements must have a @value or children {hasValue() or (children().count() > id.count())}
"
"gethealthcareunitmembers","gethealthcareunitmembers.healthCareUnitMembers.postalAddress.id","gethealthcareunitmembers.healthCareUnitMembers.postalAddress.id","","","",0,1,"","","","string {[]} {[]}
","Unique id for inter-element referencing","Unique id for the element within a resource (for internal references). This may be any string value that does not contain spaces.","","","","","","","","","",,,,,"",,,,"Element.id",0,1,"",""
"gethealthcareunitmembers","gethealthcareunitmembers.healthCareUnitMembers.postalAddress.extension","gethealthcareunitmembers.healthCareUnitMembers.postalAddress.extension","","extensions
user content","",0,*,"","","","Extension {[]} {[]}
","Additional content defined by implementations","May be used to represent additional information that is not part of the basic definition of the element. To make the use of extensions safe and manageable, there is a strict set of governance  applied to the definition and use of extensions. Though any implementer can define an extension, there is a set of requirements that SHALL be met as part of the definition of the extension.","There can be no stigma associated with the use of extensions by any application, project, or standard - regardless of the institution or jurisdiction that uses or defines the extensions.  The use of extensions is what allows the FHIR specification to retain a core level of simplicity for everyone.","","","","","","","","",,,,,"","value:url}
","Extensions are always sliced by (at least) url",,"open","Element.extension",0,*,"","ele-1:All FHIR elements must have a @value or children {hasValue() or (children().count() > id.count())}
ext-1:Must have either extensions or value[x], not both {extension.exists() != value.exists()}"
"gethealthcareunitmembers","gethealthcareunitmembers.healthCareUnitMembers.postalAddress.modifierExtension","gethealthcareunitmembers.healthCareUnitMembers.postalAddress.modifierExtension","","extensions
user contentmodifiers","",0,*,"","Y","Y","Extension {[]} {[]}
","Extensions that cannot be ignored even if unrecognized","May be used to represent additional information that is not part of the basic definition of the element and that modifies the understanding of the element in which it is contained and/or the understanding of the containing element's descendants. Usually modifier elements provide negation or qualification. To make the use of extensions safe and manageable, there is a strict set of governance applied to the definition and use of extensions. Though any implementer can define an extension, there is a set of requirements that SHALL be met as part of the definition of the extension. Applications processing a resource are required to check for modifier extensions.

Modifier extensions SHALL NOT change the meaning of any elements on Resource or DomainResource (including cannot change the meaning of modifierExtension itself).","There can be no stigma associated with the use of extensions by any application, project, or standard - regardless of the institution or jurisdiction that uses or defines the extensions.  The use of extensions is what allows the FHIR specification to retain a core level of simplicity for everyone.","Modifier extensions allow for extensions that *cannot* be safely ignored to be clearly distinguished from the vast majority of extensions which can be safely ignored.  This promotes interoperability by eliminating the need for implementers to prohibit the presence of extensions. For further information, see the [definition of modifier extensions](http://hl7.org/fhir/R4/extensibility.html#modifierExtension).","","","","","","","",,,,,"",,,,"BackboneElement.modifierExtension",0,*,"","ele-1:All FHIR elements must have a @value or children {hasValue() or (children().count() > id.count())}
ext-1:Must have either extensions or value[x], not both {extension.exists() != value.exists()}"
"gethealthcareunitmembers","gethealthcareunitmembers.healthCareUnitMembers.postalAddress.addressLine","gethealthcareunitmembers.healthCareUnitMembers.postalAddress.addressLine","","","",1,*,"","","","string {[]} {[]}
","Adressrader.","Adressrader.","","","","","","","","","",,,,,"",,,,"gethealthcareunitmembers.healthCareUnitMembers.postalAddress.addressLine",1,*,"",""
"gethealthcareunitmembers","gethealthcareunitmembers.healthCareUnitMembers.structuredPostalAddress","gethealthcareunitmembers.healthCareUnitMembers.structuredPostalAddress","","","",0,1,"","","","BackboneElement {[]} {[]}
","Vårdenhetens postadress i strukturerat format. Ref. Strukturerad postadress (hsaPostalAddress) [R5].","Vårdenhetens postadress i strukturerat format. Ref. Strukturerad postadress (hsaPostalAddress) [R5].","","","","","","","","","",,,,,"",,,,"gethealthcareunitmembers.healthCareUnitMembers.structuredPostalAddress",0,1,"","ele-1:All FHIR elements must have a @value or children {hasValue() or (children().count() > id.count())}
"
"gethealthcareunitmembers","gethealthcareunitmembers.healthCareUnitMembers.structuredPostalAddress.id","gethealthcareunitmembers.healthCareUnitMembers.structuredPostalAddress.id","","","",0,1,"","","","string {[]} {[]}
","Unique id for inter-element referencing","Unique id for the element within a resource (for internal references). This may be any string value that does not contain spaces.","","","","","","","","","",,,,,"",,,,"Element.id",0,1,"",""
"gethealthcareunitmembers","gethealthcareunitmembers.healthCareUnitMembers.structuredPostalAddress.extension","gethealthcareunitmembers.healthCareUnitMembers.structuredPostalAddress.extension","","extensions
user content","",0,*,"","","","Extension {[]} {[]}
","Additional content defined by implementations","May be used to represent additional information that is not part of the basic definition of the element. To make the use of extensions safe and manageable, there is a strict set of governance  applied to the definition and use of extensions. Though any implementer can define an extension, there is a set of requirements that SHALL be met as part of the definition of the extension.","There can be no stigma associated with the use of extensions by any application, project, or standard - regardless of the institution or jurisdiction that uses or defines the extensions.  The use of extensions is what allows the FHIR specification to retain a core level of simplicity for everyone.","","","","","","","","",,,,,"","value:url}
","Extensions are always sliced by (at least) url",,"open","Element.extension",0,*,"","ele-1:All FHIR elements must have a @value or children {hasValue() or (children().count() > id.count())}
ext-1:Must have either extensions or value[x], not both {extension.exists() != value.exists()}"
"gethealthcareunitmembers","gethealthcareunitmembers.healthCareUnitMembers.structuredPostalAddress.modifierExtension","gethealthcareunitmembers.healthCareUnitMembers.structuredPostalAddress.modifierExtension","","extensions
user contentmodifiers","",0,*,"","Y","Y","Extension {[]} {[]}
","Extensions that cannot be ignored even if unrecognized","May be used to represent additional information that is not part of the basic definition of the element and that modifies the understanding of the element in which it is contained and/or the understanding of the containing element's descendants. Usually modifier elements provide negation or qualification. To make the use of extensions safe and manageable, there is a strict set of governance applied to the definition and use of extensions. Though any implementer can define an extension, there is a set of requirements that SHALL be met as part of the definition of the extension. Applications processing a resource are required to check for modifier extensions.

Modifier extensions SHALL NOT change the meaning of any elements on Resource or DomainResource (including cannot change the meaning of modifierExtension itself).","There can be no stigma associated with the use of extensions by any application, project, or standard - regardless of the institution or jurisdiction that uses or defines the extensions.  The use of extensions is what allows the FHIR specification to retain a core level of simplicity for everyone.","Modifier extensions allow for extensions that *cannot* be safely ignored to be clearly distinguished from the vast majority of extensions which can be safely ignored.  This promotes interoperability by eliminating the need for implementers to prohibit the presence of extensions. For further information, see the [definition of modifier extensions](http://hl7.org/fhir/R4/extensibility.html#modifierExtension).","","","","","","","",,,,,"",,,,"BackboneElement.modifierExtension",0,*,"","ele-1:All FHIR elements must have a @value or children {hasValue() or (children().count() > id.count())}
ext-1:Must have either extensions or value[x], not both {extension.exists() != value.exists()}"
"gethealthcareunitmembers","gethealthcareunitmembers.healthCareUnitMembers.structuredPostalAddress.addressee","gethealthcareunitmembers.healthCareUnitMembers.structuredPostalAddress.addressee","","","",1,*,"","","","string {[]} {[]}
","Adressat.","Adressat.","","","","","","","","","",,,,,"",,,,"gethealthcareunitmembers.healthCareUnitMembers.structuredPostalAddress.addressee",1,*,"",""
"gethealthcareunitmembers","gethealthcareunitmembers.healthCareUnitMembers.structuredPostalAddress.street","gethealthcareunitmembers.healthCareUnitMembers.structuredPostalAddress.street","","","",0,1,"","","","string {[]} {[]}
","Gata.","Gata.","","","","","","","","","",,,,,"",,,,"gethealthcareunitmembers.healthCareUnitMembers.structuredPostalAddress.street",0,1,"",""
"gethealthcareunitmembers","gethealthcareunitmembers.healthCareUnitMembers.structuredPostalAddress.premisesNumber","gethealthcareunitmembers.healthCareUnitMembers.structuredPostalAddress.premisesNumber","","","",0,1,"","","","string {[]} {[]}
","Adressplatsnummer.","Adressplatsnummer.","","","","","","","","","",,,,,"",,,,"gethealthcareunitmembers.healthCareUnitMembers.structuredPostalAddress.premisesNumber",0,1,"",""
"gethealthcareunitmembers","gethealthcareunitmembers.healthCareUnitMembers.structuredPostalAddress.premisesLetter","gethealthcareunitmembers.healthCareUnitMembers.structuredPostalAddress.premisesLetter","","","",0,1,"","","","string {[]} {[]}
","Adressplatslittera.","Adressplatslittera.","","","","","","","","","",,,,,"",,,,"gethealthcareunitmembers.healthCareUnitMembers.structuredPostalAddress.premisesLetter",0,1,"",""
"gethealthcareunitmembers","gethealthcareunitmembers.healthCareUnitMembers.structuredPostalAddress.postCode","gethealthcareunitmembers.healthCareUnitMembers.structuredPostalAddress.postCode","","","",1,1,"","","","string {[]} {[]}
","Postnummer.","Postnummer.","","","","","","","","","",,,,,"",,,,"gethealthcareunitmembers.healthCareUnitMembers.structuredPostalAddress.postCode",1,1,"",""
"gethealthcareunitmembers","gethealthcareunitmembers.healthCareUnitMembers.structuredPostalAddress.town","gethealthcareunitmembers.healthCareUnitMembers.structuredPostalAddress.town","","","",1,1,"","","","string {[]} {[]}
","Postort.","Postort.","","","","","","","","","",,,,,"",,,,"gethealthcareunitmembers.healthCareUnitMembers.structuredPostalAddress.town",1,1,"",""
"gethealthcareunitmembers","gethealthcareunitmembers.healthCareUnitMembers.postalCode","gethealthcareunitmembers.healthCareUnitMembers.postalCode","","","",0,1,"","","","string {[]} {[]}
","Vårdenhetens postnummer. Ref. postnummer (postalCode) [R5].","Vårdenhetens postnummer. Ref. postnummer (postalCode) [R5].","","","","","","","","","",,,,,"",,,,"gethealthcareunitmembers.healthCareUnitMembers.postalCode",0,1,"",""
"gethealthcareunitmembers","gethealthcareunitmembers.healthCareUnitMembers.feignedhealthCareUnit","gethealthcareunitmembers.healthCareUnitMembers.feignedhealthCareUnit","","","",0,1,"","","","boolean {[]} {[]}
","true: om vårdenheten är ett fingerat objekt. Ref. hjälpklassen Fingerat objekt (hsaFeignedObject) [R5].","true: om vårdenheten är ett fingerat objekt. Ref. hjälpklassen Fingerat objekt (hsaFeignedObject) [R5].","","","","","","","","","",,,,,"",,,,"gethealthcareunitmembers.healthCareUnitMembers.feignedhealthCareUnit",0,1,"",""
"gethealthcareunitmembers","gethealthcareunitmembers.healthCareUnitMembers.archivedHealthCareUnit","gethealthcareunitmembers.healthCareUnitMembers.archivedHealthCareUnit","","","",0,1,"","","","boolean {[]} {[]}
","true: om vårdenheten är ett arkiverat objekt. Ref. hjälpklassen arkiverat objekt (hsaArchivedObject) [R5].","true: om vårdenheten är ett arkiverat objekt. Ref. hjälpklassen arkiverat objekt (hsaArchivedObject) [R5].","","","","","","","","","",,,,,"",,,,"gethealthcareunitmembers.healthCareUnitMembers.archivedHealthCareUnit",0,1,"",""
"gethealthcareunitmembers","gethealthcareunitmembers.healthCareUnitMembers.healthCareProvider","gethealthcareunitmembers.healthCareUnitMembers.healthCareProvider","","","",1,1,"","","","BackboneElement {[]} {[]}
","Den vårdgivare som vårdenheten tillhör","Aggregerat objekt med information om tillhörande vårdgivare.
Kardinalitet: Obligatorisk.","","","","","","","","","",,,,,"",,,,"gethealthcareunitmembers.healthCareUnitMembers.healthCareProvider",1,1,"","ele-1:All FHIR elements must have a @value or children {hasValue() or (children().count() > id.count())}
"
"gethealthcareunitmembers","gethealthcareunitmembers.healthCareUnitMembers.healthCareProvider.id","gethealthcareunitmembers.healthCareUnitMembers.healthCareProvider.id","","","",0,1,"","","","string {[]} {[]}
","Unique id for inter-element referencing","Unique id for the element within a resource (for internal references). This may be any string value that does not contain spaces.","","","","","","","","","",,,,,"",,,,"Element.id",0,1,"",""
"gethealthcareunitmembers","gethealthcareunitmembers.healthCareUnitMembers.healthCareProvider.extension","gethealthcareunitmembers.healthCareUnitMembers.healthCareProvider.extension","","extensions
user content","",0,*,"","","","Extension {[]} {[]}
","Additional content defined by implementations","May be used to represent additional information that is not part of the basic definition of the element. To make the use of extensions safe and manageable, there is a strict set of governance  applied to the definition and use of extensions. Though any implementer can define an extension, there is a set of requirements that SHALL be met as part of the definition of the extension.","There can be no stigma associated with the use of extensions by any application, project, or standard - regardless of the institution or jurisdiction that uses or defines the extensions.  The use of extensions is what allows the FHIR specification to retain a core level of simplicity for everyone.","","","","","","","","",,,,,"","value:url}
","Extensions are always sliced by (at least) url",,"open","Element.extension",0,*,"","ele-1:All FHIR elements must have a @value or children {hasValue() or (children().count() > id.count())}
ext-1:Must have either extensions or value[x], not both {extension.exists() != value.exists()}"
"gethealthcareunitmembers","gethealthcareunitmembers.healthCareUnitMembers.healthCareProvider.modifierExtension","gethealthcareunitmembers.healthCareUnitMembers.healthCareProvider.modifierExtension","","extensions
user contentmodifiers","",0,*,"","Y","Y","Extension {[]} {[]}
","Extensions that cannot be ignored even if unrecognized","May be used to represent additional information that is not part of the basic definition of the element and that modifies the understanding of the element in which it is contained and/or the understanding of the containing element's descendants. Usually modifier elements provide negation or qualification. To make the use of extensions safe and manageable, there is a strict set of governance applied to the definition and use of extensions. Though any implementer can define an extension, there is a set of requirements that SHALL be met as part of the definition of the extension. Applications processing a resource are required to check for modifier extensions.

Modifier extensions SHALL NOT change the meaning of any elements on Resource or DomainResource (including cannot change the meaning of modifierExtension itself).","There can be no stigma associated with the use of extensions by any application, project, or standard - regardless of the institution or jurisdiction that uses or defines the extensions.  The use of extensions is what allows the FHIR specification to retain a core level of simplicity for everyone.","Modifier extensions allow for extensions that *cannot* be safely ignored to be clearly distinguished from the vast majority of extensions which can be safely ignored.  This promotes interoperability by eliminating the need for implementers to prohibit the presence of extensions. For further information, see the [definition of modifier extensions](http://hl7.org/fhir/R4/extensibility.html#modifierExtension).","","","","","","","",,,,,"",,,,"BackboneElement.modifierExtension",0,*,"","ele-1:All FHIR elements must have a @value or children {hasValue() or (children().count() > id.count())}
ext-1:Must have either extensions or value[x], not both {extension.exists() != value.exists()}"
"gethealthcareunitmembers","gethealthcareunitmembers.healthCareUnitMembers.healthCareProvider.healthCareProviderName","gethealthcareunitmembers.healthCareUnitMembers.healthCareProvider.healthCareProviderName","","","",1,1,"","","","string {[]} {[]}
","Vårdgivarens namn. Ref. organisationsnamn (o) resp. enhetsnamn (ou) [R5].","Vårdgivarens namn. Ref. organisationsnamn (o) resp. enhetsnamn (ou) [R5].","","","","","","","","","",,,,,"",,,,"gethealthcareunitmembers.healthCareUnitMembers.healthCareProvider.healthCareProviderName",1,1,"",""
"gethealthcareunitmembers","gethealthcareunitmembers.healthCareUnitMembers.healthCareProvider.healthCareProviderPublicName","gethealthcareunitmembers.healthCareUnitMembers.healthCareProvider.healthCareProviderPublicName","","","",1,1,"","","","string {[]} {[]}
","Publikt officiellt namn på vårdgivaren.","Publikt officiellt namn på vårdgivaren.","","","","","","","","","",,,,,"",,,,"gethealthcareunitmembers.healthCareUnitMembers.healthCareProvider.healthCareProviderPublicName",1,1,"",""
"gethealthcareunitmembers","gethealthcareunitmembers.healthCareUnitMembers.healthCareProvider.healthCareProviderHsaId","gethealthcareunitmembers.healthCareUnitMembers.healthCareProvider.healthCareProviderHsaId","","","",1,1,"","","","string {[]} {[]}
","Vårdgivarens HSA-id. Ref. hsaIdentity [R5].","Vårdgivarens HSA-id. Ref. hsaIdentity [R5].","","","","","","","","","",,,,,"",,,,"gethealthcareunitmembers.healthCareUnitMembers.healthCareProvider.healthCareProviderHsaId",1,1,"",""
"gethealthcareunitmembers","gethealthcareunitmembers.healthCareUnitMembers.healthCareProvider.healthCareProviderOrgNo","gethealthcareunitmembers.healthCareUnitMembers.healthCareProvider.healthCareProviderOrgNo","","","",1,1,"","","","string {[]} {[]}
","Vårdgivarens organisationsnummer.","Vårdgivarens organisationsnummer.","","","","","","","","","",,,,,"",,,,"gethealthcareunitmembers.healthCareUnitMembers.healthCareProvider.healthCareProviderOrgNo",1,1,"",""
"gethealthcareunitmembers","gethealthcareunitmembers.healthCareUnitMembers.healthCareProvider.healthCareProviderStartDate","gethealthcareunitmembers.healthCareUnitMembers.healthCareProvider.healthCareProviderStartDate","","","",0,1,"","","","dateTime {[]} {[]}
","Startdatum för Vårdgivarens verksamhet. Ref. startDate [R5].","Startdatum för Vårdgivarens verksamhet. Ref. startDate [R5].","","","","","","","","","",,,,,"",,,,"gethealthcareunitmembers.healthCareUnitMembers.healthCareProvider.healthCareProviderStartDate",0,1,"",""
"gethealthcareunitmembers","gethealthcareunitmembers.healthCareUnitMembers.healthCareProvider.healthCareProviderEndDate","gethealthcareunitmembers.healthCareUnitMembers.healthCareProvider.healthCareProviderEndDate","","","",0,1,"","","","dateTime {[]} {[]}
","Slutdatum för Vårdgivarens verksamhet. Ref. endDate [R5].","Slutdatum för Vårdgivarens verksamhet. Ref. endDate [R5].","","","","","","","","","",,,,,"",,,,"gethealthcareunitmembers.healthCareUnitMembers.healthCareProvider.healthCareProviderEndDate",0,1,"",""
"gethealthcareunitmembers","gethealthcareunitmembers.healthCareUnitMembers.healthCareProvider.healthCareProviderPrescriptionCode","gethealthcareunitmembers.healthCareUnitMembers.healthCareProvider.healthCareProviderPrescriptionCode","","","",0,*,"","","","string {[]} {[]}
","Vårdgivarens arbetsplatskod(-er). Ref. arbetsplatskod (unitPrescriptionCode) [R5].","Vårdgivarens arbetsplatskod(-er). Ref. arbetsplatskod (unitPrescriptionCode) [R5].","","","","","","","","","",,,,,"",,,,"gethealthcareunitmembers.healthCareUnitMembers.healthCareProvider.healthCareProviderPrescriptionCode",0,*,"",""
"gethealthcareunitmembers","gethealthcareunitmembers.healthCareUnitMembers.healthCareProvider.telephoneNumber","gethealthcareunitmembers.healthCareUnitMembers.healthCareProvider.telephoneNumber","","","",0,*,"","","","string {[]} {[]}
","Vårdgivarens publika direkttelefonnummer. Ref. direkttelefon (telephoneNumber) [R5].","Vårdgivarens publika direkttelefonnummer. Ref. direkttelefon (telephoneNumber) [R5].","","","","","","","","","",,,,,"",,,,"gethealthcareunitmembers.healthCareUnitMembers.healthCareProvider.telephoneNumber",0,*,"",""
"gethealthcareunitmembers","gethealthcareunitmembers.healthCareUnitMembers.healthCareProvider.postalAddress","gethealthcareunitmembers.healthCareUnitMembers.healthCareProvider.postalAddress","","","",0,1,"","","","BackboneElement {[]} {[]}
","Vårdgivarens postadress i ostrukturerat format. Ref. postadress (postalAddress) [R5].","Vårdgivarens postadress i ostrukturerat format. Ref. postadress (postalAddress) [R5].","","","","","","","","","",,,,,"",,,,"gethealthcareunitmembers.healthCareUnitMembers.healthCareProvider.postalAddress",0,1,"","ele-1:All FHIR elements must have a @value or children {hasValue() or (children().count() > id.count())}
"
"gethealthcareunitmembers","gethealthcareunitmembers.healthCareUnitMembers.healthCareProvider.postalAddress.id","gethealthcareunitmembers.healthCareUnitMembers.healthCareProvider.postalAddress.id","","","",0,1,"","","","string {[]} {[]}
","Unique id for inter-element referencing","Unique id for the element within a resource (for internal references). This may be any string value that does not contain spaces.","","","","","","","","","",,,,,"",,,,"Element.id",0,1,"",""
"gethealthcareunitmembers","gethealthcareunitmembers.healthCareUnitMembers.healthCareProvider.postalAddress.extension","gethealthcareunitmembers.healthCareUnitMembers.healthCareProvider.postalAddress.extension","","extensions
user content","",0,*,"","","","Extension {[]} {[]}
","Additional content defined by implementations","May be used to represent additional information that is not part of the basic definition of the element. To make the use of extensions safe and manageable, there is a strict set of governance  applied to the definition and use of extensions. Though any implementer can define an extension, there is a set of requirements that SHALL be met as part of the definition of the extension.","There can be no stigma associated with the use of extensions by any application, project, or standard - regardless of the institution or jurisdiction that uses or defines the extensions.  The use of extensions is what allows the FHIR specification to retain a core level of simplicity for everyone.","","","","","","","","",,,,,"","value:url}
","Extensions are always sliced by (at least) url",,"open","Element.extension",0,*,"","ele-1:All FHIR elements must have a @value or children {hasValue() or (children().count() > id.count())}
ext-1:Must have either extensions or value[x], not both {extension.exists() != value.exists()}"
"gethealthcareunitmembers","gethealthcareunitmembers.healthCareUnitMembers.healthCareProvider.postalAddress.modifierExtension","gethealthcareunitmembers.healthCareUnitMembers.healthCareProvider.postalAddress.modifierExtension","","extensions
user contentmodifiers","",0,*,"","Y","Y","Extension {[]} {[]}
","Extensions that cannot be ignored even if unrecognized","May be used to represent additional information that is not part of the basic definition of the element and that modifies the understanding of the element in which it is contained and/or the understanding of the containing element's descendants. Usually modifier elements provide negation or qualification. To make the use of extensions safe and manageable, there is a strict set of governance applied to the definition and use of extensions. Though any implementer can define an extension, there is a set of requirements that SHALL be met as part of the definition of the extension. Applications processing a resource are required to check for modifier extensions.

Modifier extensions SHALL NOT change the meaning of any elements on Resource or DomainResource (including cannot change the meaning of modifierExtension itself).","There can be no stigma associated with the use of extensions by any application, project, or standard - regardless of the institution or jurisdiction that uses or defines the extensions.  The use of extensions is what allows the FHIR specification to retain a core level of simplicity for everyone.","Modifier extensions allow for extensions that *cannot* be safely ignored to be clearly distinguished from the vast majority of extensions which can be safely ignored.  This promotes interoperability by eliminating the need for implementers to prohibit the presence of extensions. For further information, see the [definition of modifier extensions](http://hl7.org/fhir/R4/extensibility.html#modifierExtension).","","","","","","","",,,,,"",,,,"BackboneElement.modifierExtension",0,*,"","ele-1:All FHIR elements must have a @value or children {hasValue() or (children().count() > id.count())}
ext-1:Must have either extensions or value[x], not both {extension.exists() != value.exists()}"
"gethealthcareunitmembers","gethealthcareunitmembers.healthCareUnitMembers.healthCareProvider.postalAddress.addressLine","gethealthcareunitmembers.healthCareUnitMembers.healthCareProvider.postalAddress.addressLine","","","",1,*,"","","","string {[]} {[]}
","Adressrader.","Adressrader.","","","","","","","","","",,,,,"",,,,"gethealthcareunitmembers.healthCareUnitMembers.healthCareProvider.postalAddress.addressLine",1,*,"",""
"gethealthcareunitmembers","gethealthcareunitmembers.healthCareUnitMembers.healthCareProvider.structuredPostalAddress","gethealthcareunitmembers.healthCareUnitMembers.healthCareProvider.structuredPostalAddress","","","",0,1,"","","","BackboneElement {[]} {[]}
","Vårdgivarens postadress i strukturerat format. Ref. Strukturerad postadress (hsaPostalAddress) [R5].","Vårdgivarens postadress i strukturerat format. Ref. Strukturerad postadress (hsaPostalAddress) [R5].","","","","","","","","","",,,,,"",,,,"gethealthcareunitmembers.healthCareUnitMembers.healthCareProvider.structuredPostalAddress",0,1,"","ele-1:All FHIR elements must have a @value or children {hasValue() or (children().count() > id.count())}
"
"gethealthcareunitmembers","gethealthcareunitmembers.healthCareUnitMembers.healthCareProvider.structuredPostalAddress.id","gethealthcareunitmembers.healthCareUnitMembers.healthCareProvider.structuredPostalAddress.id","","","",0,1,"","","","string {[]} {[]}
","Unique id for inter-element referencing","Unique id for the element within a resource (for internal references). This may be any string value that does not contain spaces.","","","","","","","","","",,,,,"",,,,"Element.id",0,1,"",""
"gethealthcareunitmembers","gethealthcareunitmembers.healthCareUnitMembers.healthCareProvider.structuredPostalAddress.extension","gethealthcareunitmembers.healthCareUnitMembers.healthCareProvider.structuredPostalAddress.extension","","extensions
user content","",0,*,"","","","Extension {[]} {[]}
","Additional content defined by implementations","May be used to represent additional information that is not part of the basic definition of the element. To make the use of extensions safe and manageable, there is a strict set of governance  applied to the definition and use of extensions. Though any implementer can define an extension, there is a set of requirements that SHALL be met as part of the definition of the extension.","There can be no stigma associated with the use of extensions by any application, project, or standard - regardless of the institution or jurisdiction that uses or defines the extensions.  The use of extensions is what allows the FHIR specification to retain a core level of simplicity for everyone.","","","","","","","","",,,,,"","value:url}
","Extensions are always sliced by (at least) url",,"open","Element.extension",0,*,"","ele-1:All FHIR elements must have a @value or children {hasValue() or (children().count() > id.count())}
ext-1:Must have either extensions or value[x], not both {extension.exists() != value.exists()}"
"gethealthcareunitmembers","gethealthcareunitmembers.healthCareUnitMembers.healthCareProvider.structuredPostalAddress.modifierExtension","gethealthcareunitmembers.healthCareUnitMembers.healthCareProvider.structuredPostalAddress.modifierExtension","","extensions
user contentmodifiers","",0,*,"","Y","Y","Extension {[]} {[]}
","Extensions that cannot be ignored even if unrecognized","May be used to represent additional information that is not part of the basic definition of the element and that modifies the understanding of the element in which it is contained and/or the understanding of the containing element's descendants. Usually modifier elements provide negation or qualification. To make the use of extensions safe and manageable, there is a strict set of governance applied to the definition and use of extensions. Though any implementer can define an extension, there is a set of requirements that SHALL be met as part of the definition of the extension. Applications processing a resource are required to check for modifier extensions.

Modifier extensions SHALL NOT change the meaning of any elements on Resource or DomainResource (including cannot change the meaning of modifierExtension itself).","There can be no stigma associated with the use of extensions by any application, project, or standard - regardless of the institution or jurisdiction that uses or defines the extensions.  The use of extensions is what allows the FHIR specification to retain a core level of simplicity for everyone.","Modifier extensions allow for extensions that *cannot* be safely ignored to be clearly distinguished from the vast majority of extensions which can be safely ignored.  This promotes interoperability by eliminating the need for implementers to prohibit the presence of extensions. For further information, see the [definition of modifier extensions](http://hl7.org/fhir/R4/extensibility.html#modifierExtension).","","","","","","","",,,,,"",,,,"BackboneElement.modifierExtension",0,*,"","ele-1:All FHIR elements must have a @value or children {hasValue() or (children().count() > id.count())}
ext-1:Must have either extensions or value[x], not both {extension.exists() != value.exists()}"
"gethealthcareunitmembers","gethealthcareunitmembers.healthCareUnitMembers.healthCareProvider.structuredPostalAddress.addressee","gethealthcareunitmembers.healthCareUnitMembers.healthCareProvider.structuredPostalAddress.addressee","","","",1,*,"","","","string {[]} {[]}
","Adressat.","Adressat.","","","","","","","","","",,,,,"",,,,"gethealthcareunitmembers.healthCareUnitMembers.healthCareProvider.structuredPostalAddress.addressee",1,*,"",""
"gethealthcareunitmembers","gethealthcareunitmembers.healthCareUnitMembers.healthCareProvider.structuredPostalAddress.street","gethealthcareunitmembers.healthCareUnitMembers.healthCareProvider.structuredPostalAddress.street","","","",0,1,"","","","string {[]} {[]}
","Gata.","Gata.","","","","","","","","","",,,,,"",,,,"gethealthcareunitmembers.healthCareUnitMembers.healthCareProvider.structuredPostalAddress.street",0,1,"",""
"gethealthcareunitmembers","gethealthcareunitmembers.healthCareUnitMembers.healthCareProvider.structuredPostalAddress.premisesNumber","gethealthcareunitmembers.healthCareUnitMembers.healthCareProvider.structuredPostalAddress.premisesNumber","","","",0,1,"","","","string {[]} {[]}
","Adressplatsnummer.","Adressplatsnummer.","","","","","","","","","",,,,,"",,,,"gethealthcareunitmembers.healthCareUnitMembers.healthCareProvider.structuredPostalAddress.premisesNumber",0,1,"",""
"gethealthcareunitmembers","gethealthcareunitmembers.healthCareUnitMembers.healthCareProvider.structuredPostalAddress.premisesLetter","gethealthcareunitmembers.healthCareUnitMembers.healthCareProvider.structuredPostalAddress.premisesLetter","","","",0,1,"","","","string {[]} {[]}
","Adressplatslittera.","Adressplatslittera.","","","","","","","","","",,,,,"",,,,"gethealthcareunitmembers.healthCareUnitMembers.healthCareProvider.structuredPostalAddress.premisesLetter",0,1,"",""
"gethealthcareunitmembers","gethealthcareunitmembers.healthCareUnitMembers.healthCareProvider.structuredPostalAddress.postCode","gethealthcareunitmembers.healthCareUnitMembers.healthCareProvider.structuredPostalAddress.postCode","","","",1,1,"","","","string {[]} {[]}
","Postnummer.","Postnummer.","","","","","","","","","",,,,,"",,,,"gethealthcareunitmembers.healthCareUnitMembers.healthCareProvider.structuredPostalAddress.postCode",1,1,"",""
"gethealthcareunitmembers","gethealthcareunitmembers.healthCareUnitMembers.healthCareProvider.structuredPostalAddress.town","gethealthcareunitmembers.healthCareUnitMembers.healthCareProvider.structuredPostalAddress.town","","","",1,1,"","","","string {[]} {[]}
","Postort.","Postort.","","","","","","","","","",,,,,"",,,,"gethealthcareunitmembers.healthCareUnitMembers.healthCareProvider.structuredPostalAddress.town",1,1,"",""
"gethealthcareunitmembers","gethealthcareunitmembers.healthCareUnitMembers.healthCareProvider.postalCode","gethealthcareunitmembers.healthCareUnitMembers.healthCareProvider.postalCode","","","",0,1,"","","","string {[]} {[]}
","Vårdgivarens postnummer. Ref. postnummer (postalCode) [R5].","Vårdgivarens postnummer. Ref. postnummer (postalCode) [R5].","","","","","","","","","",,,,,"",,,,"gethealthcareunitmembers.healthCareUnitMembers.healthCareProvider.postalCode",0,1,"",""
"gethealthcareunitmembers","gethealthcareunitmembers.healthCareUnitMembers.healthCareProvider.feignedHealthCareProvider","gethealthcareunitmembers.healthCareUnitMembers.healthCareProvider.feignedHealthCareProvider","","","",0,1,"","","","boolean {[]} {[]}
","true: om Vårdgivaren är ett fingerat objekt. Ref. hjälpklassen Fingerat objekt (hsaFeignedObject) [R5].","true: om Vårdgivaren är ett fingerat objekt. Ref. hjälpklassen Fingerat objekt (hsaFeignedObject) [R5].","","","","","","","","","",,,,,"",,,,"gethealthcareunitmembers.healthCareUnitMembers.healthCareProvider.feignedHealthCareProvider",0,1,"",""
"gethealthcareunitmembers","gethealthcareunitmembers.healthCareUnitMembers.healthCareProvider.archivedHealthCareProvider","gethealthcareunitmembers.healthCareUnitMembers.healthCareProvider.archivedHealthCareProvider","","","",0,1,"","","","boolean {[]} {[]}
","true: om Vårdgivaren är ett arkiverat objekt. Ref. hjälpklassen arkiverat objekt (hsaArchivedObject) [R5].","true: om Vårdgivaren är ett arkiverat objekt. Ref. hjälpklassen arkiverat objekt (hsaArchivedObject) [R5].","","","","","","","","","",,,,,"",,,,"gethealthcareunitmembers.healthCareUnitMembers.healthCareProvider.archivedHealthCareProvider",0,1,"",""
"gethealthcareunitmembers","gethealthcareunitmembers.healthCareUnitMembers.healthCareUnitMember","gethealthcareunitmembers.healthCareUnitMembers.healthCareUnitMember","","","",0,*,"","","","BackboneElement {[]} {[]}
","Information om en kopplad enhet","Lista av kopplade enheter (mottagningar, avdelningar) som ingår i vårdenheten.
Kardinalitet: Valfri, lista.","","","","","","","","","",,,,,"",,,,"gethealthcareunitmembers.healthCareUnitMembers.healthCareUnitMember",0,*,"","ele-1:All FHIR elements must have a @value or children {hasValue() or (children().count() > id.count())}
"
"gethealthcareunitmembers","gethealthcareunitmembers.healthCareUnitMembers.healthCareUnitMember.id","gethealthcareunitmembers.healthCareUnitMembers.healthCareUnitMember.id","","","",0,1,"","","","string {[]} {[]}
","Unique id for inter-element referencing","Unique id for the element within a resource (for internal references). This may be any string value that does not contain spaces.","","","","","","","","","",,,,,"",,,,"Element.id",0,1,"",""
"gethealthcareunitmembers","gethealthcareunitmembers.healthCareUnitMembers.healthCareUnitMember.extension","gethealthcareunitmembers.healthCareUnitMembers.healthCareUnitMember.extension","","extensions
user content","",0,*,"","","","Extension {[]} {[]}
","Additional content defined by implementations","May be used to represent additional information that is not part of the basic definition of the element. To make the use of extensions safe and manageable, there is a strict set of governance  applied to the definition and use of extensions. Though any implementer can define an extension, there is a set of requirements that SHALL be met as part of the definition of the extension.","There can be no stigma associated with the use of extensions by any application, project, or standard - regardless of the institution or jurisdiction that uses or defines the extensions.  The use of extensions is what allows the FHIR specification to retain a core level of simplicity for everyone.","","","","","","","","",,,,,"","value:url}
","Extensions are always sliced by (at least) url",,"open","Element.extension",0,*,"","ele-1:All FHIR elements must have a @value or children {hasValue() or (children().count() > id.count())}
ext-1:Must have either extensions or value[x], not both {extension.exists() != value.exists()}"
"gethealthcareunitmembers","gethealthcareunitmembers.healthCareUnitMembers.healthCareUnitMember.modifierExtension","gethealthcareunitmembers.healthCareUnitMembers.healthCareUnitMember.modifierExtension","","extensions
user contentmodifiers","",0,*,"","Y","Y","Extension {[]} {[]}
","Extensions that cannot be ignored even if unrecognized","May be used to represent additional information that is not part of the basic definition of the element and that modifies the understanding of the element in which it is contained and/or the understanding of the containing element's descendants. Usually modifier elements provide negation or qualification. To make the use of extensions safe and manageable, there is a strict set of governance applied to the definition and use of extensions. Though any implementer can define an extension, there is a set of requirements that SHALL be met as part of the definition of the extension. Applications processing a resource are required to check for modifier extensions.

Modifier extensions SHALL NOT change the meaning of any elements on Resource or DomainResource (including cannot change the meaning of modifierExtension itself).","There can be no stigma associated with the use of extensions by any application, project, or standard - regardless of the institution or jurisdiction that uses or defines the extensions.  The use of extensions is what allows the FHIR specification to retain a core level of simplicity for everyone.","Modifier extensions allow for extensions that *cannot* be safely ignored to be clearly distinguished from the vast majority of extensions which can be safely ignored.  This promotes interoperability by eliminating the need for implementers to prohibit the presence of extensions. For further information, see the [definition of modifier extensions](http://hl7.org/fhir/R4/extensibility.html#modifierExtension).","","","","","","","",,,,,"",,,,"BackboneElement.modifierExtension",0,*,"","ele-1:All FHIR elements must have a @value or children {hasValue() or (children().count() > id.count())}
ext-1:Must have either extensions or value[x], not both {extension.exists() != value.exists()}"
"gethealthcareunitmembers","gethealthcareunitmembers.healthCareUnitMembers.healthCareUnitMember.healthCareUnitMemberName","gethealthcareunitmembers.healthCareUnitMembers.healthCareUnitMember.healthCareUnitMemberName","","","",1,1,"","","","string {[]} {[]}
","Den kopplade enhetens namn. Ref. organisationsnamn (o), enhetsnamn (ou) resp. objektnamn (cn) [R5].","Den kopplade enhetens namn. Ref. organisationsnamn (o), enhetsnamn (ou) resp. objektnamn (cn) [R5].","","","","","","","","","",,,,,"",,,,"gethealthcareunitmembers.healthCareUnitMembers.healthCareUnitMember.healthCareUnitMemberName",1,1,"",""
"gethealthcareunitmembers","gethealthcareunitmembers.healthCareUnitMembers.healthCareUnitMember.healthCareUnitMemberPublicName","gethealthcareunitmembers.healthCareUnitMembers.healthCareUnitMember.healthCareUnitMemberPublicName","","","",1,1,"","","","string {[]} {[]}
","Publikt officiellt namn på den kopplade enheten.","Publikt officiellt namn på den kopplade enheten.","","","","","","","","","",,,,,"",,,,"gethealthcareunitmembers.healthCareUnitMembers.healthCareUnitMember.healthCareUnitMemberPublicName",1,1,"",""
"gethealthcareunitmembers","gethealthcareunitmembers.healthCareUnitMembers.healthCareUnitMember.healthCareUnitMemberHsaId","gethealthcareunitmembers.healthCareUnitMembers.healthCareUnitMember.healthCareUnitMemberHsaId","","","",1,1,"","","","string {[]} {[]}
","Den kopplade enhetens HSA-id. Ref. hsaIdentity [R5].","Den kopplade enhetens HSA-id. Ref. hsaIdentity [R5].","","","","","","","","","",,,,,"",,,,"gethealthcareunitmembers.healthCareUnitMembers.healthCareUnitMember.healthCareUnitMemberHsaId",1,1,"",""
"gethealthcareunitmembers","gethealthcareunitmembers.healthCareUnitMembers.healthCareUnitMember.healthCareUnitMemberStartDate","gethealthcareunitmembers.healthCareUnitMembers.healthCareUnitMember.healthCareUnitMemberStartDate","","","",0,1,"","","","dateTime {[]} {[]}
","Startdatum för kopplade enhetens verksamhet. Ref. startDate [R5].","Startdatum för kopplade enhetens verksamhet. Ref. startDate [R5].","","","","","","","","","",,,,,"",,,,"gethealthcareunitmembers.healthCareUnitMembers.healthCareUnitMember.healthCareUnitMemberStartDate",0,1,"",""
"gethealthcareunitmembers","gethealthcareunitmembers.healthCareUnitMembers.healthCareUnitMember.healthCareUnitMemberEndDate","gethealthcareunitmembers.healthCareUnitMembers.healthCareUnitMember.healthCareUnitMemberEndDate","","","",0,1,"","","","dateTime {[]} {[]}
","Slutdatum för kopplade enhetens verksamhet. Ref. endDate [R5].","Slutdatum för kopplade enhetens verksamhet. Ref. endDate [R5].","","","","","","","","","",,,,,"",,,,"gethealthcareunitmembers.healthCareUnitMembers.healthCareUnitMember.healthCareUnitMemberEndDate",0,1,"",""
"gethealthcareunitmembers","gethealthcareunitmembers.healthCareUnitMembers.healthCareUnitMember.healthCareUnitMemberPrescriptionCode","gethealthcareunitmembers.healthCareUnitMembers.healthCareUnitMember.healthCareUnitMemberPrescriptionCode","","","",0,*,"","","","string {[]} {[]}
","Den kopplade enhetens arbetsplatskod(-er). Ref. arbetsplatskod (unitPrescriptionCode) [R5].","Den kopplade enhetens arbetsplatskod(-er). Ref. arbetsplatskod (unitPrescriptionCode) [R5].","","","","","","","","","",,,,,"",,,,"gethealthcareunitmembers.healthCareUnitMembers.healthCareUnitMember.healthCareUnitMemberPrescriptionCode",0,*,"",""
"gethealthcareunitmembers","gethealthcareunitmembers.healthCareUnitMembers.healthCareUnitMember.healthCareUnitMemberTelephoneNumber","gethealthcareunitmembers.healthCareUnitMembers.healthCareUnitMember.healthCareUnitMemberTelephoneNumber","","","",0,*,"","","","string {[]} {[]}
","Den kopplade enhetens publika direkttelefonnummer. Ref. direkttelefon (telephoneNumber) [R5].","Den kopplade enhetens publika direkttelefonnummer. Ref. direkttelefon (telephoneNumber) [R5].","","","","","","","","","",,,,,"",,,,"gethealthcareunitmembers.healthCareUnitMembers.healthCareUnitMember.healthCareUnitMemberTelephoneNumber",0,*,"",""
"gethealthcareunitmembers","gethealthcareunitmembers.healthCareUnitMembers.healthCareUnitMember.healthCareUnitMemberPostalAddress","gethealthcareunitmembers.healthCareUnitMembers.healthCareUnitMember.healthCareUnitMemberPostalAddress","","","",0,1,"","","","BackboneElement {[]} {[]}
","Den kopplade enhetens postadress i ostrukturerat format. Ref. postadress (postalAddress) [R5].","Den kopplade enhetens postadress i ostrukturerat format. Ref. postadress (postalAddress) [R5].","","","","","","","","","",,,,,"",,,,"gethealthcareunitmembers.healthCareUnitMembers.healthCareUnitMember.healthCareUnitMemberPostalAddress",0,1,"","ele-1:All FHIR elements must have a @value or children {hasValue() or (children().count() > id.count())}
"
"gethealthcareunitmembers","gethealthcareunitmembers.healthCareUnitMembers.healthCareUnitMember.healthCareUnitMemberPostalAddress.id","gethealthcareunitmembers.healthCareUnitMembers.healthCareUnitMember.healthCareUnitMemberPostalAddress.id","","","",0,1,"","","","string {[]} {[]}
","Unique id for inter-element referencing","Unique id for the element within a resource (for internal references). This may be any string value that does not contain spaces.","","","","","","","","","",,,,,"",,,,"Element.id",0,1,"",""
"gethealthcareunitmembers","gethealthcareunitmembers.healthCareUnitMembers.healthCareUnitMember.healthCareUnitMemberPostalAddress.extension","gethealthcareunitmembers.healthCareUnitMembers.healthCareUnitMember.healthCareUnitMemberPostalAddress.extension","","extensions
user content","",0,*,"","","","Extension {[]} {[]}
","Additional content defined by implementations","May be used to represent additional information that is not part of the basic definition of the element. To make the use of extensions safe and manageable, there is a strict set of governance  applied to the definition and use of extensions. Though any implementer can define an extension, there is a set of requirements that SHALL be met as part of the definition of the extension.","There can be no stigma associated with the use of extensions by any application, project, or standard - regardless of the institution or jurisdiction that uses or defines the extensions.  The use of extensions is what allows the FHIR specification to retain a core level of simplicity for everyone.","","","","","","","","",,,,,"","value:url}
","Extensions are always sliced by (at least) url",,"open","Element.extension",0,*,"","ele-1:All FHIR elements must have a @value or children {hasValue() or (children().count() > id.count())}
ext-1:Must have either extensions or value[x], not both {extension.exists() != value.exists()}"
"gethealthcareunitmembers","gethealthcareunitmembers.healthCareUnitMembers.healthCareUnitMember.healthCareUnitMemberPostalAddress.modifierExtension","gethealthcareunitmembers.healthCareUnitMembers.healthCareUnitMember.healthCareUnitMemberPostalAddress.modifierExtension","","extensions
user contentmodifiers","",0,*,"","Y","Y","Extension {[]} {[]}
","Extensions that cannot be ignored even if unrecognized","May be used to represent additional information that is not part of the basic definition of the element and that modifies the understanding of the element in which it is contained and/or the understanding of the containing element's descendants. Usually modifier elements provide negation or qualification. To make the use of extensions safe and manageable, there is a strict set of governance applied to the definition and use of extensions. Though any implementer can define an extension, there is a set of requirements that SHALL be met as part of the definition of the extension. Applications processing a resource are required to check for modifier extensions.

Modifier extensions SHALL NOT change the meaning of any elements on Resource or DomainResource (including cannot change the meaning of modifierExtension itself).","There can be no stigma associated with the use of extensions by any application, project, or standard - regardless of the institution or jurisdiction that uses or defines the extensions.  The use of extensions is what allows the FHIR specification to retain a core level of simplicity for everyone.","Modifier extensions allow for extensions that *cannot* be safely ignored to be clearly distinguished from the vast majority of extensions which can be safely ignored.  This promotes interoperability by eliminating the need for implementers to prohibit the presence of extensions. For further information, see the [definition of modifier extensions](http://hl7.org/fhir/R4/extensibility.html#modifierExtension).","","","","","","","",,,,,"",,,,"BackboneElement.modifierExtension",0,*,"","ele-1:All FHIR elements must have a @value or children {hasValue() or (children().count() > id.count())}
ext-1:Must have either extensions or value[x], not both {extension.exists() != value.exists()}"
"gethealthcareunitmembers","gethealthcareunitmembers.healthCareUnitMembers.healthCareUnitMember.healthCareUnitMemberPostalAddress.addressLine","gethealthcareunitmembers.healthCareUnitMembers.healthCareUnitMember.healthCareUnitMemberPostalAddress.addressLine","","","",1,*,"","","","string {[]} {[]}
","Adressrader.","Adressrader.","","","","","","","","","",,,,,"",,,,"gethealthcareunitmembers.healthCareUnitMembers.healthCareUnitMember.healthCareUnitMemberPostalAddress.addressLine",1,*,"",""
"gethealthcareunitmembers","gethealthcareunitmembers.healthCareUnitMembers.healthCareUnitMember.healthCareUnitMemberStructuredPostalAddress","gethealthcareunitmembers.healthCareUnitMembers.healthCareUnitMember.healthCareUnitMemberStructuredPostalAddress","","","",0,1,"","","","BackboneElement {[]} {[]}
","Den kopplade enhetens postadress i strukturerat format. Ref. Strukturerad postadress (hsaPostalAddress) [R5].","Den kopplade enhetens postadress i strukturerat format. Ref. Strukturerad postadress (hsaPostalAddress) [R5].","","","","","","","","","",,,,,"",,,,"gethealthcareunitmembers.healthCareUnitMembers.healthCareUnitMember.healthCareUnitMemberStructuredPostalAddress",0,1,"","ele-1:All FHIR elements must have a @value or children {hasValue() or (children().count() > id.count())}
"
"gethealthcareunitmembers","gethealthcareunitmembers.healthCareUnitMembers.healthCareUnitMember.healthCareUnitMemberStructuredPostalAddress.id","gethealthcareunitmembers.healthCareUnitMembers.healthCareUnitMember.healthCareUnitMemberStructuredPostalAddress.id","","","",0,1,"","","","string {[]} {[]}
","Unique id for inter-element referencing","Unique id for the element within a resource (for internal references). This may be any string value that does not contain spaces.","","","","","","","","","",,,,,"",,,,"Element.id",0,1,"",""
"gethealthcareunitmembers","gethealthcareunitmembers.healthCareUnitMembers.healthCareUnitMember.healthCareUnitMemberStructuredPostalAddress.extension","gethealthcareunitmembers.healthCareUnitMembers.healthCareUnitMember.healthCareUnitMemberStructuredPostalAddress.extension","","extensions
user content","",0,*,"","","","Extension {[]} {[]}
","Additional content defined by implementations","May be used to represent additional information that is not part of the basic definition of the element. To make the use of extensions safe and manageable, there is a strict set of governance  applied to the definition and use of extensions. Though any implementer can define an extension, there is a set of requirements that SHALL be met as part of the definition of the extension.","There can be no stigma associated with the use of extensions by any application, project, or standard - regardless of the institution or jurisdiction that uses or defines the extensions.  The use of extensions is what allows the FHIR specification to retain a core level of simplicity for everyone.","","","","","","","","",,,,,"","value:url}
","Extensions are always sliced by (at least) url",,"open","Element.extension",0,*,"","ele-1:All FHIR elements must have a @value or children {hasValue() or (children().count() > id.count())}
ext-1:Must have either extensions or value[x], not both {extension.exists() != value.exists()}"
"gethealthcareunitmembers","gethealthcareunitmembers.healthCareUnitMembers.healthCareUnitMember.healthCareUnitMemberStructuredPostalAddress.modifierExtension","gethealthcareunitmembers.healthCareUnitMembers.healthCareUnitMember.healthCareUnitMemberStructuredPostalAddress.modifierExtension","","extensions
user contentmodifiers","",0,*,"","Y","Y","Extension {[]} {[]}
","Extensions that cannot be ignored even if unrecognized","May be used to represent additional information that is not part of the basic definition of the element and that modifies the understanding of the element in which it is contained and/or the understanding of the containing element's descendants. Usually modifier elements provide negation or qualification. To make the use of extensions safe and manageable, there is a strict set of governance applied to the definition and use of extensions. Though any implementer can define an extension, there is a set of requirements that SHALL be met as part of the definition of the extension. Applications processing a resource are required to check for modifier extensions.

Modifier extensions SHALL NOT change the meaning of any elements on Resource or DomainResource (including cannot change the meaning of modifierExtension itself).","There can be no stigma associated with the use of extensions by any application, project, or standard - regardless of the institution or jurisdiction that uses or defines the extensions.  The use of extensions is what allows the FHIR specification to retain a core level of simplicity for everyone.","Modifier extensions allow for extensions that *cannot* be safely ignored to be clearly distinguished from the vast majority of extensions which can be safely ignored.  This promotes interoperability by eliminating the need for implementers to prohibit the presence of extensions. For further information, see the [definition of modifier extensions](http://hl7.org/fhir/R4/extensibility.html#modifierExtension).","","","","","","","",,,,,"",,,,"BackboneElement.modifierExtension",0,*,"","ele-1:All FHIR elements must have a @value or children {hasValue() or (children().count() > id.count())}
ext-1:Must have either extensions or value[x], not both {extension.exists() != value.exists()}"
"gethealthcareunitmembers","gethealthcareunitmembers.healthCareUnitMembers.healthCareUnitMember.healthCareUnitMemberStructuredPostalAddress.addressee","gethealthcareunitmembers.healthCareUnitMembers.healthCareUnitMember.healthCareUnitMemberStructuredPostalAddress.addressee","","","",1,*,"","","","string {[]} {[]}
","Adressat.","Adressat.","","","","","","","","","",,,,,"",,,,"gethealthcareunitmembers.healthCareUnitMembers.healthCareUnitMember.healthCareUnitMemberStructuredPostalAddress.addressee",1,*,"",""
"gethealthcareunitmembers","gethealthcareunitmembers.healthCareUnitMembers.healthCareUnitMember.healthCareUnitMemberStructuredPostalAddress.street","gethealthcareunitmembers.healthCareUnitMembers.healthCareUnitMember.healthCareUnitMemberStructuredPostalAddress.street","","","",0,1,"","","","string {[]} {[]}
","Gata.","Gata.","","","","","","","","","",,,,,"",,,,"gethealthcareunitmembers.healthCareUnitMembers.healthCareUnitMember.healthCareUnitMemberStructuredPostalAddress.street",0,1,"",""
"gethealthcareunitmembers","gethealthcareunitmembers.healthCareUnitMembers.healthCareUnitMember.healthCareUnitMemberStructuredPostalAddress.premisesNumber","gethealthcareunitmembers.healthCareUnitMembers.healthCareUnitMember.healthCareUnitMemberStructuredPostalAddress.premisesNumber","","","",0,1,"","","","string {[]} {[]}
","Adressplatsnummer.","Adressplatsnummer.","","","","","","","","","",,,,,"",,,,"gethealthcareunitmembers.healthCareUnitMembers.healthCareUnitMember.healthCareUnitMemberStructuredPostalAddress.premisesNumber",0,1,"",""
"gethealthcareunitmembers","gethealthcareunitmembers.healthCareUnitMembers.healthCareUnitMember.healthCareUnitMemberStructuredPostalAddress.premisesLetter","gethealthcareunitmembers.healthCareUnitMembers.healthCareUnitMember.healthCareUnitMemberStructuredPostalAddress.premisesLetter","","","",0,1,"","","","string {[]} {[]}
","Adressplatslittera.","Adressplatslittera.","","","","","","","","","",,,,,"",,,,"gethealthcareunitmembers.healthCareUnitMembers.healthCareUnitMember.healthCareUnitMemberStructuredPostalAddress.premisesLetter",0,1,"",""
"gethealthcareunitmembers","gethealthcareunitmembers.healthCareUnitMembers.healthCareUnitMember.healthCareUnitMemberStructuredPostalAddress.postCode","gethealthcareunitmembers.healthCareUnitMembers.healthCareUnitMember.healthCareUnitMemberStructuredPostalAddress.postCode","","","",1,1,"","","","string {[]} {[]}
","Postnummer.","Postnummer.","","","","","","","","","",,,,,"",,,,"gethealthcareunitmembers.healthCareUnitMembers.healthCareUnitMember.healthCareUnitMemberStructuredPostalAddress.postCode",1,1,"",""
"gethealthcareunitmembers","gethealthcareunitmembers.healthCareUnitMembers.healthCareUnitMember.healthCareUnitMemberStructuredPostalAddress.town","gethealthcareunitmembers.healthCareUnitMembers.healthCareUnitMember.healthCareUnitMemberStructuredPostalAddress.town","","","",1,1,"","","","string {[]} {[]}
","Postort.","Postort.","","","","","","","","","",,,,,"",,,,"gethealthcareunitmembers.healthCareUnitMembers.healthCareUnitMember.healthCareUnitMemberStructuredPostalAddress.town",1,1,"",""
"gethealthcareunitmembers","gethealthcareunitmembers.healthCareUnitMembers.healthCareUnitMember.healthCareUnitMemberPostalCode","gethealthcareunitmembers.healthCareUnitMembers.healthCareUnitMember.healthCareUnitMemberPostalCode","","","",0,1,"","","","string {[]} {[]}
","Den kopplade enhetens postnummer. Ref. postnummer (postalCode) [R5].","Den kopplade enhetens postnummer. Ref. postnummer (postalCode) [R5].","","","","","","","","","",,,,,"",,,,"gethealthcareunitmembers.healthCareUnitMembers.healthCareUnitMember.healthCareUnitMemberPostalCode",0,1,"",""
"gethealthcareunitmembers","gethealthcareunitmembers.healthCareUnitMembers.healthCareUnitMember.feignedHealthCareUnitMember","gethealthcareunitmembers.healthCareUnitMembers.healthCareUnitMember.feignedHealthCareUnitMember","","","",0,1,"","","","boolean {[]} {[]}
","true: om enheten är ett fingerat objekt. Ref. hjälpklassen Fingerat objekt (hsaFeignedObject) [R5].","true: om enheten är ett fingerat objekt. Ref. hjälpklassen Fingerat objekt (hsaFeignedObject) [R5].","","","","","","","","","",,,,,"",,,,"gethealthcareunitmembers.healthCareUnitMembers.healthCareUnitMember.feignedHealthCareUnitMember",0,1,"",""
"gethealthcareunitmembers","gethealthcareunitmembers.healthCareUnitMembers.healthCareUnitMember.archivedHealthCareUnitMember","gethealthcareunitmembers.healthCareUnitMembers.healthCareUnitMember.archivedHealthCareUnitMember","","","",0,1,"","","","boolean {[]} {[]}
","true: om enheten är ett arkiverat objekt. Ref. hjälpklassen arkiverat objekt (hsaArchivedObject) [R5].","true: om enheten är ett arkiverat objekt. Ref. hjälpklassen arkiverat objekt (hsaArchivedObject) [R5].","","","","","","","","","",,,,,"",,,,"gethealthcareunitmembers.healthCareUnitMembers.healthCareUnitMember.archivedHealthCareUnitMember",0,1,"",""
"getunit-request","getunit-request","getunit-request","","","",0,*,"","","","null {[]} {[]}
","GetUnit — Request","Logisk modell för requestparametrar i GetUnit (RIV-TA urn:riv:infrastructure:directory:organization:GetUnit:5).","","","","","","","","","",,,,,"",,,,"Base",0,*,"",""
"getunit-request","getunit-request.unitHsaId","getunit-request.unitHsaId","","","",1,1,"","","","string {[]} {[]}
","HSA-id för sökt organisatorisk enhet. Ref. hsaIdentity [R5].","Kardinalitet: Obligatorisk.","","","","","","","","","",,,,,"",,,,"getunit-request.unitHsaId",1,1,"",""
"getunit-request","getunit-request.searchBase","getunit-request.searchBase","","","",0,1,"","","","string {[]} {[]}
","Sökbas. Om ingen sökbas anges används c=SE som sökbas.","DN-format.
Kardinalitet: Valfri.","","","","","","","","","",,,,,"",,,,"getunit-request.searchBase",0,1,"",""
"getunit-request","getunit-request.includeFeignedObject","getunit-request.includeFeignedObject","","","",0,1,"","","","boolean {[]} {[]}
","true: om metoden ska leverera svar med fingerade objekt.","Uteblivet värde tolkas som false.
Kardinalitet: Valfri.","","","","","","","","","",,,,,"",,,,"getunit-request.includeFeignedObject",0,1,"",""
"getunit-request","getunit-request.profile","getunit-request.profile","","","",0,*,"","","","string {[]} {[]}
","Anger hur mycket information om enheten som begärs.","Tillåtna värden: basic, extended, extended2, all (default).
basic: bara grundläggande information (*b).
extended: grundläggande + vård- och omsorgsinformation (*b, *e).
extended2: även nonPublicTelephoneNumber (*f), måste kombineras med annat profilvärde.
all: all tillgänglig information (*b, *e, *a) förutom nonPublicTelephoneNumber.
Kardinalitet: Valfri, lista.","","","","","","","","","",,,,,"",,,,"getunit-request.profile",0,*,"",""
"getunit","getunit","getunit","","","",0,*,"","","","null {[]} {[]}
","GetUnit","Logisk modell för tjänstekontraktet GetUnit
(RIV-TA urn:riv:infrastructure:directory:organization:GetUnit:5).
Representerar responsens informationsstruktur — detaljerad information om en organisatorisk enhet
(organisation, vårdenhet eller funktion) från HSA-katalogen.","","","","","","","","","",,,,,"",,,,"Base",0,*,"",""
"getunit","getunit.unit","getunit.unit","","","",0,1,"","","","BackboneElement {[]} {[]}
","Information om den angivna organisatoriska enheten","Fullständigt svarsobjekt med all tillgänglig information om enheten.
Kardinalitet: Valfri.","","","","","","","","","",,,,,"",,,,"getunit.unit",0,1,"","ele-1:All FHIR elements must have a @value or children {hasValue() or (children().count() > id.count())}
"
"getunit","getunit.unit.id","getunit.unit.id","","","",0,1,"","","","string {[]} {[]}
","Unique id for inter-element referencing","Unique id for the element within a resource (for internal references). This may be any string value that does not contain spaces.","","","","","","","","","",,,,,"",,,,"Element.id",0,1,"",""
"getunit","getunit.unit.extension","getunit.unit.extension","","extensions
user content","",0,*,"","","","Extension {[]} {[]}
","Additional content defined by implementations","May be used to represent additional information that is not part of the basic definition of the element. To make the use of extensions safe and manageable, there is a strict set of governance  applied to the definition and use of extensions. Though any implementer can define an extension, there is a set of requirements that SHALL be met as part of the definition of the extension.","There can be no stigma associated with the use of extensions by any application, project, or standard - regardless of the institution or jurisdiction that uses or defines the extensions.  The use of extensions is what allows the FHIR specification to retain a core level of simplicity for everyone.","","","","","","","","",,,,,"","value:url}
","Extensions are always sliced by (at least) url",,"open","Element.extension",0,*,"","ele-1:All FHIR elements must have a @value or children {hasValue() or (children().count() > id.count())}
ext-1:Must have either extensions or value[x], not both {extension.exists() != value.exists()}"
"getunit","getunit.unit.modifierExtension","getunit.unit.modifierExtension","","extensions
user contentmodifiers","",0,*,"","Y","Y","Extension {[]} {[]}
","Extensions that cannot be ignored even if unrecognized","May be used to represent additional information that is not part of the basic definition of the element and that modifies the understanding of the element in which it is contained and/or the understanding of the containing element's descendants. Usually modifier elements provide negation or qualification. To make the use of extensions safe and manageable, there is a strict set of governance applied to the definition and use of extensions. Though any implementer can define an extension, there is a set of requirements that SHALL be met as part of the definition of the extension. Applications processing a resource are required to check for modifier extensions.

Modifier extensions SHALL NOT change the meaning of any elements on Resource or DomainResource (including cannot change the meaning of modifierExtension itself).","There can be no stigma associated with the use of extensions by any application, project, or standard - regardless of the institution or jurisdiction that uses or defines the extensions.  The use of extensions is what allows the FHIR specification to retain a core level of simplicity for everyone.","Modifier extensions allow for extensions that *cannot* be safely ignored to be clearly distinguished from the vast majority of extensions which can be safely ignored.  This promotes interoperability by eliminating the need for implementers to prohibit the presence of extensions. For further information, see the [definition of modifier extensions](http://hl7.org/fhir/R4/extensibility.html#modifierExtension).","","","","","","","",,,,,"",,,,"BackboneElement.modifierExtension",0,*,"","ele-1:All FHIR elements must have a @value or children {hasValue() or (children().count() > id.count())}
ext-1:Must have either extensions or value[x], not both {extension.exists() != value.exists()}"
"getunit","getunit.unit.unitHsaId","getunit.unit.unitHsaId","","","",1,1,"","","","string {[]} {[]}
","Enhetens HSA-id. Ref. hsaIdentity [R5]. Profilattribut: *b.","Enhetens HSA-id. Ref. hsaIdentity [R5]. Profilattribut: *b.","","","","","","","","","",,,,,"",,,,"getunit.unit.unitHsaId",1,1,"",""
"getunit","getunit.unit.unitName","getunit.unit.unitName","","","",1,1,"","","","string {[]} {[]}
","Namnet på enheten. Ref. organisationsnamn (o), enhetsnamn (ou) resp. objektnamn (cn) [R5]. Profilattribut: *b.","Namnet på enheten. Ref. organisationsnamn (o), enhetsnamn (ou) resp. objektnamn (cn) [R5]. Profilattribut: *b.","","","","","","","","","",,,,,"",,,,"getunit.unit.unitName",1,1,"",""
"getunit","getunit.unit.publicName","getunit.unit.publicName","","","",1,1,"","","","string {[]} {[]}
","Publikt officiellt namn. Ref. displayOption, organisationsnamn, enhetsnamn, geografisk plats [R5]. Profilattribut: *b.","Publikt officiellt namn. Ref. displayOption, organisationsnamn, enhetsnamn, geografisk plats [R5]. Profilattribut: *b.","","","","","","","","","",,,,,"",,,,"getunit.unit.publicName",1,1,"",""
"getunit","getunit.unit.alternateName","getunit.unit.alternateName","","","",0,*,"","","","string {[]} {[]}
","Alternativt namn på enheten. Ref. alternativt namn (ouShort) [R5]. Profilattribut: *b.","Alternativt namn på enheten. Ref. alternativt namn (ouShort) [R5]. Profilattribut: *b.","","","","","","","","","",,,,,"",,,,"getunit.unit.alternateName",0,*,"",""
"getunit","getunit.unit.alternateText","getunit.unit.alternateText","","","",0,1,"","","","string {[]} {[]}
","Beskrivande text till bild på enhet. Ref. [R5]. Profilattribut: *b.","Beskrivande text till bild på enhet. Ref. [R5]. Profilattribut: *b.","","","","","","","","","",,,,,"",,,,"getunit.unit.alternateText",0,1,"",""
"getunit","getunit.unit.unitStartDate","getunit.unit.unitStartDate","","","",0,1,"","","","dateTime {[]} {[]}
","Startdatum för enhetens verksamhet. Ref. startDate [R5]. Profilattribut: *b.","Startdatum för enhetens verksamhet. Ref. startDate [R5]. Profilattribut: *b.","","","","","","","","","",,,,,"",,,,"getunit.unit.unitStartDate",0,1,"",""
"getunit","getunit.unit.unitEndDate","getunit.unit.unitEndDate","","","",0,1,"","","","dateTime {[]} {[]}
","Slutdatum för enhetens verksamhet. Ref. endDate [R5]. Profilattribut: *b.","Slutdatum för enhetens verksamhet. Ref. endDate [R5]. Profilattribut: *b.","","","","","","","","","",,,,,"",,,,"getunit.unit.unitEndDate",0,1,"",""
"getunit","getunit.unit.countyName","getunit.unit.countyName","","","",0,1,"","","","string {[]} {[]}
","Namn på län. Ref. länsnamn (countyName) [R5]. Profilattribut: *b.","Namn på län. Ref. länsnamn (countyName) [R5]. Profilattribut: *b.","","","","","","","","","",,,,,"",,,,"getunit.unit.countyName",0,1,"",""
"getunit","getunit.unit.countyCode","getunit.unit.countyCode","","","",0,1,"","","","string {[]} {[]}
","Kod för län. Ref. länskod (countyCode) [R5]. Profilattribut: *b.","Kod för län. Ref. länskod (countyCode) [R5]. Profilattribut: *b.","","","","","","","","","",,,,,"",,,,"getunit.unit.countyCode",0,1,"",""
"getunit","getunit.unit.municipalityName","getunit.unit.municipalityName","","","",0,1,"","","","string {[]} {[]}
","Namn på kommun. Ref. kommunnamn (municipalityName) [R5]. Profilattribut: *b.","Namn på kommun. Ref. kommunnamn (municipalityName) [R5]. Profilattribut: *b.","","","","","","","","","",,,,,"",,,,"getunit.unit.municipalityName",0,1,"",""
"getunit","getunit.unit.municipalityCode","getunit.unit.municipalityCode","","","",0,1,"","","","string {[]} {[]}
","Kod för kommun. Ref. kommunkod (municipalityCode) [R5]. Profilattribut: *b.","Kod för kommun. Ref. kommunkod (municipalityCode) [R5]. Profilattribut: *b.","","","","","","","","","",,,,,"",,,,"getunit.unit.municipalityCode",0,1,"",""
"getunit","getunit.unit.directoryContact","getunit.unit.directoryContact","","","",0,1,"","","","string {[]} {[]}
","Mailadress till ansvarig för informationen om enheten. Ref. hsaDirectoryContact [R5]. Profilattribut: *b.","Mailadress till ansvarig för informationen om enheten. Ref. hsaDirectoryContact [R5]. Profilattribut: *b.","","","","","","","","","",,,,,"",,,,"getunit.unit.directoryContact",0,1,"",""
"getunit","getunit.unit.displayOption","getunit.unit.displayOption","","","",0,1,"","","","string {[]} {[]}
","Används för att beräkna enhetens publika namn (publicName). Ref. displayOption [R5]. Profilattribut: *b.","Används för att beräkna enhetens publika namn (publicName). Ref. displayOption [R5]. Profilattribut: *b.","","","","","","","","","",,,,,"",,,,"getunit.unit.displayOption",0,1,"",""
"getunit","getunit.unit.location","getunit.unit.location","","","",0,1,"","","","string {[]} {[]}
","Namn på geografiskt område. Ref. geografisk plats (l, localityName) [R5]. Profilattribut: *b.","Namn på geografiskt område. Ref. geografisk plats (l, localityName) [R5]. Profilattribut: *b.","","","","","","","","","",,,,,"",,,,"getunit.unit.location",0,1,"",""
"getunit","getunit.unit.mail","getunit.unit.mail","","","",0,1,"","","","string {[]} {[]}
","Mailadress till enheten. Ref. e-postadress (mail) [R5]. Profilattribut: *b.","Mailadress till enheten. Ref. e-postadress (mail) [R5]. Profilattribut: *b.","","","","","","","","","",,,,,"",,,,"getunit.unit.mail",0,1,"",""
"getunit","getunit.unit.labeledUri","getunit.unit.labeledUri","","","",0,1,"","","","string {[]} {[]}
","Fullständig webbadress (inklusive http:// eller https://). Ref. webbadress (labeledURI) [R5]. Profilattribut: *b.","Fullständig webbadress (inklusive http:// eller https://). Ref. webbadress (labeledURI) [R5]. Profilattribut: *b.","","","","","","","","","",,,,,"",,,,"getunit.unit.labeledUri",0,1,"",""
"getunit","getunit.unit.webPage1177","getunit.unit.webPage1177","","","",0,1,"","","","string {[]} {[]}
","Länk till Enhetens sida på 1177.se. Ref. hsaVpwWebPage [R5]. Profilattribut: *b.","Länk till Enhetens sida på 1177.se. Ref. hsaVpwWebPage [R5]. Profilattribut: *b.","","","","","","","","","",,,,,"",,,,"getunit.unit.webPage1177",0,1,"",""
"getunit","getunit.unit.facsimileTelephoneNumber","getunit.unit.facsimileTelephoneNumber","","","",0,*,"","","","string {[]} {[]}
","Faxnummer till enheten. Ref. facsimileTelephoneNumber [R5]. Profilattribut: *b.","Faxnummer till enheten. Ref. facsimileTelephoneNumber [R5]. Profilattribut: *b.","","","","","","","","","",,,,,"",,,,"getunit.unit.facsimileTelephoneNumber",0,*,"",""
"getunit","getunit.unit.telephoneNumber","getunit.unit.telephoneNumber","","","",0,*,"","","","string {[]} {[]}
","Publikt direkttelefonnummer. Ref. direkttelefon (telephoneNumber) [R5]. Profilattribut: *b.","Publikt direkttelefonnummer. Ref. direkttelefon (telephoneNumber) [R5]. Profilattribut: *b.","","","","","","","","","",,,,,"",,,,"getunit.unit.telephoneNumber",0,*,"",""
"getunit","getunit.unit.textTelephoneNumber","getunit.unit.textTelephoneNumber","","","",0,*,"","","","string {[]} {[]}
","Adress till texttelefon. Ref. hsaTextTelephoneNumber [R5]. Profilattribut: *b.","Adress till texttelefon. Ref. hsaTextTelephoneNumber [R5]. Profilattribut: *b.","","","","","","","","","",,,,,"",,,,"getunit.unit.textTelephoneNumber",0,*,"",""
"getunit","getunit.unit.switchboardNumber","getunit.unit.switchboardNumber","","","",0,1,"","","","string {[]} {[]}
","Telefonnummer till växel. Ref. hsaSwitchboardNumber [R5]. Profilattribut: *b.","Telefonnummer till växel. Ref. hsaSwitchboardNumber [R5]. Profilattribut: *b.","","","","","","","","","",,,,,"",,,,"getunit.unit.switchboardNumber",0,1,"",""
"getunit","getunit.unit.videoPhone","getunit.unit.videoPhone","","","",0,1,"","","","string {[]} {[]}
","Adress för kommunikation via bildtelefon. Ref. hsaVideoPhone [R5]. Profilattribut: *b.","Adress för kommunikation via bildtelefon. Ref. hsaVideoPhone [R5]. Profilattribut: *b.","","","","","","","","","",,,,,"",,,,"getunit.unit.videoPhone",0,1,"",""
"getunit","getunit.unit.referralRules","getunit.unit.referralRules","","","",0,1,"","","","string {[]} {[]}
","Beskrivning av remisskrav. Ref. hsaVisitingRuleReferral [R5]. Profilattribut: *b.","Beskrivning av remisskrav. Ref. hsaVisitingRuleReferral [R5]. Profilattribut: *b.","","","","","","","","","",,,,,"",,,,"getunit.unit.referralRules",0,1,"",""
"getunit","getunit.unit.postalCode","getunit.unit.postalCode","","","",0,1,"","","","string {[]} {[]}
","Postnummer där verksamheten bedrivs. Ref. postalCode [R5]. Profilattribut: *b.","Postnummer där verksamheten bedrivs. Ref. postalCode [R5]. Profilattribut: *b.","","","","","","","","","",,,,,"",,,,"getunit.unit.postalCode",0,1,"",""
"getunit","getunit.unit.feignedUnit","getunit.unit.feignedUnit","","","",0,1,"","","","boolean {[]} {[]}
","true: om enheten är ett fingerat objekt. Ref. hjälpklassen Fingerat objekt (hsaFeignedObject) [R5]. Profilattribut: *b.","true: om enheten är ett fingerat objekt. Ref. hjälpklassen Fingerat objekt (hsaFeignedObject) [R5]. Profilattribut: *b.","","","","","","","","","",,,,,"",,,,"getunit.unit.feignedUnit",0,1,"",""
"getunit","getunit.unit.financingOrganization","getunit.unit.financingOrganization","","","",0,*,"","","","string {[]} {[]}
","Organisationsnummer för finansierande landsting/kommuner. Ref. financingOrganization [R5]. Profilattribut: *b.","Organisationsnummer för finansierande landsting/kommuner. Ref. financingOrganization [R5]. Profilattribut: *b.","","","","","","","","","",,,,,"",,,,"getunit.unit.financingOrganization",0,*,"",""
"getunit","getunit.unit.postalAddress","getunit.unit.postalAddress","","","",0,1,"","","","BackboneElement {[]} {[]}
","Postadress i ostrukturerat format. Ref. postalAddress [R5]. Profilattribut: *b.","Postadress i ostrukturerat format. Ref. postalAddress [R5]. Profilattribut: *b.","","","","","","","","","",,,,,"",,,,"getunit.unit.postalAddress",0,1,"","ele-1:All FHIR elements must have a @value or children {hasValue() or (children().count() > id.count())}
"
"getunit","getunit.unit.postalAddress.id","getunit.unit.postalAddress.id","","","",0,1,"","","","string {[]} {[]}
","Unique id for inter-element referencing","Unique id for the element within a resource (for internal references). This may be any string value that does not contain spaces.","","","","","","","","","",,,,,"",,,,"Element.id",0,1,"",""
"getunit","getunit.unit.postalAddress.extension","getunit.unit.postalAddress.extension","","extensions
user content","",0,*,"","","","Extension {[]} {[]}
","Additional content defined by implementations","May be used to represent additional information that is not part of the basic definition of the element. To make the use of extensions safe and manageable, there is a strict set of governance  applied to the definition and use of extensions. Though any implementer can define an extension, there is a set of requirements that SHALL be met as part of the definition of the extension.","There can be no stigma associated with the use of extensions by any application, project, or standard - regardless of the institution or jurisdiction that uses or defines the extensions.  The use of extensions is what allows the FHIR specification to retain a core level of simplicity for everyone.","","","","","","","","",,,,,"","value:url}
","Extensions are always sliced by (at least) url",,"open","Element.extension",0,*,"","ele-1:All FHIR elements must have a @value or children {hasValue() or (children().count() > id.count())}
ext-1:Must have either extensions or value[x], not both {extension.exists() != value.exists()}"
"getunit","getunit.unit.postalAddress.modifierExtension","getunit.unit.postalAddress.modifierExtension","","extensions
user contentmodifiers","",0,*,"","Y","Y","Extension {[]} {[]}
","Extensions that cannot be ignored even if unrecognized","May be used to represent additional information that is not part of the basic definition of the element and that modifies the understanding of the element in which it is contained and/or the understanding of the containing element's descendants. Usually modifier elements provide negation or qualification. To make the use of extensions safe and manageable, there is a strict set of governance applied to the definition and use of extensions. Though any implementer can define an extension, there is a set of requirements that SHALL be met as part of the definition of the extension. Applications processing a resource are required to check for modifier extensions.

Modifier extensions SHALL NOT change the meaning of any elements on Resource or DomainResource (including cannot change the meaning of modifierExtension itself).","There can be no stigma associated with the use of extensions by any application, project, or standard - regardless of the institution or jurisdiction that uses or defines the extensions.  The use of extensions is what allows the FHIR specification to retain a core level of simplicity for everyone.","Modifier extensions allow for extensions that *cannot* be safely ignored to be clearly distinguished from the vast majority of extensions which can be safely ignored.  This promotes interoperability by eliminating the need for implementers to prohibit the presence of extensions. For further information, see the [definition of modifier extensions](http://hl7.org/fhir/R4/extensibility.html#modifierExtension).","","","","","","","",,,,,"",,,,"BackboneElement.modifierExtension",0,*,"","ele-1:All FHIR elements must have a @value or children {hasValue() or (children().count() > id.count())}
ext-1:Must have either extensions or value[x], not both {extension.exists() != value.exists()}"
"getunit","getunit.unit.postalAddress.addressLine","getunit.unit.postalAddress.addressLine","","","",1,*,"","","","string {[]} {[]}
","Adressrad.","Adressrad.","","","","","","","","","",,,,,"",,,,"getunit.unit.postalAddress.addressLine",1,*,"",""
"getunit","getunit.unit.structuredPostalAddress","getunit.unit.structuredPostalAddress","","","",0,1,"","","","BackboneElement {[]} {[]}
","Postadress i strukturerat format. Ref. Strukturerad postadress (hsaPostalAddress) [R5]. Profilattribut: *b.","Postadress i strukturerat format. Ref. Strukturerad postadress (hsaPostalAddress) [R5]. Profilattribut: *b.","","","","","","","","","",,,,,"",,,,"getunit.unit.structuredPostalAddress",0,1,"","ele-1:All FHIR elements must have a @value or children {hasValue() or (children().count() > id.count())}
"
"getunit","getunit.unit.structuredPostalAddress.id","getunit.unit.structuredPostalAddress.id","","","",0,1,"","","","string {[]} {[]}
","Unique id for inter-element referencing","Unique id for the element within a resource (for internal references). This may be any string value that does not contain spaces.","","","","","","","","","",,,,,"",,,,"Element.id",0,1,"",""
"getunit","getunit.unit.structuredPostalAddress.extension","getunit.unit.structuredPostalAddress.extension","","extensions
user content","",0,*,"","","","Extension {[]} {[]}
","Additional content defined by implementations","May be used to represent additional information that is not part of the basic definition of the element. To make the use of extensions safe and manageable, there is a strict set of governance  applied to the definition and use of extensions. Though any implementer can define an extension, there is a set of requirements that SHALL be met as part of the definition of the extension.","There can be no stigma associated with the use of extensions by any application, project, or standard - regardless of the institution or jurisdiction that uses or defines the extensions.  The use of extensions is what allows the FHIR specification to retain a core level of simplicity for everyone.","","","","","","","","",,,,,"","value:url}
","Extensions are always sliced by (at least) url",,"open","Element.extension",0,*,"","ele-1:All FHIR elements must have a @value or children {hasValue() or (children().count() > id.count())}
ext-1:Must have either extensions or value[x], not both {extension.exists() != value.exists()}"
"getunit","getunit.unit.structuredPostalAddress.modifierExtension","getunit.unit.structuredPostalAddress.modifierExtension","","extensions
user contentmodifiers","",0,*,"","Y","Y","Extension {[]} {[]}
","Extensions that cannot be ignored even if unrecognized","May be used to represent additional information that is not part of the basic definition of the element and that modifies the understanding of the element in which it is contained and/or the understanding of the containing element's descendants. Usually modifier elements provide negation or qualification. To make the use of extensions safe and manageable, there is a strict set of governance applied to the definition and use of extensions. Though any implementer can define an extension, there is a set of requirements that SHALL be met as part of the definition of the extension. Applications processing a resource are required to check for modifier extensions.

Modifier extensions SHALL NOT change the meaning of any elements on Resource or DomainResource (including cannot change the meaning of modifierExtension itself).","There can be no stigma associated with the use of extensions by any application, project, or standard - regardless of the institution or jurisdiction that uses or defines the extensions.  The use of extensions is what allows the FHIR specification to retain a core level of simplicity for everyone.","Modifier extensions allow for extensions that *cannot* be safely ignored to be clearly distinguished from the vast majority of extensions which can be safely ignored.  This promotes interoperability by eliminating the need for implementers to prohibit the presence of extensions. For further information, see the [definition of modifier extensions](http://hl7.org/fhir/R4/extensibility.html#modifierExtension).","","","","","","","",,,,,"",,,,"BackboneElement.modifierExtension",0,*,"","ele-1:All FHIR elements must have a @value or children {hasValue() or (children().count() > id.count())}
ext-1:Must have either extensions or value[x], not both {extension.exists() != value.exists()}"
"getunit","getunit.unit.structuredPostalAddress.addressee","getunit.unit.structuredPostalAddress.addressee","","","",1,*,"","","","string {[]} {[]}
","Adressat.","Adressat.","","","","","","","","","",,,,,"",,,,"getunit.unit.structuredPostalAddress.addressee",1,*,"",""
"getunit","getunit.unit.structuredPostalAddress.street","getunit.unit.structuredPostalAddress.street","","","",0,1,"","","","string {[]} {[]}
","Gata.","Gata.","","","","","","","","","",,,,,"",,,,"getunit.unit.structuredPostalAddress.street",0,1,"",""
"getunit","getunit.unit.structuredPostalAddress.premisesNumber","getunit.unit.structuredPostalAddress.premisesNumber","","","",0,1,"","","","string {[]} {[]}
","Adressplatsnummer.","Adressplatsnummer.","","","","","","","","","",,,,,"",,,,"getunit.unit.structuredPostalAddress.premisesNumber",0,1,"",""
"getunit","getunit.unit.structuredPostalAddress.premisesLetter","getunit.unit.structuredPostalAddress.premisesLetter","","","",0,1,"","","","string {[]} {[]}
","Adressplatslittera.","Adressplatslittera.","","","","","","","","","",,,,,"",,,,"getunit.unit.structuredPostalAddress.premisesLetter",0,1,"",""
"getunit","getunit.unit.structuredPostalAddress.postCode","getunit.unit.structuredPostalAddress.postCode","","","",1,1,"","","","string {[]} {[]}
","Postnummer.","Postnummer.","","","","","","","","","",,,,,"",,,,"getunit.unit.structuredPostalAddress.postCode",1,1,"",""
"getunit","getunit.unit.structuredPostalAddress.town","getunit.unit.structuredPostalAddress.town","","","",1,1,"","","","string {[]} {[]}
","Postort.","Postort.","","","","","","","","","",,,,,"",,,,"getunit.unit.structuredPostalAddress.town",1,1,"",""
"getunit","getunit.unit.telephoneHour","getunit.unit.telephoneHour","","","",0,*,"","","","BackboneElement {[]} {[]}
","Telefontider. Ref. telefontid (telephoneHours) [R5]. Profilattribut: *b.","Telefontider. Ref. telefontid (telephoneHours) [R5]. Profilattribut: *b.","","","","","","","","","",,,,,"",,,,"getunit.unit.telephoneHour",0,*,"","ele-1:All FHIR elements must have a @value or children {hasValue() or (children().count() > id.count())}
"
"getunit","getunit.unit.telephoneHour.id","getunit.unit.telephoneHour.id","","","",0,1,"","","","string {[]} {[]}
","Unique id for inter-element referencing","Unique id for the element within a resource (for internal references). This may be any string value that does not contain spaces.","","","","","","","","","",,,,,"",,,,"Element.id",0,1,"",""
"getunit","getunit.unit.telephoneHour.extension","getunit.unit.telephoneHour.extension","","extensions
user content","",0,*,"","","","Extension {[]} {[]}
","Additional content defined by implementations","May be used to represent additional information that is not part of the basic definition of the element. To make the use of extensions safe and manageable, there is a strict set of governance  applied to the definition and use of extensions. Though any implementer can define an extension, there is a set of requirements that SHALL be met as part of the definition of the extension.","There can be no stigma associated with the use of extensions by any application, project, or standard - regardless of the institution or jurisdiction that uses or defines the extensions.  The use of extensions is what allows the FHIR specification to retain a core level of simplicity for everyone.","","","","","","","","",,,,,"","value:url}
","Extensions are always sliced by (at least) url",,"open","Element.extension",0,*,"","ele-1:All FHIR elements must have a @value or children {hasValue() or (children().count() > id.count())}
ext-1:Must have either extensions or value[x], not both {extension.exists() != value.exists()}"
"getunit","getunit.unit.telephoneHour.modifierExtension","getunit.unit.telephoneHour.modifierExtension","","extensions
user contentmodifiers","",0,*,"","Y","Y","Extension {[]} {[]}
","Extensions that cannot be ignored even if unrecognized","May be used to represent additional information that is not part of the basic definition of the element and that modifies the understanding of the element in which it is contained and/or the understanding of the containing element's descendants. Usually modifier elements provide negation or qualification. To make the use of extensions safe and manageable, there is a strict set of governance applied to the definition and use of extensions. Though any implementer can define an extension, there is a set of requirements that SHALL be met as part of the definition of the extension. Applications processing a resource are required to check for modifier extensions.

Modifier extensions SHALL NOT change the meaning of any elements on Resource or DomainResource (including cannot change the meaning of modifierExtension itself).","There can be no stigma associated with the use of extensions by any application, project, or standard - regardless of the institution or jurisdiction that uses or defines the extensions.  The use of extensions is what allows the FHIR specification to retain a core level of simplicity for everyone.","Modifier extensions allow for extensions that *cannot* be safely ignored to be clearly distinguished from the vast majority of extensions which can be safely ignored.  This promotes interoperability by eliminating the need for implementers to prohibit the presence of extensions. For further information, see the [definition of modifier extensions](http://hl7.org/fhir/R4/extensibility.html#modifierExtension).","","","","","","","",,,,,"",,,,"BackboneElement.modifierExtension",0,*,"","ele-1:All FHIR elements must have a @value or children {hasValue() or (children().count() > id.count())}
ext-1:Must have either extensions or value[x], not both {extension.exists() != value.exists()}"
"getunit","getunit.unit.telephoneHour.fromDay","getunit.unit.telephoneHour.fromDay","","","",1,1,"","","","string {[]} {[]}
","Från dag. Måndag (1) – Söndag (7).","Från dag. Måndag (1) – Söndag (7).","","","","","","","","","",,,,,"",,,,"getunit.unit.telephoneHour.fromDay",1,1,"",""
"getunit","getunit.unit.telephoneHour.fromTime","getunit.unit.telephoneHour.fromTime","","","",1,1,"","","","string {[]} {[]}
","Från tid. Format: HH:MM (ISO-8601).","Från tid. Format: HH:MM (ISO-8601).","","","","","","","","","",,,,,"",,,,"getunit.unit.telephoneHour.fromTime",1,1,"",""
"getunit","getunit.unit.telephoneHour.toDay","getunit.unit.telephoneHour.toDay","","","",1,1,"","","","string {[]} {[]}
","Till dag. Måndag (1) – Söndag (7).","Till dag. Måndag (1) – Söndag (7).","","","","","","","","","",,,,,"",,,,"getunit.unit.telephoneHour.toDay",1,1,"",""
"getunit","getunit.unit.telephoneHour.toTime","getunit.unit.telephoneHour.toTime","","","",1,1,"","","","string {[]} {[]}
","Till tid. Format: HH:MM (ISO-8601).","Till tid. Format: HH:MM (ISO-8601).","","","","","","","","","",,,,,"",,,,"getunit.unit.telephoneHour.toTime",1,1,"",""
"getunit","getunit.unit.telephoneHour.comment","getunit.unit.telephoneHour.comment","","","",0,1,"","","","string {[]} {[]}
","Information om aktuellt tidsintervall.","Information om aktuellt tidsintervall.","","","","","","","","","",,,,,"",,,,"getunit.unit.telephoneHour.comment",0,1,"",""
"getunit","getunit.unit.telephoneHour.fromDate","getunit.unit.telephoneHour.fromDate","","","",0,1,"","","","string {[]} {[]}
","Gäller från och med detta datum.","Gäller från och med detta datum.","","","","","","","","","",,,,,"",,,,"getunit.unit.telephoneHour.fromDate",0,1,"",""
"getunit","getunit.unit.telephoneHour.toDate","getunit.unit.telephoneHour.toDate","","","",0,1,"","","","string {[]} {[]}
","Gäller till och med detta datum.","Gäller till och med detta datum.","","","","","","","","","",,,,,"",,,,"getunit.unit.telephoneHour.toDate",0,1,"",""
"getunit","getunit.unit.businessClassification","getunit.unit.businessClassification","","","",0,*,"","","","BackboneElement {[]} {[]}
","Verksamhetskod. Ref. businessClassificationName, businessClassificationCode [R5]. Profilattribut: *e.","Verksamhetskod. Ref. businessClassificationName, businessClassificationCode [R5]. Profilattribut: *e.","","","","","","","","","",,,,,"",,,,"getunit.unit.businessClassification",0,*,"","ele-1:All FHIR elements must have a @value or children {hasValue() or (children().count() > id.count())}
"
"getunit","getunit.unit.businessClassification.id","getunit.unit.businessClassification.id","","","",0,1,"","","","string {[]} {[]}
","Unique id for inter-element referencing","Unique id for the element within a resource (for internal references). This may be any string value that does not contain spaces.","","","","","","","","","",,,,,"",,,,"Element.id",0,1,"",""
"getunit","getunit.unit.businessClassification.extension","getunit.unit.businessClassification.extension","","extensions
user content","",0,*,"","","","Extension {[]} {[]}
","Additional content defined by implementations","May be used to represent additional information that is not part of the basic definition of the element. To make the use of extensions safe and manageable, there is a strict set of governance  applied to the definition and use of extensions. Though any implementer can define an extension, there is a set of requirements that SHALL be met as part of the definition of the extension.","There can be no stigma associated with the use of extensions by any application, project, or standard - regardless of the institution or jurisdiction that uses or defines the extensions.  The use of extensions is what allows the FHIR specification to retain a core level of simplicity for everyone.","","","","","","","","",,,,,"","value:url}
","Extensions are always sliced by (at least) url",,"open","Element.extension",0,*,"","ele-1:All FHIR elements must have a @value or children {hasValue() or (children().count() > id.count())}
ext-1:Must have either extensions or value[x], not both {extension.exists() != value.exists()}"
"getunit","getunit.unit.businessClassification.modifierExtension","getunit.unit.businessClassification.modifierExtension","","extensions
user contentmodifiers","",0,*,"","Y","Y","Extension {[]} {[]}
","Extensions that cannot be ignored even if unrecognized","May be used to represent additional information that is not part of the basic definition of the element and that modifies the understanding of the element in which it is contained and/or the understanding of the containing element's descendants. Usually modifier elements provide negation or qualification. To make the use of extensions safe and manageable, there is a strict set of governance applied to the definition and use of extensions. Though any implementer can define an extension, there is a set of requirements that SHALL be met as part of the definition of the extension. Applications processing a resource are required to check for modifier extensions.

Modifier extensions SHALL NOT change the meaning of any elements on Resource or DomainResource (including cannot change the meaning of modifierExtension itself).","There can be no stigma associated with the use of extensions by any application, project, or standard - regardless of the institution or jurisdiction that uses or defines the extensions.  The use of extensions is what allows the FHIR specification to retain a core level of simplicity for everyone.","Modifier extensions allow for extensions that *cannot* be safely ignored to be clearly distinguished from the vast majority of extensions which can be safely ignored.  This promotes interoperability by eliminating the need for implementers to prohibit the presence of extensions. For further information, see the [definition of modifier extensions](http://hl7.org/fhir/R4/extensibility.html#modifierExtension).","","","","","","","",,,,,"",,,,"BackboneElement.modifierExtension",0,*,"","ele-1:All FHIR elements must have a @value or children {hasValue() or (children().count() > id.count())}
ext-1:Must have either extensions or value[x], not both {extension.exists() != value.exists()}"
"getunit","getunit.unit.businessClassification.businessClassificationName","getunit.unit.businessClassification.businessClassificationName","","","",1,1,"","","","string {[]} {[]}
","Verksamhetskod(-er) i klartext. Ref. businessClassificationName [R5].","Verksamhetskod(-er) i klartext. Ref. businessClassificationName [R5].","","","","","","","","","",,,,,"",,,,"getunit.unit.businessClassification.businessClassificationName",1,1,"",""
"getunit","getunit.unit.businessClassification.businessClassificationCode","getunit.unit.businessClassification.businessClassificationCode","","","",1,1,"","","","string {[]} {[]}
","Verksamhetskod(-er) kod. Ref. businessClassificationCode [R5].","Verksamhetskod(-er) kod. Ref. businessClassificationCode [R5].","","","","","","","","","",,,,,"",,,,"getunit.unit.businessClassification.businessClassificationCode",1,1,"",""
"getunit","getunit.unit.businessType","getunit.unit.businessType","","","",0,*,"","","","string {[]} {[]}
","Klassificering av enhet (t.ex. sjukhus). Ref. enhetstyp (hsaBusinessType) [R5]. Profilattribut: *e.","Klassificering av enhet (t.ex. sjukhus). Ref. enhetstyp (hsaBusinessType) [R5]. Profilattribut: *e.","","","","","","","","","",,,,,"",,,,"getunit.unit.businessType",0,*,"",""
"getunit","getunit.unit.careType","getunit.unit.careType","","","",0,*,"","","","string {[]} {[]}
","Vårdform. Ref. vård- och omsorgsform (careType) [R5]. Profilattribut: *e.","Vårdform. Ref. vård- och omsorgsform (careType) [R5]. Profilattribut: *e.","","","","","","","","","",,,,,"",,,,"getunit.unit.careType",0,*,"",""
"getunit","getunit.unit.description","getunit.unit.description","","","",0,1,"","","","string {[]} {[]}
","Allmän beskrivning för enheten. Ref. beskrivning (description) [R5]. Profilattribut: *e.","Allmän beskrivning för enheten. Ref. beskrivning (description) [R5]. Profilattribut: *e.","","","","","","","","","",,,,,"",,,,"getunit.unit.description",0,1,"",""
"getunit","getunit.unit.management","getunit.unit.management","","","",0,*,"","","","string {[]} {[]}
","Ägarform i klartext. Ref. ägarform (management) [R5]. Profilattribut: *e.","Ägarform i klartext. Ref. ägarform (management) [R5]. Profilattribut: *e.","","","","","","","","","",,,,,"",,,,"getunit.unit.management",0,*,"",""
"getunit","getunit.unit.patientInformation","getunit.unit.patientInformation","","","",0,1,"","","","string {[]} {[]}
","Informationstext till patienter. Ref. [R5]. Profilattribut: *e.","Informationstext till patienter. Ref. [R5]. Profilattribut: *e.","","","","","","","","","",,,,,"",,,,"getunit.unit.patientInformation",0,1,"",""
"getunit","getunit.unit.relatedUnitHsaId","getunit.unit.relatedUnitHsaId","","","",0,*,"","","","string {[]} {[]}
","HSA-identitet på en relaterad enhet. Ref. hsaIdentity [R5]. Profilattribut: *e.","HSA-identitet på en relaterad enhet. Ref. hsaIdentity [R5]. Profilattribut: *e.","","","","","","","","","",,,,,"",,,,"getunit.unit.relatedUnitHsaId",0,*,"",""
"getunit","getunit.unit.route","getunit.unit.route","","","",0,1,"","","","string {[]} {[]}
","Vägbeskrivning. Ref. färdväg (route) [R5]. Profilattribut: *e.","Vägbeskrivning. Ref. färdväg (route) [R5]. Profilattribut: *e.","","","","","","","","","",,,,,"",,,,"getunit.unit.route",0,1,"",""
"getunit","getunit.unit.indoorRouteDescription","getunit.unit.indoorRouteDescription","","","",0,1,"","","","string {[]} {[]}
","Vägbeskrivning inomhus. Ref. inre vägbeskrivning (indoorRouteDescription) [R5]. Profilattribut: *e.","Vägbeskrivning inomhus. Ref. inre vägbeskrivning (indoorRouteDescription) [R5]. Profilattribut: *e.","","","","","","","","","",,,,,"",,,,"getunit.unit.indoorRouteDescription",0,1,"",""
"getunit","getunit.unit.schoolType","getunit.unit.schoolType","","","",0,*,"","","","string {[]} {[]}
","Kod för typ av skolform. Ref. skolform (hsaSchoolType) [R5]. Profilattribut: *e.","Kod för typ av skolform. Ref. skolform (hsaSchoolType) [R5]. Profilattribut: *e.","","","","","","","","","",,,,,"",,,,"getunit.unit.schoolType",0,*,"",""
"getunit","getunit.unit.destinationIndicator","getunit.unit.destinationIndicator","","","",0,*,"","","","string {[]} {[]}
","Anger vilka parter som får ta del av enhetens information. Ref. hsaDestinationIndicator [R5]. Profilattribut: *e.","Anger vilka parter som får ta del av enhetens information. Ref. hsaDestinationIndicator [R5]. Profilattribut: *e.","","","","","","","","","",,,,,"",,,,"getunit.unit.destinationIndicator",0,*,"",""
"getunit","getunit.unit.visitingRules","getunit.unit.visitingRules","","","",0,1,"","","","string {[]} {[]}
","Besöksregler. Ref. hsaVisitingRules [R5]. Profilattribut: *e.","Besöksregler. Ref. hsaVisitingRules [R5]. Profilattribut: *e.","","","","","","","","","",,,,,"",,,,"getunit.unit.visitingRules",0,1,"",""
"getunit","getunit.unit.unitExtraInformation","getunit.unit.unitExtraInformation","","","",0,1,"","","","string {[]} {[]}
","Kompletterande information om enheten. Ref. hsaVpwInformation1 [R5]. Profilattribut: *e.","Kompletterande information om enheten. Ref. hsaVpwInformation1 [R5]. Profilattribut: *e.","","","","","","","","","",,,,,"",,,,"getunit.unit.unitExtraInformation",0,1,"",""
"getunit","getunit.unit.geographicalCoordinatesRt90","getunit.unit.geographicalCoordinatesRt90","","","",0,1,"","","","BackboneElement {[]} {[]}
","Geografiska koordinater RT90. Ref. geographicalCoordinates [R5]. Profilattribut: *e.","Geografiska koordinater RT90. Ref. geographicalCoordinates [R5]. Profilattribut: *e.","","","","","","","","","",,,,,"",,,,"getunit.unit.geographicalCoordinatesRt90",0,1,"","ele-1:All FHIR elements must have a @value or children {hasValue() or (children().count() > id.count())}
"
"getunit","getunit.unit.geographicalCoordinatesRt90.id","getunit.unit.geographicalCoordinatesRt90.id","","","",0,1,"","","","string {[]} {[]}
","Unique id for inter-element referencing","Unique id for the element within a resource (for internal references). This may be any string value that does not contain spaces.","","","","","","","","","",,,,,"",,,,"Element.id",0,1,"",""
"getunit","getunit.unit.geographicalCoordinatesRt90.extension","getunit.unit.geographicalCoordinatesRt90.extension","","extensions
user content","",0,*,"","","","Extension {[]} {[]}
","Additional content defined by implementations","May be used to represent additional information that is not part of the basic definition of the element. To make the use of extensions safe and manageable, there is a strict set of governance  applied to the definition and use of extensions. Though any implementer can define an extension, there is a set of requirements that SHALL be met as part of the definition of the extension.","There can be no stigma associated with the use of extensions by any application, project, or standard - regardless of the institution or jurisdiction that uses or defines the extensions.  The use of extensions is what allows the FHIR specification to retain a core level of simplicity for everyone.","","","","","","","","",,,,,"","value:url}
","Extensions are always sliced by (at least) url",,"open","Element.extension",0,*,"","ele-1:All FHIR elements must have a @value or children {hasValue() or (children().count() > id.count())}
ext-1:Must have either extensions or value[x], not both {extension.exists() != value.exists()}"
"getunit","getunit.unit.geographicalCoordinatesRt90.modifierExtension","getunit.unit.geographicalCoordinatesRt90.modifierExtension","","extensions
user contentmodifiers","",0,*,"","Y","Y","Extension {[]} {[]}
","Extensions that cannot be ignored even if unrecognized","May be used to represent additional information that is not part of the basic definition of the element and that modifies the understanding of the element in which it is contained and/or the understanding of the containing element's descendants. Usually modifier elements provide negation or qualification. To make the use of extensions safe and manageable, there is a strict set of governance applied to the definition and use of extensions. Though any implementer can define an extension, there is a set of requirements that SHALL be met as part of the definition of the extension. Applications processing a resource are required to check for modifier extensions.

Modifier extensions SHALL NOT change the meaning of any elements on Resource or DomainResource (including cannot change the meaning of modifierExtension itself).","There can be no stigma associated with the use of extensions by any application, project, or standard - regardless of the institution or jurisdiction that uses or defines the extensions.  The use of extensions is what allows the FHIR specification to retain a core level of simplicity for everyone.","Modifier extensions allow for extensions that *cannot* be safely ignored to be clearly distinguished from the vast majority of extensions which can be safely ignored.  This promotes interoperability by eliminating the need for implementers to prohibit the presence of extensions. For further information, see the [definition of modifier extensions](http://hl7.org/fhir/R4/extensibility.html#modifierExtension).","","","","","","","",,,,,"",,,,"BackboneElement.modifierExtension",0,*,"","ele-1:All FHIR elements must have a @value or children {hasValue() or (children().count() > id.count())}
ext-1:Must have either extensions or value[x], not both {extension.exists() != value.exists()}"
"getunit","getunit.unit.geographicalCoordinatesRt90.xCoordinate","getunit.unit.geographicalCoordinatesRt90.xCoordinate","","","",1,1,"","","","string {[]} {[]}
","X-koordinat.","X-koordinat.","","","","","","","","","",,,,,"",,,,"getunit.unit.geographicalCoordinatesRt90.xCoordinate",1,1,"",""
"getunit","getunit.unit.geographicalCoordinatesRt90.yCoordinate","getunit.unit.geographicalCoordinatesRt90.yCoordinate","","","",1,1,"","","","string {[]} {[]}
","Y-koordinat.","Y-koordinat.","","","","","","","","","",,,,,"",,,,"getunit.unit.geographicalCoordinatesRt90.yCoordinate",1,1,"",""
"getunit","getunit.unit.geographicalCoordinatesSWEREF99Latitude","getunit.unit.geographicalCoordinatesSWEREF99Latitude","","","",0,1,"","","","string {[]} {[]}
","X-koordinat (N) SWEREF99. Ref. hsaSweref99Latitude [R5]. Profilattribut: *e.","X-koordinat (N) SWEREF99. Ref. hsaSweref99Latitude [R5]. Profilattribut: *e.","","","","","","","","","",,,,,"",,,,"getunit.unit.geographicalCoordinatesSWEREF99Latitude",0,1,"",""
"getunit","getunit.unit.geographicalCoordinatesSWEREF99Longitude","getunit.unit.geographicalCoordinatesSWEREF99Longitude","","","",0,1,"","","","string {[]} {[]}
","Y-koordinat (E) SWEREF99. Ref. hsaSweref99Longitude [R5]. Profilattribut: *e.","Y-koordinat (E) SWEREF99. Ref. hsaSweref99Longitude [R5]. Profilattribut: *e.","","","","","","","","","",,,,,"",,,,"getunit.unit.geographicalCoordinatesSWEREF99Longitude",0,1,"",""
"getunit","getunit.unit.dropInHour","getunit.unit.dropInHour","","","",0,*,"","","","BackboneElement {[]} {[]}
","Tider för dropin-besök (utan tidbokning). Ref. dropInHours [R5]. Profilattribut: *e.","Tider för dropin-besök (utan tidbokning). Ref. dropInHours [R5]. Profilattribut: *e.","","","","","","","","","",,,,,"",,,,"getunit.unit.dropInHour",0,*,"","ele-1:All FHIR elements must have a @value or children {hasValue() or (children().count() > id.count())}
"
"getunit","getunit.unit.dropInHour.id","getunit.unit.dropInHour.id","","","",0,1,"","","","string {[]} {[]}
","Unique id for inter-element referencing","Unique id for the element within a resource (for internal references). This may be any string value that does not contain spaces.","","","","","","","","","",,,,,"",,,,"Element.id",0,1,"",""
"getunit","getunit.unit.dropInHour.extension","getunit.unit.dropInHour.extension","","extensions
user content","",0,*,"","","","Extension {[]} {[]}
","Additional content defined by implementations","May be used to represent additional information that is not part of the basic definition of the element. To make the use of extensions safe and manageable, there is a strict set of governance  applied to the definition and use of extensions. Though any implementer can define an extension, there is a set of requirements that SHALL be met as part of the definition of the extension.","There can be no stigma associated with the use of extensions by any application, project, or standard - regardless of the institution or jurisdiction that uses or defines the extensions.  The use of extensions is what allows the FHIR specification to retain a core level of simplicity for everyone.","","","","","","","","",,,,,"","value:url}
","Extensions are always sliced by (at least) url",,"open","Element.extension",0,*,"","ele-1:All FHIR elements must have a @value or children {hasValue() or (children().count() > id.count())}
ext-1:Must have either extensions or value[x], not both {extension.exists() != value.exists()}"
"getunit","getunit.unit.dropInHour.modifierExtension","getunit.unit.dropInHour.modifierExtension","","extensions
user contentmodifiers","",0,*,"","Y","Y","Extension {[]} {[]}
","Extensions that cannot be ignored even if unrecognized","May be used to represent additional information that is not part of the basic definition of the element and that modifies the understanding of the element in which it is contained and/or the understanding of the containing element's descendants. Usually modifier elements provide negation or qualification. To make the use of extensions safe and manageable, there is a strict set of governance applied to the definition and use of extensions. Though any implementer can define an extension, there is a set of requirements that SHALL be met as part of the definition of the extension. Applications processing a resource are required to check for modifier extensions.

Modifier extensions SHALL NOT change the meaning of any elements on Resource or DomainResource (including cannot change the meaning of modifierExtension itself).","There can be no stigma associated with the use of extensions by any application, project, or standard - regardless of the institution or jurisdiction that uses or defines the extensions.  The use of extensions is what allows the FHIR specification to retain a core level of simplicity for everyone.","Modifier extensions allow for extensions that *cannot* be safely ignored to be clearly distinguished from the vast majority of extensions which can be safely ignored.  This promotes interoperability by eliminating the need for implementers to prohibit the presence of extensions. For further information, see the [definition of modifier extensions](http://hl7.org/fhir/R4/extensibility.html#modifierExtension).","","","","","","","",,,,,"",,,,"BackboneElement.modifierExtension",0,*,"","ele-1:All FHIR elements must have a @value or children {hasValue() or (children().count() > id.count())}
ext-1:Must have either extensions or value[x], not both {extension.exists() != value.exists()}"
"getunit","getunit.unit.dropInHour.fromDay","getunit.unit.dropInHour.fromDay","","","",1,1,"","","","string {[]} {[]}
","Från dag. Måndag (1) – Söndag (7).","Från dag. Måndag (1) – Söndag (7).","","","","","","","","","",,,,,"",,,,"getunit.unit.dropInHour.fromDay",1,1,"",""
"getunit","getunit.unit.dropInHour.fromTime","getunit.unit.dropInHour.fromTime","","","",1,1,"","","","string {[]} {[]}
","Från tid. Format: HH:MM (ISO-8601).","Från tid. Format: HH:MM (ISO-8601).","","","","","","","","","",,,,,"",,,,"getunit.unit.dropInHour.fromTime",1,1,"",""
"getunit","getunit.unit.dropInHour.toDay","getunit.unit.dropInHour.toDay","","","",1,1,"","","","string {[]} {[]}
","Till dag. Måndag (1) – Söndag (7).","Till dag. Måndag (1) – Söndag (7).","","","","","","","","","",,,,,"",,,,"getunit.unit.dropInHour.toDay",1,1,"",""
"getunit","getunit.unit.dropInHour.toTime","getunit.unit.dropInHour.toTime","","","",1,1,"","","","string {[]} {[]}
","Till tid. Format: HH:MM (ISO-8601).","Till tid. Format: HH:MM (ISO-8601).","","","","","","","","","",,,,,"",,,,"getunit.unit.dropInHour.toTime",1,1,"",""
"getunit","getunit.unit.dropInHour.comment","getunit.unit.dropInHour.comment","","","",0,1,"","","","string {[]} {[]}
","Information om aktuellt tidsintervall.","Information om aktuellt tidsintervall.","","","","","","","","","",,,,,"",,,,"getunit.unit.dropInHour.comment",0,1,"",""
"getunit","getunit.unit.dropInHour.fromDate","getunit.unit.dropInHour.fromDate","","","",0,1,"","","","string {[]} {[]}
","Gäller från och med detta datum.","Gäller från och med detta datum.","","","","","","","","","",,,,,"",,,,"getunit.unit.dropInHour.fromDate",0,1,"",""
"getunit","getunit.unit.dropInHour.toDate","getunit.unit.dropInHour.toDate","","","",0,1,"","","","string {[]} {[]}
","Gäller till och med detta datum.","Gäller till och med detta datum.","","","","","","","","","",,,,,"",,,,"getunit.unit.dropInHour.toDate",0,1,"",""
"getunit","getunit.unit.surgeryHour","getunit.unit.surgeryHour","","","",0,*,"","","","BackboneElement {[]} {[]}
","Öppettider. Ref. surgeryHours [R5]. Profilattribut: *e.","Öppettider. Ref. surgeryHours [R5]. Profilattribut: *e.","","","","","","","","","",,,,,"",,,,"getunit.unit.surgeryHour",0,*,"","ele-1:All FHIR elements must have a @value or children {hasValue() or (children().count() > id.count())}
"
"getunit","getunit.unit.surgeryHour.id","getunit.unit.surgeryHour.id","","","",0,1,"","","","string {[]} {[]}
","Unique id for inter-element referencing","Unique id for the element within a resource (for internal references). This may be any string value that does not contain spaces.","","","","","","","","","",,,,,"",,,,"Element.id",0,1,"",""
"getunit","getunit.unit.surgeryHour.extension","getunit.unit.surgeryHour.extension","","extensions
user content","",0,*,"","","","Extension {[]} {[]}
","Additional content defined by implementations","May be used to represent additional information that is not part of the basic definition of the element. To make the use of extensions safe and manageable, there is a strict set of governance  applied to the definition and use of extensions. Though any implementer can define an extension, there is a set of requirements that SHALL be met as part of the definition of the extension.","There can be no stigma associated with the use of extensions by any application, project, or standard - regardless of the institution or jurisdiction that uses or defines the extensions.  The use of extensions is what allows the FHIR specification to retain a core level of simplicity for everyone.","","","","","","","","",,,,,"","value:url}
","Extensions are always sliced by (at least) url",,"open","Element.extension",0,*,"","ele-1:All FHIR elements must have a @value or children {hasValue() or (children().count() > id.count())}
ext-1:Must have either extensions or value[x], not both {extension.exists() != value.exists()}"
"getunit","getunit.unit.surgeryHour.modifierExtension","getunit.unit.surgeryHour.modifierExtension","","extensions
user contentmodifiers","",0,*,"","Y","Y","Extension {[]} {[]}
","Extensions that cannot be ignored even if unrecognized","May be used to represent additional information that is not part of the basic definition of the element and that modifies the understanding of the element in which it is contained and/or the understanding of the containing element's descendants. Usually modifier elements provide negation or qualification. To make the use of extensions safe and manageable, there is a strict set of governance applied to the definition and use of extensions. Though any implementer can define an extension, there is a set of requirements that SHALL be met as part of the definition of the extension. Applications processing a resource are required to check for modifier extensions.

Modifier extensions SHALL NOT change the meaning of any elements on Resource or DomainResource (including cannot change the meaning of modifierExtension itself).","There can be no stigma associated with the use of extensions by any application, project, or standard - regardless of the institution or jurisdiction that uses or defines the extensions.  The use of extensions is what allows the FHIR specification to retain a core level of simplicity for everyone.","Modifier extensions allow for extensions that *cannot* be safely ignored to be clearly distinguished from the vast majority of extensions which can be safely ignored.  This promotes interoperability by eliminating the need for implementers to prohibit the presence of extensions. For further information, see the [definition of modifier extensions](http://hl7.org/fhir/R4/extensibility.html#modifierExtension).","","","","","","","",,,,,"",,,,"BackboneElement.modifierExtension",0,*,"","ele-1:All FHIR elements must have a @value or children {hasValue() or (children().count() > id.count())}
ext-1:Must have either extensions or value[x], not both {extension.exists() != value.exists()}"
"getunit","getunit.unit.surgeryHour.fromDay","getunit.unit.surgeryHour.fromDay","","","",1,1,"","","","string {[]} {[]}
","Från dag. Måndag (1) – Söndag (7).","Från dag. Måndag (1) – Söndag (7).","","","","","","","","","",,,,,"",,,,"getunit.unit.surgeryHour.fromDay",1,1,"",""
"getunit","getunit.unit.surgeryHour.fromTime","getunit.unit.surgeryHour.fromTime","","","",1,1,"","","","string {[]} {[]}
","Från tid. Format: HH:MM (ISO-8601).","Från tid. Format: HH:MM (ISO-8601).","","","","","","","","","",,,,,"",,,,"getunit.unit.surgeryHour.fromTime",1,1,"",""
"getunit","getunit.unit.surgeryHour.toDay","getunit.unit.surgeryHour.toDay","","","",1,1,"","","","string {[]} {[]}
","Till dag. Måndag (1) – Söndag (7).","Till dag. Måndag (1) – Söndag (7).","","","","","","","","","",,,,,"",,,,"getunit.unit.surgeryHour.toDay",1,1,"",""
"getunit","getunit.unit.surgeryHour.toTime","getunit.unit.surgeryHour.toTime","","","",1,1,"","","","string {[]} {[]}
","Till tid. Format: HH:MM (ISO-8601).","Till tid. Format: HH:MM (ISO-8601).","","","","","","","","","",,,,,"",,,,"getunit.unit.surgeryHour.toTime",1,1,"",""
"getunit","getunit.unit.surgeryHour.comment","getunit.unit.surgeryHour.comment","","","",0,1,"","","","string {[]} {[]}
","Information om aktuellt tidsintervall.","Information om aktuellt tidsintervall.","","","","","","","","","",,,,,"",,,,"getunit.unit.surgeryHour.comment",0,1,"",""
"getunit","getunit.unit.surgeryHour.fromDate","getunit.unit.surgeryHour.fromDate","","","",0,1,"","","","string {[]} {[]}
","Gäller från och med detta datum.","Gäller från och med detta datum.","","","","","","","","","",,,,,"",,,,"getunit.unit.surgeryHour.fromDate",0,1,"",""
"getunit","getunit.unit.surgeryHour.toDate","getunit.unit.surgeryHour.toDate","","","",0,1,"","","","string {[]} {[]}
","Gäller till och med detta datum.","Gäller till och med detta datum.","","","","","","","","","",,,,,"",,,,"getunit.unit.surgeryHour.toDate",0,1,"",""
"getunit","getunit.unit.visitingHour","getunit.unit.visitingHour","","","",0,*,"","","","BackboneElement {[]} {[]}
","Besökstider för anhöriga. Ref. visitingHours [R5]. Profilattribut: *e.","Besökstider för anhöriga. Ref. visitingHours [R5]. Profilattribut: *e.","","","","","","","","","",,,,,"",,,,"getunit.unit.visitingHour",0,*,"","ele-1:All FHIR elements must have a @value or children {hasValue() or (children().count() > id.count())}
"
"getunit","getunit.unit.visitingHour.id","getunit.unit.visitingHour.id","","","",0,1,"","","","string {[]} {[]}
","Unique id for inter-element referencing","Unique id for the element within a resource (for internal references). This may be any string value that does not contain spaces.","","","","","","","","","",,,,,"",,,,"Element.id",0,1,"",""
"getunit","getunit.unit.visitingHour.extension","getunit.unit.visitingHour.extension","","extensions
user content","",0,*,"","","","Extension {[]} {[]}
","Additional content defined by implementations","May be used to represent additional information that is not part of the basic definition of the element. To make the use of extensions safe and manageable, there is a strict set of governance  applied to the definition and use of extensions. Though any implementer can define an extension, there is a set of requirements that SHALL be met as part of the definition of the extension.","There can be no stigma associated with the use of extensions by any application, project, or standard - regardless of the institution or jurisdiction that uses or defines the extensions.  The use of extensions is what allows the FHIR specification to retain a core level of simplicity for everyone.","","","","","","","","",,,,,"","value:url}
","Extensions are always sliced by (at least) url",,"open","Element.extension",0,*,"","ele-1:All FHIR elements must have a @value or children {hasValue() or (children().count() > id.count())}
ext-1:Must have either extensions or value[x], not both {extension.exists() != value.exists()}"
"getunit","getunit.unit.visitingHour.modifierExtension","getunit.unit.visitingHour.modifierExtension","","extensions
user contentmodifiers","",0,*,"","Y","Y","Extension {[]} {[]}
","Extensions that cannot be ignored even if unrecognized","May be used to represent additional information that is not part of the basic definition of the element and that modifies the understanding of the element in which it is contained and/or the understanding of the containing element's descendants. Usually modifier elements provide negation or qualification. To make the use of extensions safe and manageable, there is a strict set of governance applied to the definition and use of extensions. Though any implementer can define an extension, there is a set of requirements that SHALL be met as part of the definition of the extension. Applications processing a resource are required to check for modifier extensions.

Modifier extensions SHALL NOT change the meaning of any elements on Resource or DomainResource (including cannot change the meaning of modifierExtension itself).","There can be no stigma associated with the use of extensions by any application, project, or standard - regardless of the institution or jurisdiction that uses or defines the extensions.  The use of extensions is what allows the FHIR specification to retain a core level of simplicity for everyone.","Modifier extensions allow for extensions that *cannot* be safely ignored to be clearly distinguished from the vast majority of extensions which can be safely ignored.  This promotes interoperability by eliminating the need for implementers to prohibit the presence of extensions. For further information, see the [definition of modifier extensions](http://hl7.org/fhir/R4/extensibility.html#modifierExtension).","","","","","","","",,,,,"",,,,"BackboneElement.modifierExtension",0,*,"","ele-1:All FHIR elements must have a @value or children {hasValue() or (children().count() > id.count())}
ext-1:Must have either extensions or value[x], not both {extension.exists() != value.exists()}"
"getunit","getunit.unit.visitingHour.fromDay","getunit.unit.visitingHour.fromDay","","","",1,1,"","","","string {[]} {[]}
","Från dag. Måndag (1) – Söndag (7).","Från dag. Måndag (1) – Söndag (7).","","","","","","","","","",,,,,"",,,,"getunit.unit.visitingHour.fromDay",1,1,"",""
"getunit","getunit.unit.visitingHour.fromTime","getunit.unit.visitingHour.fromTime","","","",1,1,"","","","string {[]} {[]}
","Från tid. Format: HH:MM (ISO-8601).","Från tid. Format: HH:MM (ISO-8601).","","","","","","","","","",,,,,"",,,,"getunit.unit.visitingHour.fromTime",1,1,"",""
"getunit","getunit.unit.visitingHour.toDay","getunit.unit.visitingHour.toDay","","","",1,1,"","","","string {[]} {[]}
","Till dag. Måndag (1) – Söndag (7).","Till dag. Måndag (1) – Söndag (7).","","","","","","","","","",,,,,"",,,,"getunit.unit.visitingHour.toDay",1,1,"",""
"getunit","getunit.unit.visitingHour.toTime","getunit.unit.visitingHour.toTime","","","",1,1,"","","","string {[]} {[]}
","Till tid. Format: HH:MM (ISO-8601).","Till tid. Format: HH:MM (ISO-8601).","","","","","","","","","",,,,,"",,,,"getunit.unit.visitingHour.toTime",1,1,"",""
"getunit","getunit.unit.visitingHour.comment","getunit.unit.visitingHour.comment","","","",0,1,"","","","string {[]} {[]}
","Information om aktuellt tidsintervall.","Information om aktuellt tidsintervall.","","","","","","","","","",,,,,"",,,,"getunit.unit.visitingHour.comment",0,1,"",""
"getunit","getunit.unit.visitingHour.fromDate","getunit.unit.visitingHour.fromDate","","","",0,1,"","","","string {[]} {[]}
","Gäller från och med detta datum.","Gäller från och med detta datum.","","","","","","","","","",,,,,"",,,,"getunit.unit.visitingHour.fromDate",0,1,"",""
"getunit","getunit.unit.visitingHour.toDate","getunit.unit.visitingHour.toDate","","","",0,1,"","","","string {[]} {[]}
","Gäller till och med detta datum.","Gäller till och med detta datum.","","","","","","","","","",,,,,"",,,,"getunit.unit.visitingHour.toDate",0,1,"",""
"getunit","getunit.unit.visitingRuleAge","getunit.unit.visitingRuleAge","","","",0,*,"","","","BackboneElement {[]} {[]}
","Åldersintervall på patienter som tas emot. Ref. hsaVisitingRuleAge [R5]. Profilattribut: *e.","Åldersintervall på patienter som tas emot. Ref. hsaVisitingRuleAge [R5]. Profilattribut: *e.","","","","","","","","","",,,,,"",,,,"getunit.unit.visitingRuleAge",0,*,"","ele-1:All FHIR elements must have a @value or children {hasValue() or (children().count() > id.count())}
"
"getunit","getunit.unit.visitingRuleAge.id","getunit.unit.visitingRuleAge.id","","","",0,1,"","","","string {[]} {[]}
","Unique id for inter-element referencing","Unique id for the element within a resource (for internal references). This may be any string value that does not contain spaces.","","","","","","","","","",,,,,"",,,,"Element.id",0,1,"",""
"getunit","getunit.unit.visitingRuleAge.extension","getunit.unit.visitingRuleAge.extension","","extensions
user content","",0,*,"","","","Extension {[]} {[]}
","Additional content defined by implementations","May be used to represent additional information that is not part of the basic definition of the element. To make the use of extensions safe and manageable, there is a strict set of governance  applied to the definition and use of extensions. Though any implementer can define an extension, there is a set of requirements that SHALL be met as part of the definition of the extension.","There can be no stigma associated with the use of extensions by any application, project, or standard - regardless of the institution or jurisdiction that uses or defines the extensions.  The use of extensions is what allows the FHIR specification to retain a core level of simplicity for everyone.","","","","","","","","",,,,,"","value:url}
","Extensions are always sliced by (at least) url",,"open","Element.extension",0,*,"","ele-1:All FHIR elements must have a @value or children {hasValue() or (children().count() > id.count())}
ext-1:Must have either extensions or value[x], not both {extension.exists() != value.exists()}"
"getunit","getunit.unit.visitingRuleAge.modifierExtension","getunit.unit.visitingRuleAge.modifierExtension","","extensions
user contentmodifiers","",0,*,"","Y","Y","Extension {[]} {[]}
","Extensions that cannot be ignored even if unrecognized","May be used to represent additional information that is not part of the basic definition of the element and that modifies the understanding of the element in which it is contained and/or the understanding of the containing element's descendants. Usually modifier elements provide negation or qualification. To make the use of extensions safe and manageable, there is a strict set of governance applied to the definition and use of extensions. Though any implementer can define an extension, there is a set of requirements that SHALL be met as part of the definition of the extension. Applications processing a resource are required to check for modifier extensions.

Modifier extensions SHALL NOT change the meaning of any elements on Resource or DomainResource (including cannot change the meaning of modifierExtension itself).","There can be no stigma associated with the use of extensions by any application, project, or standard - regardless of the institution or jurisdiction that uses or defines the extensions.  The use of extensions is what allows the FHIR specification to retain a core level of simplicity for everyone.","Modifier extensions allow for extensions that *cannot* be safely ignored to be clearly distinguished from the vast majority of extensions which can be safely ignored.  This promotes interoperability by eliminating the need for implementers to prohibit the presence of extensions. For further information, see the [definition of modifier extensions](http://hl7.org/fhir/R4/extensibility.html#modifierExtension).","","","","","","","",,,,,"",,,,"BackboneElement.modifierExtension",0,*,"","ele-1:All FHIR elements must have a @value or children {hasValue() or (children().count() > id.count())}
ext-1:Must have either extensions or value[x], not both {extension.exists() != value.exists()}"
"getunit","getunit.unit.visitingRuleAge.fromAge","getunit.unit.visitingRuleAge.fromAge","","","",1,1,"","","","string {[]} {[]}
","Från ålder. 00 för nyfödd.","Från ålder. 00 för nyfödd.","","","","","","","","","",,,,,"",,,,"getunit.unit.visitingRuleAge.fromAge",1,1,"",""
"getunit","getunit.unit.visitingRuleAge.toAge","getunit.unit.visitingRuleAge.toAge","","","",1,1,"","","","string {[]} {[]}
","Till ålder. 99 för ingen övre åldersgräns.","Till ålder. 99 för ingen övre åldersgräns.","","","","","","","","","",,,,,"",,,,"getunit.unit.visitingRuleAge.toAge",1,1,"",""
"getunit","getunit.unit.visitingRuleAge.comment","getunit.unit.visitingRuleAge.comment","","","",0,1,"","","","string {[]} {[]}
","Kommentar till åldersintervallet.","Kommentar till åldersintervallet.","","","","","","","","","",,,,,"",,,,"getunit.unit.visitingRuleAge.comment",0,1,"",""
"getunit","getunit.unit.structuredVisitingAddress","getunit.unit.structuredVisitingAddress","","","",0,1,"","","","BackboneElement {[]} {[]}
","Besöksadress i strukturerat format. Ref. hsaVisitingAddress [R5]. Profilattribut: *e.","Besöksadress i strukturerat format. Ref. hsaVisitingAddress [R5]. Profilattribut: *e.","","","","","","","","","",,,,,"",,,,"getunit.unit.structuredVisitingAddress",0,1,"","ele-1:All FHIR elements must have a @value or children {hasValue() or (children().count() > id.count())}
"
"getunit","getunit.unit.structuredVisitingAddress.id","getunit.unit.structuredVisitingAddress.id","","","",0,1,"","","","string {[]} {[]}
","Unique id for inter-element referencing","Unique id for the element within a resource (for internal references). This may be any string value that does not contain spaces.","","","","","","","","","",,,,,"",,,,"Element.id",0,1,"",""
"getunit","getunit.unit.structuredVisitingAddress.extension","getunit.unit.structuredVisitingAddress.extension","","extensions
user content","",0,*,"","","","Extension {[]} {[]}
","Additional content defined by implementations","May be used to represent additional information that is not part of the basic definition of the element. To make the use of extensions safe and manageable, there is a strict set of governance  applied to the definition and use of extensions. Though any implementer can define an extension, there is a set of requirements that SHALL be met as part of the definition of the extension.","There can be no stigma associated with the use of extensions by any application, project, or standard - regardless of the institution or jurisdiction that uses or defines the extensions.  The use of extensions is what allows the FHIR specification to retain a core level of simplicity for everyone.","","","","","","","","",,,,,"","value:url}
","Extensions are always sliced by (at least) url",,"open","Element.extension",0,*,"","ele-1:All FHIR elements must have a @value or children {hasValue() or (children().count() > id.count())}
ext-1:Must have either extensions or value[x], not both {extension.exists() != value.exists()}"
"getunit","getunit.unit.structuredVisitingAddress.modifierExtension","getunit.unit.structuredVisitingAddress.modifierExtension","","extensions
user contentmodifiers","",0,*,"","Y","Y","Extension {[]} {[]}
","Extensions that cannot be ignored even if unrecognized","May be used to represent additional information that is not part of the basic definition of the element and that modifies the understanding of the element in which it is contained and/or the understanding of the containing element's descendants. Usually modifier elements provide negation or qualification. To make the use of extensions safe and manageable, there is a strict set of governance applied to the definition and use of extensions. Though any implementer can define an extension, there is a set of requirements that SHALL be met as part of the definition of the extension. Applications processing a resource are required to check for modifier extensions.

Modifier extensions SHALL NOT change the meaning of any elements on Resource or DomainResource (including cannot change the meaning of modifierExtension itself).","There can be no stigma associated with the use of extensions by any application, project, or standard - regardless of the institution or jurisdiction that uses or defines the extensions.  The use of extensions is what allows the FHIR specification to retain a core level of simplicity for everyone.","Modifier extensions allow for extensions that *cannot* be safely ignored to be clearly distinguished from the vast majority of extensions which can be safely ignored.  This promotes interoperability by eliminating the need for implementers to prohibit the presence of extensions. For further information, see the [definition of modifier extensions](http://hl7.org/fhir/R4/extensibility.html#modifierExtension).","","","","","","","",,,,,"",,,,"BackboneElement.modifierExtension",0,*,"","ele-1:All FHIR elements must have a @value or children {hasValue() or (children().count() > id.count())}
ext-1:Must have either extensions or value[x], not both {extension.exists() != value.exists()}"
"getunit","getunit.unit.structuredVisitingAddress.street","getunit.unit.structuredVisitingAddress.street","","","",1,1,"","","","string {[]} {[]}
","Gata.","Gata.","","","","","","","","","",,,,,"",,,,"getunit.unit.structuredVisitingAddress.street",1,1,"",""
"getunit","getunit.unit.structuredVisitingAddress.premisesNumber","getunit.unit.structuredVisitingAddress.premisesNumber","","","",0,1,"","","","string {[]} {[]}
","Adressplatsnummer.","Adressplatsnummer.","","","","","","","","","",,,,,"",,,,"getunit.unit.structuredVisitingAddress.premisesNumber",0,1,"",""
"getunit","getunit.unit.structuredVisitingAddress.premisesLetter","getunit.unit.structuredVisitingAddress.premisesLetter","","","",0,1,"","","","string {[]} {[]}
","Adressplatslittera.","Adressplatslittera.","","","","","","","","","",,,,,"",,,,"getunit.unit.structuredVisitingAddress.premisesLetter",0,1,"",""
"getunit","getunit.unit.structuredVisitingAddress.town","getunit.unit.structuredVisitingAddress.town","","","",0,1,"","","","string {[]} {[]}
","Ortnamn.","Ortnamn.","","","","","","","","","",,,,,"",,,,"getunit.unit.structuredVisitingAddress.town",0,1,"",""
"getunit","getunit.unit.administrativeCareLevel","getunit.unit.administrativeCareLevel","","","",0,*,"","","","string {[]} {[]}
","Kod för nivå av specialisering i hälso- och sjukvård. Ref. hsaAdministrativeCareLevel [R5]. Profilattribut: *e.","Kod för nivå av specialisering i hälso- och sjukvård. Ref. hsaAdministrativeCareLevel [R5]. Profilattribut: *e.","","","","","","","","","",,,,,"",,,,"getunit.unit.administrativeCareLevel",0,*,"",""
"getunit","getunit.unit.unitTemporaryInformation","getunit.unit.unitTemporaryInformation","","","",0,1,"","","","BackboneElement {[]} {[]}
","Tillfällig information om enheten. Ref. hsaVpwInformation2 [R5]. Profilattribut: *e.","Tillfällig information om enheten. Ref. hsaVpwInformation2 [R5]. Profilattribut: *e.","","","","","","","","","",,,,,"",,,,"getunit.unit.unitTemporaryInformation",0,1,"","ele-1:All FHIR elements must have a @value or children {hasValue() or (children().count() > id.count())}
"
"getunit","getunit.unit.unitTemporaryInformation.id","getunit.unit.unitTemporaryInformation.id","","","",0,1,"","","","string {[]} {[]}
","Unique id for inter-element referencing","Unique id for the element within a resource (for internal references). This may be any string value that does not contain spaces.","","","","","","","","","",,,,,"",,,,"Element.id",0,1,"",""
"getunit","getunit.unit.unitTemporaryInformation.extension","getunit.unit.unitTemporaryInformation.extension","","extensions
user content","",0,*,"","","","Extension {[]} {[]}
","Additional content defined by implementations","May be used to represent additional information that is not part of the basic definition of the element. To make the use of extensions safe and manageable, there is a strict set of governance  applied to the definition and use of extensions. Though any implementer can define an extension, there is a set of requirements that SHALL be met as part of the definition of the extension.","There can be no stigma associated with the use of extensions by any application, project, or standard - regardless of the institution or jurisdiction that uses or defines the extensions.  The use of extensions is what allows the FHIR specification to retain a core level of simplicity for everyone.","","","","","","","","",,,,,"","value:url}
","Extensions are always sliced by (at least) url",,"open","Element.extension",0,*,"","ele-1:All FHIR elements must have a @value or children {hasValue() or (children().count() > id.count())}
ext-1:Must have either extensions or value[x], not both {extension.exists() != value.exists()}"
"getunit","getunit.unit.unitTemporaryInformation.modifierExtension","getunit.unit.unitTemporaryInformation.modifierExtension","","extensions
user contentmodifiers","",0,*,"","Y","Y","Extension {[]} {[]}
","Extensions that cannot be ignored even if unrecognized","May be used to represent additional information that is not part of the basic definition of the element and that modifies the understanding of the element in which it is contained and/or the understanding of the containing element's descendants. Usually modifier elements provide negation or qualification. To make the use of extensions safe and manageable, there is a strict set of governance applied to the definition and use of extensions. Though any implementer can define an extension, there is a set of requirements that SHALL be met as part of the definition of the extension. Applications processing a resource are required to check for modifier extensions.

Modifier extensions SHALL NOT change the meaning of any elements on Resource or DomainResource (including cannot change the meaning of modifierExtension itself).","There can be no stigma associated with the use of extensions by any application, project, or standard - regardless of the institution or jurisdiction that uses or defines the extensions.  The use of extensions is what allows the FHIR specification to retain a core level of simplicity for everyone.","Modifier extensions allow for extensions that *cannot* be safely ignored to be clearly distinguished from the vast majority of extensions which can be safely ignored.  This promotes interoperability by eliminating the need for implementers to prohibit the presence of extensions. For further information, see the [definition of modifier extensions](http://hl7.org/fhir/R4/extensibility.html#modifierExtension).","","","","","","","",,,,,"",,,,"BackboneElement.modifierExtension",0,*,"","ele-1:All FHIR elements must have a @value or children {hasValue() or (children().count() > id.count())}
ext-1:Must have either extensions or value[x], not both {extension.exists() != value.exists()}"
"getunit","getunit.unit.unitTemporaryInformation.fromDate","getunit.unit.unitTemporaryInformation.fromDate","","","",0,1,"","","","string {[]} {[]}
","Från datum. Exempel: 20101123.","Från datum. Exempel: 20101123.","","","","","","","","","",,,,,"",,,,"getunit.unit.unitTemporaryInformation.fromDate",0,1,"",""
"getunit","getunit.unit.unitTemporaryInformation.toDate","getunit.unit.unitTemporaryInformation.toDate","","","",0,1,"","","","string {[]} {[]}
","Till datum. Exempel: 20101131.","Till datum. Exempel: 20101131.","","","","","","","","","",,,,,"",,,,"getunit.unit.unitTemporaryInformation.toDate",0,1,"",""
"getunit","getunit.unit.unitTemporaryInformation.temporaryInformation","getunit.unit.unitTemporaryInformation.temporaryInformation","","","",1,1,"","","","string {[]} {[]}
","Tillfällig information.","Tillfällig information.","","","","","","","","","",,,,,"",,,,"getunit.unit.unitTemporaryInformation.temporaryInformation",1,1,"",""
"getunit","getunit.unit.unitFunction","getunit.unit.unitFunction","","","",0,*,"","","","BackboneElement {[]} {[]}
","Information från direkta funktionsobjekt med reserverat funktionsnamn. Profilattribut: *a.","Information från direkta funktionsobjekt med reserverat funktionsnamn. Profilattribut: *a.","","","","","","","","","",,,,,"",,,,"getunit.unit.unitFunction",0,*,"","ele-1:All FHIR elements must have a @value or children {hasValue() or (children().count() > id.count())}
"
"getunit","getunit.unit.unitFunction.id","getunit.unit.unitFunction.id","","","",0,1,"","","","string {[]} {[]}
","Unique id for inter-element referencing","Unique id for the element within a resource (for internal references). This may be any string value that does not contain spaces.","","","","","","","","","",,,,,"",,,,"Element.id",0,1,"",""
"getunit","getunit.unit.unitFunction.extension","getunit.unit.unitFunction.extension","","extensions
user content","",0,*,"","","","Extension {[]} {[]}
","Additional content defined by implementations","May be used to represent additional information that is not part of the basic definition of the element. To make the use of extensions safe and manageable, there is a strict set of governance  applied to the definition and use of extensions. Though any implementer can define an extension, there is a set of requirements that SHALL be met as part of the definition of the extension.","There can be no stigma associated with the use of extensions by any application, project, or standard - regardless of the institution or jurisdiction that uses or defines the extensions.  The use of extensions is what allows the FHIR specification to retain a core level of simplicity for everyone.","","","","","","","","",,,,,"","value:url}
","Extensions are always sliced by (at least) url",,"open","Element.extension",0,*,"","ele-1:All FHIR elements must have a @value or children {hasValue() or (children().count() > id.count())}
ext-1:Must have either extensions or value[x], not both {extension.exists() != value.exists()}"
"getunit","getunit.unit.unitFunction.modifierExtension","getunit.unit.unitFunction.modifierExtension","","extensions
user contentmodifiers","",0,*,"","Y","Y","Extension {[]} {[]}
","Extensions that cannot be ignored even if unrecognized","May be used to represent additional information that is not part of the basic definition of the element and that modifies the understanding of the element in which it is contained and/or the understanding of the containing element's descendants. Usually modifier elements provide negation or qualification. To make the use of extensions safe and manageable, there is a strict set of governance applied to the definition and use of extensions. Though any implementer can define an extension, there is a set of requirements that SHALL be met as part of the definition of the extension. Applications processing a resource are required to check for modifier extensions.

Modifier extensions SHALL NOT change the meaning of any elements on Resource or DomainResource (including cannot change the meaning of modifierExtension itself).","There can be no stigma associated with the use of extensions by any application, project, or standard - regardless of the institution or jurisdiction that uses or defines the extensions.  The use of extensions is what allows the FHIR specification to retain a core level of simplicity for everyone.","Modifier extensions allow for extensions that *cannot* be safely ignored to be clearly distinguished from the vast majority of extensions which can be safely ignored.  This promotes interoperability by eliminating the need for implementers to prohibit the presence of extensions. For further information, see the [definition of modifier extensions](http://hl7.org/fhir/R4/extensibility.html#modifierExtension).","","","","","","","",,,,,"",,,,"BackboneElement.modifierExtension",0,*,"","ele-1:All FHIR elements must have a @value or children {hasValue() or (children().count() > id.count())}
ext-1:Must have either extensions or value[x], not both {extension.exists() != value.exists()}"
"getunit","getunit.unit.unitFunction.functionName","getunit.unit.unitFunction.functionName","","","",1,1,"","","","string {[]} {[]}
","Funktionens namn. Ref. objektnamn (cn) [R5], kodverk för Reserverade funktionsnamn.","Funktionens namn. Ref. objektnamn (cn) [R5], kodverk för Reserverade funktionsnamn.","","","","","","","","","",,,,,"",,,,"getunit.unit.unitFunction.functionName",1,1,"",""
"getunit","getunit.unit.unitFunction.telephoneHour","getunit.unit.unitFunction.telephoneHour","","","",0,*,"","","","BackboneElement {[]} {[]}
","Telefontider för funktionen. Ref. telefontid (telephoneHours) [R5].","Telefontider för funktionen. Ref. telefontid (telephoneHours) [R5].","","","","","","","","","",,,,,"",,,,"getunit.unit.unitFunction.telephoneHour",0,*,"","ele-1:All FHIR elements must have a @value or children {hasValue() or (children().count() > id.count())}
"
"getunit","getunit.unit.unitFunction.telephoneHour.id","getunit.unit.unitFunction.telephoneHour.id","","","",0,1,"","","","string {[]} {[]}
","Unique id for inter-element referencing","Unique id for the element within a resource (for internal references). This may be any string value that does not contain spaces.","","","","","","","","","",,,,,"",,,,"Element.id",0,1,"",""
"getunit","getunit.unit.unitFunction.telephoneHour.extension","getunit.unit.unitFunction.telephoneHour.extension","","extensions
user content","",0,*,"","","","Extension {[]} {[]}
","Additional content defined by implementations","May be used to represent additional information that is not part of the basic definition of the element. To make the use of extensions safe and manageable, there is a strict set of governance  applied to the definition and use of extensions. Though any implementer can define an extension, there is a set of requirements that SHALL be met as part of the definition of the extension.","There can be no stigma associated with the use of extensions by any application, project, or standard - regardless of the institution or jurisdiction that uses or defines the extensions.  The use of extensions is what allows the FHIR specification to retain a core level of simplicity for everyone.","","","","","","","","",,,,,"","value:url}
","Extensions are always sliced by (at least) url",,"open","Element.extension",0,*,"","ele-1:All FHIR elements must have a @value or children {hasValue() or (children().count() > id.count())}
ext-1:Must have either extensions or value[x], not both {extension.exists() != value.exists()}"
"getunit","getunit.unit.unitFunction.telephoneHour.modifierExtension","getunit.unit.unitFunction.telephoneHour.modifierExtension","","extensions
user contentmodifiers","",0,*,"","Y","Y","Extension {[]} {[]}
","Extensions that cannot be ignored even if unrecognized","May be used to represent additional information that is not part of the basic definition of the element and that modifies the understanding of the element in which it is contained and/or the understanding of the containing element's descendants. Usually modifier elements provide negation or qualification. To make the use of extensions safe and manageable, there is a strict set of governance applied to the definition and use of extensions. Though any implementer can define an extension, there is a set of requirements that SHALL be met as part of the definition of the extension. Applications processing a resource are required to check for modifier extensions.

Modifier extensions SHALL NOT change the meaning of any elements on Resource or DomainResource (including cannot change the meaning of modifierExtension itself).","There can be no stigma associated with the use of extensions by any application, project, or standard - regardless of the institution or jurisdiction that uses or defines the extensions.  The use of extensions is what allows the FHIR specification to retain a core level of simplicity for everyone.","Modifier extensions allow for extensions that *cannot* be safely ignored to be clearly distinguished from the vast majority of extensions which can be safely ignored.  This promotes interoperability by eliminating the need for implementers to prohibit the presence of extensions. For further information, see the [definition of modifier extensions](http://hl7.org/fhir/R4/extensibility.html#modifierExtension).","","","","","","","",,,,,"",,,,"BackboneElement.modifierExtension",0,*,"","ele-1:All FHIR elements must have a @value or children {hasValue() or (children().count() > id.count())}
ext-1:Must have either extensions or value[x], not both {extension.exists() != value.exists()}"
"getunit","getunit.unit.unitFunction.telephoneHour.fromDay","getunit.unit.unitFunction.telephoneHour.fromDay","","","",1,1,"","","","string {[]} {[]}
","Från dag.","Från dag.","","","","","","","","","",,,,,"",,,,"getunit.unit.unitFunction.telephoneHour.fromDay",1,1,"",""
"getunit","getunit.unit.unitFunction.telephoneHour.fromTime","getunit.unit.unitFunction.telephoneHour.fromTime","","","",1,1,"","","","string {[]} {[]}
","Från tid. Format: HH:MM (ISO-8601).","Från tid. Format: HH:MM (ISO-8601).","","","","","","","","","",,,,,"",,,,"getunit.unit.unitFunction.telephoneHour.fromTime",1,1,"",""
"getunit","getunit.unit.unitFunction.telephoneHour.toDay","getunit.unit.unitFunction.telephoneHour.toDay","","","",1,1,"","","","string {[]} {[]}
","Till dag.","Till dag.","","","","","","","","","",,,,,"",,,,"getunit.unit.unitFunction.telephoneHour.toDay",1,1,"",""
"getunit","getunit.unit.unitFunction.telephoneHour.toTime","getunit.unit.unitFunction.telephoneHour.toTime","","","",1,1,"","","","string {[]} {[]}
","Till tid. Format: HH:MM (ISO-8601).","Till tid. Format: HH:MM (ISO-8601).","","","","","","","","","",,,,,"",,,,"getunit.unit.unitFunction.telephoneHour.toTime",1,1,"",""
"getunit","getunit.unit.unitFunction.telephoneHour.comment","getunit.unit.unitFunction.telephoneHour.comment","","","",0,1,"","","","string {[]} {[]}
","Information om aktuellt tidsintervall.","Information om aktuellt tidsintervall.","","","","","","","","","",,,,,"",,,,"getunit.unit.unitFunction.telephoneHour.comment",0,1,"",""
"getunit","getunit.unit.unitFunction.telephoneHour.fromDate","getunit.unit.unitFunction.telephoneHour.fromDate","","","",0,1,"","","","string {[]} {[]}
","Gäller från och med detta datum.","Gäller från och med detta datum.","","","","","","","","","",,,,,"",,,,"getunit.unit.unitFunction.telephoneHour.fromDate",0,1,"",""
"getunit","getunit.unit.unitFunction.telephoneHour.toDate","getunit.unit.unitFunction.telephoneHour.toDate","","","",0,1,"","","","string {[]} {[]}
","Gäller till och med detta datum.","Gäller till och med detta datum.","","","","","","","","","",,,,,"",,,,"getunit.unit.unitFunction.telephoneHour.toDate",0,1,"",""
"getunit","getunit.unit.unitFunction.telephoneNumber","getunit.unit.unitFunction.telephoneNumber","","","",0,*,"","","","string {[]} {[]}
","Publikt direkttelefonnummer för funktionen. Ref. direkttelefon (telephoneNumber) [R5].","Publikt direkttelefonnummer för funktionen. Ref. direkttelefon (telephoneNumber) [R5].","","","","","","","","","",,,,,"",,,,"getunit.unit.unitFunction.telephoneNumber",0,*,"",""
"getunit","getunit.unit.jpegPhoto","getunit.unit.jpegPhoto","","","",0,1,"","","","string {[]} {[]}
","Bild för enheten. Base-64-format. Ref. bild (jpegPhoto) [R5]. Profilattribut: *a.","Bild för enheten. Base-64-format. Ref. bild (jpegPhoto) [R5]. Profilattribut: *a.","","","","","","","","","",,,,,"",,,,"getunit.unit.jpegPhoto",0,1,"",""
"getunit","getunit.unit.jpegLogotype","getunit.unit.jpegLogotype","","","",0,1,"","","","string {[]} {[]}
","Logotype för enheten. Base-64-format. Ref. logotyp (hsaJpegLogotype) [R5]. Profilattribut: *a.","Logotype för enheten. Base-64-format. Ref. logotyp (hsaJpegLogotype) [R5]. Profilattribut: *a.","","","","","","","","","",,,,,"",,,,"getunit.unit.jpegLogotype",0,1,"",""
"getunit","getunit.unit.alternateTextLogotype","getunit.unit.alternateTextLogotype","","","",0,1,"","","","string {[]} {[]}
","Beskrivande text till logotype för enheten. Ref. [R5]. Profilattribut: *a.","Beskrivande text till logotype för enheten. Ref. [R5]. Profilattribut: *a.","","","","","","","","","",,,,,"",,,,"getunit.unit.alternateTextLogotype",0,1,"",""
"getunit","getunit.unit.nonPublicTelephoneNumber","getunit.unit.nonPublicTelephoneNumber","","","",0,*,"","","","string {[]} {[]}
","Tjänstetelefonnummer. Ref. tjänstetelefon (hsaTelephoneNumber) [R5]. Profilattribut: *f (kräver extended2).","Tjänstetelefonnummer. Ref. tjänstetelefon (hsaTelephoneNumber) [R5]. Profilattribut: *f (kräver extended2).","","","","","","","","","",,,,,"",,,,"getunit.unit.nonPublicTelephoneNumber",0,*,"",""
