"Id","Path","Slice Name","Alias(s)","Label","Min","Max","Must Support?","Is Modifier?","Is Summary?","Type(s)","Short","Definition","Comments","Requirements","Default Value","Meaning When Missing","Fixed Value","Pattern","Example","Minimum Value","Maximum Value","Maximum Length","Binding Strength","Binding Description","Binding Value Set","Code","Slicing Discriminator","Slicing Description","Slicing Ordered","Slicing Rules","Base Path","Base Min","Base Max","Condition(s)","Constraint(s)"
"getlaboratoryorderoutcome","getlaboratoryorderoutcome","","","",0,*,"","","","null {[]} {[]}
","GetLaboratoryOrderOutcome","Logisk modell för tjänstekontraktet GetLaboratoryOrderOutcome
(RIV-TA urn:riv:clinicalprocess:healthcond:actoutcome:GetLaboratoryOrderOutcome:4).
Representerar responsens informationsstruktur — multidisciplinära laboratoriesvar
för en patient.","","","","","","","","","",,,,,"",,,,"Base",0,*,"",""
"getlaboratoryorderoutcome.laboratoryOrderOutcome","getlaboratoryorderoutcome.laboratoryOrderOutcome","","","",0,*,"","","","BackboneElement {[]} {[]}
","Laboratoriesvar (ett per beställning)","En labbeställning med tillhörande svar. Kardinalitet: Valfri, lista.","","","","","","","","","",,,,,"",,,,"getlaboratoryorderoutcome.laboratoryOrderOutcome",0,*,"","ele-1:All FHIR elements must have a @value or children {hasValue() or (children().count() > id.count())}
"
"getlaboratoryorderoutcome.laboratoryOrderOutcome.id","getlaboratoryorderoutcome.laboratoryOrderOutcome.id","","","",0,1,"","","","string {[]} {[]}
","Unique id for inter-element referencing","Unique id for the element within a resource (for internal references). This may be any string value that does not contain spaces.","","","","","","","","","",,,,,"",,,,"Element.id",0,1,"",""
"getlaboratoryorderoutcome.laboratoryOrderOutcome.extension","getlaboratoryorderoutcome.laboratoryOrderOutcome.extension","","extensions
user content","",0,*,"","","","Extension {[]} {[]}
","Additional content defined by implementations","May be used to represent additional information that is not part of the basic definition of the element. To make the use of extensions safe and manageable, there is a strict set of governance  applied to the definition and use of extensions. Though any implementer can define an extension, there is a set of requirements that SHALL be met as part of the definition of the extension.","There can be no stigma associated with the use of extensions by any application, project, or standard - regardless of the institution or jurisdiction that uses or defines the extensions.  The use of extensions is what allows the FHIR specification to retain a core level of simplicity for everyone.","","","","","","","","",,,,,"","value:url}
","Extensions are always sliced by (at least) url",,"open","Element.extension",0,*,"","ele-1:All FHIR elements must have a @value or children {hasValue() or (children().count() > id.count())}
ext-1:Must have either extensions or value[x], not both {extension.exists() != value.exists()}"
"getlaboratoryorderoutcome.laboratoryOrderOutcome.modifierExtension","getlaboratoryorderoutcome.laboratoryOrderOutcome.modifierExtension","","extensions
user contentmodifiers","",0,*,"","Y","Y","Extension {[]} {[]}
","Extensions that cannot be ignored even if unrecognized","May be used to represent additional information that is not part of the basic definition of the element and that modifies the understanding of the element in which it is contained and/or the understanding of the containing element's descendants. Usually modifier elements provide negation or qualification. To make the use of extensions safe and manageable, there is a strict set of governance applied to the definition and use of extensions. Though any implementer can define an extension, there is a set of requirements that SHALL be met as part of the definition of the extension. Applications processing a resource are required to check for modifier extensions.

Modifier extensions SHALL NOT change the meaning of any elements on Resource or DomainResource (including cannot change the meaning of modifierExtension itself).","There can be no stigma associated with the use of extensions by any application, project, or standard - regardless of the institution or jurisdiction that uses or defines the extensions.  The use of extensions is what allows the FHIR specification to retain a core level of simplicity for everyone.","Modifier extensions allow for extensions that *cannot* be safely ignored to be clearly distinguished from the vast majority of extensions which can be safely ignored.  This promotes interoperability by eliminating the need for implementers to prohibit the presence of extensions. For further information, see the [definition of modifier extensions](http://hl7.org/fhir/R4/extensibility.html#modifierExtension).","","","","","","","",,,,,"",,,,"BackboneElement.modifierExtension",0,*,"","ele-1:All FHIR elements must have a @value or children {hasValue() or (children().count() > id.count())}
ext-1:Must have either extensions or value[x], not both {extension.exists() != value.exists()}"
"getlaboratoryorderoutcome.laboratoryOrderOutcome.header","getlaboratoryorderoutcome.laboratoryOrderOutcome.header","","","",1,1,"","","","BackboneElement {[]} {[]}
","Header med åtkomstkontroll och metadata","Header med åtkomstkontroll och metadata","","","","","","","","","",,,,,"",,,,"getlaboratoryorderoutcome.laboratoryOrderOutcome.header",1,1,"","ele-1:All FHIR elements must have a @value or children {hasValue() or (children().count() > id.count())}
"
"getlaboratoryorderoutcome.laboratoryOrderOutcome.header.id","getlaboratoryorderoutcome.laboratoryOrderOutcome.header.id","","","",0,1,"","","","string {[]} {[]}
","Unique id for inter-element referencing","Unique id for the element within a resource (for internal references). This may be any string value that does not contain spaces.","","","","","","","","","",,,,,"",,,,"Element.id",0,1,"",""
"getlaboratoryorderoutcome.laboratoryOrderOutcome.header.extension","getlaboratoryorderoutcome.laboratoryOrderOutcome.header.extension","","extensions
user content","",0,*,"","","","Extension {[]} {[]}
","Additional content defined by implementations","May be used to represent additional information that is not part of the basic definition of the element. To make the use of extensions safe and manageable, there is a strict set of governance  applied to the definition and use of extensions. Though any implementer can define an extension, there is a set of requirements that SHALL be met as part of the definition of the extension.","There can be no stigma associated with the use of extensions by any application, project, or standard - regardless of the institution or jurisdiction that uses or defines the extensions.  The use of extensions is what allows the FHIR specification to retain a core level of simplicity for everyone.","","","","","","","","",,,,,"","value:url}
","Extensions are always sliced by (at least) url",,"open","Element.extension",0,*,"","ele-1:All FHIR elements must have a @value or children {hasValue() or (children().count() > id.count())}
ext-1:Must have either extensions or value[x], not both {extension.exists() != value.exists()}"
"getlaboratoryorderoutcome.laboratoryOrderOutcome.header.modifierExtension","getlaboratoryorderoutcome.laboratoryOrderOutcome.header.modifierExtension","","extensions
user contentmodifiers","",0,*,"","Y","Y","Extension {[]} {[]}
","Extensions that cannot be ignored even if unrecognized","May be used to represent additional information that is not part of the basic definition of the element and that modifies the understanding of the element in which it is contained and/or the understanding of the containing element's descendants. Usually modifier elements provide negation or qualification. To make the use of extensions safe and manageable, there is a strict set of governance applied to the definition and use of extensions. Though any implementer can define an extension, there is a set of requirements that SHALL be met as part of the definition of the extension. Applications processing a resource are required to check for modifier extensions.

Modifier extensions SHALL NOT change the meaning of any elements on Resource or DomainResource (including cannot change the meaning of modifierExtension itself).","There can be no stigma associated with the use of extensions by any application, project, or standard - regardless of the institution or jurisdiction that uses or defines the extensions.  The use of extensions is what allows the FHIR specification to retain a core level of simplicity for everyone.","Modifier extensions allow for extensions that *cannot* be safely ignored to be clearly distinguished from the vast majority of extensions which can be safely ignored.  This promotes interoperability by eliminating the need for implementers to prohibit the presence of extensions. For further information, see the [definition of modifier extensions](http://hl7.org/fhir/R4/extensibility.html#modifierExtension).","","","","","","","",,,,,"",,,,"BackboneElement.modifierExtension",0,*,"","ele-1:All FHIR elements must have a @value or children {hasValue() or (children().count() > id.count())}
ext-1:Must have either extensions or value[x], not both {extension.exists() != value.exists()}"
"getlaboratoryorderoutcome.laboratoryOrderOutcome.header.accessControlHeader","getlaboratoryorderoutcome.laboratoryOrderOutcome.header.accessControlHeader","","","",1,1,"","","","BackboneElement {[]} {[]}
","Åtkomstkontrollhuvud (PDL)","Åtkomstkontrollhuvud (PDL)","","","","","","","","","",,,,,"",,,,"getlaboratoryorderoutcome.laboratoryOrderOutcome.header.accessControlHeader",1,1,"","ele-1:All FHIR elements must have a @value or children {hasValue() or (children().count() > id.count())}
"
"getlaboratoryorderoutcome.laboratoryOrderOutcome.header.accessControlHeader.id","getlaboratoryorderoutcome.laboratoryOrderOutcome.header.accessControlHeader.id","","","",0,1,"","","","string {[]} {[]}
","Unique id for inter-element referencing","Unique id for the element within a resource (for internal references). This may be any string value that does not contain spaces.","","","","","","","","","",,,,,"",,,,"Element.id",0,1,"",""
"getlaboratoryorderoutcome.laboratoryOrderOutcome.header.accessControlHeader.extension","getlaboratoryorderoutcome.laboratoryOrderOutcome.header.accessControlHeader.extension","","extensions
user content","",0,*,"","","","Extension {[]} {[]}
","Additional content defined by implementations","May be used to represent additional information that is not part of the basic definition of the element. To make the use of extensions safe and manageable, there is a strict set of governance  applied to the definition and use of extensions. Though any implementer can define an extension, there is a set of requirements that SHALL be met as part of the definition of the extension.","There can be no stigma associated with the use of extensions by any application, project, or standard - regardless of the institution or jurisdiction that uses or defines the extensions.  The use of extensions is what allows the FHIR specification to retain a core level of simplicity for everyone.","","","","","","","","",,,,,"","value:url}
","Extensions are always sliced by (at least) url",,"open","Element.extension",0,*,"","ele-1:All FHIR elements must have a @value or children {hasValue() or (children().count() > id.count())}
ext-1:Must have either extensions or value[x], not both {extension.exists() != value.exists()}"
"getlaboratoryorderoutcome.laboratoryOrderOutcome.header.accessControlHeader.modifierExtension","getlaboratoryorderoutcome.laboratoryOrderOutcome.header.accessControlHeader.modifierExtension","","extensions
user contentmodifiers","",0,*,"","Y","Y","Extension {[]} {[]}
","Extensions that cannot be ignored even if unrecognized","May be used to represent additional information that is not part of the basic definition of the element and that modifies the understanding of the element in which it is contained and/or the understanding of the containing element's descendants. Usually modifier elements provide negation or qualification. To make the use of extensions safe and manageable, there is a strict set of governance applied to the definition and use of extensions. Though any implementer can define an extension, there is a set of requirements that SHALL be met as part of the definition of the extension. Applications processing a resource are required to check for modifier extensions.

Modifier extensions SHALL NOT change the meaning of any elements on Resource or DomainResource (including cannot change the meaning of modifierExtension itself).","There can be no stigma associated with the use of extensions by any application, project, or standard - regardless of the institution or jurisdiction that uses or defines the extensions.  The use of extensions is what allows the FHIR specification to retain a core level of simplicity for everyone.","Modifier extensions allow for extensions that *cannot* be safely ignored to be clearly distinguished from the vast majority of extensions which can be safely ignored.  This promotes interoperability by eliminating the need for implementers to prohibit the presence of extensions. For further information, see the [definition of modifier extensions](http://hl7.org/fhir/R4/extensibility.html#modifierExtension).","","","","","","","",,,,,"",,,,"BackboneElement.modifierExtension",0,*,"","ele-1:All FHIR elements must have a @value or children {hasValue() or (children().count() > id.count())}
ext-1:Must have either extensions or value[x], not both {extension.exists() != value.exists()}"
"getlaboratoryorderoutcome.laboratoryOrderOutcome.header.accessControlHeader.accountableCareGiver","getlaboratoryorderoutcome.laboratoryOrderOutcome.header.accessControlHeader.accountableCareGiver","","","",1,1,"","","","Identifier {[]} {[]}
","Ansvarig vårdgivare (HSA-id)","HSA-id för den vårdgivare som är ansvarig för posten. Obligatorisk.","","","","","","","","","",,,,,"",,,,"getlaboratoryorderoutcome.laboratoryOrderOutcome.header.accessControlHeader.accountableCareGiver",1,1,"",""
"getlaboratoryorderoutcome.laboratoryOrderOutcome.header.accessControlHeader.accountableCareUnit","getlaboratoryorderoutcome.laboratoryOrderOutcome.header.accessControlHeader.accountableCareUnit","","","",1,1,"","","","Identifier {[]} {[]}
","Ansvarig vårdenhet (HSA-id)","HSA-id för den vårdenhet som är ansvarig för posten. Obligatorisk.","","","","","","","","","",,,,,"",,,,"getlaboratoryorderoutcome.laboratoryOrderOutcome.header.accessControlHeader.accountableCareUnit",1,1,"",""
"getlaboratoryorderoutcome.laboratoryOrderOutcome.header.accessControlHeader.patientId","getlaboratoryorderoutcome.laboratoryOrderOutcome.header.accessControlHeader.patientId","","","",0,1,"","","","Identifier {[]} {[]}
","Patientens id i svaret","Patientens id i svaret","","","","","","","","","",,,,,"",,,,"getlaboratoryorderoutcome.laboratoryOrderOutcome.header.accessControlHeader.patientId",0,1,"",""
"getlaboratoryorderoutcome.laboratoryOrderOutcome.header.accessControlHeader.originalPatientId","getlaboratoryorderoutcome.laboratoryOrderOutcome.header.accessControlHeader.originalPatientId","","","",0,1,"","","","Identifier {[]} {[]}
","Ursprungligt patient-id","Ursprungligt patient-id","","","","","","","","","",,,,,"",,,,"getlaboratoryorderoutcome.laboratoryOrderOutcome.header.accessControlHeader.originalPatientId",0,1,"",""
"getlaboratoryorderoutcome.laboratoryOrderOutcome.header.accessControlHeader.careProcessId","getlaboratoryorderoutcome.laboratoryOrderOutcome.header.accessControlHeader.careProcessId","","","",0,1,"","","","Identifier {[]} {[]}
","Vårdprocessid (UUID)","Vårdprocessid (UUID)","","","","","","","","","",,,,,"",,,,"getlaboratoryorderoutcome.laboratoryOrderOutcome.header.accessControlHeader.careProcessId",0,1,"",""
"getlaboratoryorderoutcome.laboratoryOrderOutcome.header.accessControlHeader.blockComparisonTime","getlaboratoryorderoutcome.laboratoryOrderOutcome.header.accessControlHeader.blockComparisonTime","","","",1,1,"","","","instant {[]} {[]}
","Tidpunkt för spärrkontroll","Tidpunkt för spärrkontroll","","","","","","","","","",,,,,"",,,,"getlaboratoryorderoutcome.laboratoryOrderOutcome.header.accessControlHeader.blockComparisonTime",1,1,"",""
"getlaboratoryorderoutcome.laboratoryOrderOutcome.header.accessControlHeader.approvedForPatient","getlaboratoryorderoutcome.laboratoryOrderOutcome.header.accessControlHeader.approvedForPatient","","","",1,1,"","","","boolean {[]} {[]}
","Godkänd för patientvisning","Anger om informationsägaren godkänt att patienten kan ta del av informationen.","","","","","","","","","",,,,,"",,,,"getlaboratoryorderoutcome.laboratoryOrderOutcome.header.accessControlHeader.approvedForPatient",1,1,"",""
"getlaboratoryorderoutcome.laboratoryOrderOutcome.header.sourceSystemId","getlaboratoryorderoutcome.laboratoryOrderOutcome.header.sourceSystemId","","","",1,1,"","","","Identifier {[]} {[]}
","Källsystemets HSA-id","Källsystemets HSA-id","","","","","","","","","",,,,,"",,,,"getlaboratoryorderoutcome.laboratoryOrderOutcome.header.sourceSystemId",1,1,"",""
"getlaboratoryorderoutcome.laboratoryOrderOutcome.header.record","getlaboratoryorderoutcome.laboratoryOrderOutcome.header.record","","","",1,1,"","","","BackboneElement {[]} {[]}
","Poststatus och tidpunkt","Poststatus och tidpunkt","","","","","","","","","",,,,,"",,,,"getlaboratoryorderoutcome.laboratoryOrderOutcome.header.record",1,1,"","ele-1:All FHIR elements must have a @value or children {hasValue() or (children().count() > id.count())}
"
"getlaboratoryorderoutcome.laboratoryOrderOutcome.header.record.id","getlaboratoryorderoutcome.laboratoryOrderOutcome.header.record.id","","","",0,1,"","","","string {[]} {[]}
","Unique id for inter-element referencing","Unique id for the element within a resource (for internal references). This may be any string value that does not contain spaces.","","","","","","","","","",,,,,"",,,,"Element.id",0,1,"",""
"getlaboratoryorderoutcome.laboratoryOrderOutcome.header.record.extension","getlaboratoryorderoutcome.laboratoryOrderOutcome.header.record.extension","","extensions
user content","",0,*,"","","","Extension {[]} {[]}
","Additional content defined by implementations","May be used to represent additional information that is not part of the basic definition of the element. To make the use of extensions safe and manageable, there is a strict set of governance  applied to the definition and use of extensions. Though any implementer can define an extension, there is a set of requirements that SHALL be met as part of the definition of the extension.","There can be no stigma associated with the use of extensions by any application, project, or standard - regardless of the institution or jurisdiction that uses or defines the extensions.  The use of extensions is what allows the FHIR specification to retain a core level of simplicity for everyone.","","","","","","","","",,,,,"","value:url}
","Extensions are always sliced by (at least) url",,"open","Element.extension",0,*,"","ele-1:All FHIR elements must have a @value or children {hasValue() or (children().count() > id.count())}
ext-1:Must have either extensions or value[x], not both {extension.exists() != value.exists()}"
"getlaboratoryorderoutcome.laboratoryOrderOutcome.header.record.modifierExtension","getlaboratoryorderoutcome.laboratoryOrderOutcome.header.record.modifierExtension","","extensions
user contentmodifiers","",0,*,"","Y","Y","Extension {[]} {[]}
","Extensions that cannot be ignored even if unrecognized","May be used to represent additional information that is not part of the basic definition of the element and that modifies the understanding of the element in which it is contained and/or the understanding of the containing element's descendants. Usually modifier elements provide negation or qualification. To make the use of extensions safe and manageable, there is a strict set of governance applied to the definition and use of extensions. Though any implementer can define an extension, there is a set of requirements that SHALL be met as part of the definition of the extension. Applications processing a resource are required to check for modifier extensions.

Modifier extensions SHALL NOT change the meaning of any elements on Resource or DomainResource (including cannot change the meaning of modifierExtension itself).","There can be no stigma associated with the use of extensions by any application, project, or standard - regardless of the institution or jurisdiction that uses or defines the extensions.  The use of extensions is what allows the FHIR specification to retain a core level of simplicity for everyone.","Modifier extensions allow for extensions that *cannot* be safely ignored to be clearly distinguished from the vast majority of extensions which can be safely ignored.  This promotes interoperability by eliminating the need for implementers to prohibit the presence of extensions. For further information, see the [definition of modifier extensions](http://hl7.org/fhir/R4/extensibility.html#modifierExtension).","","","","","","","",,,,,"",,,,"BackboneElement.modifierExtension",0,*,"","ele-1:All FHIR elements must have a @value or children {hasValue() or (children().count() > id.count())}
ext-1:Must have either extensions or value[x], not both {extension.exists() != value.exists()}"
"getlaboratoryorderoutcome.laboratoryOrderOutcome.header.record.recordId","getlaboratoryorderoutcome.laboratoryOrderOutcome.header.record.recordId","","","",1,1,"","","","Identifier {[]} {[]}
","Postens unika id","Postens unika id","","","","","","","","","",,,,,"",,,,"getlaboratoryorderoutcome.laboratoryOrderOutcome.header.record.recordId",1,1,"",""
"getlaboratoryorderoutcome.laboratoryOrderOutcome.header.record.timestamp","getlaboratoryorderoutcome.laboratoryOrderOutcome.header.record.timestamp","","","",1,1,"","","","instant {[]} {[]}
","Tidpunkt för posten","Tidpunkt för posten","","","","","","","","","",,,,,"",,,,"getlaboratoryorderoutcome.laboratoryOrderOutcome.header.record.timestamp",1,1,"",""
"getlaboratoryorderoutcome.laboratoryOrderOutcome.header.author","getlaboratoryorderoutcome.laboratoryOrderOutcome.header.author","","","",0,1,"","","","BackboneElement {[]} {[]}
","Dokumentationsansvarig","Dokumentationsansvarig","","","","","","","","","",,,,,"",,,,"getlaboratoryorderoutcome.laboratoryOrderOutcome.header.author",0,1,"","ele-1:All FHIR elements must have a @value or children {hasValue() or (children().count() > id.count())}
"
"getlaboratoryorderoutcome.laboratoryOrderOutcome.header.author.id","getlaboratoryorderoutcome.laboratoryOrderOutcome.header.author.id","","","",0,1,"","","","string {[]} {[]}
","Unique id for inter-element referencing","Unique id for the element within a resource (for internal references). This may be any string value that does not contain spaces.","","","","","","","","","",,,,,"",,,,"Element.id",0,1,"",""
"getlaboratoryorderoutcome.laboratoryOrderOutcome.header.author.extension","getlaboratoryorderoutcome.laboratoryOrderOutcome.header.author.extension","","extensions
user content","",0,*,"","","","Extension {[]} {[]}
","Additional content defined by implementations","May be used to represent additional information that is not part of the basic definition of the element. To make the use of extensions safe and manageable, there is a strict set of governance  applied to the definition and use of extensions. Though any implementer can define an extension, there is a set of requirements that SHALL be met as part of the definition of the extension.","There can be no stigma associated with the use of extensions by any application, project, or standard - regardless of the institution or jurisdiction that uses or defines the extensions.  The use of extensions is what allows the FHIR specification to retain a core level of simplicity for everyone.","","","","","","","","",,,,,"","value:url}
","Extensions are always sliced by (at least) url",,"open","Element.extension",0,*,"","ele-1:All FHIR elements must have a @value or children {hasValue() or (children().count() > id.count())}
ext-1:Must have either extensions or value[x], not both {extension.exists() != value.exists()}"
"getlaboratoryorderoutcome.laboratoryOrderOutcome.header.author.modifierExtension","getlaboratoryorderoutcome.laboratoryOrderOutcome.header.author.modifierExtension","","extensions
user contentmodifiers","",0,*,"","Y","Y","Extension {[]} {[]}
","Extensions that cannot be ignored even if unrecognized","May be used to represent additional information that is not part of the basic definition of the element and that modifies the understanding of the element in which it is contained and/or the understanding of the containing element's descendants. Usually modifier elements provide negation or qualification. To make the use of extensions safe and manageable, there is a strict set of governance applied to the definition and use of extensions. Though any implementer can define an extension, there is a set of requirements that SHALL be met as part of the definition of the extension. Applications processing a resource are required to check for modifier extensions.

Modifier extensions SHALL NOT change the meaning of any elements on Resource or DomainResource (including cannot change the meaning of modifierExtension itself).","There can be no stigma associated with the use of extensions by any application, project, or standard - regardless of the institution or jurisdiction that uses or defines the extensions.  The use of extensions is what allows the FHIR specification to retain a core level of simplicity for everyone.","Modifier extensions allow for extensions that *cannot* be safely ignored to be clearly distinguished from the vast majority of extensions which can be safely ignored.  This promotes interoperability by eliminating the need for implementers to prohibit the presence of extensions. For further information, see the [definition of modifier extensions](http://hl7.org/fhir/R4/extensibility.html#modifierExtension).","","","","","","","",,,,,"",,,,"BackboneElement.modifierExtension",0,*,"","ele-1:All FHIR elements must have a @value or children {hasValue() or (children().count() > id.count())}
ext-1:Must have either extensions or value[x], not both {extension.exists() != value.exists()}"
"getlaboratoryorderoutcome.laboratoryOrderOutcome.header.author.authorId","getlaboratoryorderoutcome.laboratoryOrderOutcome.header.author.authorId","","","",0,1,"","","","Identifier {[]} {[]}
","Författarens HSA-id","Författarens HSA-id","","","","","","","","","",,,,,"",,,,"getlaboratoryorderoutcome.laboratoryOrderOutcome.header.author.authorId",0,1,"",""
"getlaboratoryorderoutcome.laboratoryOrderOutcome.header.author.name","getlaboratoryorderoutcome.laboratoryOrderOutcome.header.author.name","","","",0,1,"","","","string {[]} {[]}
","Författarens namn","Författarens namn","","","","","","","","","",,,,,"",,,,"getlaboratoryorderoutcome.laboratoryOrderOutcome.header.author.name",0,1,"",""
"getlaboratoryorderoutcome.laboratoryOrderOutcome.header.author.timestamp","getlaboratoryorderoutcome.laboratoryOrderOutcome.header.author.timestamp","","","",1,1,"","","","instant {[]} {[]}
","Tidpunkt för dokumentation","Tidpunkt för dokumentation","","","","","","","","","",,,,,"",,,,"getlaboratoryorderoutcome.laboratoryOrderOutcome.header.author.timestamp",1,1,"",""
"getlaboratoryorderoutcome.laboratoryOrderOutcome.header.author.byRole","getlaboratoryorderoutcome.laboratoryOrderOutcome.header.author.byRole","","","",0,1,"","","","CodeableConcept {[]} {[]}
","Yrkesroll vid dokumentation","Yrkesroll vid dokumentation","","","","","","","","","",,,,,"",,,,"getlaboratoryorderoutcome.laboratoryOrderOutcome.header.author.byRole",0,1,"",""
"getlaboratoryorderoutcome.laboratoryOrderOutcome.header.author.orgUnit","getlaboratoryorderoutcome.laboratoryOrderOutcome.header.author.orgUnit","","","",0,1,"","","","BackboneElement {[]} {[]}
","Organisationsenhet","Organisationsenhet","","","","","","","","","",,,,,"",,,,"getlaboratoryorderoutcome.laboratoryOrderOutcome.header.author.orgUnit",0,1,"","ele-1:All FHIR elements must have a @value or children {hasValue() or (children().count() > id.count())}
"
"getlaboratoryorderoutcome.laboratoryOrderOutcome.header.author.orgUnit.id","getlaboratoryorderoutcome.laboratoryOrderOutcome.header.author.orgUnit.id","","","",0,1,"","","","string {[]} {[]}
","Unique id for inter-element referencing","Unique id for the element within a resource (for internal references). This may be any string value that does not contain spaces.","","","","","","","","","",,,,,"",,,,"Element.id",0,1,"",""
"getlaboratoryorderoutcome.laboratoryOrderOutcome.header.author.orgUnit.extension","getlaboratoryorderoutcome.laboratoryOrderOutcome.header.author.orgUnit.extension","","extensions
user content","",0,*,"","","","Extension {[]} {[]}
","Additional content defined by implementations","May be used to represent additional information that is not part of the basic definition of the element. To make the use of extensions safe and manageable, there is a strict set of governance  applied to the definition and use of extensions. Though any implementer can define an extension, there is a set of requirements that SHALL be met as part of the definition of the extension.","There can be no stigma associated with the use of extensions by any application, project, or standard - regardless of the institution or jurisdiction that uses or defines the extensions.  The use of extensions is what allows the FHIR specification to retain a core level of simplicity for everyone.","","","","","","","","",,,,,"","value:url}
","Extensions are always sliced by (at least) url",,"open","Element.extension",0,*,"","ele-1:All FHIR elements must have a @value or children {hasValue() or (children().count() > id.count())}
ext-1:Must have either extensions or value[x], not both {extension.exists() != value.exists()}"
"getlaboratoryorderoutcome.laboratoryOrderOutcome.header.author.orgUnit.modifierExtension","getlaboratoryorderoutcome.laboratoryOrderOutcome.header.author.orgUnit.modifierExtension","","extensions
user contentmodifiers","",0,*,"","Y","Y","Extension {[]} {[]}
","Extensions that cannot be ignored even if unrecognized","May be used to represent additional information that is not part of the basic definition of the element and that modifies the understanding of the element in which it is contained and/or the understanding of the containing element's descendants. Usually modifier elements provide negation or qualification. To make the use of extensions safe and manageable, there is a strict set of governance applied to the definition and use of extensions. Though any implementer can define an extension, there is a set of requirements that SHALL be met as part of the definition of the extension. Applications processing a resource are required to check for modifier extensions.

Modifier extensions SHALL NOT change the meaning of any elements on Resource or DomainResource (including cannot change the meaning of modifierExtension itself).","There can be no stigma associated with the use of extensions by any application, project, or standard - regardless of the institution or jurisdiction that uses or defines the extensions.  The use of extensions is what allows the FHIR specification to retain a core level of simplicity for everyone.","Modifier extensions allow for extensions that *cannot* be safely ignored to be clearly distinguished from the vast majority of extensions which can be safely ignored.  This promotes interoperability by eliminating the need for implementers to prohibit the presence of extensions. For further information, see the [definition of modifier extensions](http://hl7.org/fhir/R4/extensibility.html#modifierExtension).","","","","","","","",,,,,"",,,,"BackboneElement.modifierExtension",0,*,"","ele-1:All FHIR elements must have a @value or children {hasValue() or (children().count() > id.count())}
ext-1:Must have either extensions or value[x], not both {extension.exists() != value.exists()}"
"getlaboratoryorderoutcome.laboratoryOrderOutcome.header.author.orgUnit.orgUnitId","getlaboratoryorderoutcome.laboratoryOrderOutcome.header.author.orgUnit.orgUnitId","","","",0,1,"","","","Identifier {[]} {[]}
","OrgUnit HSA-id","OrgUnit HSA-id","","","","","","","","","",,,,,"",,,,"getlaboratoryorderoutcome.laboratoryOrderOutcome.header.author.orgUnit.orgUnitId",0,1,"",""
"getlaboratoryorderoutcome.laboratoryOrderOutcome.header.author.orgUnit.name","getlaboratoryorderoutcome.laboratoryOrderOutcome.header.author.orgUnit.name","","","",1,1,"","","","string {[]} {[]}
","OrgUnit namn","OrgUnit namn","","","","","","","","","",,,,,"",,,,"getlaboratoryorderoutcome.laboratoryOrderOutcome.header.author.orgUnit.name",1,1,"",""
"getlaboratoryorderoutcome.laboratoryOrderOutcome.header.signature","getlaboratoryorderoutcome.laboratoryOrderOutcome.header.signature","","","",0,1,"","","","BackboneElement {[]} {[]}
","Signatär","Signatär","","","","","","","","","",,,,,"",,,,"getlaboratoryorderoutcome.laboratoryOrderOutcome.header.signature",0,1,"","ele-1:All FHIR elements must have a @value or children {hasValue() or (children().count() > id.count())}
"
"getlaboratoryorderoutcome.laboratoryOrderOutcome.header.signature.id","getlaboratoryorderoutcome.laboratoryOrderOutcome.header.signature.id","","","",0,1,"","","","string {[]} {[]}
","Unique id for inter-element referencing","Unique id for the element within a resource (for internal references). This may be any string value that does not contain spaces.","","","","","","","","","",,,,,"",,,,"Element.id",0,1,"",""
"getlaboratoryorderoutcome.laboratoryOrderOutcome.header.signature.extension","getlaboratoryorderoutcome.laboratoryOrderOutcome.header.signature.extension","","extensions
user content","",0,*,"","","","Extension {[]} {[]}
","Additional content defined by implementations","May be used to represent additional information that is not part of the basic definition of the element. To make the use of extensions safe and manageable, there is a strict set of governance  applied to the definition and use of extensions. Though any implementer can define an extension, there is a set of requirements that SHALL be met as part of the definition of the extension.","There can be no stigma associated with the use of extensions by any application, project, or standard - regardless of the institution or jurisdiction that uses or defines the extensions.  The use of extensions is what allows the FHIR specification to retain a core level of simplicity for everyone.","","","","","","","","",,,,,"","value:url}
","Extensions are always sliced by (at least) url",,"open","Element.extension",0,*,"","ele-1:All FHIR elements must have a @value or children {hasValue() or (children().count() > id.count())}
ext-1:Must have either extensions or value[x], not both {extension.exists() != value.exists()}"
"getlaboratoryorderoutcome.laboratoryOrderOutcome.header.signature.modifierExtension","getlaboratoryorderoutcome.laboratoryOrderOutcome.header.signature.modifierExtension","","extensions
user contentmodifiers","",0,*,"","Y","Y","Extension {[]} {[]}
","Extensions that cannot be ignored even if unrecognized","May be used to represent additional information that is not part of the basic definition of the element and that modifies the understanding of the element in which it is contained and/or the understanding of the containing element's descendants. Usually modifier elements provide negation or qualification. To make the use of extensions safe and manageable, there is a strict set of governance applied to the definition and use of extensions. Though any implementer can define an extension, there is a set of requirements that SHALL be met as part of the definition of the extension. Applications processing a resource are required to check for modifier extensions.

Modifier extensions SHALL NOT change the meaning of any elements on Resource or DomainResource (including cannot change the meaning of modifierExtension itself).","There can be no stigma associated with the use of extensions by any application, project, or standard - regardless of the institution or jurisdiction that uses or defines the extensions.  The use of extensions is what allows the FHIR specification to retain a core level of simplicity for everyone.","Modifier extensions allow for extensions that *cannot* be safely ignored to be clearly distinguished from the vast majority of extensions which can be safely ignored.  This promotes interoperability by eliminating the need for implementers to prohibit the presence of extensions. For further information, see the [definition of modifier extensions](http://hl7.org/fhir/R4/extensibility.html#modifierExtension).","","","","","","","",,,,,"",,,,"BackboneElement.modifierExtension",0,*,"","ele-1:All FHIR elements must have a @value or children {hasValue() or (children().count() > id.count())}
ext-1:Must have either extensions or value[x], not both {extension.exists() != value.exists()}"
"getlaboratoryorderoutcome.laboratoryOrderOutcome.header.signature.signatureId","getlaboratoryorderoutcome.laboratoryOrderOutcome.header.signature.signatureId","","","",0,1,"","","","Identifier {[]} {[]}
","Signatärens HSA-id","Signatärens HSA-id","","","","","","","","","",,,,,"",,,,"getlaboratoryorderoutcome.laboratoryOrderOutcome.header.signature.signatureId",0,1,"",""
"getlaboratoryorderoutcome.laboratoryOrderOutcome.header.signature.name","getlaboratoryorderoutcome.laboratoryOrderOutcome.header.signature.name","","","",0,1,"","","","string {[]} {[]}
","Signatärens namn","Signatärens namn","","","","","","","","","",,,,,"",,,,"getlaboratoryorderoutcome.laboratoryOrderOutcome.header.signature.name",0,1,"",""
"getlaboratoryorderoutcome.laboratoryOrderOutcome.header.signature.timestamp","getlaboratoryorderoutcome.laboratoryOrderOutcome.header.signature.timestamp","","","",1,1,"","","","instant {[]} {[]}
","Signeringstidpunkt","Signeringstidpunkt","","","","","","","","","",,,,,"",,,,"getlaboratoryorderoutcome.laboratoryOrderOutcome.header.signature.timestamp",1,1,"",""
"getlaboratoryorderoutcome.laboratoryOrderOutcome.header.signature.byRole","getlaboratoryorderoutcome.laboratoryOrderOutcome.header.signature.byRole","","","",0,1,"","","","CodeableConcept {[]} {[]}
","Yrkesroll vid signering","Yrkesroll vid signering","","","","","","","","","",,,,,"",,,,"getlaboratoryorderoutcome.laboratoryOrderOutcome.header.signature.byRole",0,1,"",""
"getlaboratoryorderoutcome.laboratoryOrderOutcome.body","getlaboratoryorderoutcome.laboratoryOrderOutcome.body","","","",1,1,"","","","BackboneElement {[]} {[]}
","Beställnings- och svarsinformation","Beställnings- och svarsinformation","","","","","","","","","",,,,,"",,,,"getlaboratoryorderoutcome.laboratoryOrderOutcome.body",1,1,"","ele-1:All FHIR elements must have a @value or children {hasValue() or (children().count() > id.count())}
"
"getlaboratoryorderoutcome.laboratoryOrderOutcome.body.id","getlaboratoryorderoutcome.laboratoryOrderOutcome.body.id","","","",0,1,"","","","string {[]} {[]}
","Unique id for inter-element referencing","Unique id for the element within a resource (for internal references). This may be any string value that does not contain spaces.","","","","","","","","","",,,,,"",,,,"Element.id",0,1,"",""
"getlaboratoryorderoutcome.laboratoryOrderOutcome.body.extension","getlaboratoryorderoutcome.laboratoryOrderOutcome.body.extension","","extensions
user content","",0,*,"","","","Extension {[]} {[]}
","Additional content defined by implementations","May be used to represent additional information that is not part of the basic definition of the element. To make the use of extensions safe and manageable, there is a strict set of governance  applied to the definition and use of extensions. Though any implementer can define an extension, there is a set of requirements that SHALL be met as part of the definition of the extension.","There can be no stigma associated with the use of extensions by any application, project, or standard - regardless of the institution or jurisdiction that uses or defines the extensions.  The use of extensions is what allows the FHIR specification to retain a core level of simplicity for everyone.","","","","","","","","",,,,,"","value:url}
","Extensions are always sliced by (at least) url",,"open","Element.extension",0,*,"","ele-1:All FHIR elements must have a @value or children {hasValue() or (children().count() > id.count())}
ext-1:Must have either extensions or value[x], not both {extension.exists() != value.exists()}"
"getlaboratoryorderoutcome.laboratoryOrderOutcome.body.modifierExtension","getlaboratoryorderoutcome.laboratoryOrderOutcome.body.modifierExtension","","extensions
user contentmodifiers","",0,*,"","Y","Y","Extension {[]} {[]}
","Extensions that cannot be ignored even if unrecognized","May be used to represent additional information that is not part of the basic definition of the element and that modifies the understanding of the element in which it is contained and/or the understanding of the containing element's descendants. Usually modifier elements provide negation or qualification. To make the use of extensions safe and manageable, there is a strict set of governance applied to the definition and use of extensions. Though any implementer can define an extension, there is a set of requirements that SHALL be met as part of the definition of the extension. Applications processing a resource are required to check for modifier extensions.

Modifier extensions SHALL NOT change the meaning of any elements on Resource or DomainResource (including cannot change the meaning of modifierExtension itself).","There can be no stigma associated with the use of extensions by any application, project, or standard - regardless of the institution or jurisdiction that uses or defines the extensions.  The use of extensions is what allows the FHIR specification to retain a core level of simplicity for everyone.","Modifier extensions allow for extensions that *cannot* be safely ignored to be clearly distinguished from the vast majority of extensions which can be safely ignored.  This promotes interoperability by eliminating the need for implementers to prohibit the presence of extensions. For further information, see the [definition of modifier extensions](http://hl7.org/fhir/R4/extensibility.html#modifierExtension).","","","","","","","",,,,,"",,,,"BackboneElement.modifierExtension",0,*,"","ele-1:All FHIR elements must have a @value or children {hasValue() or (children().count() > id.count())}
ext-1:Must have either extensions or value[x], not both {extension.exists() != value.exists()}"
"getlaboratoryorderoutcome.laboratoryOrderOutcome.body.identifier","getlaboratoryorderoutcome.laboratoryOrderOutcome.body.identifier","","","",1,1,"","","","Identifier {[]} {[]}
","Beställningens unika id","Beställningens unika id","","","","","","","","","",,,,,"",,,,"getlaboratoryorderoutcome.laboratoryOrderOutcome.body.identifier",1,1,"",""
"getlaboratoryorderoutcome.laboratoryOrderOutcome.body.laboratoryIdentifier","getlaboratoryorderoutcome.laboratoryOrderOutcome.body.laboratoryIdentifier","","","",0,1,"","","","Identifier {[]} {[]}
","Laboratoriets beställningsnummer","Laboratoriets beställningsnummer","","","","","","","","","",,,,,"",,,,"getlaboratoryorderoutcome.laboratoryOrderOutcome.body.laboratoryIdentifier",0,1,"",""
"getlaboratoryorderoutcome.laboratoryOrderOutcome.body.type","getlaboratoryorderoutcome.laboratoryOrderOutcome.body.type","","","",1,1,"","","","CodeableConcept {[]} {[]}
","Typ av laboratoriebeställning","Typ av laboratoriebeställning","","","","","","","","","",,,,,"",,,,"getlaboratoryorderoutcome.laboratoryOrderOutcome.body.type",1,1,"",""
"getlaboratoryorderoutcome.laboratoryOrderOutcome.body.text","getlaboratoryorderoutcome.laboratoryOrderOutcome.body.text","","","",0,1,"","","","string {[]} {[]}
","Fritext om beställningen","Fritext om beställningen","","","","","","","","","",,,,,"",,,,"getlaboratoryorderoutcome.laboratoryOrderOutcome.body.text",0,1,"",""
"getlaboratoryorderoutcome.laboratoryOrderOutcome.body.referral","getlaboratoryorderoutcome.laboratoryOrderOutcome.body.referral","","","",0,1,"","","","BackboneElement {[]} {[]}
","Kopplad remiss","Kopplad remiss","","","","","","","","","",,,,,"",,,,"getlaboratoryorderoutcome.laboratoryOrderOutcome.body.referral",0,1,"","ele-1:All FHIR elements must have a @value or children {hasValue() or (children().count() > id.count())}
"
"getlaboratoryorderoutcome.laboratoryOrderOutcome.body.referral.id","getlaboratoryorderoutcome.laboratoryOrderOutcome.body.referral.id","","","",0,1,"","","","string {[]} {[]}
","Unique id for inter-element referencing","Unique id for the element within a resource (for internal references). This may be any string value that does not contain spaces.","","","","","","","","","",,,,,"",,,,"Element.id",0,1,"",""
"getlaboratoryorderoutcome.laboratoryOrderOutcome.body.referral.extension","getlaboratoryorderoutcome.laboratoryOrderOutcome.body.referral.extension","","extensions
user content","",0,*,"","","","Extension {[]} {[]}
","Additional content defined by implementations","May be used to represent additional information that is not part of the basic definition of the element. To make the use of extensions safe and manageable, there is a strict set of governance  applied to the definition and use of extensions. Though any implementer can define an extension, there is a set of requirements that SHALL be met as part of the definition of the extension.","There can be no stigma associated with the use of extensions by any application, project, or standard - regardless of the institution or jurisdiction that uses or defines the extensions.  The use of extensions is what allows the FHIR specification to retain a core level of simplicity for everyone.","","","","","","","","",,,,,"","value:url}
","Extensions are always sliced by (at least) url",,"open","Element.extension",0,*,"","ele-1:All FHIR elements must have a @value or children {hasValue() or (children().count() > id.count())}
ext-1:Must have either extensions or value[x], not both {extension.exists() != value.exists()}"
"getlaboratoryorderoutcome.laboratoryOrderOutcome.body.referral.modifierExtension","getlaboratoryorderoutcome.laboratoryOrderOutcome.body.referral.modifierExtension","","extensions
user contentmodifiers","",0,*,"","Y","Y","Extension {[]} {[]}
","Extensions that cannot be ignored even if unrecognized","May be used to represent additional information that is not part of the basic definition of the element and that modifies the understanding of the element in which it is contained and/or the understanding of the containing element's descendants. Usually modifier elements provide negation or qualification. To make the use of extensions safe and manageable, there is a strict set of governance applied to the definition and use of extensions. Though any implementer can define an extension, there is a set of requirements that SHALL be met as part of the definition of the extension. Applications processing a resource are required to check for modifier extensions.

Modifier extensions SHALL NOT change the meaning of any elements on Resource or DomainResource (including cannot change the meaning of modifierExtension itself).","There can be no stigma associated with the use of extensions by any application, project, or standard - regardless of the institution or jurisdiction that uses or defines the extensions.  The use of extensions is what allows the FHIR specification to retain a core level of simplicity for everyone.","Modifier extensions allow for extensions that *cannot* be safely ignored to be clearly distinguished from the vast majority of extensions which can be safely ignored.  This promotes interoperability by eliminating the need for implementers to prohibit the presence of extensions. For further information, see the [definition of modifier extensions](http://hl7.org/fhir/R4/extensibility.html#modifierExtension).","","","","","","","",,,,,"",,,,"BackboneElement.modifierExtension",0,*,"","ele-1:All FHIR elements must have a @value or children {hasValue() or (children().count() > id.count())}
ext-1:Must have either extensions or value[x], not both {extension.exists() != value.exists()}"
"getlaboratoryorderoutcome.laboratoryOrderOutcome.body.referral.identifier","getlaboratoryorderoutcome.laboratoryOrderOutcome.body.referral.identifier","","","",1,1,"","","","Identifier {[]} {[]}
","Remissens id","Remissens id","","","","","","","","","",,,,,"",,,,"getlaboratoryorderoutcome.laboratoryOrderOutcome.body.referral.identifier",1,1,"",""
"getlaboratoryorderoutcome.laboratoryOrderOutcome.body.referral.timestamp","getlaboratoryorderoutcome.laboratoryOrderOutcome.body.referral.timestamp","","","",1,1,"","","","instant {[]} {[]}
","Remissens tidpunkt","Remissens tidpunkt","","","","","","","","","",,,,,"",,,,"getlaboratoryorderoutcome.laboratoryOrderOutcome.body.referral.timestamp",1,1,"",""
"getlaboratoryorderoutcome.laboratoryOrderOutcome.body.referral.version","getlaboratoryorderoutcome.laboratoryOrderOutcome.body.referral.version","","","",0,1,"","","","integer {[]} {[]}
","Remissversion","Remissversion","","","","","","","","","",,,,,"",,,,"getlaboratoryorderoutcome.laboratoryOrderOutcome.body.referral.version",0,1,"",""
"getlaboratoryorderoutcome.laboratoryOrderOutcome.body.referral.question","getlaboratoryorderoutcome.laboratoryOrderOutcome.body.referral.question","","","",0,1,"","","","string {[]} {[]}
","Frågeställning i remissen","Frågeställning i remissen","","","","","","","","","",,,,,"",,,,"getlaboratoryorderoutcome.laboratoryOrderOutcome.body.referral.question",0,1,"",""
"getlaboratoryorderoutcome.laboratoryOrderOutcome.body.referral.requestedCareService","getlaboratoryorderoutcome.laboratoryOrderOutcome.body.referral.requestedCareService","","","",0,*,"","","","CodeableConcept {[]} {[]}
","Begärd vårdtjänst","Begärd vårdtjänst","","","","","","","","","",,,,,"",,,,"getlaboratoryorderoutcome.laboratoryOrderOutcome.body.referral.requestedCareService",0,*,"",""
"getlaboratoryorderoutcome.laboratoryOrderOutcome.body.referral.requester","getlaboratoryorderoutcome.laboratoryOrderOutcome.body.referral.requester","","","",0,1,"","","","BackboneElement {[]} {[]}
","Remittent","Remittent","","","","","","","","","",,,,,"",,,,"getlaboratoryorderoutcome.laboratoryOrderOutcome.body.referral.requester",0,1,"","ele-1:All FHIR elements must have a @value or children {hasValue() or (children().count() > id.count())}
"
"getlaboratoryorderoutcome.laboratoryOrderOutcome.body.referral.requester.id","getlaboratoryorderoutcome.laboratoryOrderOutcome.body.referral.requester.id","","","",0,1,"","","","string {[]} {[]}
","Unique id for inter-element referencing","Unique id for the element within a resource (for internal references). This may be any string value that does not contain spaces.","","","","","","","","","",,,,,"",,,,"Element.id",0,1,"",""
"getlaboratoryorderoutcome.laboratoryOrderOutcome.body.referral.requester.extension","getlaboratoryorderoutcome.laboratoryOrderOutcome.body.referral.requester.extension","","extensions
user content","",0,*,"","","","Extension {[]} {[]}
","Additional content defined by implementations","May be used to represent additional information that is not part of the basic definition of the element. To make the use of extensions safe and manageable, there is a strict set of governance  applied to the definition and use of extensions. Though any implementer can define an extension, there is a set of requirements that SHALL be met as part of the definition of the extension.","There can be no stigma associated with the use of extensions by any application, project, or standard - regardless of the institution or jurisdiction that uses or defines the extensions.  The use of extensions is what allows the FHIR specification to retain a core level of simplicity for everyone.","","","","","","","","",,,,,"","value:url}
","Extensions are always sliced by (at least) url",,"open","Element.extension",0,*,"","ele-1:All FHIR elements must have a @value or children {hasValue() or (children().count() > id.count())}
ext-1:Must have either extensions or value[x], not both {extension.exists() != value.exists()}"
"getlaboratoryorderoutcome.laboratoryOrderOutcome.body.referral.requester.modifierExtension","getlaboratoryorderoutcome.laboratoryOrderOutcome.body.referral.requester.modifierExtension","","extensions
user contentmodifiers","",0,*,"","Y","Y","Extension {[]} {[]}
","Extensions that cannot be ignored even if unrecognized","May be used to represent additional information that is not part of the basic definition of the element and that modifies the understanding of the element in which it is contained and/or the understanding of the containing element's descendants. Usually modifier elements provide negation or qualification. To make the use of extensions safe and manageable, there is a strict set of governance applied to the definition and use of extensions. Though any implementer can define an extension, there is a set of requirements that SHALL be met as part of the definition of the extension. Applications processing a resource are required to check for modifier extensions.

Modifier extensions SHALL NOT change the meaning of any elements on Resource or DomainResource (including cannot change the meaning of modifierExtension itself).","There can be no stigma associated with the use of extensions by any application, project, or standard - regardless of the institution or jurisdiction that uses or defines the extensions.  The use of extensions is what allows the FHIR specification to retain a core level of simplicity for everyone.","Modifier extensions allow for extensions that *cannot* be safely ignored to be clearly distinguished from the vast majority of extensions which can be safely ignored.  This promotes interoperability by eliminating the need for implementers to prohibit the presence of extensions. For further information, see the [definition of modifier extensions](http://hl7.org/fhir/R4/extensibility.html#modifierExtension).","","","","","","","",,,,,"",,,,"BackboneElement.modifierExtension",0,*,"","ele-1:All FHIR elements must have a @value or children {hasValue() or (children().count() > id.count())}
ext-1:Must have either extensions or value[x], not both {extension.exists() != value.exists()}"
"getlaboratoryorderoutcome.laboratoryOrderOutcome.body.referral.requester.requesterId","getlaboratoryorderoutcome.laboratoryOrderOutcome.body.referral.requester.requesterId","","","",0,1,"","","","Identifier {[]} {[]}
","Remittentens HSA-id","Remittentens HSA-id","","","","","","","","","",,,,,"",,,,"getlaboratoryorderoutcome.laboratoryOrderOutcome.body.referral.requester.requesterId",0,1,"",""
"getlaboratoryorderoutcome.laboratoryOrderOutcome.body.referral.requester.name","getlaboratoryorderoutcome.laboratoryOrderOutcome.body.referral.requester.name","","","",0,1,"","","","string {[]} {[]}
","Remittentens namn","Remittentens namn","","","","","","","","","",,,,,"",,,,"getlaboratoryorderoutcome.laboratoryOrderOutcome.body.referral.requester.name",0,1,"",""
"getlaboratoryorderoutcome.laboratoryOrderOutcome.body.referral.requester.byRole","getlaboratoryorderoutcome.laboratoryOrderOutcome.body.referral.requester.byRole","","","",0,1,"","","","CodeableConcept {[]} {[]}
","Remittentens yrkesroll","Remittentens yrkesroll","","","","","","","","","",,,,,"",,,,"getlaboratoryorderoutcome.laboratoryOrderOutcome.body.referral.requester.byRole",0,1,"",""
"getlaboratoryorderoutcome.laboratoryOrderOutcome.body.referral.requester.orgUnit","getlaboratoryorderoutcome.laboratoryOrderOutcome.body.referral.requester.orgUnit","","","",0,1,"","","","BackboneElement {[]} {[]}
","Remittentens org-enhet","Remittentens org-enhet","","","","","","","","","",,,,,"",,,,"getlaboratoryorderoutcome.laboratoryOrderOutcome.body.referral.requester.orgUnit",0,1,"","ele-1:All FHIR elements must have a @value or children {hasValue() or (children().count() > id.count())}
"
"getlaboratoryorderoutcome.laboratoryOrderOutcome.body.referral.requester.orgUnit.id","getlaboratoryorderoutcome.laboratoryOrderOutcome.body.referral.requester.orgUnit.id","","","",0,1,"","","","string {[]} {[]}
","Unique id for inter-element referencing","Unique id for the element within a resource (for internal references). This may be any string value that does not contain spaces.","","","","","","","","","",,,,,"",,,,"Element.id",0,1,"",""
"getlaboratoryorderoutcome.laboratoryOrderOutcome.body.referral.requester.orgUnit.extension","getlaboratoryorderoutcome.laboratoryOrderOutcome.body.referral.requester.orgUnit.extension","","extensions
user content","",0,*,"","","","Extension {[]} {[]}
","Additional content defined by implementations","May be used to represent additional information that is not part of the basic definition of the element. To make the use of extensions safe and manageable, there is a strict set of governance  applied to the definition and use of extensions. Though any implementer can define an extension, there is a set of requirements that SHALL be met as part of the definition of the extension.","There can be no stigma associated with the use of extensions by any application, project, or standard - regardless of the institution or jurisdiction that uses or defines the extensions.  The use of extensions is what allows the FHIR specification to retain a core level of simplicity for everyone.","","","","","","","","",,,,,"","value:url}
","Extensions are always sliced by (at least) url",,"open","Element.extension",0,*,"","ele-1:All FHIR elements must have a @value or children {hasValue() or (children().count() > id.count())}
ext-1:Must have either extensions or value[x], not both {extension.exists() != value.exists()}"
"getlaboratoryorderoutcome.laboratoryOrderOutcome.body.referral.requester.orgUnit.modifierExtension","getlaboratoryorderoutcome.laboratoryOrderOutcome.body.referral.requester.orgUnit.modifierExtension","","extensions
user contentmodifiers","",0,*,"","Y","Y","Extension {[]} {[]}
","Extensions that cannot be ignored even if unrecognized","May be used to represent additional information that is not part of the basic definition of the element and that modifies the understanding of the element in which it is contained and/or the understanding of the containing element's descendants. Usually modifier elements provide negation or qualification. To make the use of extensions safe and manageable, there is a strict set of governance applied to the definition and use of extensions. Though any implementer can define an extension, there is a set of requirements that SHALL be met as part of the definition of the extension. Applications processing a resource are required to check for modifier extensions.

Modifier extensions SHALL NOT change the meaning of any elements on Resource or DomainResource (including cannot change the meaning of modifierExtension itself).","There can be no stigma associated with the use of extensions by any application, project, or standard - regardless of the institution or jurisdiction that uses or defines the extensions.  The use of extensions is what allows the FHIR specification to retain a core level of simplicity for everyone.","Modifier extensions allow for extensions that *cannot* be safely ignored to be clearly distinguished from the vast majority of extensions which can be safely ignored.  This promotes interoperability by eliminating the need for implementers to prohibit the presence of extensions. For further information, see the [definition of modifier extensions](http://hl7.org/fhir/R4/extensibility.html#modifierExtension).","","","","","","","",,,,,"",,,,"BackboneElement.modifierExtension",0,*,"","ele-1:All FHIR elements must have a @value or children {hasValue() or (children().count() > id.count())}
ext-1:Must have either extensions or value[x], not both {extension.exists() != value.exists()}"
"getlaboratoryorderoutcome.laboratoryOrderOutcome.body.referral.requester.orgUnit.orgUnitId","getlaboratoryorderoutcome.laboratoryOrderOutcome.body.referral.requester.orgUnit.orgUnitId","","","",0,1,"","","","Identifier {[]} {[]}
","OrgUnit HSA-id","OrgUnit HSA-id","","","","","","","","","",,,,,"",,,,"getlaboratoryorderoutcome.laboratoryOrderOutcome.body.referral.requester.orgUnit.orgUnitId",0,1,"",""
"getlaboratoryorderoutcome.laboratoryOrderOutcome.body.referral.requester.orgUnit.name","getlaboratoryorderoutcome.laboratoryOrderOutcome.body.referral.requester.orgUnit.name","","","",1,1,"","","","string {[]} {[]}
","OrgUnit namn","OrgUnit namn","","","","","","","","","",,,,,"",,,,"getlaboratoryorderoutcome.laboratoryOrderOutcome.body.referral.requester.orgUnit.name",1,1,"",""
"getlaboratoryorderoutcome.laboratoryOrderOutcome.body.referral.referralInformation","getlaboratoryorderoutcome.laboratoryOrderOutcome.body.referral.referralInformation","","","",0,1,"","","","BackboneElement {[]} {[]}
","Remissinformation","Remissinformation","","","","","","","","","",,,,,"",,,,"getlaboratoryorderoutcome.laboratoryOrderOutcome.body.referral.referralInformation",0,1,"","ele-1:All FHIR elements must have a @value or children {hasValue() or (children().count() > id.count())}
"
"getlaboratoryorderoutcome.laboratoryOrderOutcome.body.referral.referralInformation.id","getlaboratoryorderoutcome.laboratoryOrderOutcome.body.referral.referralInformation.id","","","",0,1,"","","","string {[]} {[]}
","Unique id for inter-element referencing","Unique id for the element within a resource (for internal references). This may be any string value that does not contain spaces.","","","","","","","","","",,,,,"",,,,"Element.id",0,1,"",""
"getlaboratoryorderoutcome.laboratoryOrderOutcome.body.referral.referralInformation.extension","getlaboratoryorderoutcome.laboratoryOrderOutcome.body.referral.referralInformation.extension","","extensions
user content","",0,*,"","","","Extension {[]} {[]}
","Additional content defined by implementations","May be used to represent additional information that is not part of the basic definition of the element. To make the use of extensions safe and manageable, there is a strict set of governance  applied to the definition and use of extensions. Though any implementer can define an extension, there is a set of requirements that SHALL be met as part of the definition of the extension.","There can be no stigma associated with the use of extensions by any application, project, or standard - regardless of the institution or jurisdiction that uses or defines the extensions.  The use of extensions is what allows the FHIR specification to retain a core level of simplicity for everyone.","","","","","","","","",,,,,"","value:url}
","Extensions are always sliced by (at least) url",,"open","Element.extension",0,*,"","ele-1:All FHIR elements must have a @value or children {hasValue() or (children().count() > id.count())}
ext-1:Must have either extensions or value[x], not both {extension.exists() != value.exists()}"
"getlaboratoryorderoutcome.laboratoryOrderOutcome.body.referral.referralInformation.modifierExtension","getlaboratoryorderoutcome.laboratoryOrderOutcome.body.referral.referralInformation.modifierExtension","","extensions
user contentmodifiers","",0,*,"","Y","Y","Extension {[]} {[]}
","Extensions that cannot be ignored even if unrecognized","May be used to represent additional information that is not part of the basic definition of the element and that modifies the understanding of the element in which it is contained and/or the understanding of the containing element's descendants. Usually modifier elements provide negation or qualification. To make the use of extensions safe and manageable, there is a strict set of governance applied to the definition and use of extensions. Though any implementer can define an extension, there is a set of requirements that SHALL be met as part of the definition of the extension. Applications processing a resource are required to check for modifier extensions.

Modifier extensions SHALL NOT change the meaning of any elements on Resource or DomainResource (including cannot change the meaning of modifierExtension itself).","There can be no stigma associated with the use of extensions by any application, project, or standard - regardless of the institution or jurisdiction that uses or defines the extensions.  The use of extensions is what allows the FHIR specification to retain a core level of simplicity for everyone.","Modifier extensions allow for extensions that *cannot* be safely ignored to be clearly distinguished from the vast majority of extensions which can be safely ignored.  This promotes interoperability by eliminating the need for implementers to prohibit the presence of extensions. For further information, see the [definition of modifier extensions](http://hl7.org/fhir/R4/extensibility.html#modifierExtension).","","","","","","","",,,,,"",,,,"BackboneElement.modifierExtension",0,*,"","ele-1:All FHIR elements must have a @value or children {hasValue() or (children().count() > id.count())}
ext-1:Must have either extensions or value[x], not both {extension.exists() != value.exists()}"
"getlaboratoryorderoutcome.laboratoryOrderOutcome.body.referral.referralInformation.referralComment","getlaboratoryorderoutcome.laboratoryOrderOutcome.body.referral.referralInformation.referralComment","","","",0,1,"","","","string {[]} {[]}
","Remisskommentar","Remisskommentar","","","","","","","","","",,,,,"",,,,"getlaboratoryorderoutcome.laboratoryOrderOutcome.body.referral.referralInformation.referralComment",0,1,"",""
"getlaboratoryorderoutcome.laboratoryOrderOutcome.body.referral.referralInformation.referralMedicalInformation","getlaboratoryorderoutcome.laboratoryOrderOutcome.body.referral.referralInformation.referralMedicalInformation","","","",0,1,"","","","string {[]} {[]}
","Medicinsk remissinformation","Medicinsk remissinformation","","","","","","","","","",,,,,"",,,,"getlaboratoryorderoutcome.laboratoryOrderOutcome.body.referral.referralInformation.referralMedicalInformation",0,1,"",""
"getlaboratoryorderoutcome.laboratoryOrderOutcome.body.groupOfAnalyses","getlaboratoryorderoutcome.laboratoryOrderOutcome.body.groupOfAnalyses","","","",0,*,"","","","BackboneElement {[]} {[]}
","Analysgrupp (panel)","En grupp av relaterade analyser (t.ex. ett analyspaket). Kardinalitet: Valfri, lista.","","","","","","","","","",,,,,"",,,,"getlaboratoryorderoutcome.laboratoryOrderOutcome.body.groupOfAnalyses",0,*,"","ele-1:All FHIR elements must have a @value or children {hasValue() or (children().count() > id.count())}
"
"getlaboratoryorderoutcome.laboratoryOrderOutcome.body.groupOfAnalyses.id","getlaboratoryorderoutcome.laboratoryOrderOutcome.body.groupOfAnalyses.id","","","",0,1,"","","","string {[]} {[]}
","Unique id for inter-element referencing","Unique id for the element within a resource (for internal references). This may be any string value that does not contain spaces.","","","","","","","","","",,,,,"",,,,"Element.id",0,1,"",""
"getlaboratoryorderoutcome.laboratoryOrderOutcome.body.groupOfAnalyses.extension","getlaboratoryorderoutcome.laboratoryOrderOutcome.body.groupOfAnalyses.extension","","extensions
user content","",0,*,"","","","Extension {[]} {[]}
","Additional content defined by implementations","May be used to represent additional information that is not part of the basic definition of the element. To make the use of extensions safe and manageable, there is a strict set of governance  applied to the definition and use of extensions. Though any implementer can define an extension, there is a set of requirements that SHALL be met as part of the definition of the extension.","There can be no stigma associated with the use of extensions by any application, project, or standard - regardless of the institution or jurisdiction that uses or defines the extensions.  The use of extensions is what allows the FHIR specification to retain a core level of simplicity for everyone.","","","","","","","","",,,,,"","value:url}
","Extensions are always sliced by (at least) url",,"open","Element.extension",0,*,"","ele-1:All FHIR elements must have a @value or children {hasValue() or (children().count() > id.count())}
ext-1:Must have either extensions or value[x], not both {extension.exists() != value.exists()}"
"getlaboratoryorderoutcome.laboratoryOrderOutcome.body.groupOfAnalyses.modifierExtension","getlaboratoryorderoutcome.laboratoryOrderOutcome.body.groupOfAnalyses.modifierExtension","","extensions
user contentmodifiers","",0,*,"","Y","Y","Extension {[]} {[]}
","Extensions that cannot be ignored even if unrecognized","May be used to represent additional information that is not part of the basic definition of the element and that modifies the understanding of the element in which it is contained and/or the understanding of the containing element's descendants. Usually modifier elements provide negation or qualification. To make the use of extensions safe and manageable, there is a strict set of governance applied to the definition and use of extensions. Though any implementer can define an extension, there is a set of requirements that SHALL be met as part of the definition of the extension. Applications processing a resource are required to check for modifier extensions.

Modifier extensions SHALL NOT change the meaning of any elements on Resource or DomainResource (including cannot change the meaning of modifierExtension itself).","There can be no stigma associated with the use of extensions by any application, project, or standard - regardless of the institution or jurisdiction that uses or defines the extensions.  The use of extensions is what allows the FHIR specification to retain a core level of simplicity for everyone.","Modifier extensions allow for extensions that *cannot* be safely ignored to be clearly distinguished from the vast majority of extensions which can be safely ignored.  This promotes interoperability by eliminating the need for implementers to prohibit the presence of extensions. For further information, see the [definition of modifier extensions](http://hl7.org/fhir/R4/extensibility.html#modifierExtension).","","","","","","","",,,,,"",,,,"BackboneElement.modifierExtension",0,*,"","ele-1:All FHIR elements must have a @value or children {hasValue() or (children().count() > id.count())}
ext-1:Must have either extensions or value[x], not both {extension.exists() != value.exists()}"
"getlaboratoryorderoutcome.laboratoryOrderOutcome.body.groupOfAnalyses.name","getlaboratoryorderoutcome.laboratoryOrderOutcome.body.groupOfAnalyses.name","","","",0,1,"","","","string {[]} {[]}
","Gruppens namn","Gruppens namn","","","","","","","","","",,,,,"",,,,"getlaboratoryorderoutcome.laboratoryOrderOutcome.body.groupOfAnalyses.name",0,1,"",""
"getlaboratoryorderoutcome.laboratoryOrderOutcome.body.groupOfAnalyses.comment","getlaboratoryorderoutcome.laboratoryOrderOutcome.body.groupOfAnalyses.comment","","","",0,1,"","","","string {[]} {[]}
","Kommentar till gruppen","Kommentar till gruppen","","","","","","","","","",,,,,"",,,,"getlaboratoryorderoutcome.laboratoryOrderOutcome.body.groupOfAnalyses.comment",0,1,"",""
"getlaboratoryorderoutcome.laboratoryOrderOutcome.body.groupOfAnalyses.code","getlaboratoryorderoutcome.laboratoryOrderOutcome.body.groupOfAnalyses.code","","","",0,1,"","","","CodeableConcept {[]} {[]}
","Gruppens kod","Gruppens kod","","","","","","","","","",,,,,"",,,,"getlaboratoryorderoutcome.laboratoryOrderOutcome.body.groupOfAnalyses.code",0,1,"",""
"getlaboratoryorderoutcome.laboratoryOrderOutcome.body.groupOfAnalyses.analysis","getlaboratoryorderoutcome.laboratoryOrderOutcome.body.groupOfAnalyses.analysis","","","",1,*,"","","","BackboneElement {[]} {[]}
","Enskild analys","Enskild analys","","","","","","","","","",,,,,"",,,,"getlaboratoryorderoutcome.laboratoryOrderOutcome.body.groupOfAnalyses.analysis",1,*,"","ele-1:All FHIR elements must have a @value or children {hasValue() or (children().count() > id.count())}
"
"getlaboratoryorderoutcome.laboratoryOrderOutcome.body.groupOfAnalyses.analysis.id","getlaboratoryorderoutcome.laboratoryOrderOutcome.body.groupOfAnalyses.analysis.id","","","",0,1,"","","","string {[]} {[]}
","Unique id for inter-element referencing","Unique id for the element within a resource (for internal references). This may be any string value that does not contain spaces.","","","","","","","","","",,,,,"",,,,"Element.id",0,1,"",""
"getlaboratoryorderoutcome.laboratoryOrderOutcome.body.groupOfAnalyses.analysis.extension","getlaboratoryorderoutcome.laboratoryOrderOutcome.body.groupOfAnalyses.analysis.extension","","extensions
user content","",0,*,"","","","Extension {[]} {[]}
","Additional content defined by implementations","May be used to represent additional information that is not part of the basic definition of the element. To make the use of extensions safe and manageable, there is a strict set of governance  applied to the definition and use of extensions. Though any implementer can define an extension, there is a set of requirements that SHALL be met as part of the definition of the extension.","There can be no stigma associated with the use of extensions by any application, project, or standard - regardless of the institution or jurisdiction that uses or defines the extensions.  The use of extensions is what allows the FHIR specification to retain a core level of simplicity for everyone.","","","","","","","","",,,,,"","value:url}
","Extensions are always sliced by (at least) url",,"open","Element.extension",0,*,"","ele-1:All FHIR elements must have a @value or children {hasValue() or (children().count() > id.count())}
ext-1:Must have either extensions or value[x], not both {extension.exists() != value.exists()}"
"getlaboratoryorderoutcome.laboratoryOrderOutcome.body.groupOfAnalyses.analysis.modifierExtension","getlaboratoryorderoutcome.laboratoryOrderOutcome.body.groupOfAnalyses.analysis.modifierExtension","","extensions
user contentmodifiers","",0,*,"","Y","Y","Extension {[]} {[]}
","Extensions that cannot be ignored even if unrecognized","May be used to represent additional information that is not part of the basic definition of the element and that modifies the understanding of the element in which it is contained and/or the understanding of the containing element's descendants. Usually modifier elements provide negation or qualification. To make the use of extensions safe and manageable, there is a strict set of governance applied to the definition and use of extensions. Though any implementer can define an extension, there is a set of requirements that SHALL be met as part of the definition of the extension. Applications processing a resource are required to check for modifier extensions.

Modifier extensions SHALL NOT change the meaning of any elements on Resource or DomainResource (including cannot change the meaning of modifierExtension itself).","There can be no stigma associated with the use of extensions by any application, project, or standard - regardless of the institution or jurisdiction that uses or defines the extensions.  The use of extensions is what allows the FHIR specification to retain a core level of simplicity for everyone.","Modifier extensions allow for extensions that *cannot* be safely ignored to be clearly distinguished from the vast majority of extensions which can be safely ignored.  This promotes interoperability by eliminating the need for implementers to prohibit the presence of extensions. For further information, see the [definition of modifier extensions](http://hl7.org/fhir/R4/extensibility.html#modifierExtension).","","","","","","","",,,,,"",,,,"BackboneElement.modifierExtension",0,*,"","ele-1:All FHIR elements must have a @value or children {hasValue() or (children().count() > id.count())}
ext-1:Must have either extensions or value[x], not both {extension.exists() != value.exists()}"
"getlaboratoryorderoutcome.laboratoryOrderOutcome.body.groupOfAnalyses.analysis.identifier","getlaboratoryorderoutcome.laboratoryOrderOutcome.body.groupOfAnalyses.analysis.identifier","","","",0,1,"","","","Identifier {[]} {[]}
","Analysens id","Analysens id","","","","","","","","","",,,,,"",,,,"getlaboratoryorderoutcome.laboratoryOrderOutcome.body.groupOfAnalyses.analysis.identifier",0,1,"",""
"getlaboratoryorderoutcome.laboratoryOrderOutcome.body.groupOfAnalyses.analysis.timestamp","getlaboratoryorderoutcome.laboratoryOrderOutcome.body.groupOfAnalyses.analysis.timestamp","","","",0,1,"","","","instant {[]} {[]}
","Tidpunkt för analysen","Tidpunkt för analysen","","","","","","","","","",,,,,"",,,,"getlaboratoryorderoutcome.laboratoryOrderOutcome.body.groupOfAnalyses.analysis.timestamp",0,1,"",""
"getlaboratoryorderoutcome.laboratoryOrderOutcome.body.groupOfAnalyses.analysis.code","getlaboratoryorderoutcome.laboratoryOrderOutcome.body.groupOfAnalyses.analysis.code","","","",1,1,"","","","CodeableConcept {[]} {[]}
","Analysens kod (t.ex. NPU)","Analysens kod (t.ex. NPU)","","","","","","","","","",,,,,"",,,,"getlaboratoryorderoutcome.laboratoryOrderOutcome.body.groupOfAnalyses.analysis.code",1,1,"",""
"getlaboratoryorderoutcome.laboratoryOrderOutcome.body.groupOfAnalyses.analysis.method","getlaboratoryorderoutcome.laboratoryOrderOutcome.body.groupOfAnalyses.analysis.method","","","",0,1,"","","","CodeableConcept {[]} {[]}
","Analysmetod","Analysmetod","","","","","","","","","",,,,,"",,,,"getlaboratoryorderoutcome.laboratoryOrderOutcome.body.groupOfAnalyses.analysis.method",0,1,"",""
"getlaboratoryorderoutcome.laboratoryOrderOutcome.body.groupOfAnalyses.analysis.status","getlaboratoryorderoutcome.laboratoryOrderOutcome.body.groupOfAnalyses.analysis.status","","","",0,1,"","","","CodeableConcept {[]} {[]}
","Analysstatus","Analysstatus","","","","","","","","","",,,,,"",,,,"getlaboratoryorderoutcome.laboratoryOrderOutcome.body.groupOfAnalyses.analysis.status",0,1,"",""
"getlaboratoryorderoutcome.laboratoryOrderOutcome.body.groupOfAnalyses.analysis.comment","getlaboratoryorderoutcome.laboratoryOrderOutcome.body.groupOfAnalyses.analysis.comment","","","",0,1,"","","","string {[]} {[]}
","Kommentar till analysen","Kommentar till analysen","","","","","","","","","",,,,,"",,,,"getlaboratoryorderoutcome.laboratoryOrderOutcome.body.groupOfAnalyses.analysis.comment",0,1,"",""
"getlaboratoryorderoutcome.laboratoryOrderOutcome.body.groupOfAnalyses.analysis.accredited","getlaboratoryorderoutcome.laboratoryOrderOutcome.body.groupOfAnalyses.analysis.accredited","","","",0,1,"","","","boolean {[]} {[]}
","Ackrediterad analys","Ackrediterad analys","","","","","","","","","",,,,,"",,,,"getlaboratoryorderoutcome.laboratoryOrderOutcome.body.groupOfAnalyses.analysis.accredited",0,1,"",""
"getlaboratoryorderoutcome.laboratoryOrderOutcome.body.groupOfAnalyses.analysis.specimen","getlaboratoryorderoutcome.laboratoryOrderOutcome.body.groupOfAnalyses.analysis.specimen","","","",0,*,"","","","BackboneElement {[]} {[]}
","Prov","Prov","","","","","","","","","",,,,,"",,,,"getlaboratoryorderoutcome.laboratoryOrderOutcome.body.groupOfAnalyses.analysis.specimen",0,*,"","ele-1:All FHIR elements must have a @value or children {hasValue() or (children().count() > id.count())}
"
"getlaboratoryorderoutcome.laboratoryOrderOutcome.body.groupOfAnalyses.analysis.specimen.id","getlaboratoryorderoutcome.laboratoryOrderOutcome.body.groupOfAnalyses.analysis.specimen.id","","","",0,1,"","","","string {[]} {[]}
","Unique id for inter-element referencing","Unique id for the element within a resource (for internal references). This may be any string value that does not contain spaces.","","","","","","","","","",,,,,"",,,,"Element.id",0,1,"",""
"getlaboratoryorderoutcome.laboratoryOrderOutcome.body.groupOfAnalyses.analysis.specimen.extension","getlaboratoryorderoutcome.laboratoryOrderOutcome.body.groupOfAnalyses.analysis.specimen.extension","","extensions
user content","",0,*,"","","","Extension {[]} {[]}
","Additional content defined by implementations","May be used to represent additional information that is not part of the basic definition of the element. To make the use of extensions safe and manageable, there is a strict set of governance  applied to the definition and use of extensions. Though any implementer can define an extension, there is a set of requirements that SHALL be met as part of the definition of the extension.","There can be no stigma associated with the use of extensions by any application, project, or standard - regardless of the institution or jurisdiction that uses or defines the extensions.  The use of extensions is what allows the FHIR specification to retain a core level of simplicity for everyone.","","","","","","","","",,,,,"","value:url}
","Extensions are always sliced by (at least) url",,"open","Element.extension",0,*,"","ele-1:All FHIR elements must have a @value or children {hasValue() or (children().count() > id.count())}
ext-1:Must have either extensions or value[x], not both {extension.exists() != value.exists()}"
"getlaboratoryorderoutcome.laboratoryOrderOutcome.body.groupOfAnalyses.analysis.specimen.modifierExtension","getlaboratoryorderoutcome.laboratoryOrderOutcome.body.groupOfAnalyses.analysis.specimen.modifierExtension","","extensions
user contentmodifiers","",0,*,"","Y","Y","Extension {[]} {[]}
","Extensions that cannot be ignored even if unrecognized","May be used to represent additional information that is not part of the basic definition of the element and that modifies the understanding of the element in which it is contained and/or the understanding of the containing element's descendants. Usually modifier elements provide negation or qualification. To make the use of extensions safe and manageable, there is a strict set of governance applied to the definition and use of extensions. Though any implementer can define an extension, there is a set of requirements that SHALL be met as part of the definition of the extension. Applications processing a resource are required to check for modifier extensions.

Modifier extensions SHALL NOT change the meaning of any elements on Resource or DomainResource (including cannot change the meaning of modifierExtension itself).","There can be no stigma associated with the use of extensions by any application, project, or standard - regardless of the institution or jurisdiction that uses or defines the extensions.  The use of extensions is what allows the FHIR specification to retain a core level of simplicity for everyone.","Modifier extensions allow for extensions that *cannot* be safely ignored to be clearly distinguished from the vast majority of extensions which can be safely ignored.  This promotes interoperability by eliminating the need for implementers to prohibit the presence of extensions. For further information, see the [definition of modifier extensions](http://hl7.org/fhir/R4/extensibility.html#modifierExtension).","","","","","","","",,,,,"",,,,"BackboneElement.modifierExtension",0,*,"","ele-1:All FHIR elements must have a @value or children {hasValue() or (children().count() > id.count())}
ext-1:Must have either extensions or value[x], not both {extension.exists() != value.exists()}"
"getlaboratoryorderoutcome.laboratoryOrderOutcome.body.groupOfAnalyses.analysis.specimen.identifier","getlaboratoryorderoutcome.laboratoryOrderOutcome.body.groupOfAnalyses.analysis.specimen.identifier","","","",0,1,"","","","Identifier {[]} {[]}
","Provnummer","Provnummer","","","","","","","","","",,,,,"",,,,"getlaboratoryorderoutcome.laboratoryOrderOutcome.body.groupOfAnalyses.analysis.specimen.identifier",0,1,"",""
"getlaboratoryorderoutcome.laboratoryOrderOutcome.body.groupOfAnalyses.analysis.specimen.material","getlaboratoryorderoutcome.laboratoryOrderOutcome.body.groupOfAnalyses.analysis.specimen.material","","","",0,1,"","","","CodeableConcept {[]} {[]}
","Provmaterial","Provmaterial","","","","","","","","","",,,,,"",,,,"getlaboratoryorderoutcome.laboratoryOrderOutcome.body.groupOfAnalyses.analysis.specimen.material",0,1,"",""
"getlaboratoryorderoutcome.laboratoryOrderOutcome.body.groupOfAnalyses.analysis.specimen.timestamp","getlaboratoryorderoutcome.laboratoryOrderOutcome.body.groupOfAnalyses.analysis.specimen.timestamp","","","",1,1,"","","","instant {[]} {[]}
","Provtagningstidpunkt","Provtagningstidpunkt","","","","","","","","","",,,,,"",,,,"getlaboratoryorderoutcome.laboratoryOrderOutcome.body.groupOfAnalyses.analysis.specimen.timestamp",1,1,"",""
"getlaboratoryorderoutcome.laboratoryOrderOutcome.body.groupOfAnalyses.analysis.specimen.anatomicalLocation","getlaboratoryorderoutcome.laboratoryOrderOutcome.body.groupOfAnalyses.analysis.specimen.anatomicalLocation","","","",0,1,"","","","CodeableConcept {[]} {[]}
","Anatomisk plats","Anatomisk plats","","","","","","","","","",,,,,"",,,,"getlaboratoryorderoutcome.laboratoryOrderOutcome.body.groupOfAnalyses.analysis.specimen.anatomicalLocation",0,1,"",""
"getlaboratoryorderoutcome.laboratoryOrderOutcome.body.groupOfAnalyses.analysis.specimen.comment","getlaboratoryorderoutcome.laboratoryOrderOutcome.body.groupOfAnalyses.analysis.specimen.comment","","","",0,1,"","","","string {[]} {[]}
","Kommentar om provet","Kommentar om provet","","","","","","","","","",,,,,"",,,,"getlaboratoryorderoutcome.laboratoryOrderOutcome.body.groupOfAnalyses.analysis.specimen.comment",0,1,"",""
"getlaboratoryorderoutcome.laboratoryOrderOutcome.body.groupOfAnalyses.analysis.specimen.activity","getlaboratoryorderoutcome.laboratoryOrderOutcome.body.groupOfAnalyses.analysis.specimen.activity","","","",0,*,"","","","BackboneElement {[]} {[]}
","Provrelaterad aktivitet","Provrelaterad aktivitet","","","","","","","","","",,,,,"",,,,"getlaboratoryorderoutcome.laboratoryOrderOutcome.body.groupOfAnalyses.analysis.specimen.activity",0,*,"","ele-1:All FHIR elements must have a @value or children {hasValue() or (children().count() > id.count())}
"
"getlaboratoryorderoutcome.laboratoryOrderOutcome.body.groupOfAnalyses.analysis.specimen.activity.id","getlaboratoryorderoutcome.laboratoryOrderOutcome.body.groupOfAnalyses.analysis.specimen.activity.id","","","",0,1,"","","","string {[]} {[]}
","Unique id for inter-element referencing","Unique id for the element within a resource (for internal references). This may be any string value that does not contain spaces.","","","","","","","","","",,,,,"",,,,"Element.id",0,1,"",""
"getlaboratoryorderoutcome.laboratoryOrderOutcome.body.groupOfAnalyses.analysis.specimen.activity.extension","getlaboratoryorderoutcome.laboratoryOrderOutcome.body.groupOfAnalyses.analysis.specimen.activity.extension","","extensions
user content","",0,*,"","","","Extension {[]} {[]}
","Additional content defined by implementations","May be used to represent additional information that is not part of the basic definition of the element. To make the use of extensions safe and manageable, there is a strict set of governance  applied to the definition and use of extensions. Though any implementer can define an extension, there is a set of requirements that SHALL be met as part of the definition of the extension.","There can be no stigma associated with the use of extensions by any application, project, or standard - regardless of the institution or jurisdiction that uses or defines the extensions.  The use of extensions is what allows the FHIR specification to retain a core level of simplicity for everyone.","","","","","","","","",,,,,"","value:url}
","Extensions are always sliced by (at least) url",,"open","Element.extension",0,*,"","ele-1:All FHIR elements must have a @value or children {hasValue() or (children().count() > id.count())}
ext-1:Must have either extensions or value[x], not both {extension.exists() != value.exists()}"
"getlaboratoryorderoutcome.laboratoryOrderOutcome.body.groupOfAnalyses.analysis.specimen.activity.modifierExtension","getlaboratoryorderoutcome.laboratoryOrderOutcome.body.groupOfAnalyses.analysis.specimen.activity.modifierExtension","","extensions
user contentmodifiers","",0,*,"","Y","Y","Extension {[]} {[]}
","Extensions that cannot be ignored even if unrecognized","May be used to represent additional information that is not part of the basic definition of the element and that modifies the understanding of the element in which it is contained and/or the understanding of the containing element's descendants. Usually modifier elements provide negation or qualification. To make the use of extensions safe and manageable, there is a strict set of governance applied to the definition and use of extensions. Though any implementer can define an extension, there is a set of requirements that SHALL be met as part of the definition of the extension. Applications processing a resource are required to check for modifier extensions.

Modifier extensions SHALL NOT change the meaning of any elements on Resource or DomainResource (including cannot change the meaning of modifierExtension itself).","There can be no stigma associated with the use of extensions by any application, project, or standard - regardless of the institution or jurisdiction that uses or defines the extensions.  The use of extensions is what allows the FHIR specification to retain a core level of simplicity for everyone.","Modifier extensions allow for extensions that *cannot* be safely ignored to be clearly distinguished from the vast majority of extensions which can be safely ignored.  This promotes interoperability by eliminating the need for implementers to prohibit the presence of extensions. For further information, see the [definition of modifier extensions](http://hl7.org/fhir/R4/extensibility.html#modifierExtension).","","","","","","","",,,,,"",,,,"BackboneElement.modifierExtension",0,*,"","ele-1:All FHIR elements must have a @value or children {hasValue() or (children().count() > id.count())}
ext-1:Must have either extensions or value[x], not both {extension.exists() != value.exists()}"
"getlaboratoryorderoutcome.laboratoryOrderOutcome.body.groupOfAnalyses.analysis.specimen.activity.code","getlaboratoryorderoutcome.laboratoryOrderOutcome.body.groupOfAnalyses.analysis.specimen.activity.code","","","",1,1,"","","","CodeableConcept {[]} {[]}
","Aktivitetskod","Aktivitetskod","","","","","","","","","",,,,,"",,,,"getlaboratoryorderoutcome.laboratoryOrderOutcome.body.groupOfAnalyses.analysis.specimen.activity.code",1,1,"",""
"getlaboratoryorderoutcome.laboratoryOrderOutcome.body.groupOfAnalyses.analysis.specimen.activity.time","getlaboratoryorderoutcome.laboratoryOrderOutcome.body.groupOfAnalyses.analysis.specimen.activity.time","","","",1,1,"","","","Period {[]} {[]}
","Aktivitetens tidsperiod","Aktivitetens tidsperiod","","","","","","","","","",,,,,"",,,,"getlaboratoryorderoutcome.laboratoryOrderOutcome.body.groupOfAnalyses.analysis.specimen.activity.time",1,1,"",""
"getlaboratoryorderoutcome.laboratoryOrderOutcome.body.groupOfAnalyses.analysis.specimen.activity.method","getlaboratoryorderoutcome.laboratoryOrderOutcome.body.groupOfAnalyses.analysis.specimen.activity.method","","","",0,1,"","","","CodeableConcept {[]} {[]}
","Aktivitetsmetod","Aktivitetsmetod","","","","","","","","","",,,,,"",,,,"getlaboratoryorderoutcome.laboratoryOrderOutcome.body.groupOfAnalyses.analysis.specimen.activity.method",0,1,"",""
"getlaboratoryorderoutcome.laboratoryOrderOutcome.body.groupOfAnalyses.analysis.specimen.container","getlaboratoryorderoutcome.laboratoryOrderOutcome.body.groupOfAnalyses.analysis.specimen.container","","","",0,*,"","","","BackboneElement {[]} {[]}
","Provbehållare","Provbehållare","","","","","","","","","",,,,,"",,,,"getlaboratoryorderoutcome.laboratoryOrderOutcome.body.groupOfAnalyses.analysis.specimen.container",0,*,"","ele-1:All FHIR elements must have a @value or children {hasValue() or (children().count() > id.count())}
"
"getlaboratoryorderoutcome.laboratoryOrderOutcome.body.groupOfAnalyses.analysis.specimen.container.id","getlaboratoryorderoutcome.laboratoryOrderOutcome.body.groupOfAnalyses.analysis.specimen.container.id","","","",0,1,"","","","string {[]} {[]}
","Unique id for inter-element referencing","Unique id for the element within a resource (for internal references). This may be any string value that does not contain spaces.","","","","","","","","","",,,,,"",,,,"Element.id",0,1,"",""
"getlaboratoryorderoutcome.laboratoryOrderOutcome.body.groupOfAnalyses.analysis.specimen.container.extension","getlaboratoryorderoutcome.laboratoryOrderOutcome.body.groupOfAnalyses.analysis.specimen.container.extension","","extensions
user content","",0,*,"","","","Extension {[]} {[]}
","Additional content defined by implementations","May be used to represent additional information that is not part of the basic definition of the element. To make the use of extensions safe and manageable, there is a strict set of governance  applied to the definition and use of extensions. Though any implementer can define an extension, there is a set of requirements that SHALL be met as part of the definition of the extension.","There can be no stigma associated with the use of extensions by any application, project, or standard - regardless of the institution or jurisdiction that uses or defines the extensions.  The use of extensions is what allows the FHIR specification to retain a core level of simplicity for everyone.","","","","","","","","",,,,,"","value:url}
","Extensions are always sliced by (at least) url",,"open","Element.extension",0,*,"","ele-1:All FHIR elements must have a @value or children {hasValue() or (children().count() > id.count())}
ext-1:Must have either extensions or value[x], not both {extension.exists() != value.exists()}"
"getlaboratoryorderoutcome.laboratoryOrderOutcome.body.groupOfAnalyses.analysis.specimen.container.modifierExtension","getlaboratoryorderoutcome.laboratoryOrderOutcome.body.groupOfAnalyses.analysis.specimen.container.modifierExtension","","extensions
user contentmodifiers","",0,*,"","Y","Y","Extension {[]} {[]}
","Extensions that cannot be ignored even if unrecognized","May be used to represent additional information that is not part of the basic definition of the element and that modifies the understanding of the element in which it is contained and/or the understanding of the containing element's descendants. Usually modifier elements provide negation or qualification. To make the use of extensions safe and manageable, there is a strict set of governance applied to the definition and use of extensions. Though any implementer can define an extension, there is a set of requirements that SHALL be met as part of the definition of the extension. Applications processing a resource are required to check for modifier extensions.

Modifier extensions SHALL NOT change the meaning of any elements on Resource or DomainResource (including cannot change the meaning of modifierExtension itself).","There can be no stigma associated with the use of extensions by any application, project, or standard - regardless of the institution or jurisdiction that uses or defines the extensions.  The use of extensions is what allows the FHIR specification to retain a core level of simplicity for everyone.","Modifier extensions allow for extensions that *cannot* be safely ignored to be clearly distinguished from the vast majority of extensions which can be safely ignored.  This promotes interoperability by eliminating the need for implementers to prohibit the presence of extensions. For further information, see the [definition of modifier extensions](http://hl7.org/fhir/R4/extensibility.html#modifierExtension).","","","","","","","",,,,,"",,,,"BackboneElement.modifierExtension",0,*,"","ele-1:All FHIR elements must have a @value or children {hasValue() or (children().count() > id.count())}
ext-1:Must have either extensions or value[x], not both {extension.exists() != value.exists()}"
"getlaboratoryorderoutcome.laboratoryOrderOutcome.body.groupOfAnalyses.analysis.specimen.container.identifier","getlaboratoryorderoutcome.laboratoryOrderOutcome.body.groupOfAnalyses.analysis.specimen.container.identifier","","","",0,*,"","","","Identifier {[]} {[]}
","Behållarens id","Behållarens id","","","","","","","","","",,,,,"",,,,"getlaboratoryorderoutcome.laboratoryOrderOutcome.body.groupOfAnalyses.analysis.specimen.container.identifier",0,*,"",""
"getlaboratoryorderoutcome.laboratoryOrderOutcome.body.groupOfAnalyses.analysis.specimen.container.type","getlaboratoryorderoutcome.laboratoryOrderOutcome.body.groupOfAnalyses.analysis.specimen.container.type","","","",1,1,"","","","CodeableConcept {[]} {[]}
","Behållartyp","Behållartyp","","","","","","","","","",,,,,"",,,,"getlaboratoryorderoutcome.laboratoryOrderOutcome.body.groupOfAnalyses.analysis.specimen.container.type",1,1,"",""
"getlaboratoryorderoutcome.laboratoryOrderOutcome.body.groupOfAnalyses.analysis.device","getlaboratoryorderoutcome.laboratoryOrderOutcome.body.groupOfAnalyses.analysis.device","","","",0,*,"","","","BackboneElement {[]} {[]}
","Mätinstrument","Mätinstrument","","","","","","","","","",,,,,"",,,,"getlaboratoryorderoutcome.laboratoryOrderOutcome.body.groupOfAnalyses.analysis.device",0,*,"","ele-1:All FHIR elements must have a @value or children {hasValue() or (children().count() > id.count())}
"
"getlaboratoryorderoutcome.laboratoryOrderOutcome.body.groupOfAnalyses.analysis.device.id","getlaboratoryorderoutcome.laboratoryOrderOutcome.body.groupOfAnalyses.analysis.device.id","","","",0,1,"","","","string {[]} {[]}
","Unique id for inter-element referencing","Unique id for the element within a resource (for internal references). This may be any string value that does not contain spaces.","","","","","","","","","",,,,,"",,,,"Element.id",0,1,"",""
"getlaboratoryorderoutcome.laboratoryOrderOutcome.body.groupOfAnalyses.analysis.device.extension","getlaboratoryorderoutcome.laboratoryOrderOutcome.body.groupOfAnalyses.analysis.device.extension","","extensions
user content","",0,*,"","","","Extension {[]} {[]}
","Additional content defined by implementations","May be used to represent additional information that is not part of the basic definition of the element. To make the use of extensions safe and manageable, there is a strict set of governance  applied to the definition and use of extensions. Though any implementer can define an extension, there is a set of requirements that SHALL be met as part of the definition of the extension.","There can be no stigma associated with the use of extensions by any application, project, or standard - regardless of the institution or jurisdiction that uses or defines the extensions.  The use of extensions is what allows the FHIR specification to retain a core level of simplicity for everyone.","","","","","","","","",,,,,"","value:url}
","Extensions are always sliced by (at least) url",,"open","Element.extension",0,*,"","ele-1:All FHIR elements must have a @value or children {hasValue() or (children().count() > id.count())}
ext-1:Must have either extensions or value[x], not both {extension.exists() != value.exists()}"
"getlaboratoryorderoutcome.laboratoryOrderOutcome.body.groupOfAnalyses.analysis.device.modifierExtension","getlaboratoryorderoutcome.laboratoryOrderOutcome.body.groupOfAnalyses.analysis.device.modifierExtension","","extensions
user contentmodifiers","",0,*,"","Y","Y","Extension {[]} {[]}
","Extensions that cannot be ignored even if unrecognized","May be used to represent additional information that is not part of the basic definition of the element and that modifies the understanding of the element in which it is contained and/or the understanding of the containing element's descendants. Usually modifier elements provide negation or qualification. To make the use of extensions safe and manageable, there is a strict set of governance applied to the definition and use of extensions. Though any implementer can define an extension, there is a set of requirements that SHALL be met as part of the definition of the extension. Applications processing a resource are required to check for modifier extensions.

Modifier extensions SHALL NOT change the meaning of any elements on Resource or DomainResource (including cannot change the meaning of modifierExtension itself).","There can be no stigma associated with the use of extensions by any application, project, or standard - regardless of the institution or jurisdiction that uses or defines the extensions.  The use of extensions is what allows the FHIR specification to retain a core level of simplicity for everyone.","Modifier extensions allow for extensions that *cannot* be safely ignored to be clearly distinguished from the vast majority of extensions which can be safely ignored.  This promotes interoperability by eliminating the need for implementers to prohibit the presence of extensions. For further information, see the [definition of modifier extensions](http://hl7.org/fhir/R4/extensibility.html#modifierExtension).","","","","","","","",,,,,"",,,,"BackboneElement.modifierExtension",0,*,"","ele-1:All FHIR elements must have a @value or children {hasValue() or (children().count() > id.count())}
ext-1:Must have either extensions or value[x], not both {extension.exists() != value.exists()}"
"getlaboratoryorderoutcome.laboratoryOrderOutcome.body.groupOfAnalyses.analysis.device.identifier","getlaboratoryorderoutcome.laboratoryOrderOutcome.body.groupOfAnalyses.analysis.device.identifier","","","",1,1,"","","","Identifier {[]} {[]}
","Instrumentets id","Instrumentets id","","","","","","","","","",,,,,"",,,,"getlaboratoryorderoutcome.laboratoryOrderOutcome.body.groupOfAnalyses.analysis.device.identifier",1,1,"",""
"getlaboratoryorderoutcome.laboratoryOrderOutcome.body.groupOfAnalyses.analysis.result","getlaboratoryorderoutcome.laboratoryOrderOutcome.body.groupOfAnalyses.analysis.result","","","",0,*,"","","","BackboneElement {[]} {[]}
","Analysresultat","Analysresultat","","","","","","","","","",,,,,"",,,,"getlaboratoryorderoutcome.laboratoryOrderOutcome.body.groupOfAnalyses.analysis.result",0,*,"","ele-1:All FHIR elements must have a @value or children {hasValue() or (children().count() > id.count())}
"
"getlaboratoryorderoutcome.laboratoryOrderOutcome.body.groupOfAnalyses.analysis.result.id","getlaboratoryorderoutcome.laboratoryOrderOutcome.body.groupOfAnalyses.analysis.result.id","","","",0,1,"","","","string {[]} {[]}
","Unique id for inter-element referencing","Unique id for the element within a resource (for internal references). This may be any string value that does not contain spaces.","","","","","","","","","",,,,,"",,,,"Element.id",0,1,"",""
"getlaboratoryorderoutcome.laboratoryOrderOutcome.body.groupOfAnalyses.analysis.result.extension","getlaboratoryorderoutcome.laboratoryOrderOutcome.body.groupOfAnalyses.analysis.result.extension","","extensions
user content","",0,*,"","","","Extension {[]} {[]}
","Additional content defined by implementations","May be used to represent additional information that is not part of the basic definition of the element. To make the use of extensions safe and manageable, there is a strict set of governance  applied to the definition and use of extensions. Though any implementer can define an extension, there is a set of requirements that SHALL be met as part of the definition of the extension.","There can be no stigma associated with the use of extensions by any application, project, or standard - regardless of the institution or jurisdiction that uses or defines the extensions.  The use of extensions is what allows the FHIR specification to retain a core level of simplicity for everyone.","","","","","","","","",,,,,"","value:url}
","Extensions are always sliced by (at least) url",,"open","Element.extension",0,*,"","ele-1:All FHIR elements must have a @value or children {hasValue() or (children().count() > id.count())}
ext-1:Must have either extensions or value[x], not both {extension.exists() != value.exists()}"
"getlaboratoryorderoutcome.laboratoryOrderOutcome.body.groupOfAnalyses.analysis.result.modifierExtension","getlaboratoryorderoutcome.laboratoryOrderOutcome.body.groupOfAnalyses.analysis.result.modifierExtension","","extensions
user contentmodifiers","",0,*,"","Y","Y","Extension {[]} {[]}
","Extensions that cannot be ignored even if unrecognized","May be used to represent additional information that is not part of the basic definition of the element and that modifies the understanding of the element in which it is contained and/or the understanding of the containing element's descendants. Usually modifier elements provide negation or qualification. To make the use of extensions safe and manageable, there is a strict set of governance applied to the definition and use of extensions. Though any implementer can define an extension, there is a set of requirements that SHALL be met as part of the definition of the extension. Applications processing a resource are required to check for modifier extensions.

Modifier extensions SHALL NOT change the meaning of any elements on Resource or DomainResource (including cannot change the meaning of modifierExtension itself).","There can be no stigma associated with the use of extensions by any application, project, or standard - regardless of the institution or jurisdiction that uses or defines the extensions.  The use of extensions is what allows the FHIR specification to retain a core level of simplicity for everyone.","Modifier extensions allow for extensions that *cannot* be safely ignored to be clearly distinguished from the vast majority of extensions which can be safely ignored.  This promotes interoperability by eliminating the need for implementers to prohibit the presence of extensions. For further information, see the [definition of modifier extensions](http://hl7.org/fhir/R4/extensibility.html#modifierExtension).","","","","","","","",,,,,"",,,,"BackboneElement.modifierExtension",0,*,"","ele-1:All FHIR elements must have a @value or children {hasValue() or (children().count() > id.count())}
ext-1:Must have either extensions or value[x], not both {extension.exists() != value.exists()}"
"getlaboratoryorderoutcome.laboratoryOrderOutcome.body.groupOfAnalyses.analysis.result.type","getlaboratoryorderoutcome.laboratoryOrderOutcome.body.groupOfAnalyses.analysis.result.type","","","",0,1,"","","","CodeableConcept {[]} {[]}
","Resultattyp","Resultattyp","","","","","","","","","",,,,,"",,,,"getlaboratoryorderoutcome.laboratoryOrderOutcome.body.groupOfAnalyses.analysis.result.type",0,1,"",""
"getlaboratoryorderoutcome.laboratoryOrderOutcome.body.groupOfAnalyses.analysis.result.value","getlaboratoryorderoutcome.laboratoryOrderOutcome.body.groupOfAnalyses.analysis.result.value","","","",1,1,"","","","string {[]} {[]}
","Resultatvärde (AnyValueType — se anmärkning)","ASSUME-001: AnyValueType kan innehålla PQ, string, boolean eller kodad typ.
Modellerad som string i avvaktan på mappningsverifiering. Se QUESTIONS.md.","","","","","","","","","",,,,,"",,,,"getlaboratoryorderoutcome.laboratoryOrderOutcome.body.groupOfAnalyses.analysis.result.value",1,1,"",""
"getlaboratoryorderoutcome.laboratoryOrderOutcome.body.groupOfAnalyses.analysis.result.comment","getlaboratoryorderoutcome.laboratoryOrderOutcome.body.groupOfAnalyses.analysis.result.comment","","","",0,1,"","","","string {[]} {[]}
","Kommentar till resultatet","Kommentar till resultatet","","","","","","","","","",,,,,"",,,,"getlaboratoryorderoutcome.laboratoryOrderOutcome.body.groupOfAnalyses.analysis.result.comment",0,1,"",""
"getlaboratoryorderoutcome.laboratoryOrderOutcome.body.groupOfAnalyses.analysis.result.interpretation","getlaboratoryorderoutcome.laboratoryOrderOutcome.body.groupOfAnalyses.analysis.result.interpretation","","","",0,*,"","","","CodeableConcept {[]} {[]}
","Tolkning av resultatet","Tolkning av resultatet","","","","","","","","","",,,,,"",,,,"getlaboratoryorderoutcome.laboratoryOrderOutcome.body.groupOfAnalyses.analysis.result.interpretation",0,*,"",""
"getlaboratoryorderoutcome.laboratoryOrderOutcome.body.groupOfAnalyses.analysis.result.reference","getlaboratoryorderoutcome.laboratoryOrderOutcome.body.groupOfAnalyses.analysis.result.reference","","","",0,1,"","","","BackboneElement {[]} {[]}
","Referensintervall","Referensintervall","","","","","","","","","",,,,,"",,,,"getlaboratoryorderoutcome.laboratoryOrderOutcome.body.groupOfAnalyses.analysis.result.reference",0,1,"","ele-1:All FHIR elements must have a @value or children {hasValue() or (children().count() > id.count())}
"
"getlaboratoryorderoutcome.laboratoryOrderOutcome.body.groupOfAnalyses.analysis.result.reference.id","getlaboratoryorderoutcome.laboratoryOrderOutcome.body.groupOfAnalyses.analysis.result.reference.id","","","",0,1,"","","","string {[]} {[]}
","Unique id for inter-element referencing","Unique id for the element within a resource (for internal references). This may be any string value that does not contain spaces.","","","","","","","","","",,,,,"",,,,"Element.id",0,1,"",""
"getlaboratoryorderoutcome.laboratoryOrderOutcome.body.groupOfAnalyses.analysis.result.reference.extension","getlaboratoryorderoutcome.laboratoryOrderOutcome.body.groupOfAnalyses.analysis.result.reference.extension","","extensions
user content","",0,*,"","","","Extension {[]} {[]}
","Additional content defined by implementations","May be used to represent additional information that is not part of the basic definition of the element. To make the use of extensions safe and manageable, there is a strict set of governance  applied to the definition and use of extensions. Though any implementer can define an extension, there is a set of requirements that SHALL be met as part of the definition of the extension.","There can be no stigma associated with the use of extensions by any application, project, or standard - regardless of the institution or jurisdiction that uses or defines the extensions.  The use of extensions is what allows the FHIR specification to retain a core level of simplicity for everyone.","","","","","","","","",,,,,"","value:url}
","Extensions are always sliced by (at least) url",,"open","Element.extension",0,*,"","ele-1:All FHIR elements must have a @value or children {hasValue() or (children().count() > id.count())}
ext-1:Must have either extensions or value[x], not both {extension.exists() != value.exists()}"
"getlaboratoryorderoutcome.laboratoryOrderOutcome.body.groupOfAnalyses.analysis.result.reference.modifierExtension","getlaboratoryorderoutcome.laboratoryOrderOutcome.body.groupOfAnalyses.analysis.result.reference.modifierExtension","","extensions
user contentmodifiers","",0,*,"","Y","Y","Extension {[]} {[]}
","Extensions that cannot be ignored even if unrecognized","May be used to represent additional information that is not part of the basic definition of the element and that modifies the understanding of the element in which it is contained and/or the understanding of the containing element's descendants. Usually modifier elements provide negation or qualification. To make the use of extensions safe and manageable, there is a strict set of governance applied to the definition and use of extensions. Though any implementer can define an extension, there is a set of requirements that SHALL be met as part of the definition of the extension. Applications processing a resource are required to check for modifier extensions.

Modifier extensions SHALL NOT change the meaning of any elements on Resource or DomainResource (including cannot change the meaning of modifierExtension itself).","There can be no stigma associated with the use of extensions by any application, project, or standard - regardless of the institution or jurisdiction that uses or defines the extensions.  The use of extensions is what allows the FHIR specification to retain a core level of simplicity for everyone.","Modifier extensions allow for extensions that *cannot* be safely ignored to be clearly distinguished from the vast majority of extensions which can be safely ignored.  This promotes interoperability by eliminating the need for implementers to prohibit the presence of extensions. For further information, see the [definition of modifier extensions](http://hl7.org/fhir/R4/extensibility.html#modifierExtension).","","","","","","","",,,,,"",,,,"BackboneElement.modifierExtension",0,*,"","ele-1:All FHIR elements must have a @value or children {hasValue() or (children().count() > id.count())}
ext-1:Must have either extensions or value[x], not both {extension.exists() != value.exists()}"
"getlaboratoryorderoutcome.laboratoryOrderOutcome.body.groupOfAnalyses.analysis.result.reference.interval","getlaboratoryorderoutcome.laboratoryOrderOutcome.body.groupOfAnalyses.analysis.result.reference.interval","","","",0,1,"","","","Quantity {[]} {[]}
","Referensintervall (PQIntervalType)","Referensintervall (PQIntervalType)","","","","","","","","","",,,,,"",,,,"getlaboratoryorderoutcome.laboratoryOrderOutcome.body.groupOfAnalyses.analysis.result.reference.interval",0,1,"",""
"getlaboratoryorderoutcome.laboratoryOrderOutcome.body.groupOfAnalyses.analysis.result.reference.description","getlaboratoryorderoutcome.laboratoryOrderOutcome.body.groupOfAnalyses.analysis.result.reference.description","","","",0,1,"","","","string {[]} {[]}
","Beskrivning av referensintervall","Beskrivning av referensintervall","","","","","","","","","",,,,,"",,,,"getlaboratoryorderoutcome.laboratoryOrderOutcome.body.groupOfAnalyses.analysis.result.reference.description",0,1,"",""
"getlaboratoryorderoutcome.laboratoryOrderOutcome.body.groupOfAnalyses.analysis.result.reference.population","getlaboratoryorderoutcome.laboratoryOrderOutcome.body.groupOfAnalyses.analysis.result.reference.population","","","",0,1,"","","","string {[]} {[]}
","Population för referensintervall","Population för referensintervall","","","","","","","","","",,,,,"",,,,"getlaboratoryorderoutcome.laboratoryOrderOutcome.body.groupOfAnalyses.analysis.result.reference.population",0,1,"",""
"getlaboratoryorderoutcome.laboratoryOrderOutcome.body.groupOfAnalyses.analysis.result.reference.comment","getlaboratoryorderoutcome.laboratoryOrderOutcome.body.groupOfAnalyses.analysis.result.reference.comment","","","",0,1,"","","","string {[]} {[]}
","Kommentar till referensintervall","Kommentar till referensintervall","","","","","","","","","",,,,,"",,,,"getlaboratoryorderoutcome.laboratoryOrderOutcome.body.groupOfAnalyses.analysis.result.reference.comment",0,1,"",""
"getlaboratoryorderoutcome.laboratoryOrderOutcome.body.groupOfAnalyses.analysis.result.recipientSignature","getlaboratoryorderoutcome.laboratoryOrderOutcome.body.groupOfAnalyses.analysis.result.recipientSignature","","","",0,1,"","","","BackboneElement {[]} {[]}
","Mottagarsignatur","Mottagarsignatur","","","","","","","","","",,,,,"",,,,"getlaboratoryorderoutcome.laboratoryOrderOutcome.body.groupOfAnalyses.analysis.result.recipientSignature",0,1,"","ele-1:All FHIR elements must have a @value or children {hasValue() or (children().count() > id.count())}
"
"getlaboratoryorderoutcome.laboratoryOrderOutcome.body.groupOfAnalyses.analysis.result.recipientSignature.id","getlaboratoryorderoutcome.laboratoryOrderOutcome.body.groupOfAnalyses.analysis.result.recipientSignature.id","","","",0,1,"","","","string {[]} {[]}
","Unique id for inter-element referencing","Unique id for the element within a resource (for internal references). This may be any string value that does not contain spaces.","","","","","","","","","",,,,,"",,,,"Element.id",0,1,"",""
"getlaboratoryorderoutcome.laboratoryOrderOutcome.body.groupOfAnalyses.analysis.result.recipientSignature.extension","getlaboratoryorderoutcome.laboratoryOrderOutcome.body.groupOfAnalyses.analysis.result.recipientSignature.extension","","extensions
user content","",0,*,"","","","Extension {[]} {[]}
","Additional content defined by implementations","May be used to represent additional information that is not part of the basic definition of the element. To make the use of extensions safe and manageable, there is a strict set of governance  applied to the definition and use of extensions. Though any implementer can define an extension, there is a set of requirements that SHALL be met as part of the definition of the extension.","There can be no stigma associated with the use of extensions by any application, project, or standard - regardless of the institution or jurisdiction that uses or defines the extensions.  The use of extensions is what allows the FHIR specification to retain a core level of simplicity for everyone.","","","","","","","","",,,,,"","value:url}
","Extensions are always sliced by (at least) url",,"open","Element.extension",0,*,"","ele-1:All FHIR elements must have a @value or children {hasValue() or (children().count() > id.count())}
ext-1:Must have either extensions or value[x], not both {extension.exists() != value.exists()}"
"getlaboratoryorderoutcome.laboratoryOrderOutcome.body.groupOfAnalyses.analysis.result.recipientSignature.modifierExtension","getlaboratoryorderoutcome.laboratoryOrderOutcome.body.groupOfAnalyses.analysis.result.recipientSignature.modifierExtension","","extensions
user contentmodifiers","",0,*,"","Y","Y","Extension {[]} {[]}
","Extensions that cannot be ignored even if unrecognized","May be used to represent additional information that is not part of the basic definition of the element and that modifies the understanding of the element in which it is contained and/or the understanding of the containing element's descendants. Usually modifier elements provide negation or qualification. To make the use of extensions safe and manageable, there is a strict set of governance applied to the definition and use of extensions. Though any implementer can define an extension, there is a set of requirements that SHALL be met as part of the definition of the extension. Applications processing a resource are required to check for modifier extensions.

Modifier extensions SHALL NOT change the meaning of any elements on Resource or DomainResource (including cannot change the meaning of modifierExtension itself).","There can be no stigma associated with the use of extensions by any application, project, or standard - regardless of the institution or jurisdiction that uses or defines the extensions.  The use of extensions is what allows the FHIR specification to retain a core level of simplicity for everyone.","Modifier extensions allow for extensions that *cannot* be safely ignored to be clearly distinguished from the vast majority of extensions which can be safely ignored.  This promotes interoperability by eliminating the need for implementers to prohibit the presence of extensions. For further information, see the [definition of modifier extensions](http://hl7.org/fhir/R4/extensibility.html#modifierExtension).","","","","","","","",,,,,"",,,,"BackboneElement.modifierExtension",0,*,"","ele-1:All FHIR elements must have a @value or children {hasValue() or (children().count() > id.count())}
ext-1:Must have either extensions or value[x], not both {extension.exists() != value.exists()}"
"getlaboratoryorderoutcome.laboratoryOrderOutcome.body.groupOfAnalyses.analysis.result.recipientSignature.recipientSignatureId","getlaboratoryorderoutcome.laboratoryOrderOutcome.body.groupOfAnalyses.analysis.result.recipientSignature.recipientSignatureId","","","",0,1,"","","","Identifier {[]} {[]}
","Signatärens id","Signatärens id","","","","","","","","","",,,,,"",,,,"getlaboratoryorderoutcome.laboratoryOrderOutcome.body.groupOfAnalyses.analysis.result.recipientSignature.recipientSignatureId",0,1,"",""
"getlaboratoryorderoutcome.laboratoryOrderOutcome.body.groupOfAnalyses.analysis.result.recipientSignature.name","getlaboratoryorderoutcome.laboratoryOrderOutcome.body.groupOfAnalyses.analysis.result.recipientSignature.name","","","",0,1,"","","","string {[]} {[]}
","Signatärens namn","Signatärens namn","","","","","","","","","",,,,,"",,,,"getlaboratoryorderoutcome.laboratoryOrderOutcome.body.groupOfAnalyses.analysis.result.recipientSignature.name",0,1,"",""
"getlaboratoryorderoutcome.laboratoryOrderOutcome.body.groupOfAnalyses.analysis.result.recipientSignature.timestamp","getlaboratoryorderoutcome.laboratoryOrderOutcome.body.groupOfAnalyses.analysis.result.recipientSignature.timestamp","","","",1,1,"","","","instant {[]} {[]}
","Signeringstidpunkt","Signeringstidpunkt","","","","","","","","","",,,,,"",,,,"getlaboratoryorderoutcome.laboratoryOrderOutcome.body.groupOfAnalyses.analysis.result.recipientSignature.timestamp",1,1,"",""
"getlaboratoryorderoutcome.laboratoryOrderOutcome.body.groupOfAnalyses.analysis.result.recipientSignature.byRole","getlaboratoryorderoutcome.laboratoryOrderOutcome.body.groupOfAnalyses.analysis.result.recipientSignature.byRole","","","",0,1,"","","","CodeableConcept {[]} {[]}
","Yrkesroll","Yrkesroll","","","","","","","","","",,,,,"",,,,"getlaboratoryorderoutcome.laboratoryOrderOutcome.body.groupOfAnalyses.analysis.result.recipientSignature.byRole",0,1,"",""
"getlaboratoryorderoutcome.laboratoryOrderOutcome.body.groupOfAnalyses.analysis.result.performerSignature","getlaboratoryorderoutcome.laboratoryOrderOutcome.body.groupOfAnalyses.analysis.result.performerSignature","","","",0,1,"","","","BackboneElement {[]} {[]}
","Utförarsignatur","Utförarsignatur","","","","","","","","","",,,,,"",,,,"getlaboratoryorderoutcome.laboratoryOrderOutcome.body.groupOfAnalyses.analysis.result.performerSignature",0,1,"","ele-1:All FHIR elements must have a @value or children {hasValue() or (children().count() > id.count())}
"
"getlaboratoryorderoutcome.laboratoryOrderOutcome.body.groupOfAnalyses.analysis.result.performerSignature.id","getlaboratoryorderoutcome.laboratoryOrderOutcome.body.groupOfAnalyses.analysis.result.performerSignature.id","","","",0,1,"","","","string {[]} {[]}
","Unique id for inter-element referencing","Unique id for the element within a resource (for internal references). This may be any string value that does not contain spaces.","","","","","","","","","",,,,,"",,,,"Element.id",0,1,"",""
"getlaboratoryorderoutcome.laboratoryOrderOutcome.body.groupOfAnalyses.analysis.result.performerSignature.extension","getlaboratoryorderoutcome.laboratoryOrderOutcome.body.groupOfAnalyses.analysis.result.performerSignature.extension","","extensions
user content","",0,*,"","","","Extension {[]} {[]}
","Additional content defined by implementations","May be used to represent additional information that is not part of the basic definition of the element. To make the use of extensions safe and manageable, there is a strict set of governance  applied to the definition and use of extensions. Though any implementer can define an extension, there is a set of requirements that SHALL be met as part of the definition of the extension.","There can be no stigma associated with the use of extensions by any application, project, or standard - regardless of the institution or jurisdiction that uses or defines the extensions.  The use of extensions is what allows the FHIR specification to retain a core level of simplicity for everyone.","","","","","","","","",,,,,"","value:url}
","Extensions are always sliced by (at least) url",,"open","Element.extension",0,*,"","ele-1:All FHIR elements must have a @value or children {hasValue() or (children().count() > id.count())}
ext-1:Must have either extensions or value[x], not both {extension.exists() != value.exists()}"
"getlaboratoryorderoutcome.laboratoryOrderOutcome.body.groupOfAnalyses.analysis.result.performerSignature.modifierExtension","getlaboratoryorderoutcome.laboratoryOrderOutcome.body.groupOfAnalyses.analysis.result.performerSignature.modifierExtension","","extensions
user contentmodifiers","",0,*,"","Y","Y","Extension {[]} {[]}
","Extensions that cannot be ignored even if unrecognized","May be used to represent additional information that is not part of the basic definition of the element and that modifies the understanding of the element in which it is contained and/or the understanding of the containing element's descendants. Usually modifier elements provide negation or qualification. To make the use of extensions safe and manageable, there is a strict set of governance applied to the definition and use of extensions. Though any implementer can define an extension, there is a set of requirements that SHALL be met as part of the definition of the extension. Applications processing a resource are required to check for modifier extensions.

Modifier extensions SHALL NOT change the meaning of any elements on Resource or DomainResource (including cannot change the meaning of modifierExtension itself).","There can be no stigma associated with the use of extensions by any application, project, or standard - regardless of the institution or jurisdiction that uses or defines the extensions.  The use of extensions is what allows the FHIR specification to retain a core level of simplicity for everyone.","Modifier extensions allow for extensions that *cannot* be safely ignored to be clearly distinguished from the vast majority of extensions which can be safely ignored.  This promotes interoperability by eliminating the need for implementers to prohibit the presence of extensions. For further information, see the [definition of modifier extensions](http://hl7.org/fhir/R4/extensibility.html#modifierExtension).","","","","","","","",,,,,"",,,,"BackboneElement.modifierExtension",0,*,"","ele-1:All FHIR elements must have a @value or children {hasValue() or (children().count() > id.count())}
ext-1:Must have either extensions or value[x], not both {extension.exists() != value.exists()}"
"getlaboratoryorderoutcome.laboratoryOrderOutcome.body.groupOfAnalyses.analysis.result.performerSignature.performerSignatureId","getlaboratoryorderoutcome.laboratoryOrderOutcome.body.groupOfAnalyses.analysis.result.performerSignature.performerSignatureId","","","",0,1,"","","","Identifier {[]} {[]}
","Signatärens id","Signatärens id","","","","","","","","","",,,,,"",,,,"getlaboratoryorderoutcome.laboratoryOrderOutcome.body.groupOfAnalyses.analysis.result.performerSignature.performerSignatureId",0,1,"",""
"getlaboratoryorderoutcome.laboratoryOrderOutcome.body.groupOfAnalyses.analysis.result.performerSignature.name","getlaboratoryorderoutcome.laboratoryOrderOutcome.body.groupOfAnalyses.analysis.result.performerSignature.name","","","",0,1,"","","","string {[]} {[]}
","Signatärens namn","Signatärens namn","","","","","","","","","",,,,,"",,,,"getlaboratoryorderoutcome.laboratoryOrderOutcome.body.groupOfAnalyses.analysis.result.performerSignature.name",0,1,"",""
"getlaboratoryorderoutcome.laboratoryOrderOutcome.body.groupOfAnalyses.analysis.result.performerSignature.timestamp","getlaboratoryorderoutcome.laboratoryOrderOutcome.body.groupOfAnalyses.analysis.result.performerSignature.timestamp","","","",1,1,"","","","instant {[]} {[]}
","Signeringstidpunkt","Signeringstidpunkt","","","","","","","","","",,,,,"",,,,"getlaboratoryorderoutcome.laboratoryOrderOutcome.body.groupOfAnalyses.analysis.result.performerSignature.timestamp",1,1,"",""
"getlaboratoryorderoutcome.laboratoryOrderOutcome.body.groupOfAnalyses.analysis.result.performerSignature.byRole","getlaboratoryorderoutcome.laboratoryOrderOutcome.body.groupOfAnalyses.analysis.result.performerSignature.byRole","","","",0,1,"","","","CodeableConcept {[]} {[]}
","Yrkesroll","Yrkesroll","","","","","","","","","",,,,,"",,,,"getlaboratoryorderoutcome.laboratoryOrderOutcome.body.groupOfAnalyses.analysis.result.performerSignature.byRole",0,1,"",""
"getlaboratoryorderoutcome.laboratoryOrderOutcome.body.groupOfAnalyses.analysis.result.related","getlaboratoryorderoutcome.laboratoryOrderOutcome.body.groupOfAnalyses.analysis.result.related","","","",0,*,"","","","BackboneElement {[]} {[]}
","Relaterade analyser","Relaterade analyser","","","","","","","","","",,,,,"",,,,"getlaboratoryorderoutcome.laboratoryOrderOutcome.body.groupOfAnalyses.analysis.result.related",0,*,"",""
"getlaboratoryorderoutcome.laboratoryOrderOutcome.body.recipientUnit","getlaboratoryorderoutcome.laboratoryOrderOutcome.body.recipientUnit","","","",1,1,"","","","BackboneElement {[]} {[]}
","Mottagande enhet","Mottagande enhet","","","","","","","","","",,,,,"",,,,"getlaboratoryorderoutcome.laboratoryOrderOutcome.body.recipientUnit",1,1,"","ele-1:All FHIR elements must have a @value or children {hasValue() or (children().count() > id.count())}
"
"getlaboratoryorderoutcome.laboratoryOrderOutcome.body.recipientUnit.id","getlaboratoryorderoutcome.laboratoryOrderOutcome.body.recipientUnit.id","","","",0,1,"","","","string {[]} {[]}
","Unique id for inter-element referencing","Unique id for the element within a resource (for internal references). This may be any string value that does not contain spaces.","","","","","","","","","",,,,,"",,,,"Element.id",0,1,"",""
"getlaboratoryorderoutcome.laboratoryOrderOutcome.body.recipientUnit.extension","getlaboratoryorderoutcome.laboratoryOrderOutcome.body.recipientUnit.extension","","extensions
user content","",0,*,"","","","Extension {[]} {[]}
","Additional content defined by implementations","May be used to represent additional information that is not part of the basic definition of the element. To make the use of extensions safe and manageable, there is a strict set of governance  applied to the definition and use of extensions. Though any implementer can define an extension, there is a set of requirements that SHALL be met as part of the definition of the extension.","There can be no stigma associated with the use of extensions by any application, project, or standard - regardless of the institution or jurisdiction that uses or defines the extensions.  The use of extensions is what allows the FHIR specification to retain a core level of simplicity for everyone.","","","","","","","","",,,,,"","value:url}
","Extensions are always sliced by (at least) url",,"open","Element.extension",0,*,"","ele-1:All FHIR elements must have a @value or children {hasValue() or (children().count() > id.count())}
ext-1:Must have either extensions or value[x], not both {extension.exists() != value.exists()}"
"getlaboratoryorderoutcome.laboratoryOrderOutcome.body.recipientUnit.modifierExtension","getlaboratoryorderoutcome.laboratoryOrderOutcome.body.recipientUnit.modifierExtension","","extensions
user contentmodifiers","",0,*,"","Y","Y","Extension {[]} {[]}
","Extensions that cannot be ignored even if unrecognized","May be used to represent additional information that is not part of the basic definition of the element and that modifies the understanding of the element in which it is contained and/or the understanding of the containing element's descendants. Usually modifier elements provide negation or qualification. To make the use of extensions safe and manageable, there is a strict set of governance applied to the definition and use of extensions. Though any implementer can define an extension, there is a set of requirements that SHALL be met as part of the definition of the extension. Applications processing a resource are required to check for modifier extensions.

Modifier extensions SHALL NOT change the meaning of any elements on Resource or DomainResource (including cannot change the meaning of modifierExtension itself).","There can be no stigma associated with the use of extensions by any application, project, or standard - regardless of the institution or jurisdiction that uses or defines the extensions.  The use of extensions is what allows the FHIR specification to retain a core level of simplicity for everyone.","Modifier extensions allow for extensions that *cannot* be safely ignored to be clearly distinguished from the vast majority of extensions which can be safely ignored.  This promotes interoperability by eliminating the need for implementers to prohibit the presence of extensions. For further information, see the [definition of modifier extensions](http://hl7.org/fhir/R4/extensibility.html#modifierExtension).","","","","","","","",,,,,"",,,,"BackboneElement.modifierExtension",0,*,"","ele-1:All FHIR elements must have a @value or children {hasValue() or (children().count() > id.count())}
ext-1:Must have either extensions or value[x], not both {extension.exists() != value.exists()}"
"getlaboratoryorderoutcome.laboratoryOrderOutcome.body.recipientUnit.recipientUnitId","getlaboratoryorderoutcome.laboratoryOrderOutcome.body.recipientUnit.recipientUnitId","","","",0,1,"","","","Identifier {[]} {[]}
","Enhetens HSA-id","Enhetens HSA-id","","","","","","","","","",,,,,"",,,,"getlaboratoryorderoutcome.laboratoryOrderOutcome.body.recipientUnit.recipientUnitId",0,1,"",""
"getlaboratoryorderoutcome.laboratoryOrderOutcome.body.recipientUnit.name","getlaboratoryorderoutcome.laboratoryOrderOutcome.body.recipientUnit.name","","","",1,1,"","","","string {[]} {[]}
","Enhetens namn","Enhetens namn","","","","","","","","","",,,,,"",,,,"getlaboratoryorderoutcome.laboratoryOrderOutcome.body.recipientUnit.name",1,1,"",""
"getlaboratoryorderoutcome.laboratoryOrderOutcome.body.recipientSignature","getlaboratoryorderoutcome.laboratoryOrderOutcome.body.recipientSignature","","","",0,1,"","","","BackboneElement {[]} {[]}
","Beställarens signatur","Beställarens signatur","","","","","","","","","",,,,,"",,,,"getlaboratoryorderoutcome.laboratoryOrderOutcome.body.recipientSignature",0,1,"","ele-1:All FHIR elements must have a @value or children {hasValue() or (children().count() > id.count())}
"
"getlaboratoryorderoutcome.laboratoryOrderOutcome.body.recipientSignature.id","getlaboratoryorderoutcome.laboratoryOrderOutcome.body.recipientSignature.id","","","",0,1,"","","","string {[]} {[]}
","Unique id for inter-element referencing","Unique id for the element within a resource (for internal references). This may be any string value that does not contain spaces.","","","","","","","","","",,,,,"",,,,"Element.id",0,1,"",""
"getlaboratoryorderoutcome.laboratoryOrderOutcome.body.recipientSignature.extension","getlaboratoryorderoutcome.laboratoryOrderOutcome.body.recipientSignature.extension","","extensions
user content","",0,*,"","","","Extension {[]} {[]}
","Additional content defined by implementations","May be used to represent additional information that is not part of the basic definition of the element. To make the use of extensions safe and manageable, there is a strict set of governance  applied to the definition and use of extensions. Though any implementer can define an extension, there is a set of requirements that SHALL be met as part of the definition of the extension.","There can be no stigma associated with the use of extensions by any application, project, or standard - regardless of the institution or jurisdiction that uses or defines the extensions.  The use of extensions is what allows the FHIR specification to retain a core level of simplicity for everyone.","","","","","","","","",,,,,"","value:url}
","Extensions are always sliced by (at least) url",,"open","Element.extension",0,*,"","ele-1:All FHIR elements must have a @value or children {hasValue() or (children().count() > id.count())}
ext-1:Must have either extensions or value[x], not both {extension.exists() != value.exists()}"
"getlaboratoryorderoutcome.laboratoryOrderOutcome.body.recipientSignature.modifierExtension","getlaboratoryorderoutcome.laboratoryOrderOutcome.body.recipientSignature.modifierExtension","","extensions
user contentmodifiers","",0,*,"","Y","Y","Extension {[]} {[]}
","Extensions that cannot be ignored even if unrecognized","May be used to represent additional information that is not part of the basic definition of the element and that modifies the understanding of the element in which it is contained and/or the understanding of the containing element's descendants. Usually modifier elements provide negation or qualification. To make the use of extensions safe and manageable, there is a strict set of governance applied to the definition and use of extensions. Though any implementer can define an extension, there is a set of requirements that SHALL be met as part of the definition of the extension. Applications processing a resource are required to check for modifier extensions.

Modifier extensions SHALL NOT change the meaning of any elements on Resource or DomainResource (including cannot change the meaning of modifierExtension itself).","There can be no stigma associated with the use of extensions by any application, project, or standard - regardless of the institution or jurisdiction that uses or defines the extensions.  The use of extensions is what allows the FHIR specification to retain a core level of simplicity for everyone.","Modifier extensions allow for extensions that *cannot* be safely ignored to be clearly distinguished from the vast majority of extensions which can be safely ignored.  This promotes interoperability by eliminating the need for implementers to prohibit the presence of extensions. For further information, see the [definition of modifier extensions](http://hl7.org/fhir/R4/extensibility.html#modifierExtension).","","","","","","","",,,,,"",,,,"BackboneElement.modifierExtension",0,*,"","ele-1:All FHIR elements must have a @value or children {hasValue() or (children().count() > id.count())}
ext-1:Must have either extensions or value[x], not both {extension.exists() != value.exists()}"
"getlaboratoryorderoutcome.laboratoryOrderOutcome.body.recipientSignature.recipientSignatureId","getlaboratoryorderoutcome.laboratoryOrderOutcome.body.recipientSignature.recipientSignatureId","","","",0,1,"","","","Identifier {[]} {[]}
","Signatärens id","Signatärens id","","","","","","","","","",,,,,"",,,,"getlaboratoryorderoutcome.laboratoryOrderOutcome.body.recipientSignature.recipientSignatureId",0,1,"",""
"getlaboratoryorderoutcome.laboratoryOrderOutcome.body.recipientSignature.name","getlaboratoryorderoutcome.laboratoryOrderOutcome.body.recipientSignature.name","","","",0,1,"","","","string {[]} {[]}
","Signatärens namn","Signatärens namn","","","","","","","","","",,,,,"",,,,"getlaboratoryorderoutcome.laboratoryOrderOutcome.body.recipientSignature.name",0,1,"",""
"getlaboratoryorderoutcome.laboratoryOrderOutcome.body.recipientSignature.timestamp","getlaboratoryorderoutcome.laboratoryOrderOutcome.body.recipientSignature.timestamp","","","",1,1,"","","","instant {[]} {[]}
","Signeringstidpunkt","Signeringstidpunkt","","","","","","","","","",,,,,"",,,,"getlaboratoryorderoutcome.laboratoryOrderOutcome.body.recipientSignature.timestamp",1,1,"",""
"getlaboratoryorderoutcome.laboratoryOrderOutcome.body.recipientSignature.byRole","getlaboratoryorderoutcome.laboratoryOrderOutcome.body.recipientSignature.byRole","","","",0,1,"","","","CodeableConcept {[]} {[]}
","Yrkesroll","Yrkesroll","","","","","","","","","",,,,,"",,,,"getlaboratoryorderoutcome.laboratoryOrderOutcome.body.recipientSignature.byRole",0,1,"",""
"getlaboratoryorderoutcome.laboratoryOrderOutcome.body.contactInformation","getlaboratoryorderoutcome.laboratoryOrderOutcome.body.contactInformation","","","",0,1,"","","","BackboneElement {[]} {[]}
","Kontaktinformation","Kontaktinformation","","","","","","","","","",,,,,"",,,,"getlaboratoryorderoutcome.laboratoryOrderOutcome.body.contactInformation",0,1,"","ele-1:All FHIR elements must have a @value or children {hasValue() or (children().count() > id.count())}
"
"getlaboratoryorderoutcome.laboratoryOrderOutcome.body.contactInformation.id","getlaboratoryorderoutcome.laboratoryOrderOutcome.body.contactInformation.id","","","",0,1,"","","","string {[]} {[]}
","Unique id for inter-element referencing","Unique id for the element within a resource (for internal references). This may be any string value that does not contain spaces.","","","","","","","","","",,,,,"",,,,"Element.id",0,1,"",""
"getlaboratoryorderoutcome.laboratoryOrderOutcome.body.contactInformation.extension","getlaboratoryorderoutcome.laboratoryOrderOutcome.body.contactInformation.extension","","extensions
user content","",0,*,"","","","Extension {[]} {[]}
","Additional content defined by implementations","May be used to represent additional information that is not part of the basic definition of the element. To make the use of extensions safe and manageable, there is a strict set of governance  applied to the definition and use of extensions. Though any implementer can define an extension, there is a set of requirements that SHALL be met as part of the definition of the extension.","There can be no stigma associated with the use of extensions by any application, project, or standard - regardless of the institution or jurisdiction that uses or defines the extensions.  The use of extensions is what allows the FHIR specification to retain a core level of simplicity for everyone.","","","","","","","","",,,,,"","value:url}
","Extensions are always sliced by (at least) url",,"open","Element.extension",0,*,"","ele-1:All FHIR elements must have a @value or children {hasValue() or (children().count() > id.count())}
ext-1:Must have either extensions or value[x], not both {extension.exists() != value.exists()}"
"getlaboratoryorderoutcome.laboratoryOrderOutcome.body.contactInformation.modifierExtension","getlaboratoryorderoutcome.laboratoryOrderOutcome.body.contactInformation.modifierExtension","","extensions
user contentmodifiers","",0,*,"","Y","Y","Extension {[]} {[]}
","Extensions that cannot be ignored even if unrecognized","May be used to represent additional information that is not part of the basic definition of the element and that modifies the understanding of the element in which it is contained and/or the understanding of the containing element's descendants. Usually modifier elements provide negation or qualification. To make the use of extensions safe and manageable, there is a strict set of governance applied to the definition and use of extensions. Though any implementer can define an extension, there is a set of requirements that SHALL be met as part of the definition of the extension. Applications processing a resource are required to check for modifier extensions.

Modifier extensions SHALL NOT change the meaning of any elements on Resource or DomainResource (including cannot change the meaning of modifierExtension itself).","There can be no stigma associated with the use of extensions by any application, project, or standard - regardless of the institution or jurisdiction that uses or defines the extensions.  The use of extensions is what allows the FHIR specification to retain a core level of simplicity for everyone.","Modifier extensions allow for extensions that *cannot* be safely ignored to be clearly distinguished from the vast majority of extensions which can be safely ignored.  This promotes interoperability by eliminating the need for implementers to prohibit the presence of extensions. For further information, see the [definition of modifier extensions](http://hl7.org/fhir/R4/extensibility.html#modifierExtension).","","","","","","","",,,,,"",,,,"BackboneElement.modifierExtension",0,*,"","ele-1:All FHIR elements must have a @value or children {hasValue() or (children().count() > id.count())}
ext-1:Must have either extensions or value[x], not both {extension.exists() != value.exists()}"
"getlaboratoryorderoutcome.laboratoryOrderOutcome.body.contactInformation.text","getlaboratoryorderoutcome.laboratoryOrderOutcome.body.contactInformation.text","","","",1,1,"","","","string {[]} {[]}
","Kontaktinformationstext","Kontaktinformationstext","","","","","","","","","",,,,,"",,,,"getlaboratoryorderoutcome.laboratoryOrderOutcome.body.contactInformation.text",1,1,"",""
