"Profile","Id","Path","Slice Name","Alias(s)","Label","Min","Max","Must Support?","Is Modifier?","Is Summary?","Type(s)","Short","Definition","Comments","Requirements","Default Value","Meaning When Missing","Fixed Value","Pattern","Example","Minimum Value","Maximum Value","Maximum Length","Binding Strength","Binding Description","Binding Value Set","Code","Slicing Discriminator","Slicing Description","Slicing Ordered","Slicing Rules","Base Path","Base Min","Base Max","Condition(s)","Constraint(s)"
"deleteehrextract-request","deleteehrextract-request","deleteehrextract-request","","","",0,*,"","","","null {[]} {[]}
","DeleteEhrExtract — Request","Logisk modell för begäran i DeleteEhrExtract
(urn:riv:ehr:patientsummary:DeleteEhrExtractResponder:1, DeleteEhrExtractType), inklusive SOAP-huvuden enligt WSDL.","","","","","","","","","",,,,,"",,,,"Base",0,*,"",""
"deleteehrextract-request","deleteehrextract-request.logicalAddress","deleteehrextract-request.logicalAddress","","","",1,1,"","","","string {[]} {[]}
","logicalAddress","SOAP-huvud LogicalAddress. the HSA-id of the service producer","","","","","","","","","",,,,,"",,,,"deleteehrextract-request.logicalAddress",1,1,"",""
"deleteehrextract-request","deleteehrextract-request.ehr-system","deleteehrextract-request.ehr_system","","","",1,1,"","","","Identifier {[]} {[]}
","ehr_system","ehr_system","","","","","","","","","",,,,,"",,,,"deleteehrextract-request.ehr_system",1,1,"",""
"deleteehrextract-request","deleteehrextract-request.subject-of-care","deleteehrextract-request.subject_of_care","","","",1,1,"","","","Identifier {[]} {[]}
","subject_of_care","subject_of_care","","","","","","","","","",,,,,"",,,,"deleteehrextract-request.subject_of_care",1,1,"",""
"deleteehrextract-request","deleteehrextract-request.deletion","deleteehrextract-request.deletion","","","",1,*,"","","","BackboneElement {[]} {[]}
","deletion","deletion","","","","","","","","","",,,,,"",,,,"deleteehrextract-request.deletion",1,*,"","ele-1:All FHIR elements must have a @value or children {hasValue() or (children().count() > id.count())}
"
"deleteehrextract-request","deleteehrextract-request.deletion.id","deleteehrextract-request.deletion.id","","","",0,1,"","","","string {[]} {[]}
","Unique id for inter-element referencing","Unique id for the element within a resource (for internal references). This may be any string value that does not contain spaces.","","","","","","","","","",,,,,"",,,,"Element.id",0,1,"",""
"deleteehrextract-request","deleteehrextract-request.deletion.extension","deleteehrextract-request.deletion.extension","","extensions
user content","",0,*,"","","","Extension {[]} {[]}
","Additional content defined by implementations","May be used to represent additional information that is not part of the basic definition of the element. To make the use of extensions safe and manageable, there is a strict set of governance  applied to the definition and use of extensions. Though any implementer can define an extension, there is a set of requirements that SHALL be met as part of the definition of the extension.","There can be no stigma associated with the use of extensions by any application, project, or standard - regardless of the institution or jurisdiction that uses or defines the extensions.  The use of extensions is what allows the FHIR specification to retain a core level of simplicity for everyone.","","","","","","","","",,,,,"","value:url}
","Extensions are always sliced by (at least) url",,"open","Element.extension",0,*,"","ele-1:All FHIR elements must have a @value or children {hasValue() or (children().count() > id.count())}
ext-1:Must have either extensions or value[x], not both {extension.exists() != value.exists()}"
"deleteehrextract-request","deleteehrextract-request.deletion.modifierExtension","deleteehrextract-request.deletion.modifierExtension","","extensions
user contentmodifiers","",0,*,"","Y","Y","Extension {[]} {[]}
","Extensions that cannot be ignored even if unrecognized","May be used to represent additional information that is not part of the basic definition of the element and that modifies the understanding of the element in which it is contained and/or the understanding of the containing element's descendants. Usually modifier elements provide negation or qualification. To make the use of extensions safe and manageable, there is a strict set of governance applied to the definition and use of extensions. Though any implementer can define an extension, there is a set of requirements that SHALL be met as part of the definition of the extension. Applications processing a resource are required to check for modifier extensions.

Modifier extensions SHALL NOT change the meaning of any elements on Resource or DomainResource (including cannot change the meaning of modifierExtension itself).","There can be no stigma associated with the use of extensions by any application, project, or standard - regardless of the institution or jurisdiction that uses or defines the extensions.  The use of extensions is what allows the FHIR specification to retain a core level of simplicity for everyone.","Modifier extensions allow for extensions that *cannot* be safely ignored to be clearly distinguished from the vast majority of extensions which can be safely ignored.  This promotes interoperability by eliminating the need for implementers to prohibit the presence of extensions. For further information, see the [definition of modifier extensions](http://hl7.org/fhir/R4/extensibility.html#modifierExtension).","","","","","","","",,,,,"",,,,"BackboneElement.modifierExtension",0,*,"","ele-1:All FHIR elements must have a @value or children {hasValue() or (children().count() > id.count())}
ext-1:Must have either extensions or value[x], not both {extension.exists() != value.exists()}"
"deleteehrextract-request","deleteehrextract-request.deletion.rc-id","deleteehrextract-request.deletion.rc_id","","","",1,1,"","","","Identifier {[]} {[]}
","rc_id","rc_id","","","","","","","","","",,,,,"",,,,"deleteehrextract-request.deletion.rc_id",1,1,"",""
"deleteehrextract-request","deleteehrextract-request.deletion.meaning","deleteehrextract-request.deletion.meaning","","","",1,1,"","","","CodeableConcept {[]} {[]}
","meaning","meaning","","","","","","","","","",,,,,"",,,,"deleteehrextract-request.deletion.meaning",1,1,"",""
"deleteehrextract-request","deleteehrextract-request.parameters","deleteehrextract-request.parameters","","","",0,*,"","","","BackboneElement {[]} {[]}
","parameters","parameters","","","","","","","","","",,,,,"",,,,"deleteehrextract-request.parameters",0,*,"","ele-1:All FHIR elements must have a @value or children {hasValue() or (children().count() > id.count())}
"
"deleteehrextract-request","deleteehrextract-request.parameters.id","deleteehrextract-request.parameters.id","","","",0,1,"","","","string {[]} {[]}
","Unique id for inter-element referencing","Unique id for the element within a resource (for internal references). This may be any string value that does not contain spaces.","","","","","","","","","",,,,,"",,,,"Element.id",0,1,"",""
"deleteehrextract-request","deleteehrextract-request.parameters.extension","deleteehrextract-request.parameters.extension","","extensions
user content","",0,*,"","","","Extension {[]} {[]}
","Additional content defined by implementations","May be used to represent additional information that is not part of the basic definition of the element. To make the use of extensions safe and manageable, there is a strict set of governance  applied to the definition and use of extensions. Though any implementer can define an extension, there is a set of requirements that SHALL be met as part of the definition of the extension.","There can be no stigma associated with the use of extensions by any application, project, or standard - regardless of the institution or jurisdiction that uses or defines the extensions.  The use of extensions is what allows the FHIR specification to retain a core level of simplicity for everyone.","","","","","","","","",,,,,"","value:url}
","Extensions are always sliced by (at least) url",,"open","Element.extension",0,*,"","ele-1:All FHIR elements must have a @value or children {hasValue() or (children().count() > id.count())}
ext-1:Must have either extensions or value[x], not both {extension.exists() != value.exists()}"
"deleteehrextract-request","deleteehrextract-request.parameters.modifierExtension","deleteehrextract-request.parameters.modifierExtension","","extensions
user contentmodifiers","",0,*,"","Y","Y","Extension {[]} {[]}
","Extensions that cannot be ignored even if unrecognized","May be used to represent additional information that is not part of the basic definition of the element and that modifies the understanding of the element in which it is contained and/or the understanding of the containing element's descendants. Usually modifier elements provide negation or qualification. To make the use of extensions safe and manageable, there is a strict set of governance applied to the definition and use of extensions. Though any implementer can define an extension, there is a set of requirements that SHALL be met as part of the definition of the extension. Applications processing a resource are required to check for modifier extensions.

Modifier extensions SHALL NOT change the meaning of any elements on Resource or DomainResource (including cannot change the meaning of modifierExtension itself).","There can be no stigma associated with the use of extensions by any application, project, or standard - regardless of the institution or jurisdiction that uses or defines the extensions.  The use of extensions is what allows the FHIR specification to retain a core level of simplicity for everyone.","Modifier extensions allow for extensions that *cannot* be safely ignored to be clearly distinguished from the vast majority of extensions which can be safely ignored.  This promotes interoperability by eliminating the need for implementers to prohibit the presence of extensions. For further information, see the [definition of modifier extensions](http://hl7.org/fhir/R4/extensibility.html#modifierExtension).","","","","","","","",,,,,"",,,,"BackboneElement.modifierExtension",0,*,"","ele-1:All FHIR elements must have a @value or children {hasValue() or (children().count() > id.count())}
ext-1:Must have either extensions or value[x], not both {extension.exists() != value.exists()}"
"deleteehrextract-request","deleteehrextract-request.parameters.parameterCode","deleteehrextract-request.parameters.parameterCode","","","",0,1,"","","","CodeableConcept {[]} {[]}
","parameterCode","parameterCode Heter code i schemat.","","","","","","","","","",,,,,"",,,,"deleteehrextract-request.parameters.parameterCode",0,1,"",""
"deleteehrextract-request","deleteehrextract-request.parameters.parameterName","deleteehrextract-request.parameters.parameterName","","","",1,1,"","","","string {[]} {[]}
","parameterName","parameterName Heter name i schemat.","","","","","","","","","",,,,,"",,,,"deleteehrextract-request.parameters.parameterName",1,1,"",""
"deleteehrextract-request","deleteehrextract-request.parameters.parameterValue","deleteehrextract-request.parameters.parameterValue","","","",1,1,"","","","string {[]} {[]}
","parameterValue","parameterValue Heter value i schemat.","","","","","","","","","",,,,,"",,,,"deleteehrextract-request.parameters.parameterValue",1,1,"",""
"deleteehrextract","deleteehrextract","deleteehrextract","","","",0,*,"","","","null {[]} {[]}
","DeleteEhrExtract — Response","Logisk modell för svaret i DeleteEhrExtract
(urn:riv:ehr:patientsummary:DeleteEhrExtractResponder:1, DeleteEhrExtractResponseType).","","","","","","","","","",,,,,"",,,,"Base",0,*,"",""
"deleteehrextract","deleteehrextract.success","deleteehrextract.success","","","",1,1,"","","","boolean {[]} {[]}
","success","success","","","","","","","","","",,,,,"",,,,"deleteehrextract.success",1,1,"",""
"deleteehrextractstatus-request","deleteehrextractstatus-request","deleteehrextractstatus-request","","","",0,*,"","","","null {[]} {[]}
","DeleteEhrExtractStatus — Request","Logisk modell för begäran i DeleteEhrExtractStatus
(urn:riv:ehr:patientsummary:DeleteEhrExtractInitiator:1, DeleteEhrExtractStatusType), inklusive SOAP-huvuden enligt WSDL.","","","","","","","","","",,,,,"",,,,"Base",0,*,"",""
"deleteehrextractstatus-request","deleteehrextractstatus-request.logicalAddress","deleteehrextractstatus-request.logicalAddress","","","",1,1,"","","","string {[]} {[]}
","logicalAddress","SOAP-huvud LogicalAddress. the HSA-id of the service producer","","","","","","","","","",,,,,"",,,,"deleteehrextractstatus-request.logicalAddress",1,1,"",""
"deleteehrextractstatus-request","deleteehrextractstatus-request.parameters","deleteehrextractstatus-request.parameters","","","",0,*,"","","","BackboneElement {[]} {[]}
","parameters","parameters","","","","","","","","","",,,,,"",,,,"deleteehrextractstatus-request.parameters",0,*,"","ele-1:All FHIR elements must have a @value or children {hasValue() or (children().count() > id.count())}
"
"deleteehrextractstatus-request","deleteehrextractstatus-request.parameters.id","deleteehrextractstatus-request.parameters.id","","","",0,1,"","","","string {[]} {[]}
","Unique id for inter-element referencing","Unique id for the element within a resource (for internal references). This may be any string value that does not contain spaces.","","","","","","","","","",,,,,"",,,,"Element.id",0,1,"",""
"deleteehrextractstatus-request","deleteehrextractstatus-request.parameters.extension","deleteehrextractstatus-request.parameters.extension","","extensions
user content","",0,*,"","","","Extension {[]} {[]}
","Additional content defined by implementations","May be used to represent additional information that is not part of the basic definition of the element. To make the use of extensions safe and manageable, there is a strict set of governance  applied to the definition and use of extensions. Though any implementer can define an extension, there is a set of requirements that SHALL be met as part of the definition of the extension.","There can be no stigma associated with the use of extensions by any application, project, or standard - regardless of the institution or jurisdiction that uses or defines the extensions.  The use of extensions is what allows the FHIR specification to retain a core level of simplicity for everyone.","","","","","","","","",,,,,"","value:url}
","Extensions are always sliced by (at least) url",,"open","Element.extension",0,*,"","ele-1:All FHIR elements must have a @value or children {hasValue() or (children().count() > id.count())}
ext-1:Must have either extensions or value[x], not both {extension.exists() != value.exists()}"
"deleteehrextractstatus-request","deleteehrextractstatus-request.parameters.modifierExtension","deleteehrextractstatus-request.parameters.modifierExtension","","extensions
user contentmodifiers","",0,*,"","Y","Y","Extension {[]} {[]}
","Extensions that cannot be ignored even if unrecognized","May be used to represent additional information that is not part of the basic definition of the element and that modifies the understanding of the element in which it is contained and/or the understanding of the containing element's descendants. Usually modifier elements provide negation or qualification. To make the use of extensions safe and manageable, there is a strict set of governance applied to the definition and use of extensions. Though any implementer can define an extension, there is a set of requirements that SHALL be met as part of the definition of the extension. Applications processing a resource are required to check for modifier extensions.

Modifier extensions SHALL NOT change the meaning of any elements on Resource or DomainResource (including cannot change the meaning of modifierExtension itself).","There can be no stigma associated with the use of extensions by any application, project, or standard - regardless of the institution or jurisdiction that uses or defines the extensions.  The use of extensions is what allows the FHIR specification to retain a core level of simplicity for everyone.","Modifier extensions allow for extensions that *cannot* be safely ignored to be clearly distinguished from the vast majority of extensions which can be safely ignored.  This promotes interoperability by eliminating the need for implementers to prohibit the presence of extensions. For further information, see the [definition of modifier extensions](http://hl7.org/fhir/R4/extensibility.html#modifierExtension).","","","","","","","",,,,,"",,,,"BackboneElement.modifierExtension",0,*,"","ele-1:All FHIR elements must have a @value or children {hasValue() or (children().count() > id.count())}
ext-1:Must have either extensions or value[x], not both {extension.exists() != value.exists()}"
"deleteehrextractstatus-request","deleteehrextractstatus-request.parameters.parameterCode","deleteehrextractstatus-request.parameters.parameterCode","","","",0,1,"","","","CodeableConcept {[]} {[]}
","parameterCode","parameterCode Heter code i schemat.","","","","","","","","","",,,,,"",,,,"deleteehrextractstatus-request.parameters.parameterCode",0,1,"",""
"deleteehrextractstatus-request","deleteehrextractstatus-request.parameters.parameterName","deleteehrextractstatus-request.parameters.parameterName","","","",1,1,"","","","string {[]} {[]}
","parameterName","parameterName Heter name i schemat.","","","","","","","","","",,,,,"",,,,"deleteehrextractstatus-request.parameters.parameterName",1,1,"",""
"deleteehrextractstatus-request","deleteehrextractstatus-request.parameters.parameterValue","deleteehrextractstatus-request.parameters.parameterValue","","","",1,1,"","","","string {[]} {[]}
","parameterValue","parameterValue Heter value i schemat.","","","","","","","","","",,,,,"",,,,"deleteehrextractstatus-request.parameters.parameterValue",1,1,"",""
"deleteehrextractstatus-request","deleteehrextractstatus-request.response-detail","deleteehrextractstatus-request.response_detail","","","",0,*,"","","","BackboneElement {[]} {[]}
","response_detail","response_detail","","","","","","","","","",,,,,"",,,,"deleteehrextractstatus-request.response_detail",0,*,"","ele-1:All FHIR elements must have a @value or children {hasValue() or (children().count() > id.count())}
"
"deleteehrextractstatus-request","deleteehrextractstatus-request.response-detail.id","deleteehrextractstatus-request.response_detail.id","","","",0,1,"","","","string {[]} {[]}
","Unique id for inter-element referencing","Unique id for the element within a resource (for internal references). This may be any string value that does not contain spaces.","","","","","","","","","",,,,,"",,,,"Element.id",0,1,"",""
"deleteehrextractstatus-request","deleteehrextractstatus-request.response-detail.extension","deleteehrextractstatus-request.response_detail.extension","","extensions
user content","",0,*,"","","","Extension {[]} {[]}
","Additional content defined by implementations","May be used to represent additional information that is not part of the basic definition of the element. To make the use of extensions safe and manageable, there is a strict set of governance  applied to the definition and use of extensions. Though any implementer can define an extension, there is a set of requirements that SHALL be met as part of the definition of the extension.","There can be no stigma associated with the use of extensions by any application, project, or standard - regardless of the institution or jurisdiction that uses or defines the extensions.  The use of extensions is what allows the FHIR specification to retain a core level of simplicity for everyone.","","","","","","","","",,,,,"","value:url}
","Extensions are always sliced by (at least) url",,"open","Element.extension",0,*,"","ele-1:All FHIR elements must have a @value or children {hasValue() or (children().count() > id.count())}
ext-1:Must have either extensions or value[x], not both {extension.exists() != value.exists()}"
"deleteehrextractstatus-request","deleteehrextractstatus-request.response-detail.modifierExtension","deleteehrextractstatus-request.response_detail.modifierExtension","","extensions
user contentmodifiers","",0,*,"","Y","Y","Extension {[]} {[]}
","Extensions that cannot be ignored even if unrecognized","May be used to represent additional information that is not part of the basic definition of the element and that modifies the understanding of the element in which it is contained and/or the understanding of the containing element's descendants. Usually modifier elements provide negation or qualification. To make the use of extensions safe and manageable, there is a strict set of governance applied to the definition and use of extensions. Though any implementer can define an extension, there is a set of requirements that SHALL be met as part of the definition of the extension. Applications processing a resource are required to check for modifier extensions.

Modifier extensions SHALL NOT change the meaning of any elements on Resource or DomainResource (including cannot change the meaning of modifierExtension itself).","There can be no stigma associated with the use of extensions by any application, project, or standard - regardless of the institution or jurisdiction that uses or defines the extensions.  The use of extensions is what allows the FHIR specification to retain a core level of simplicity for everyone.","Modifier extensions allow for extensions that *cannot* be safely ignored to be clearly distinguished from the vast majority of extensions which can be safely ignored.  This promotes interoperability by eliminating the need for implementers to prohibit the presence of extensions. For further information, see the [definition of modifier extensions](http://hl7.org/fhir/R4/extensibility.html#modifierExtension).","","","","","","","",,,,,"",,,,"BackboneElement.modifierExtension",0,*,"","ele-1:All FHIR elements must have a @value or children {hasValue() or (children().count() > id.count())}
ext-1:Must have either extensions or value[x], not both {extension.exists() != value.exists()}"
"deleteehrextractstatus-request","deleteehrextractstatus-request.response-detail.responseDetailCode","deleteehrextractstatus-request.response_detail.responseDetailCode","","","",0,1,"","","","CodeableConcept {[]} {[]}
","responseDetailCode","responseDetailCode Heter code i schemat.","","","","","","","","","",,,,,"",,,,"deleteehrextractstatus-request.response_detail.responseDetailCode",0,1,"",""
"deleteehrextractstatus-request","deleteehrextractstatus-request.response-detail.responseDetailText","deleteehrextractstatus-request.response_detail.responseDetailText","","","",1,1,"","","","string {[]} {[]}
","responseDetailText","responseDetailText Heter text i schemat.","","","","","","","","","",,,,,"",,,,"deleteehrextractstatus-request.response_detail.responseDetailText",1,1,"",""
"deleteehrextractstatus-request","deleteehrextractstatus-request.response-detail.type-code","deleteehrextractstatus-request.response_detail.type_code","","","",0,1,"","","","code {[]} {[]}
","type_code","(XML-attribut.)","","","","","","","","","",,"required","","https://fhir.inera.se/ig/ehr-patientsummary/ValueSet/patientsummary-responsedetailtypecodes-vs","",,,,"deleteehrextractstatus-request.response_detail.type_code",0,1,"",""
"deleteehrextractstatus","deleteehrextractstatus","deleteehrextractstatus","","","",0,*,"","","","null {[]} {[]}
","DeleteEhrExtractStatus — Response","Logisk modell för svaret i DeleteEhrExtractStatus
(urn:riv:ehr:patientsummary:DeleteEhrExtractInitiator:1, DeleteEhrExtractStatusResponseType).","","","","","","","","","",,,,,"",,,,"Base",0,*,"",""
"deleteehrextractstatus","deleteehrextractstatus.success","deleteehrextractstatus.success","","","",1,1,"","","","boolean {[]} {[]}
","success","success","","","","","","","","","",,,,,"",,,,"deleteehrextractstatus.success",1,1,"",""
"getehrextract-request","getehrextract-request","getehrextract-request","","","",0,*,"","","","null {[]} {[]}
","GetEhrExtract — Request","Logisk modell för begäran i GetEhrExtract
(urn:riv:ehr:patientsummary:GetEhrExtractResponder:1, GetEhrExtractType), inklusive SOAP-huvuden enligt WSDL.","","","","","","","","","",,,,,"",,,,"Base",0,*,"",""
"getehrextract-request","getehrextract-request.logicalAddress","getehrextract-request.logicalAddress","","","",1,1,"","","","string {[]} {[]}
","logicalAddress","SOAP-huvud LogicalAddress. the HSA-id of the service producer","","","","","","","","","",,,,,"",,,,"getehrextract-request.logicalAddress",1,1,"",""
"getehrextract-request","getehrextract-request.subject-of-care-id","getehrextract-request.subject_of_care_id","","","",1,1,"","","","Identifier {[]} {[]}
","subject_of_care_id","subject_of_care_id","","","","","","","","","",,,,,"",,,,"getehrextract-request.subject_of_care_id",1,1,"",""
"getehrextract-request","getehrextract-request.purpose","getehrextract-request.purpose","","","",0,1,"","","","CodeableConcept {[]} {[]}
","purpose","purpose","","","","","","","","","",,,,,"",,,,"getehrextract-request.purpose",0,1,"",""
"getehrextract-request","getehrextract-request.rc-ids","getehrextract-request.rc_ids","","","",0,*,"","","","Identifier {[]} {[]}
","rc_ids","rc_ids","","","","","","","","","",,,,,"",,,,"getehrextract-request.rc_ids",0,*,"",""
"getehrextract-request","getehrextract-request.time-period","getehrextract-request.time_period","","","",0,1,"","","","Period {[]} {[]}
","time_period","time_period","","","","","","","","","",,,,,"",,,,"getehrextract-request.time_period",0,1,"",""
"getehrextract-request","getehrextract-request.max-sensitivity","getehrextract-request.max_sensitivity","","","",0,1,"","","","integer {[]} {[]}
","max_sensitivity","max_sensitivity","","","","","","","","","",,,,,"",,,,"getehrextract-request.max_sensitivity",0,1,"",""
"getehrextract-request","getehrextract-request.all-versions","getehrextract-request.all_versions","","","",0,1,"","","","boolean {[]} {[]}
","all_versions","all_versions","","","","","","","","","",,,,,"",,,,"getehrextract-request.all_versions",0,1,"",""
"getehrextract-request","getehrextract-request.multimedia-included","getehrextract-request.multimedia_included","","","",0,1,"","","","boolean {[]} {[]}
","multimedia_included","multimedia_included","","","","","","","","","",,,,,"",,,,"getehrextract-request.multimedia_included",0,1,"",""
"getehrextract-request","getehrextract-request.archetype-ids","getehrextract-request.archetype_ids","","","",0,*,"","","","Identifier {[]} {[]}
","archetype_ids","archetype_ids","","","","","","","","","",,,,,"",,,,"getehrextract-request.archetype_ids",0,*,"",""
"getehrextract-request","getehrextract-request.meanings","getehrextract-request.meanings","","","",0,*,"","","","CodeableConcept {[]} {[]}
","meanings","meanings","","","","","","","","","",,,,,"",,,,"getehrextract-request.meanings",0,*,"",""
"getehrextract-request","getehrextract-request.max-records","getehrextract-request.max_records","","","",0,1,"","","","integer {[]} {[]}
","max_records","max_records","","","","","","","","","",,,,,"",,,,"getehrextract-request.max_records",0,1,"",""
"getehrextract-request","getehrextract-request.parameters","getehrextract-request.parameters","","","",0,*,"","","","BackboneElement {[]} {[]}
","parameters","parameters","","","","","","","","","",,,,,"",,,,"getehrextract-request.parameters",0,*,"","ele-1:All FHIR elements must have a @value or children {hasValue() or (children().count() > id.count())}
"
"getehrextract-request","getehrextract-request.parameters.id","getehrextract-request.parameters.id","","","",0,1,"","","","string {[]} {[]}
","Unique id for inter-element referencing","Unique id for the element within a resource (for internal references). This may be any string value that does not contain spaces.","","","","","","","","","",,,,,"",,,,"Element.id",0,1,"",""
"getehrextract-request","getehrextract-request.parameters.extension","getehrextract-request.parameters.extension","","extensions
user content","",0,*,"","","","Extension {[]} {[]}
","Additional content defined by implementations","May be used to represent additional information that is not part of the basic definition of the element. To make the use of extensions safe and manageable, there is a strict set of governance  applied to the definition and use of extensions. Though any implementer can define an extension, there is a set of requirements that SHALL be met as part of the definition of the extension.","There can be no stigma associated with the use of extensions by any application, project, or standard - regardless of the institution or jurisdiction that uses or defines the extensions.  The use of extensions is what allows the FHIR specification to retain a core level of simplicity for everyone.","","","","","","","","",,,,,"","value:url}
","Extensions are always sliced by (at least) url",,"open","Element.extension",0,*,"","ele-1:All FHIR elements must have a @value or children {hasValue() or (children().count() > id.count())}
ext-1:Must have either extensions or value[x], not both {extension.exists() != value.exists()}"
"getehrextract-request","getehrextract-request.parameters.modifierExtension","getehrextract-request.parameters.modifierExtension","","extensions
user contentmodifiers","",0,*,"","Y","Y","Extension {[]} {[]}
","Extensions that cannot be ignored even if unrecognized","May be used to represent additional information that is not part of the basic definition of the element and that modifies the understanding of the element in which it is contained and/or the understanding of the containing element's descendants. Usually modifier elements provide negation or qualification. To make the use of extensions safe and manageable, there is a strict set of governance applied to the definition and use of extensions. Though any implementer can define an extension, there is a set of requirements that SHALL be met as part of the definition of the extension. Applications processing a resource are required to check for modifier extensions.

Modifier extensions SHALL NOT change the meaning of any elements on Resource or DomainResource (including cannot change the meaning of modifierExtension itself).","There can be no stigma associated with the use of extensions by any application, project, or standard - regardless of the institution or jurisdiction that uses or defines the extensions.  The use of extensions is what allows the FHIR specification to retain a core level of simplicity for everyone.","Modifier extensions allow for extensions that *cannot* be safely ignored to be clearly distinguished from the vast majority of extensions which can be safely ignored.  This promotes interoperability by eliminating the need for implementers to prohibit the presence of extensions. For further information, see the [definition of modifier extensions](http://hl7.org/fhir/R4/extensibility.html#modifierExtension).","","","","","","","",,,,,"",,,,"BackboneElement.modifierExtension",0,*,"","ele-1:All FHIR elements must have a @value or children {hasValue() or (children().count() > id.count())}
ext-1:Must have either extensions or value[x], not both {extension.exists() != value.exists()}"
"getehrextract-request","getehrextract-request.parameters.parameterCode","getehrextract-request.parameters.parameterCode","","","",0,1,"","","","CodeableConcept {[]} {[]}
","parameterCode","parameterCode Heter code i schemat.","","","","","","","","","",,,,,"",,,,"getehrextract-request.parameters.parameterCode",0,1,"",""
"getehrextract-request","getehrextract-request.parameters.parameterName","getehrextract-request.parameters.parameterName","","","",1,1,"","","","string {[]} {[]}
","parameterName","parameterName Heter name i schemat.","","","","","","","","","",,,,,"",,,,"getehrextract-request.parameters.parameterName",1,1,"",""
"getehrextract-request","getehrextract-request.parameters.parameterValue","getehrextract-request.parameters.parameterValue","","","",1,1,"","","","string {[]} {[]}
","parameterValue","parameterValue Heter value i schemat.","","","","","","","","","",,,,,"",,,,"getehrextract-request.parameters.parameterValue",1,1,"",""
"getehrextract","getehrextract","getehrextract","","","",0,*,"","","","null {[]} {[]}
","GetEhrExtract — Response","Logisk modell för svaret i GetEhrExtract
(urn:riv:ehr:patientsummary:GetEhrExtractResponder:1, GetEhrExtractResponseType).","","","","","","","","","",,,,,"",,,,"Base",0,*,"",""
"getehrextract","getehrextract.ehr-extract","getehrextract.ehr_extract","","","",0,*,"","","","BackboneElement {[]} {[]}
","ehr_extract","The root node of an EHR Extract.","","","","","","","","","",,,,,"",,,,"getehrextract.ehr_extract",0,*,"","ele-1:All FHIR elements must have a @value or children {hasValue() or (children().count() > id.count())}
"
"getehrextract","getehrextract.ehr-extract.id","getehrextract.ehr_extract.id","","","",0,1,"","","","string {[]} {[]}
","Unique id for inter-element referencing","Unique id for the element within a resource (for internal references). This may be any string value that does not contain spaces.","","","","","","","","","",,,,,"",,,,"Element.id",0,1,"",""
"getehrextract","getehrextract.ehr-extract.extension","getehrextract.ehr_extract.extension","","extensions
user content","",0,*,"","","","Extension {[]} {[]}
","Additional content defined by implementations","May be used to represent additional information that is not part of the basic definition of the element. To make the use of extensions safe and manageable, there is a strict set of governance  applied to the definition and use of extensions. Though any implementer can define an extension, there is a set of requirements that SHALL be met as part of the definition of the extension.","There can be no stigma associated with the use of extensions by any application, project, or standard - regardless of the institution or jurisdiction that uses or defines the extensions.  The use of extensions is what allows the FHIR specification to retain a core level of simplicity for everyone.","","","","","","","","",,,,,"","value:url}
","Extensions are always sliced by (at least) url",,"open","Element.extension",0,*,"","ele-1:All FHIR elements must have a @value or children {hasValue() or (children().count() > id.count())}
ext-1:Must have either extensions or value[x], not both {extension.exists() != value.exists()}"
"getehrextract","getehrextract.ehr-extract.modifierExtension","getehrextract.ehr_extract.modifierExtension","","extensions
user contentmodifiers","",0,*,"","Y","Y","Extension {[]} {[]}
","Extensions that cannot be ignored even if unrecognized","May be used to represent additional information that is not part of the basic definition of the element and that modifies the understanding of the element in which it is contained and/or the understanding of the containing element's descendants. Usually modifier elements provide negation or qualification. To make the use of extensions safe and manageable, there is a strict set of governance applied to the definition and use of extensions. Though any implementer can define an extension, there is a set of requirements that SHALL be met as part of the definition of the extension. Applications processing a resource are required to check for modifier extensions.

Modifier extensions SHALL NOT change the meaning of any elements on Resource or DomainResource (including cannot change the meaning of modifierExtension itself).","There can be no stigma associated with the use of extensions by any application, project, or standard - regardless of the institution or jurisdiction that uses or defines the extensions.  The use of extensions is what allows the FHIR specification to retain a core level of simplicity for everyone.","Modifier extensions allow for extensions that *cannot* be safely ignored to be clearly distinguished from the vast majority of extensions which can be safely ignored.  This promotes interoperability by eliminating the need for implementers to prohibit the presence of extensions. For further information, see the [definition of modifier extensions](http://hl7.org/fhir/R4/extensibility.html#modifierExtension).","","","","","","","",,,,,"",,,,"BackboneElement.modifierExtension",0,*,"","ele-1:All FHIR elements must have a @value or children {hasValue() or (children().count() > id.count())}
ext-1:Must have either extensions or value[x], not both {extension.exists() != value.exists()}"
"getehrextract","getehrextract.ehr-extract.authorising-party","getehrextract.ehr_extract.authorising_party","","","",0,1,"","","","Identifier {[]} {[]}
","authorising_party","authorising_party","","","","","","","","","",,,,,"",,,,"getehrextract.ehr_extract.authorising_party",0,1,"",""
"getehrextract","getehrextract.ehr-extract.ehr-id","getehrextract.ehr_extract.ehr_id","","","",1,1,"","","","Identifier {[]} {[]}
","ehr_id","ehr_id","","","","","","","","","",,,,,"",,,,"getehrextract.ehr_extract.ehr_id",1,1,"",""
"getehrextract","getehrextract.ehr-extract.ehr-system","getehrextract.ehr_extract.ehr_system","","","",1,1,"","","","Identifier {[]} {[]}
","ehr_system","ehr_system","","","","","","","","","",,,,,"",,,,"getehrextract.ehr_extract.ehr_system",1,1,"",""
"getehrextract","getehrextract.ehr-extract.subject-of-care","getehrextract.ehr_extract.subject_of_care","","","",1,1,"","","","Identifier {[]} {[]}
","subject_of_care","subject_of_care","","","","","","","","","",,,,,"",,,,"getehrextract.ehr_extract.subject_of_care",1,1,"",""
"getehrextract","getehrextract.ehr-extract.time-created","getehrextract.ehr_extract.time_created","","","",1,1,"","","","dateTime {[]} {[]}
","time_created","time_created","","","","","","","","","",,,,,"",,,,"getehrextract.ehr_extract.time_created",1,1,"",""
"getehrextract","getehrextract.ehr-extract.all-compositions","getehrextract.ehr_extract.all_compositions","","","",0,*,"","","","BackboneElement {[]} {[]}
","all_compositions","Key aggregation class representing the set of Record Components authored and committed during a single clinical encounter. Note the values for territory will indicate the legal framework under which the data was committed. The session_time should be a restriction on the data types of low and high to make them TS, but this restriction is not permissible in XML Schema and thus the IVL properties are simply copied here with the appropriate types.","","","","","","","","","",,,,,"",,,,"getehrextract.ehr_extract.all_compositions",0,*,"","ele-1:All FHIR elements must have a @value or children {hasValue() or (children().count() > id.count())}
"
"getehrextract","getehrextract.ehr-extract.all-compositions.id","getehrextract.ehr_extract.all_compositions.id","","","",0,1,"","","","string {[]} {[]}
","Unique id for inter-element referencing","Unique id for the element within a resource (for internal references). This may be any string value that does not contain spaces.","","","","","","","","","",,,,,"",,,,"Element.id",0,1,"",""
"getehrextract","getehrextract.ehr-extract.all-compositions.extension","getehrextract.ehr_extract.all_compositions.extension","","extensions
user content","",0,*,"","","","Extension {[]} {[]}
","Additional content defined by implementations","May be used to represent additional information that is not part of the basic definition of the element. To make the use of extensions safe and manageable, there is a strict set of governance  applied to the definition and use of extensions. Though any implementer can define an extension, there is a set of requirements that SHALL be met as part of the definition of the extension.","There can be no stigma associated with the use of extensions by any application, project, or standard - regardless of the institution or jurisdiction that uses or defines the extensions.  The use of extensions is what allows the FHIR specification to retain a core level of simplicity for everyone.","","","","","","","","",,,,,"","value:url}
","Extensions are always sliced by (at least) url",,"open","Element.extension",0,*,"","ele-1:All FHIR elements must have a @value or children {hasValue() or (children().count() > id.count())}
ext-1:Must have either extensions or value[x], not both {extension.exists() != value.exists()}"
"getehrextract","getehrextract.ehr-extract.all-compositions.modifierExtension","getehrextract.ehr_extract.all_compositions.modifierExtension","","extensions
user contentmodifiers","",0,*,"","Y","Y","Extension {[]} {[]}
","Extensions that cannot be ignored even if unrecognized","May be used to represent additional information that is not part of the basic definition of the element and that modifies the understanding of the element in which it is contained and/or the understanding of the containing element's descendants. Usually modifier elements provide negation or qualification. To make the use of extensions safe and manageable, there is a strict set of governance applied to the definition and use of extensions. Though any implementer can define an extension, there is a set of requirements that SHALL be met as part of the definition of the extension. Applications processing a resource are required to check for modifier extensions.

Modifier extensions SHALL NOT change the meaning of any elements on Resource or DomainResource (including cannot change the meaning of modifierExtension itself).","There can be no stigma associated with the use of extensions by any application, project, or standard - regardless of the institution or jurisdiction that uses or defines the extensions.  The use of extensions is what allows the FHIR specification to retain a core level of simplicity for everyone.","Modifier extensions allow for extensions that *cannot* be safely ignored to be clearly distinguished from the vast majority of extensions which can be safely ignored.  This promotes interoperability by eliminating the need for implementers to prohibit the presence of extensions. For further information, see the [definition of modifier extensions](http://hl7.org/fhir/R4/extensibility.html#modifierExtension).","","","","","","","",,,,,"",,,,"BackboneElement.modifierExtension",0,*,"","ele-1:All FHIR elements must have a @value or children {hasValue() or (children().count() > id.count())}
ext-1:Must have either extensions or value[x], not both {extension.exists() != value.exists()}"
"getehrextract","getehrextract.ehr-extract.all-compositions.archetype-id","getehrextract.ehr_extract.all_compositions.archetype_id","","","",0,1,"","","","string {[]} {[]}
","archetype_id","archetype_id","","","","","","","","","",,,,,"",,,,"getehrextract.ehr_extract.all_compositions.archetype_id",0,1,"",""
"getehrextract","getehrextract.ehr-extract.all-compositions.meaning","getehrextract.ehr_extract.all_compositions.meaning","","","",0,1,"","","","CodeableConcept {[]} {[]}
","meaning","meaning","","","","","","","","","",,,,,"",,,,"getehrextract.ehr_extract.all_compositions.meaning",0,1,"",""
"getehrextract","getehrextract.ehr-extract.all-compositions.compositionName","getehrextract.ehr_extract.all_compositions.compositionName","","","",1,1,"","","","string {[]} {[]}
","compositionName","compositionName Heter name i schemat.","","","","","","","","","",,,,,"",,,,"getehrextract.ehr_extract.all_compositions.compositionName",1,1,"",""
"getehrextract","getehrextract.ehr-extract.all-compositions.orig-parent-ref","getehrextract.ehr_extract.all_compositions.orig_parent_ref","","","",0,1,"","","","Identifier {[]} {[]}
","orig_parent_ref","orig_parent_ref","","","","","","","","","",,,,,"",,,,"getehrextract.ehr_extract.all_compositions.orig_parent_ref",0,1,"",""
"getehrextract","getehrextract.ehr-extract.all-compositions.policy-ids","getehrextract.ehr_extract.all_compositions.policy_ids","","","",0,*,"","","","Identifier {[]} {[]}
","policy_ids","policy_ids","","","","","","","","","",,,,,"",,,,"getehrextract.ehr_extract.all_compositions.policy_ids",0,*,"",""
"getehrextract","getehrextract.ehr-extract.all-compositions.rc-id","getehrextract.ehr_extract.all_compositions.rc_id","","","",1,1,"","","","Identifier {[]} {[]}
","rc_id","rc_id","","","","","","","","","",,,,,"",,,,"getehrextract.ehr_extract.all_compositions.rc_id",1,1,"",""
"getehrextract","getehrextract.ehr-extract.all-compositions.sensitivity","getehrextract.ehr_extract.all_compositions.sensitivity","","","",0,1,"","","","integer {[]} {[]}
","sensitivity","sensitivity","","","","","","","","","",,,,,"",,,,"getehrextract.ehr_extract.all_compositions.sensitivity",0,1,"",""
"getehrextract","getehrextract.ehr-extract.all-compositions.synthesised","getehrextract.ehr_extract.all_compositions.synthesised","","","",1,1,"","","","boolean {[]} {[]}
","synthesised","synthesised","","","","","","","","","",,,,,"",,,,"getehrextract.ehr_extract.all_compositions.synthesised",1,1,"",""
"getehrextract","getehrextract.ehr-extract.all-compositions.links","getehrextract.ehr_extract.all_compositions.links","","","",0,*,"","","","BackboneElement {[]} {[]}
","links","Creates a relationship between two Record Components that is orthogonal to the common one of containment. Note that if a recipient is not permitted to see the component linked to, even revealing the link constitutes an inappropriate disclosure. Role is of type CD so that the displayName property of that class can be used in place of any specific coding scheme.","","","","","","","","","",,,,,"",,,,"getehrextract.ehr_extract.all_compositions.links",0,*,"","ele-1:All FHIR elements must have a @value or children {hasValue() or (children().count() > id.count())}
"
"getehrextract","getehrextract.ehr-extract.all-compositions.links.id","getehrextract.ehr_extract.all_compositions.links.id","","","",0,1,"","","","string {[]} {[]}
","Unique id for inter-element referencing","Unique id for the element within a resource (for internal references). This may be any string value that does not contain spaces.","","","","","","","","","",,,,,"",,,,"Element.id",0,1,"",""
"getehrextract","getehrextract.ehr-extract.all-compositions.links.extension","getehrextract.ehr_extract.all_compositions.links.extension","","extensions
user content","",0,*,"","","","Extension {[]} {[]}
","Additional content defined by implementations","May be used to represent additional information that is not part of the basic definition of the element. To make the use of extensions safe and manageable, there is a strict set of governance  applied to the definition and use of extensions. Though any implementer can define an extension, there is a set of requirements that SHALL be met as part of the definition of the extension.","There can be no stigma associated with the use of extensions by any application, project, or standard - regardless of the institution or jurisdiction that uses or defines the extensions.  The use of extensions is what allows the FHIR specification to retain a core level of simplicity for everyone.","","","","","","","","",,,,,"","value:url}
","Extensions are always sliced by (at least) url",,"open","Element.extension",0,*,"","ele-1:All FHIR elements must have a @value or children {hasValue() or (children().count() > id.count())}
ext-1:Must have either extensions or value[x], not both {extension.exists() != value.exists()}"
"getehrextract","getehrextract.ehr-extract.all-compositions.links.modifierExtension","getehrextract.ehr_extract.all_compositions.links.modifierExtension","","extensions
user contentmodifiers","",0,*,"","Y","Y","Extension {[]} {[]}
","Extensions that cannot be ignored even if unrecognized","May be used to represent additional information that is not part of the basic definition of the element and that modifies the understanding of the element in which it is contained and/or the understanding of the containing element's descendants. Usually modifier elements provide negation or qualification. To make the use of extensions safe and manageable, there is a strict set of governance applied to the definition and use of extensions. Though any implementer can define an extension, there is a set of requirements that SHALL be met as part of the definition of the extension. Applications processing a resource are required to check for modifier extensions.

Modifier extensions SHALL NOT change the meaning of any elements on Resource or DomainResource (including cannot change the meaning of modifierExtension itself).","There can be no stigma associated with the use of extensions by any application, project, or standard - regardless of the institution or jurisdiction that uses or defines the extensions.  The use of extensions is what allows the FHIR specification to retain a core level of simplicity for everyone.","Modifier extensions allow for extensions that *cannot* be safely ignored to be clearly distinguished from the vast majority of extensions which can be safely ignored.  This promotes interoperability by eliminating the need for implementers to prohibit the presence of extensions. For further information, see the [definition of modifier extensions](http://hl7.org/fhir/R4/extensibility.html#modifierExtension).","","","","","","","",,,,,"",,,,"BackboneElement.modifierExtension",0,*,"","ele-1:All FHIR elements must have a @value or children {hasValue() or (children().count() > id.count())}
ext-1:Must have either extensions or value[x], not both {extension.exists() != value.exists()}"
"getehrextract","getehrextract.ehr-extract.all-compositions.links.follow-link","getehrextract.ehr_extract.all_compositions.links.follow_link","","","",1,1,"","","","boolean {[]} {[]}
","follow_link","follow_link","","","","","","","","","",,,,,"",,,,"getehrextract.ehr_extract.all_compositions.links.follow_link",1,1,"",""
"getehrextract","getehrextract.ehr-extract.all-compositions.links.nature","getehrextract.ehr_extract.all_compositions.links.nature","","","",1,1,"","","","code {[]} {[]}
","nature","nature","","","","","","","","","",,,,,"",,,,"getehrextract.ehr_extract.all_compositions.links.nature",1,1,"",""
"getehrextract","getehrextract.ehr-extract.all-compositions.links.role","getehrextract.ehr_extract.all_compositions.links.role","","","",0,1,"","","","CodeableConcept {[]} {[]}
","role","role","","","","","","","","","",,,,,"",,,,"getehrextract.ehr_extract.all_compositions.links.role",0,1,"",""
"getehrextract","getehrextract.ehr-extract.all-compositions.links.target-type","getehrextract.ehr_extract.all_compositions.links.target_type","","","",0,1,"","","","CodeableConcept {[]} {[]}
","target_type","target_type","","","","","","","","","",,,,,"",,,,"getehrextract.ehr_extract.all_compositions.links.target_type",0,1,"",""
"getehrextract","getehrextract.ehr-extract.all-compositions.links.target-id","getehrextract.ehr_extract.all_compositions.links.target_id","","","",1,*,"","","","Identifier {[]} {[]}
","target_id","target_id","","","","","","","","","",,,,,"",,,,"getehrextract.ehr_extract.all_compositions.links.target_id",1,*,"",""
"getehrextract","getehrextract.ehr-extract.all-compositions.feeder-audit","getehrextract.ehr_extract.all_compositions.feeder_audit","","","",0,1,"","","","BackboneElement {[]} {[]}
","feeder_audit","The committal and revision data for a Record Component. Note that the invariant is incorrectly stated as constraining ""attribute_version_status.coding_scheme_name"" in the printed standard.","","","","","","","","","",,,,,"",,,,"getehrextract.ehr_extract.all_compositions.feeder_audit",0,1,"","ele-1:All FHIR elements must have a @value or children {hasValue() or (children().count() > id.count())}
"
"getehrextract","getehrextract.ehr-extract.all-compositions.feeder-audit.id","getehrextract.ehr_extract.all_compositions.feeder_audit.id","","","",0,1,"","","","string {[]} {[]}
","Unique id for inter-element referencing","Unique id for the element within a resource (for internal references). This may be any string value that does not contain spaces.","","","","","","","","","",,,,,"",,,,"Element.id",0,1,"",""
"getehrextract","getehrextract.ehr-extract.all-compositions.feeder-audit.extension","getehrextract.ehr_extract.all_compositions.feeder_audit.extension","","extensions
user content","",0,*,"","","","Extension {[]} {[]}
","Additional content defined by implementations","May be used to represent additional information that is not part of the basic definition of the element. To make the use of extensions safe and manageable, there is a strict set of governance  applied to the definition and use of extensions. Though any implementer can define an extension, there is a set of requirements that SHALL be met as part of the definition of the extension.","There can be no stigma associated with the use of extensions by any application, project, or standard - regardless of the institution or jurisdiction that uses or defines the extensions.  The use of extensions is what allows the FHIR specification to retain a core level of simplicity for everyone.","","","","","","","","",,,,,"","value:url}
","Extensions are always sliced by (at least) url",,"open","Element.extension",0,*,"","ele-1:All FHIR elements must have a @value or children {hasValue() or (children().count() > id.count())}
ext-1:Must have either extensions or value[x], not both {extension.exists() != value.exists()}"
"getehrextract","getehrextract.ehr-extract.all-compositions.feeder-audit.modifierExtension","getehrextract.ehr_extract.all_compositions.feeder_audit.modifierExtension","","extensions
user contentmodifiers","",0,*,"","Y","Y","Extension {[]} {[]}
","Extensions that cannot be ignored even if unrecognized","May be used to represent additional information that is not part of the basic definition of the element and that modifies the understanding of the element in which it is contained and/or the understanding of the containing element's descendants. Usually modifier elements provide negation or qualification. To make the use of extensions safe and manageable, there is a strict set of governance applied to the definition and use of extensions. Though any implementer can define an extension, there is a set of requirements that SHALL be met as part of the definition of the extension. Applications processing a resource are required to check for modifier extensions.

Modifier extensions SHALL NOT change the meaning of any elements on Resource or DomainResource (including cannot change the meaning of modifierExtension itself).","There can be no stigma associated with the use of extensions by any application, project, or standard - regardless of the institution or jurisdiction that uses or defines the extensions.  The use of extensions is what allows the FHIR specification to retain a core level of simplicity for everyone.","Modifier extensions allow for extensions that *cannot* be safely ignored to be clearly distinguished from the vast majority of extensions which can be safely ignored.  This promotes interoperability by eliminating the need for implementers to prohibit the presence of extensions. For further information, see the [definition of modifier extensions](http://hl7.org/fhir/R4/extensibility.html#modifierExtension).","","","","","","","",,,,,"",,,,"BackboneElement.modifierExtension",0,*,"","ele-1:All FHIR elements must have a @value or children {hasValue() or (children().count() > id.count())}
ext-1:Must have either extensions or value[x], not both {extension.exists() != value.exists()}"
"getehrextract","getehrextract.ehr-extract.all-compositions.feeder-audit.committer","getehrextract.ehr_extract.all_compositions.feeder_audit.committer","","","",1,1,"","","","Identifier {[]} {[]}
","committer","committer","","","","","","","","","",,,,,"",,,,"getehrextract.ehr_extract.all_compositions.feeder_audit.committer",1,1,"",""
"getehrextract","getehrextract.ehr-extract.all-compositions.feeder-audit.ehr-system","getehrextract.ehr_extract.all_compositions.feeder_audit.ehr_system","","","",1,1,"","","","Identifier {[]} {[]}
","ehr_system","ehr_system","","","","","","","","","",,,,,"",,,,"getehrextract.ehr_extract.all_compositions.feeder_audit.ehr_system",1,1,"",""
"getehrextract","getehrextract.ehr-extract.all-compositions.feeder-audit.previous-version","getehrextract.ehr_extract.all_compositions.feeder_audit.previous_version","","","",0,1,"","","","Identifier {[]} {[]}
","previous_version","previous_version","","","","","","","","","",,,,,"",,,,"getehrextract.ehr_extract.all_compositions.feeder_audit.previous_version",0,1,"",""
"getehrextract","getehrextract.ehr-extract.all-compositions.feeder-audit.reason-for-revision","getehrextract.ehr_extract.all_compositions.feeder_audit.reason_for_revision","","","",0,1,"","","","CodeableConcept {[]} {[]}
","reason_for_revision","reason_for_revision","","","","","","","","","",,,,,"",,,,"getehrextract.ehr_extract.all_compositions.feeder_audit.reason_for_revision",0,1,"",""
"getehrextract","getehrextract.ehr-extract.all-compositions.feeder-audit.time-committed","getehrextract.ehr_extract.all_compositions.feeder_audit.time_committed","","","",1,1,"","","","dateTime {[]} {[]}
","time_committed","time_committed","","","","","","","","","",,,,,"",,,,"getehrextract.ehr_extract.all_compositions.feeder_audit.time_committed",1,1,"",""
"getehrextract","getehrextract.ehr-extract.all-compositions.feeder-audit.version-set-id","getehrextract.ehr_extract.all_compositions.feeder_audit.version_set_id","","","",0,1,"","","","Identifier {[]} {[]}
","version_set_id","version_set_id","","","","","","","","","",,,,,"",,,,"getehrextract.ehr_extract.all_compositions.feeder_audit.version_set_id",0,1,"",""
"getehrextract","getehrextract.ehr-extract.all-compositions.feeder-audit.version-status","getehrextract.ehr_extract.all_compositions.feeder_audit.version_status","","","",0,1,"","","","code {[]} {[]}
","version_status","version_status","","","","","","","","","",,,,,"",,,,"getehrextract.ehr_extract.all_compositions.feeder_audit.version_status",0,1,"",""
"getehrextract","getehrextract.ehr-extract.all-compositions.contribution-id","getehrextract.ehr_extract.all_compositions.contribution_id","","","",0,1,"","","","Identifier {[]} {[]}
","contribution_id","contribution_id","","","","","","","","","",,,,,"",,,,"getehrextract.ehr_extract.all_compositions.contribution_id",0,1,"",""
"getehrextract","getehrextract.ehr-extract.all-compositions.session-time","getehrextract.ehr_extract.all_compositions.session_time","","","",0,1,"","","","Period {[]} {[]}
","session_time","session_time","","","","","","","","","",,,,,"",,,,"getehrextract.ehr_extract.all_compositions.session_time",0,1,"",""
"getehrextract","getehrextract.ehr-extract.all-compositions.territory","getehrextract.ehr_extract.all_compositions.territory","","","",0,1,"","","","code {[]} {[]}
","territory","territory","","","","","","","","","",,,,,"",,,,"getehrextract.ehr_extract.all_compositions.territory",0,1,"",""
"getehrextract","getehrextract.ehr-extract.all-compositions.attestations","getehrextract.ehr_extract.all_compositions.attestations","","","",0,*,"","","","BackboneElement {[]} {[]}
","attestations","Any attestations for a Record Component. The proof field should be a cryptographic hash of the RECORD_COMPONENT it attests, but it is recognised that in many implementations the components will change to point to new components that revise them. In that case, the proof should sign the unchanging parts of the component only.","","","","","","","","","",,,,,"",,,,"getehrextract.ehr_extract.all_compositions.attestations",0,*,"","ele-1:All FHIR elements must have a @value or children {hasValue() or (children().count() > id.count())}
"
"getehrextract","getehrextract.ehr-extract.all-compositions.attestations.id","getehrextract.ehr_extract.all_compositions.attestations.id","","","",0,1,"","","","string {[]} {[]}
","Unique id for inter-element referencing","Unique id for the element within a resource (for internal references). This may be any string value that does not contain spaces.","","","","","","","","","",,,,,"",,,,"Element.id",0,1,"",""
"getehrextract","getehrextract.ehr-extract.all-compositions.attestations.extension","getehrextract.ehr_extract.all_compositions.attestations.extension","","extensions
user content","",0,*,"","","","Extension {[]} {[]}
","Additional content defined by implementations","May be used to represent additional information that is not part of the basic definition of the element. To make the use of extensions safe and manageable, there is a strict set of governance  applied to the definition and use of extensions. Though any implementer can define an extension, there is a set of requirements that SHALL be met as part of the definition of the extension.","There can be no stigma associated with the use of extensions by any application, project, or standard - regardless of the institution or jurisdiction that uses or defines the extensions.  The use of extensions is what allows the FHIR specification to retain a core level of simplicity for everyone.","","","","","","","","",,,,,"","value:url}
","Extensions are always sliced by (at least) url",,"open","Element.extension",0,*,"","ele-1:All FHIR elements must have a @value or children {hasValue() or (children().count() > id.count())}
ext-1:Must have either extensions or value[x], not both {extension.exists() != value.exists()}"
"getehrextract","getehrextract.ehr-extract.all-compositions.attestations.modifierExtension","getehrextract.ehr_extract.all_compositions.attestations.modifierExtension","","extensions
user contentmodifiers","",0,*,"","Y","Y","Extension {[]} {[]}
","Extensions that cannot be ignored even if unrecognized","May be used to represent additional information that is not part of the basic definition of the element and that modifies the understanding of the element in which it is contained and/or the understanding of the containing element's descendants. Usually modifier elements provide negation or qualification. To make the use of extensions safe and manageable, there is a strict set of governance applied to the definition and use of extensions. Though any implementer can define an extension, there is a set of requirements that SHALL be met as part of the definition of the extension. Applications processing a resource are required to check for modifier extensions.

Modifier extensions SHALL NOT change the meaning of any elements on Resource or DomainResource (including cannot change the meaning of modifierExtension itself).","There can be no stigma associated with the use of extensions by any application, project, or standard - regardless of the institution or jurisdiction that uses or defines the extensions.  The use of extensions is what allows the FHIR specification to retain a core level of simplicity for everyone.","Modifier extensions allow for extensions that *cannot* be safely ignored to be clearly distinguished from the vast majority of extensions which can be safely ignored.  This promotes interoperability by eliminating the need for implementers to prohibit the presence of extensions. For further information, see the [definition of modifier extensions](http://hl7.org/fhir/R4/extensibility.html#modifierExtension).","","","","","","","",,,,,"",,,,"BackboneElement.modifierExtension",0,*,"","ele-1:All FHIR elements must have a @value or children {hasValue() or (children().count() > id.count())}
ext-1:Must have either extensions or value[x], not both {extension.exists() != value.exists()}"
"getehrextract","getehrextract.ehr-extract.all-compositions.attestations.attested-view","getehrextract.ehr_extract.all_compositions.attestations.attested_view","","","",0,1,"","","","Attachment {[]} {[]}
","attested_view","attested_view","","","","","","","","","",,,,,"",,,,"getehrextract.ehr_extract.all_compositions.attestations.attested_view",0,1,"",""
"getehrextract","getehrextract.ehr-extract.all-compositions.attestations.proof","getehrextract.ehr_extract.all_compositions.attestations.proof","","","",0,1,"","","","Attachment {[]} {[]}
","proof","proof","","","","","","","","","",,,,,"",,,,"getehrextract.ehr_extract.all_compositions.attestations.proof",0,1,"",""
"getehrextract","getehrextract.ehr-extract.all-compositions.attestations.reason-for-attestation","getehrextract.ehr_extract.all_compositions.attestations.reason_for_attestation","","","",1,1,"","","","CodeableConcept {[]} {[]}
","reason_for_attestation","reason_for_attestation","","","","","","","","","",,,,,"",,,,"getehrextract.ehr_extract.all_compositions.attestations.reason_for_attestation",1,1,"",""
"getehrextract","getehrextract.ehr-extract.all-compositions.attestations.time","getehrextract.ehr_extract.all_compositions.attestations.time","","","",1,1,"","","","dateTime {[]} {[]}
","time","time","","","","","","","","","",,,,,"",,,,"getehrextract.ehr_extract.all_compositions.attestations.time",1,1,"",""
"getehrextract","getehrextract.ehr-extract.all-compositions.attestations.target-rc-id","getehrextract.ehr_extract.all_compositions.attestations.target_rc_id","","","",1,*,"","","","Identifier {[]} {[]}
","target_rc_id","target_rc_id","","","","","","","","","",,,,,"",,,,"getehrextract.ehr_extract.all_compositions.attestations.target_rc_id",1,*,"",""
"getehrextract","getehrextract.ehr-extract.all-compositions.attestations.attester","getehrextract.ehr_extract.all_compositions.attestations.attester","","","",1,1,"","","","BackboneElement {[]} {[]}
","attester","The participation of an entity in the EHR.","","","","","","","","","",,,,,"",,,,"getehrextract.ehr_extract.all_compositions.attestations.attester",1,1,"","ele-1:All FHIR elements must have a @value or children {hasValue() or (children().count() > id.count())}
"
"getehrextract","getehrextract.ehr-extract.all-compositions.attestations.attester.id","getehrextract.ehr_extract.all_compositions.attestations.attester.id","","","",0,1,"","","","string {[]} {[]}
","Unique id for inter-element referencing","Unique id for the element within a resource (for internal references). This may be any string value that does not contain spaces.","","","","","","","","","",,,,,"",,,,"Element.id",0,1,"",""
"getehrextract","getehrextract.ehr-extract.all-compositions.attestations.attester.extension","getehrextract.ehr_extract.all_compositions.attestations.attester.extension","","extensions
user content","",0,*,"","","","Extension {[]} {[]}
","Additional content defined by implementations","May be used to represent additional information that is not part of the basic definition of the element. To make the use of extensions safe and manageable, there is a strict set of governance  applied to the definition and use of extensions. Though any implementer can define an extension, there is a set of requirements that SHALL be met as part of the definition of the extension.","There can be no stigma associated with the use of extensions by any application, project, or standard - regardless of the institution or jurisdiction that uses or defines the extensions.  The use of extensions is what allows the FHIR specification to retain a core level of simplicity for everyone.","","","","","","","","",,,,,"","value:url}
","Extensions are always sliced by (at least) url",,"open","Element.extension",0,*,"","ele-1:All FHIR elements must have a @value or children {hasValue() or (children().count() > id.count())}
ext-1:Must have either extensions or value[x], not both {extension.exists() != value.exists()}"
"getehrextract","getehrextract.ehr-extract.all-compositions.attestations.attester.modifierExtension","getehrextract.ehr_extract.all_compositions.attestations.attester.modifierExtension","","extensions
user contentmodifiers","",0,*,"","Y","Y","Extension {[]} {[]}
","Extensions that cannot be ignored even if unrecognized","May be used to represent additional information that is not part of the basic definition of the element and that modifies the understanding of the element in which it is contained and/or the understanding of the containing element's descendants. Usually modifier elements provide negation or qualification. To make the use of extensions safe and manageable, there is a strict set of governance applied to the definition and use of extensions. Though any implementer can define an extension, there is a set of requirements that SHALL be met as part of the definition of the extension. Applications processing a resource are required to check for modifier extensions.

Modifier extensions SHALL NOT change the meaning of any elements on Resource or DomainResource (including cannot change the meaning of modifierExtension itself).","There can be no stigma associated with the use of extensions by any application, project, or standard - regardless of the institution or jurisdiction that uses or defines the extensions.  The use of extensions is what allows the FHIR specification to retain a core level of simplicity for everyone.","Modifier extensions allow for extensions that *cannot* be safely ignored to be clearly distinguished from the vast majority of extensions which can be safely ignored.  This promotes interoperability by eliminating the need for implementers to prohibit the presence of extensions. For further information, see the [definition of modifier extensions](http://hl7.org/fhir/R4/extensibility.html#modifierExtension).","","","","","","","",,,,,"",,,,"BackboneElement.modifierExtension",0,*,"","ele-1:All FHIR elements must have a @value or children {hasValue() or (children().count() > id.count())}
ext-1:Must have either extensions or value[x], not both {extension.exists() != value.exists()}"
"getehrextract","getehrextract.ehr-extract.all-compositions.attestations.attester.function","getehrextract.ehr_extract.all_compositions.attestations.attester.function","","","",0,1,"","","","CodeableConcept {[]} {[]}
","function","function","","","","","","","","","",,,,,"",,,,"getehrextract.ehr_extract.all_compositions.attestations.attester.function",0,1,"",""
"getehrextract","getehrextract.ehr-extract.all-compositions.attestations.attester.healthcare-facility","getehrextract.ehr_extract.all_compositions.attestations.attester.healthcare_facility","","","",0,1,"","","","Identifier {[]} {[]}
","healthcare_facility","healthcare_facility","","","","","","","","","",,,,,"",,,,"getehrextract.ehr_extract.all_compositions.attestations.attester.healthcare_facility",0,1,"",""
"getehrextract","getehrextract.ehr-extract.all-compositions.attestations.attester.mode","getehrextract.ehr_extract.all_compositions.attestations.attester.mode","","","",0,1,"","","","code {[]} {[]}
","mode","mode","","","","","","","","","",,,,,"",,,,"getehrextract.ehr_extract.all_compositions.attestations.attester.mode",0,1,"",""
"getehrextract","getehrextract.ehr-extract.all-compositions.attestations.attester.performer","getehrextract.ehr_extract.all_compositions.attestations.attester.performer","","","",1,1,"","","","Identifier {[]} {[]}
","performer","performer","","","","","","","","","",,,,,"",,,,"getehrextract.ehr_extract.all_compositions.attestations.attester.performer",1,1,"",""
"getehrextract","getehrextract.ehr-extract.all-compositions.attestations.attester.service-setting","getehrextract.ehr_extract.all_compositions.attestations.attester.service_setting","","","",0,1,"","","","CodeableConcept {[]} {[]}
","service_setting","service_setting","","","","","","","","","",,,,,"",,,,"getehrextract.ehr_extract.all_compositions.attestations.attester.service_setting",0,1,"",""
"getehrextract","getehrextract.ehr-extract.all-compositions.other-participations","getehrextract.ehr_extract.all_compositions.other_participations","","","",0,*,"","","","BackboneElement {[]} {[]}
","other_participations","The participation of an entity in the EHR.","","","","","","","","","",,,,,"",,,,"getehrextract.ehr_extract.all_compositions.other_participations",0,*,"","ele-1:All FHIR elements must have a @value or children {hasValue() or (children().count() > id.count())}
"
"getehrextract","getehrextract.ehr-extract.all-compositions.other-participations.id","getehrextract.ehr_extract.all_compositions.other_participations.id","","","",0,1,"","","","string {[]} {[]}
","Unique id for inter-element referencing","Unique id for the element within a resource (for internal references). This may be any string value that does not contain spaces.","","","","","","","","","",,,,,"",,,,"Element.id",0,1,"",""
"getehrextract","getehrextract.ehr-extract.all-compositions.other-participations.extension","getehrextract.ehr_extract.all_compositions.other_participations.extension","","extensions
user content","",0,*,"","","","Extension {[]} {[]}
","Additional content defined by implementations","May be used to represent additional information that is not part of the basic definition of the element. To make the use of extensions safe and manageable, there is a strict set of governance  applied to the definition and use of extensions. Though any implementer can define an extension, there is a set of requirements that SHALL be met as part of the definition of the extension.","There can be no stigma associated with the use of extensions by any application, project, or standard - regardless of the institution or jurisdiction that uses or defines the extensions.  The use of extensions is what allows the FHIR specification to retain a core level of simplicity for everyone.","","","","","","","","",,,,,"","value:url}
","Extensions are always sliced by (at least) url",,"open","Element.extension",0,*,"","ele-1:All FHIR elements must have a @value or children {hasValue() or (children().count() > id.count())}
ext-1:Must have either extensions or value[x], not both {extension.exists() != value.exists()}"
"getehrextract","getehrextract.ehr-extract.all-compositions.other-participations.modifierExtension","getehrextract.ehr_extract.all_compositions.other_participations.modifierExtension","","extensions
user contentmodifiers","",0,*,"","Y","Y","Extension {[]} {[]}
","Extensions that cannot be ignored even if unrecognized","May be used to represent additional information that is not part of the basic definition of the element and that modifies the understanding of the element in which it is contained and/or the understanding of the containing element's descendants. Usually modifier elements provide negation or qualification. To make the use of extensions safe and manageable, there is a strict set of governance applied to the definition and use of extensions. Though any implementer can define an extension, there is a set of requirements that SHALL be met as part of the definition of the extension. Applications processing a resource are required to check for modifier extensions.

Modifier extensions SHALL NOT change the meaning of any elements on Resource or DomainResource (including cannot change the meaning of modifierExtension itself).","There can be no stigma associated with the use of extensions by any application, project, or standard - regardless of the institution or jurisdiction that uses or defines the extensions.  The use of extensions is what allows the FHIR specification to retain a core level of simplicity for everyone.","Modifier extensions allow for extensions that *cannot* be safely ignored to be clearly distinguished from the vast majority of extensions which can be safely ignored.  This promotes interoperability by eliminating the need for implementers to prohibit the presence of extensions. For further information, see the [definition of modifier extensions](http://hl7.org/fhir/R4/extensibility.html#modifierExtension).","","","","","","","",,,,,"",,,,"BackboneElement.modifierExtension",0,*,"","ele-1:All FHIR elements must have a @value or children {hasValue() or (children().count() > id.count())}
ext-1:Must have either extensions or value[x], not both {extension.exists() != value.exists()}"
"getehrextract","getehrextract.ehr-extract.all-compositions.other-participations.function","getehrextract.ehr_extract.all_compositions.other_participations.function","","","",0,1,"","","","CodeableConcept {[]} {[]}
","function","function","","","","","","","","","",,,,,"",,,,"getehrextract.ehr_extract.all_compositions.other_participations.function",0,1,"",""
"getehrextract","getehrextract.ehr-extract.all-compositions.other-participations.healthcare-facility","getehrextract.ehr_extract.all_compositions.other_participations.healthcare_facility","","","",0,1,"","","","Identifier {[]} {[]}
","healthcare_facility","healthcare_facility","","","","","","","","","",,,,,"",,,,"getehrextract.ehr_extract.all_compositions.other_participations.healthcare_facility",0,1,"",""
"getehrextract","getehrextract.ehr-extract.all-compositions.other-participations.mode","getehrextract.ehr_extract.all_compositions.other_participations.mode","","","",0,1,"","","","code {[]} {[]}
","mode","mode","","","","","","","","","",,,,,"",,,,"getehrextract.ehr_extract.all_compositions.other_participations.mode",0,1,"",""
"getehrextract","getehrextract.ehr-extract.all-compositions.other-participations.performer","getehrextract.ehr_extract.all_compositions.other_participations.performer","","","",1,1,"","","","Identifier {[]} {[]}
","performer","performer","","","","","","","","","",,,,,"",,,,"getehrextract.ehr_extract.all_compositions.other_participations.performer",1,1,"",""
"getehrextract","getehrextract.ehr-extract.all-compositions.other-participations.service-setting","getehrextract.ehr_extract.all_compositions.other_participations.service_setting","","","",0,1,"","","","CodeableConcept {[]} {[]}
","service_setting","service_setting","","","","","","","","","",,,,,"",,,,"getehrextract.ehr_extract.all_compositions.other_participations.service_setting",0,1,"",""
"getehrextract","getehrextract.ehr-extract.all-compositions.committal","getehrextract.ehr_extract.all_compositions.committal","","","",1,1,"","","","BackboneElement {[]} {[]}
","committal","The committal and revision data for a Record Component. Note that the invariant is incorrectly stated as constraining ""attribute_version_status.coding_scheme_name"" in the printed standard.","","","","","","","","","",,,,,"",,,,"getehrextract.ehr_extract.all_compositions.committal",1,1,"","ele-1:All FHIR elements must have a @value or children {hasValue() or (children().count() > id.count())}
"
"getehrextract","getehrextract.ehr-extract.all-compositions.committal.id","getehrextract.ehr_extract.all_compositions.committal.id","","","",0,1,"","","","string {[]} {[]}
","Unique id for inter-element referencing","Unique id for the element within a resource (for internal references). This may be any string value that does not contain spaces.","","","","","","","","","",,,,,"",,,,"Element.id",0,1,"",""
"getehrextract","getehrextract.ehr-extract.all-compositions.committal.extension","getehrextract.ehr_extract.all_compositions.committal.extension","","extensions
user content","",0,*,"","","","Extension {[]} {[]}
","Additional content defined by implementations","May be used to represent additional information that is not part of the basic definition of the element. To make the use of extensions safe and manageable, there is a strict set of governance  applied to the definition and use of extensions. Though any implementer can define an extension, there is a set of requirements that SHALL be met as part of the definition of the extension.","There can be no stigma associated with the use of extensions by any application, project, or standard - regardless of the institution or jurisdiction that uses or defines the extensions.  The use of extensions is what allows the FHIR specification to retain a core level of simplicity for everyone.","","","","","","","","",,,,,"","value:url}
","Extensions are always sliced by (at least) url",,"open","Element.extension",0,*,"","ele-1:All FHIR elements must have a @value or children {hasValue() or (children().count() > id.count())}
ext-1:Must have either extensions or value[x], not both {extension.exists() != value.exists()}"
"getehrextract","getehrextract.ehr-extract.all-compositions.committal.modifierExtension","getehrextract.ehr_extract.all_compositions.committal.modifierExtension","","extensions
user contentmodifiers","",0,*,"","Y","Y","Extension {[]} {[]}
","Extensions that cannot be ignored even if unrecognized","May be used to represent additional information that is not part of the basic definition of the element and that modifies the understanding of the element in which it is contained and/or the understanding of the containing element's descendants. Usually modifier elements provide negation or qualification. To make the use of extensions safe and manageable, there is a strict set of governance applied to the definition and use of extensions. Though any implementer can define an extension, there is a set of requirements that SHALL be met as part of the definition of the extension. Applications processing a resource are required to check for modifier extensions.

Modifier extensions SHALL NOT change the meaning of any elements on Resource or DomainResource (including cannot change the meaning of modifierExtension itself).","There can be no stigma associated with the use of extensions by any application, project, or standard - regardless of the institution or jurisdiction that uses or defines the extensions.  The use of extensions is what allows the FHIR specification to retain a core level of simplicity for everyone.","Modifier extensions allow for extensions that *cannot* be safely ignored to be clearly distinguished from the vast majority of extensions which can be safely ignored.  This promotes interoperability by eliminating the need for implementers to prohibit the presence of extensions. For further information, see the [definition of modifier extensions](http://hl7.org/fhir/R4/extensibility.html#modifierExtension).","","","","","","","",,,,,"",,,,"BackboneElement.modifierExtension",0,*,"","ele-1:All FHIR elements must have a @value or children {hasValue() or (children().count() > id.count())}
ext-1:Must have either extensions or value[x], not both {extension.exists() != value.exists()}"
"getehrextract","getehrextract.ehr-extract.all-compositions.committal.committer","getehrextract.ehr_extract.all_compositions.committal.committer","","","",1,1,"","","","Identifier {[]} {[]}
","committer","committer","","","","","","","","","",,,,,"",,,,"getehrextract.ehr_extract.all_compositions.committal.committer",1,1,"",""
"getehrextract","getehrextract.ehr-extract.all-compositions.committal.ehr-system","getehrextract.ehr_extract.all_compositions.committal.ehr_system","","","",1,1,"","","","Identifier {[]} {[]}
","ehr_system","ehr_system","","","","","","","","","",,,,,"",,,,"getehrextract.ehr_extract.all_compositions.committal.ehr_system",1,1,"",""
"getehrextract","getehrextract.ehr-extract.all-compositions.committal.previous-version","getehrextract.ehr_extract.all_compositions.committal.previous_version","","","",0,1,"","","","Identifier {[]} {[]}
","previous_version","previous_version","","","","","","","","","",,,,,"",,,,"getehrextract.ehr_extract.all_compositions.committal.previous_version",0,1,"",""
"getehrextract","getehrextract.ehr-extract.all-compositions.committal.reason-for-revision","getehrextract.ehr_extract.all_compositions.committal.reason_for_revision","","","",0,1,"","","","CodeableConcept {[]} {[]}
","reason_for_revision","reason_for_revision","","","","","","","","","",,,,,"",,,,"getehrextract.ehr_extract.all_compositions.committal.reason_for_revision",0,1,"",""
"getehrextract","getehrextract.ehr-extract.all-compositions.committal.time-committed","getehrextract.ehr_extract.all_compositions.committal.time_committed","","","",1,1,"","","","dateTime {[]} {[]}
","time_committed","time_committed","","","","","","","","","",,,,,"",,,,"getehrextract.ehr_extract.all_compositions.committal.time_committed",1,1,"",""
"getehrextract","getehrextract.ehr-extract.all-compositions.committal.version-set-id","getehrextract.ehr_extract.all_compositions.committal.version_set_id","","","",0,1,"","","","Identifier {[]} {[]}
","version_set_id","version_set_id","","","","","","","","","",,,,,"",,,,"getehrextract.ehr_extract.all_compositions.committal.version_set_id",0,1,"",""
"getehrextract","getehrextract.ehr-extract.all-compositions.committal.version-status","getehrextract.ehr_extract.all_compositions.committal.version_status","","","",0,1,"","","","code {[]} {[]}
","version_status","version_status","","","","","","","","","",,,,,"",,,,"getehrextract.ehr_extract.all_compositions.committal.version_status",0,1,"",""
"getehrextract","getehrextract.ehr-extract.all-compositions.composer","getehrextract.ehr_extract.all_compositions.composer","","","",0,1,"","","","BackboneElement {[]} {[]}
","composer","The participation of an entity in the EHR.","","","","","","","","","",,,,,"",,,,"getehrextract.ehr_extract.all_compositions.composer",0,1,"","ele-1:All FHIR elements must have a @value or children {hasValue() or (children().count() > id.count())}
"
"getehrextract","getehrextract.ehr-extract.all-compositions.composer.id","getehrextract.ehr_extract.all_compositions.composer.id","","","",0,1,"","","","string {[]} {[]}
","Unique id for inter-element referencing","Unique id for the element within a resource (for internal references). This may be any string value that does not contain spaces.","","","","","","","","","",,,,,"",,,,"Element.id",0,1,"",""
"getehrextract","getehrextract.ehr-extract.all-compositions.composer.extension","getehrextract.ehr_extract.all_compositions.composer.extension","","extensions
user content","",0,*,"","","","Extension {[]} {[]}
","Additional content defined by implementations","May be used to represent additional information that is not part of the basic definition of the element. To make the use of extensions safe and manageable, there is a strict set of governance  applied to the definition and use of extensions. Though any implementer can define an extension, there is a set of requirements that SHALL be met as part of the definition of the extension.","There can be no stigma associated with the use of extensions by any application, project, or standard - regardless of the institution or jurisdiction that uses or defines the extensions.  The use of extensions is what allows the FHIR specification to retain a core level of simplicity for everyone.","","","","","","","","",,,,,"","value:url}
","Extensions are always sliced by (at least) url",,"open","Element.extension",0,*,"","ele-1:All FHIR elements must have a @value or children {hasValue() or (children().count() > id.count())}
ext-1:Must have either extensions or value[x], not both {extension.exists() != value.exists()}"
"getehrextract","getehrextract.ehr-extract.all-compositions.composer.modifierExtension","getehrextract.ehr_extract.all_compositions.composer.modifierExtension","","extensions
user contentmodifiers","",0,*,"","Y","Y","Extension {[]} {[]}
","Extensions that cannot be ignored even if unrecognized","May be used to represent additional information that is not part of the basic definition of the element and that modifies the understanding of the element in which it is contained and/or the understanding of the containing element's descendants. Usually modifier elements provide negation or qualification. To make the use of extensions safe and manageable, there is a strict set of governance applied to the definition and use of extensions. Though any implementer can define an extension, there is a set of requirements that SHALL be met as part of the definition of the extension. Applications processing a resource are required to check for modifier extensions.

Modifier extensions SHALL NOT change the meaning of any elements on Resource or DomainResource (including cannot change the meaning of modifierExtension itself).","There can be no stigma associated with the use of extensions by any application, project, or standard - regardless of the institution or jurisdiction that uses or defines the extensions.  The use of extensions is what allows the FHIR specification to retain a core level of simplicity for everyone.","Modifier extensions allow for extensions that *cannot* be safely ignored to be clearly distinguished from the vast majority of extensions which can be safely ignored.  This promotes interoperability by eliminating the need for implementers to prohibit the presence of extensions. For further information, see the [definition of modifier extensions](http://hl7.org/fhir/R4/extensibility.html#modifierExtension).","","","","","","","",,,,,"",,,,"BackboneElement.modifierExtension",0,*,"","ele-1:All FHIR elements must have a @value or children {hasValue() or (children().count() > id.count())}
ext-1:Must have either extensions or value[x], not both {extension.exists() != value.exists()}"
"getehrextract","getehrextract.ehr-extract.all-compositions.composer.function","getehrextract.ehr_extract.all_compositions.composer.function","","","",0,1,"","","","CodeableConcept {[]} {[]}
","function","function","","","","","","","","","",,,,,"",,,,"getehrextract.ehr_extract.all_compositions.composer.function",0,1,"",""
"getehrextract","getehrextract.ehr-extract.all-compositions.composer.healthcare-facility","getehrextract.ehr_extract.all_compositions.composer.healthcare_facility","","","",0,1,"","","","Identifier {[]} {[]}
","healthcare_facility","healthcare_facility","","","","","","","","","",,,,,"",,,,"getehrextract.ehr_extract.all_compositions.composer.healthcare_facility",0,1,"",""
"getehrextract","getehrextract.ehr-extract.all-compositions.composer.mode","getehrextract.ehr_extract.all_compositions.composer.mode","","","",0,1,"","","","code {[]} {[]}
","mode","mode","","","","","","","","","",,,,,"",,,,"getehrextract.ehr_extract.all_compositions.composer.mode",0,1,"",""
"getehrextract","getehrextract.ehr-extract.all-compositions.composer.performer","getehrextract.ehr_extract.all_compositions.composer.performer","","","",1,1,"","","","Identifier {[]} {[]}
","performer","performer","","","","","","","","","",,,,,"",,,,"getehrextract.ehr_extract.all_compositions.composer.performer",1,1,"",""
"getehrextract","getehrextract.ehr-extract.all-compositions.composer.service-setting","getehrextract.ehr_extract.all_compositions.composer.service_setting","","","",0,1,"","","","CodeableConcept {[]} {[]}
","service_setting","service_setting","","","","","","","","","",,,,,"",,,,"getehrextract.ehr_extract.all_compositions.composer.service_setting",0,1,"",""
"getehrextract","getehrextract.ehr-extract.all-compositions.content","getehrextract.ehr_extract.all_compositions.content","","","",0,*,"","","","BackboneElement {[]} {[]}
","content","Superclass of Section and Entry that enables the former to include instances of itself. Abstrakt typ; instansen anges med xsi:type som en av SECTION, ENTRY.","","","","","","","","","",,,,,"",,,,"getehrextract.ehr_extract.all_compositions.content",0,*,"","ele-1:All FHIR elements must have a @value or children {hasValue() or (children().count() > id.count())}
"
"getehrextract","getehrextract.ehr-extract.all-compositions.content.id","getehrextract.ehr_extract.all_compositions.content.id","","","",0,1,"","","","string {[]} {[]}
","Unique id for inter-element referencing","Unique id for the element within a resource (for internal references). This may be any string value that does not contain spaces.","","","","","","","","","",,,,,"",,,,"Element.id",0,1,"",""
"getehrextract","getehrextract.ehr-extract.all-compositions.content.extension","getehrextract.ehr_extract.all_compositions.content.extension","","extensions
user content","",0,*,"","","","Extension {[]} {[]}
","Additional content defined by implementations","May be used to represent additional information that is not part of the basic definition of the element. To make the use of extensions safe and manageable, there is a strict set of governance  applied to the definition and use of extensions. Though any implementer can define an extension, there is a set of requirements that SHALL be met as part of the definition of the extension.","There can be no stigma associated with the use of extensions by any application, project, or standard - regardless of the institution or jurisdiction that uses or defines the extensions.  The use of extensions is what allows the FHIR specification to retain a core level of simplicity for everyone.","","","","","","","","",,,,,"","value:url}
","Extensions are always sliced by (at least) url",,"open","Element.extension",0,*,"","ele-1:All FHIR elements must have a @value or children {hasValue() or (children().count() > id.count())}
ext-1:Must have either extensions or value[x], not both {extension.exists() != value.exists()}"
"getehrextract","getehrextract.ehr-extract.all-compositions.content.modifierExtension","getehrextract.ehr_extract.all_compositions.content.modifierExtension","","extensions
user contentmodifiers","",0,*,"","Y","Y","Extension {[]} {[]}
","Extensions that cannot be ignored even if unrecognized","May be used to represent additional information that is not part of the basic definition of the element and that modifies the understanding of the element in which it is contained and/or the understanding of the containing element's descendants. Usually modifier elements provide negation or qualification. To make the use of extensions safe and manageable, there is a strict set of governance applied to the definition and use of extensions. Though any implementer can define an extension, there is a set of requirements that SHALL be met as part of the definition of the extension. Applications processing a resource are required to check for modifier extensions.

Modifier extensions SHALL NOT change the meaning of any elements on Resource or DomainResource (including cannot change the meaning of modifierExtension itself).","There can be no stigma associated with the use of extensions by any application, project, or standard - regardless of the institution or jurisdiction that uses or defines the extensions.  The use of extensions is what allows the FHIR specification to retain a core level of simplicity for everyone.","Modifier extensions allow for extensions that *cannot* be safely ignored to be clearly distinguished from the vast majority of extensions which can be safely ignored.  This promotes interoperability by eliminating the need for implementers to prohibit the presence of extensions. For further information, see the [definition of modifier extensions](http://hl7.org/fhir/R4/extensibility.html#modifierExtension).","","","","","","","",,,,,"",,,,"BackboneElement.modifierExtension",0,*,"","ele-1:All FHIR elements must have a @value or children {hasValue() or (children().count() > id.count())}
ext-1:Must have either extensions or value[x], not both {extension.exists() != value.exists()}"
"getehrextract","getehrextract.ehr-extract.all-compositions.content.archetype-id","getehrextract.ehr_extract.all_compositions.content.archetype_id","","","",0,1,"","","","string {[]} {[]}
","archetype_id","archetype_id","","","","","","","","","",,,,,"",,,,"getehrextract.ehr_extract.all_compositions.content.archetype_id",0,1,"",""
"getehrextract","getehrextract.ehr-extract.all-compositions.content.meaning","getehrextract.ehr_extract.all_compositions.content.meaning","","","",0,1,"","","","CodeableConcept {[]} {[]}
","meaning","meaning","","","","","","","","","",,,,,"",,,,"getehrextract.ehr_extract.all_compositions.content.meaning",0,1,"",""
"getehrextract","getehrextract.ehr-extract.all-compositions.content.contentName","getehrextract.ehr_extract.all_compositions.content.contentName","","","",1,1,"","","","string {[]} {[]}
","contentName","contentName Heter name i schemat.","","","","","","","","","",,,,,"",,,,"getehrextract.ehr_extract.all_compositions.content.contentName",1,1,"",""
"getehrextract","getehrextract.ehr-extract.all-compositions.content.orig-parent-ref","getehrextract.ehr_extract.all_compositions.content.orig_parent_ref","","","",0,1,"","","","Identifier {[]} {[]}
","orig_parent_ref","orig_parent_ref","","","","","","","","","",,,,,"",,,,"getehrextract.ehr_extract.all_compositions.content.orig_parent_ref",0,1,"",""
"getehrextract","getehrextract.ehr-extract.all-compositions.content.policy-ids","getehrextract.ehr_extract.all_compositions.content.policy_ids","","","",0,*,"","","","Identifier {[]} {[]}
","policy_ids","policy_ids","","","","","","","","","",,,,,"",,,,"getehrextract.ehr_extract.all_compositions.content.policy_ids",0,*,"",""
"getehrextract","getehrextract.ehr-extract.all-compositions.content.rc-id","getehrextract.ehr_extract.all_compositions.content.rc_id","","","",1,1,"","","","Identifier {[]} {[]}
","rc_id","rc_id","","","","","","","","","",,,,,"",,,,"getehrextract.ehr_extract.all_compositions.content.rc_id",1,1,"",""
"getehrextract","getehrextract.ehr-extract.all-compositions.content.sensitivity","getehrextract.ehr_extract.all_compositions.content.sensitivity","","","",0,1,"","","","integer {[]} {[]}
","sensitivity","sensitivity","","","","","","","","","",,,,,"",,,,"getehrextract.ehr_extract.all_compositions.content.sensitivity",0,1,"",""
"getehrextract","getehrextract.ehr-extract.all-compositions.content.synthesised","getehrextract.ehr_extract.all_compositions.content.synthesised","","","",1,1,"","","","boolean {[]} {[]}
","synthesised","synthesised","","","","","","","","","",,,,,"",,,,"getehrextract.ehr_extract.all_compositions.content.synthesised",1,1,"",""
"getehrextract","getehrextract.ehr-extract.all-compositions.content.links","getehrextract.ehr_extract.all_compositions.content.links","","","",0,*,"","","","BackboneElement {[]} {[]}
","links","Creates a relationship between two Record Components that is orthogonal to the common one of containment. Note that if a recipient is not permitted to see the component linked to, even revealing the link constitutes an inappropriate disclosure. Role is of type CD so that the displayName property of that class can be used in place of any specific coding scheme.","","","","","","","","","",,,,,"",,,,"getehrextract.ehr_extract.all_compositions.content.links",0,*,"","ele-1:All FHIR elements must have a @value or children {hasValue() or (children().count() > id.count())}
"
"getehrextract","getehrextract.ehr-extract.all-compositions.content.links.id","getehrextract.ehr_extract.all_compositions.content.links.id","","","",0,1,"","","","string {[]} {[]}
","Unique id for inter-element referencing","Unique id for the element within a resource (for internal references). This may be any string value that does not contain spaces.","","","","","","","","","",,,,,"",,,,"Element.id",0,1,"",""
"getehrextract","getehrextract.ehr-extract.all-compositions.content.links.extension","getehrextract.ehr_extract.all_compositions.content.links.extension","","extensions
user content","",0,*,"","","","Extension {[]} {[]}
","Additional content defined by implementations","May be used to represent additional information that is not part of the basic definition of the element. To make the use of extensions safe and manageable, there is a strict set of governance  applied to the definition and use of extensions. Though any implementer can define an extension, there is a set of requirements that SHALL be met as part of the definition of the extension.","There can be no stigma associated with the use of extensions by any application, project, or standard - regardless of the institution or jurisdiction that uses or defines the extensions.  The use of extensions is what allows the FHIR specification to retain a core level of simplicity for everyone.","","","","","","","","",,,,,"","value:url}
","Extensions are always sliced by (at least) url",,"open","Element.extension",0,*,"","ele-1:All FHIR elements must have a @value or children {hasValue() or (children().count() > id.count())}
ext-1:Must have either extensions or value[x], not both {extension.exists() != value.exists()}"
"getehrextract","getehrextract.ehr-extract.all-compositions.content.links.modifierExtension","getehrextract.ehr_extract.all_compositions.content.links.modifierExtension","","extensions
user contentmodifiers","",0,*,"","Y","Y","Extension {[]} {[]}
","Extensions that cannot be ignored even if unrecognized","May be used to represent additional information that is not part of the basic definition of the element and that modifies the understanding of the element in which it is contained and/or the understanding of the containing element's descendants. Usually modifier elements provide negation or qualification. To make the use of extensions safe and manageable, there is a strict set of governance applied to the definition and use of extensions. Though any implementer can define an extension, there is a set of requirements that SHALL be met as part of the definition of the extension. Applications processing a resource are required to check for modifier extensions.

Modifier extensions SHALL NOT change the meaning of any elements on Resource or DomainResource (including cannot change the meaning of modifierExtension itself).","There can be no stigma associated with the use of extensions by any application, project, or standard - regardless of the institution or jurisdiction that uses or defines the extensions.  The use of extensions is what allows the FHIR specification to retain a core level of simplicity for everyone.","Modifier extensions allow for extensions that *cannot* be safely ignored to be clearly distinguished from the vast majority of extensions which can be safely ignored.  This promotes interoperability by eliminating the need for implementers to prohibit the presence of extensions. For further information, see the [definition of modifier extensions](http://hl7.org/fhir/R4/extensibility.html#modifierExtension).","","","","","","","",,,,,"",,,,"BackboneElement.modifierExtension",0,*,"","ele-1:All FHIR elements must have a @value or children {hasValue() or (children().count() > id.count())}
ext-1:Must have either extensions or value[x], not both {extension.exists() != value.exists()}"
"getehrextract","getehrextract.ehr-extract.all-compositions.content.links.follow-link","getehrextract.ehr_extract.all_compositions.content.links.follow_link","","","",1,1,"","","","boolean {[]} {[]}
","follow_link","follow_link","","","","","","","","","",,,,,"",,,,"getehrextract.ehr_extract.all_compositions.content.links.follow_link",1,1,"",""
"getehrextract","getehrextract.ehr-extract.all-compositions.content.links.nature","getehrextract.ehr_extract.all_compositions.content.links.nature","","","",1,1,"","","","code {[]} {[]}
","nature","nature","","","","","","","","","",,,,,"",,,,"getehrextract.ehr_extract.all_compositions.content.links.nature",1,1,"",""
"getehrextract","getehrextract.ehr-extract.all-compositions.content.links.role","getehrextract.ehr_extract.all_compositions.content.links.role","","","",0,1,"","","","CodeableConcept {[]} {[]}
","role","role","","","","","","","","","",,,,,"",,,,"getehrextract.ehr_extract.all_compositions.content.links.role",0,1,"",""
"getehrextract","getehrextract.ehr-extract.all-compositions.content.links.target-type","getehrextract.ehr_extract.all_compositions.content.links.target_type","","","",0,1,"","","","CodeableConcept {[]} {[]}
","target_type","target_type","","","","","","","","","",,,,,"",,,,"getehrextract.ehr_extract.all_compositions.content.links.target_type",0,1,"",""
"getehrextract","getehrextract.ehr-extract.all-compositions.content.links.target-id","getehrextract.ehr_extract.all_compositions.content.links.target_id","","","",1,*,"","","","Identifier {[]} {[]}
","target_id","target_id","","","","","","","","","",,,,,"",,,,"getehrextract.ehr_extract.all_compositions.content.links.target_id",1,*,"",""
"getehrextract","getehrextract.ehr-extract.all-compositions.content.feeder-audit","getehrextract.ehr_extract.all_compositions.content.feeder_audit","","","",0,1,"","","","BackboneElement {[]} {[]}
","feeder_audit","The committal and revision data for a Record Component. Note that the invariant is incorrectly stated as constraining ""attribute_version_status.coding_scheme_name"" in the printed standard.","","","","","","","","","",,,,,"",,,,"getehrextract.ehr_extract.all_compositions.content.feeder_audit",0,1,"","ele-1:All FHIR elements must have a @value or children {hasValue() or (children().count() > id.count())}
"
"getehrextract","getehrextract.ehr-extract.all-compositions.content.feeder-audit.id","getehrextract.ehr_extract.all_compositions.content.feeder_audit.id","","","",0,1,"","","","string {[]} {[]}
","Unique id for inter-element referencing","Unique id for the element within a resource (for internal references). This may be any string value that does not contain spaces.","","","","","","","","","",,,,,"",,,,"Element.id",0,1,"",""
"getehrextract","getehrextract.ehr-extract.all-compositions.content.feeder-audit.extension","getehrextract.ehr_extract.all_compositions.content.feeder_audit.extension","","extensions
user content","",0,*,"","","","Extension {[]} {[]}
","Additional content defined by implementations","May be used to represent additional information that is not part of the basic definition of the element. To make the use of extensions safe and manageable, there is a strict set of governance  applied to the definition and use of extensions. Though any implementer can define an extension, there is a set of requirements that SHALL be met as part of the definition of the extension.","There can be no stigma associated with the use of extensions by any application, project, or standard - regardless of the institution or jurisdiction that uses or defines the extensions.  The use of extensions is what allows the FHIR specification to retain a core level of simplicity for everyone.","","","","","","","","",,,,,"","value:url}
","Extensions are always sliced by (at least) url",,"open","Element.extension",0,*,"","ele-1:All FHIR elements must have a @value or children {hasValue() or (children().count() > id.count())}
ext-1:Must have either extensions or value[x], not both {extension.exists() != value.exists()}"
"getehrextract","getehrextract.ehr-extract.all-compositions.content.feeder-audit.modifierExtension","getehrextract.ehr_extract.all_compositions.content.feeder_audit.modifierExtension","","extensions
user contentmodifiers","",0,*,"","Y","Y","Extension {[]} {[]}
","Extensions that cannot be ignored even if unrecognized","May be used to represent additional information that is not part of the basic definition of the element and that modifies the understanding of the element in which it is contained and/or the understanding of the containing element's descendants. Usually modifier elements provide negation or qualification. To make the use of extensions safe and manageable, there is a strict set of governance applied to the definition and use of extensions. Though any implementer can define an extension, there is a set of requirements that SHALL be met as part of the definition of the extension. Applications processing a resource are required to check for modifier extensions.

Modifier extensions SHALL NOT change the meaning of any elements on Resource or DomainResource (including cannot change the meaning of modifierExtension itself).","There can be no stigma associated with the use of extensions by any application, project, or standard - regardless of the institution or jurisdiction that uses or defines the extensions.  The use of extensions is what allows the FHIR specification to retain a core level of simplicity for everyone.","Modifier extensions allow for extensions that *cannot* be safely ignored to be clearly distinguished from the vast majority of extensions which can be safely ignored.  This promotes interoperability by eliminating the need for implementers to prohibit the presence of extensions. For further information, see the [definition of modifier extensions](http://hl7.org/fhir/R4/extensibility.html#modifierExtension).","","","","","","","",,,,,"",,,,"BackboneElement.modifierExtension",0,*,"","ele-1:All FHIR elements must have a @value or children {hasValue() or (children().count() > id.count())}
ext-1:Must have either extensions or value[x], not both {extension.exists() != value.exists()}"
"getehrextract","getehrextract.ehr-extract.all-compositions.content.feeder-audit.committer","getehrextract.ehr_extract.all_compositions.content.feeder_audit.committer","","","",1,1,"","","","Identifier {[]} {[]}
","committer","committer","","","","","","","","","",,,,,"",,,,"getehrextract.ehr_extract.all_compositions.content.feeder_audit.committer",1,1,"",""
"getehrextract","getehrextract.ehr-extract.all-compositions.content.feeder-audit.ehr-system","getehrextract.ehr_extract.all_compositions.content.feeder_audit.ehr_system","","","",1,1,"","","","Identifier {[]} {[]}
","ehr_system","ehr_system","","","","","","","","","",,,,,"",,,,"getehrextract.ehr_extract.all_compositions.content.feeder_audit.ehr_system",1,1,"",""
"getehrextract","getehrextract.ehr-extract.all-compositions.content.feeder-audit.previous-version","getehrextract.ehr_extract.all_compositions.content.feeder_audit.previous_version","","","",0,1,"","","","Identifier {[]} {[]}
","previous_version","previous_version","","","","","","","","","",,,,,"",,,,"getehrextract.ehr_extract.all_compositions.content.feeder_audit.previous_version",0,1,"",""
"getehrextract","getehrextract.ehr-extract.all-compositions.content.feeder-audit.reason-for-revision","getehrextract.ehr_extract.all_compositions.content.feeder_audit.reason_for_revision","","","",0,1,"","","","CodeableConcept {[]} {[]}
","reason_for_revision","reason_for_revision","","","","","","","","","",,,,,"",,,,"getehrextract.ehr_extract.all_compositions.content.feeder_audit.reason_for_revision",0,1,"",""
"getehrextract","getehrextract.ehr-extract.all-compositions.content.feeder-audit.time-committed","getehrextract.ehr_extract.all_compositions.content.feeder_audit.time_committed","","","",1,1,"","","","dateTime {[]} {[]}
","time_committed","time_committed","","","","","","","","","",,,,,"",,,,"getehrextract.ehr_extract.all_compositions.content.feeder_audit.time_committed",1,1,"",""
"getehrextract","getehrextract.ehr-extract.all-compositions.content.feeder-audit.version-set-id","getehrextract.ehr_extract.all_compositions.content.feeder_audit.version_set_id","","","",0,1,"","","","Identifier {[]} {[]}
","version_set_id","version_set_id","","","","","","","","","",,,,,"",,,,"getehrextract.ehr_extract.all_compositions.content.feeder_audit.version_set_id",0,1,"",""
"getehrextract","getehrextract.ehr-extract.all-compositions.content.feeder-audit.version-status","getehrextract.ehr_extract.all_compositions.content.feeder_audit.version_status","","","",0,1,"","","","code {[]} {[]}
","version_status","version_status","","","","","","","","","",,,,,"",,,,"getehrextract.ehr_extract.all_compositions.content.feeder_audit.version_status",0,1,"",""
"getehrextract","getehrextract.ehr-extract.all-compositions.content.section","getehrextract.ehr_extract.all_compositions.content.section","","","",0,1,"","","","BackboneElement {[]} {[]}
","section","Element som bara finns när instansen är av subtypen SECTION (xsi:type).","","","","","","","","","",,,,,"",,,,"getehrextract.ehr_extract.all_compositions.content.section",0,1,"","ele-1:All FHIR elements must have a @value or children {hasValue() or (children().count() > id.count())}
"
"getehrextract","getehrextract.ehr-extract.all-compositions.content.section.id","getehrextract.ehr_extract.all_compositions.content.section.id","","","",0,1,"","","","string {[]} {[]}
","Unique id for inter-element referencing","Unique id for the element within a resource (for internal references). This may be any string value that does not contain spaces.","","","","","","","","","",,,,,"",,,,"Element.id",0,1,"",""
"getehrextract","getehrextract.ehr-extract.all-compositions.content.section.extension","getehrextract.ehr_extract.all_compositions.content.section.extension","","extensions
user content","",0,*,"","","","Extension {[]} {[]}
","Additional content defined by implementations","May be used to represent additional information that is not part of the basic definition of the element. To make the use of extensions safe and manageable, there is a strict set of governance  applied to the definition and use of extensions. Though any implementer can define an extension, there is a set of requirements that SHALL be met as part of the definition of the extension.","There can be no stigma associated with the use of extensions by any application, project, or standard - regardless of the institution or jurisdiction that uses or defines the extensions.  The use of extensions is what allows the FHIR specification to retain a core level of simplicity for everyone.","","","","","","","","",,,,,"","value:url}
","Extensions are always sliced by (at least) url",,"open","Element.extension",0,*,"","ele-1:All FHIR elements must have a @value or children {hasValue() or (children().count() > id.count())}
ext-1:Must have either extensions or value[x], not both {extension.exists() != value.exists()}"
"getehrextract","getehrextract.ehr-extract.all-compositions.content.section.modifierExtension","getehrextract.ehr_extract.all_compositions.content.section.modifierExtension","","extensions
user contentmodifiers","",0,*,"","Y","Y","Extension {[]} {[]}
","Extensions that cannot be ignored even if unrecognized","May be used to represent additional information that is not part of the basic definition of the element and that modifies the understanding of the element in which it is contained and/or the understanding of the containing element's descendants. Usually modifier elements provide negation or qualification. To make the use of extensions safe and manageable, there is a strict set of governance applied to the definition and use of extensions. Though any implementer can define an extension, there is a set of requirements that SHALL be met as part of the definition of the extension. Applications processing a resource are required to check for modifier extensions.

Modifier extensions SHALL NOT change the meaning of any elements on Resource or DomainResource (including cannot change the meaning of modifierExtension itself).","There can be no stigma associated with the use of extensions by any application, project, or standard - regardless of the institution or jurisdiction that uses or defines the extensions.  The use of extensions is what allows the FHIR specification to retain a core level of simplicity for everyone.","Modifier extensions allow for extensions that *cannot* be safely ignored to be clearly distinguished from the vast majority of extensions which can be safely ignored.  This promotes interoperability by eliminating the need for implementers to prohibit the presence of extensions. For further information, see the [definition of modifier extensions](http://hl7.org/fhir/R4/extensibility.html#modifierExtension).","","","","","","","",,,,,"",,,,"BackboneElement.modifierExtension",0,*,"","ele-1:All FHIR elements must have a @value or children {hasValue() or (children().count() > id.count())}
ext-1:Must have either extensions or value[x], not both {extension.exists() != value.exists()}"
"getehrextract","getehrextract.ehr-extract.all-compositions.content.section.members","getehrextract.ehr_extract.all_compositions.content.section.members","","","",0,*,"","","","string {[]} {[]}
","members"," (Rekursiv typ, ej utvecklad.)","","","","","","","","","",,,,,"",,,,"getehrextract.ehr_extract.all_compositions.content.section.members",0,*,"",""
"getehrextract","getehrextract.ehr-extract.all-compositions.content.entry","getehrextract.ehr_extract.all_compositions.content.entry","","","",0,1,"","","","BackboneElement {[]} {[]}
","entry","Element som bara finns när instansen är av subtypen ENTRY (xsi:type).","","","","","","","","","",,,,,"",,,,"getehrextract.ehr_extract.all_compositions.content.entry",0,1,"","ele-1:All FHIR elements must have a @value or children {hasValue() or (children().count() > id.count())}
"
"getehrextract","getehrextract.ehr-extract.all-compositions.content.entry.id","getehrextract.ehr_extract.all_compositions.content.entry.id","","","",0,1,"","","","string {[]} {[]}
","Unique id for inter-element referencing","Unique id for the element within a resource (for internal references). This may be any string value that does not contain spaces.","","","","","","","","","",,,,,"",,,,"Element.id",0,1,"",""
"getehrextract","getehrextract.ehr-extract.all-compositions.content.entry.extension","getehrextract.ehr_extract.all_compositions.content.entry.extension","","extensions
user content","",0,*,"","","","Extension {[]} {[]}
","Additional content defined by implementations","May be used to represent additional information that is not part of the basic definition of the element. To make the use of extensions safe and manageable, there is a strict set of governance  applied to the definition and use of extensions. Though any implementer can define an extension, there is a set of requirements that SHALL be met as part of the definition of the extension.","There can be no stigma associated with the use of extensions by any application, project, or standard - regardless of the institution or jurisdiction that uses or defines the extensions.  The use of extensions is what allows the FHIR specification to retain a core level of simplicity for everyone.","","","","","","","","",,,,,"","value:url}
","Extensions are always sliced by (at least) url",,"open","Element.extension",0,*,"","ele-1:All FHIR elements must have a @value or children {hasValue() or (children().count() > id.count())}
ext-1:Must have either extensions or value[x], not both {extension.exists() != value.exists()}"
"getehrextract","getehrextract.ehr-extract.all-compositions.content.entry.modifierExtension","getehrextract.ehr_extract.all_compositions.content.entry.modifierExtension","","extensions
user contentmodifiers","",0,*,"","Y","Y","Extension {[]} {[]}
","Extensions that cannot be ignored even if unrecognized","May be used to represent additional information that is not part of the basic definition of the element and that modifies the understanding of the element in which it is contained and/or the understanding of the containing element's descendants. Usually modifier elements provide negation or qualification. To make the use of extensions safe and manageable, there is a strict set of governance applied to the definition and use of extensions. Though any implementer can define an extension, there is a set of requirements that SHALL be met as part of the definition of the extension. Applications processing a resource are required to check for modifier extensions.

Modifier extensions SHALL NOT change the meaning of any elements on Resource or DomainResource (including cannot change the meaning of modifierExtension itself).","There can be no stigma associated with the use of extensions by any application, project, or standard - regardless of the institution or jurisdiction that uses or defines the extensions.  The use of extensions is what allows the FHIR specification to retain a core level of simplicity for everyone.","Modifier extensions allow for extensions that *cannot* be safely ignored to be clearly distinguished from the vast majority of extensions which can be safely ignored.  This promotes interoperability by eliminating the need for implementers to prohibit the presence of extensions. For further information, see the [definition of modifier extensions](http://hl7.org/fhir/R4/extensibility.html#modifierExtension).","","","","","","","",,,,,"",,,,"BackboneElement.modifierExtension",0,*,"","ele-1:All FHIR elements must have a @value or children {hasValue() or (children().count() > id.count())}
ext-1:Must have either extensions or value[x], not both {extension.exists() != value.exists()}"
"getehrextract","getehrextract.ehr-extract.all-compositions.content.entry.act-id","getehrextract.ehr_extract.all_compositions.content.entry.act_id","","","",0,1,"","","","string {[]} {[]}
","act_id","act_id","","","","","","","","","",,,,,"",,,,"getehrextract.ehr_extract.all_compositions.content.entry.act_id",0,1,"",""
"getehrextract","getehrextract.ehr-extract.all-compositions.content.entry.act-status","getehrextract.ehr_extract.all_compositions.content.entry.act_status","","","",0,1,"","","","code {[]} {[]}
","act_status","act_status","","","","","","","","","",,,,,"",,,,"getehrextract.ehr_extract.all_compositions.content.entry.act_status",0,1,"",""
"getehrextract","getehrextract.ehr-extract.all-compositions.content.entry.subject-of-information-category","getehrextract.ehr_extract.all_compositions.content.entry.subject_of_information_category","","","",0,1,"","","","code {[]} {[]}
","subject_of_information_category","subject_of_information_category","","","","","","","","","",,,,,"",,,,"getehrextract.ehr_extract.all_compositions.content.entry.subject_of_information_category",0,1,"",""
"getehrextract","getehrextract.ehr-extract.all-compositions.content.entry.uncertainty-expressed","getehrextract.ehr_extract.all_compositions.content.entry.uncertainty_expressed","","","",1,1,"","","","boolean {[]} {[]}
","uncertainty_expressed","uncertainty_expressed","","","","","","","","","",,,,,"",,,,"getehrextract.ehr_extract.all_compositions.content.entry.uncertainty_expressed",1,1,"",""
"getehrextract","getehrextract.ehr-extract.all-compositions.content.entry.items","getehrextract.ehr_extract.all_compositions.content.entry.items","","","",0,*,"","","","BackboneElement {[]} {[]}
","items","Superclass of Cluster and Element that enables the former to include instances of itself. The obs_time should be a restriction on the data types of low and high to make them TS, but this restriction is not permissible in XML Schema and thus the IVL properties are simply copied here with the appropriate types. Abstrakt typ; instansen anges med xsi:type som en av CLUSTER, ELEMENT.","","","","","","","","","",,,,,"",,,,"getehrextract.ehr_extract.all_compositions.content.entry.items",0,*,"","ele-1:All FHIR elements must have a @value or children {hasValue() or (children().count() > id.count())}
"
"getehrextract","getehrextract.ehr-extract.all-compositions.content.entry.items.id","getehrextract.ehr_extract.all_compositions.content.entry.items.id","","","",0,1,"","","","string {[]} {[]}
","Unique id for inter-element referencing","Unique id for the element within a resource (for internal references). This may be any string value that does not contain spaces.","","","","","","","","","",,,,,"",,,,"Element.id",0,1,"",""
"getehrextract","getehrextract.ehr-extract.all-compositions.content.entry.items.extension","getehrextract.ehr_extract.all_compositions.content.entry.items.extension","","extensions
user content","",0,*,"","","","Extension {[]} {[]}
","Additional content defined by implementations","May be used to represent additional information that is not part of the basic definition of the element. To make the use of extensions safe and manageable, there is a strict set of governance  applied to the definition and use of extensions. Though any implementer can define an extension, there is a set of requirements that SHALL be met as part of the definition of the extension.","There can be no stigma associated with the use of extensions by any application, project, or standard - regardless of the institution or jurisdiction that uses or defines the extensions.  The use of extensions is what allows the FHIR specification to retain a core level of simplicity for everyone.","","","","","","","","",,,,,"","value:url}
","Extensions are always sliced by (at least) url",,"open","Element.extension",0,*,"","ele-1:All FHIR elements must have a @value or children {hasValue() or (children().count() > id.count())}
ext-1:Must have either extensions or value[x], not both {extension.exists() != value.exists()}"
"getehrextract","getehrextract.ehr-extract.all-compositions.content.entry.items.modifierExtension","getehrextract.ehr_extract.all_compositions.content.entry.items.modifierExtension","","extensions
user contentmodifiers","",0,*,"","Y","Y","Extension {[]} {[]}
","Extensions that cannot be ignored even if unrecognized","May be used to represent additional information that is not part of the basic definition of the element and that modifies the understanding of the element in which it is contained and/or the understanding of the containing element's descendants. Usually modifier elements provide negation or qualification. To make the use of extensions safe and manageable, there is a strict set of governance applied to the definition and use of extensions. Though any implementer can define an extension, there is a set of requirements that SHALL be met as part of the definition of the extension. Applications processing a resource are required to check for modifier extensions.

Modifier extensions SHALL NOT change the meaning of any elements on Resource or DomainResource (including cannot change the meaning of modifierExtension itself).","There can be no stigma associated with the use of extensions by any application, project, or standard - regardless of the institution or jurisdiction that uses or defines the extensions.  The use of extensions is what allows the FHIR specification to retain a core level of simplicity for everyone.","Modifier extensions allow for extensions that *cannot* be safely ignored to be clearly distinguished from the vast majority of extensions which can be safely ignored.  This promotes interoperability by eliminating the need for implementers to prohibit the presence of extensions. For further information, see the [definition of modifier extensions](http://hl7.org/fhir/R4/extensibility.html#modifierExtension).","","","","","","","",,,,,"",,,,"BackboneElement.modifierExtension",0,*,"","ele-1:All FHIR elements must have a @value or children {hasValue() or (children().count() > id.count())}
ext-1:Must have either extensions or value[x], not both {extension.exists() != value.exists()}"
"getehrextract","getehrextract.ehr-extract.all-compositions.content.entry.items.archetype-id","getehrextract.ehr_extract.all_compositions.content.entry.items.archetype_id","","","",0,1,"","","","string {[]} {[]}
","archetype_id","archetype_id","","","","","","","","","",,,,,"",,,,"getehrextract.ehr_extract.all_compositions.content.entry.items.archetype_id",0,1,"",""
"getehrextract","getehrextract.ehr-extract.all-compositions.content.entry.items.meaning","getehrextract.ehr_extract.all_compositions.content.entry.items.meaning","","","",0,1,"","","","CodeableConcept {[]} {[]}
","meaning","meaning","","","","","","","","","",,,,,"",,,,"getehrextract.ehr_extract.all_compositions.content.entry.items.meaning",0,1,"",""
"getehrextract","getehrextract.ehr-extract.all-compositions.content.entry.items.itemName","getehrextract.ehr_extract.all_compositions.content.entry.items.itemName","","","",1,1,"","","","string {[]} {[]}
","itemName","itemName Heter name i schemat.","","","","","","","","","",,,,,"",,,,"getehrextract.ehr_extract.all_compositions.content.entry.items.itemName",1,1,"",""
"getehrextract","getehrextract.ehr-extract.all-compositions.content.entry.items.orig-parent-ref","getehrextract.ehr_extract.all_compositions.content.entry.items.orig_parent_ref","","","",0,1,"","","","Identifier {[]} {[]}
","orig_parent_ref","orig_parent_ref","","","","","","","","","",,,,,"",,,,"getehrextract.ehr_extract.all_compositions.content.entry.items.orig_parent_ref",0,1,"",""
"getehrextract","getehrextract.ehr-extract.all-compositions.content.entry.items.policy-ids","getehrextract.ehr_extract.all_compositions.content.entry.items.policy_ids","","","",0,*,"","","","Identifier {[]} {[]}
","policy_ids","policy_ids","","","","","","","","","",,,,,"",,,,"getehrextract.ehr_extract.all_compositions.content.entry.items.policy_ids",0,*,"",""
"getehrextract","getehrextract.ehr-extract.all-compositions.content.entry.items.rc-id","getehrextract.ehr_extract.all_compositions.content.entry.items.rc_id","","","",1,1,"","","","Identifier {[]} {[]}
","rc_id","rc_id","","","","","","","","","",,,,,"",,,,"getehrextract.ehr_extract.all_compositions.content.entry.items.rc_id",1,1,"",""
"getehrextract","getehrextract.ehr-extract.all-compositions.content.entry.items.sensitivity","getehrextract.ehr_extract.all_compositions.content.entry.items.sensitivity","","","",0,1,"","","","integer {[]} {[]}
","sensitivity","sensitivity","","","","","","","","","",,,,,"",,,,"getehrextract.ehr_extract.all_compositions.content.entry.items.sensitivity",0,1,"",""
"getehrextract","getehrextract.ehr-extract.all-compositions.content.entry.items.synthesised","getehrextract.ehr_extract.all_compositions.content.entry.items.synthesised","","","",1,1,"","","","boolean {[]} {[]}
","synthesised","synthesised","","","","","","","","","",,,,,"",,,,"getehrextract.ehr_extract.all_compositions.content.entry.items.synthesised",1,1,"",""
"getehrextract","getehrextract.ehr-extract.all-compositions.content.entry.items.links","getehrextract.ehr_extract.all_compositions.content.entry.items.links","","","",0,*,"","","","BackboneElement {[]} {[]}
","links","Creates a relationship between two Record Components that is orthogonal to the common one of containment. Note that if a recipient is not permitted to see the component linked to, even revealing the link constitutes an inappropriate disclosure. Role is of type CD so that the displayName property of that class can be used in place of any specific coding scheme.","","","","","","","","","",,,,,"",,,,"getehrextract.ehr_extract.all_compositions.content.entry.items.links",0,*,"","ele-1:All FHIR elements must have a @value or children {hasValue() or (children().count() > id.count())}
"
"getehrextract","getehrextract.ehr-extract.all-compositions.content.entry.items.links.id","getehrextract.ehr_extract.all_compositions.content.entry.items.links.id","","","",0,1,"","","","string {[]} {[]}
","Unique id for inter-element referencing","Unique id for the element within a resource (for internal references). This may be any string value that does not contain spaces.","","","","","","","","","",,,,,"",,,,"Element.id",0,1,"",""
"getehrextract","getehrextract.ehr-extract.all-compositions.content.entry.items.links.extension","getehrextract.ehr_extract.all_compositions.content.entry.items.links.extension","","extensions
user content","",0,*,"","","","Extension {[]} {[]}
","Additional content defined by implementations","May be used to represent additional information that is not part of the basic definition of the element. To make the use of extensions safe and manageable, there is a strict set of governance  applied to the definition and use of extensions. Though any implementer can define an extension, there is a set of requirements that SHALL be met as part of the definition of the extension.","There can be no stigma associated with the use of extensions by any application, project, or standard - regardless of the institution or jurisdiction that uses or defines the extensions.  The use of extensions is what allows the FHIR specification to retain a core level of simplicity for everyone.","","","","","","","","",,,,,"","value:url}
","Extensions are always sliced by (at least) url",,"open","Element.extension",0,*,"","ele-1:All FHIR elements must have a @value or children {hasValue() or (children().count() > id.count())}
ext-1:Must have either extensions or value[x], not both {extension.exists() != value.exists()}"
"getehrextract","getehrextract.ehr-extract.all-compositions.content.entry.items.links.modifierExtension","getehrextract.ehr_extract.all_compositions.content.entry.items.links.modifierExtension","","extensions
user contentmodifiers","",0,*,"","Y","Y","Extension {[]} {[]}
","Extensions that cannot be ignored even if unrecognized","May be used to represent additional information that is not part of the basic definition of the element and that modifies the understanding of the element in which it is contained and/or the understanding of the containing element's descendants. Usually modifier elements provide negation or qualification. To make the use of extensions safe and manageable, there is a strict set of governance applied to the definition and use of extensions. Though any implementer can define an extension, there is a set of requirements that SHALL be met as part of the definition of the extension. Applications processing a resource are required to check for modifier extensions.

Modifier extensions SHALL NOT change the meaning of any elements on Resource or DomainResource (including cannot change the meaning of modifierExtension itself).","There can be no stigma associated with the use of extensions by any application, project, or standard - regardless of the institution or jurisdiction that uses or defines the extensions.  The use of extensions is what allows the FHIR specification to retain a core level of simplicity for everyone.","Modifier extensions allow for extensions that *cannot* be safely ignored to be clearly distinguished from the vast majority of extensions which can be safely ignored.  This promotes interoperability by eliminating the need for implementers to prohibit the presence of extensions. For further information, see the [definition of modifier extensions](http://hl7.org/fhir/R4/extensibility.html#modifierExtension).","","","","","","","",,,,,"",,,,"BackboneElement.modifierExtension",0,*,"","ele-1:All FHIR elements must have a @value or children {hasValue() or (children().count() > id.count())}
ext-1:Must have either extensions or value[x], not both {extension.exists() != value.exists()}"
"getehrextract","getehrextract.ehr-extract.all-compositions.content.entry.items.links.follow-link","getehrextract.ehr_extract.all_compositions.content.entry.items.links.follow_link","","","",1,1,"","","","boolean {[]} {[]}
","follow_link","follow_link","","","","","","","","","",,,,,"",,,,"getehrextract.ehr_extract.all_compositions.content.entry.items.links.follow_link",1,1,"",""
"getehrextract","getehrextract.ehr-extract.all-compositions.content.entry.items.links.nature","getehrextract.ehr_extract.all_compositions.content.entry.items.links.nature","","","",1,1,"","","","code {[]} {[]}
","nature","nature","","","","","","","","","",,,,,"",,,,"getehrextract.ehr_extract.all_compositions.content.entry.items.links.nature",1,1,"",""
"getehrextract","getehrextract.ehr-extract.all-compositions.content.entry.items.links.role","getehrextract.ehr_extract.all_compositions.content.entry.items.links.role","","","",0,1,"","","","CodeableConcept {[]} {[]}
","role","role","","","","","","","","","",,,,,"",,,,"getehrextract.ehr_extract.all_compositions.content.entry.items.links.role",0,1,"",""
"getehrextract","getehrextract.ehr-extract.all-compositions.content.entry.items.links.target-type","getehrextract.ehr_extract.all_compositions.content.entry.items.links.target_type","","","",0,1,"","","","CodeableConcept {[]} {[]}
","target_type","target_type","","","","","","","","","",,,,,"",,,,"getehrextract.ehr_extract.all_compositions.content.entry.items.links.target_type",0,1,"",""
"getehrextract","getehrextract.ehr-extract.all-compositions.content.entry.items.links.target-id","getehrextract.ehr_extract.all_compositions.content.entry.items.links.target_id","","","",1,*,"","","","Identifier {[]} {[]}
","target_id","target_id","","","","","","","","","",,,,,"",,,,"getehrextract.ehr_extract.all_compositions.content.entry.items.links.target_id",1,*,"",""
"getehrextract","getehrextract.ehr-extract.all-compositions.content.entry.items.feeder-audit","getehrextract.ehr_extract.all_compositions.content.entry.items.feeder_audit","","","",0,1,"","","","BackboneElement {[]} {[]}
","feeder_audit","The committal and revision data for a Record Component. Note that the invariant is incorrectly stated as constraining ""attribute_version_status.coding_scheme_name"" in the printed standard.","","","","","","","","","",,,,,"",,,,"getehrextract.ehr_extract.all_compositions.content.entry.items.feeder_audit",0,1,"","ele-1:All FHIR elements must have a @value or children {hasValue() or (children().count() > id.count())}
"
"getehrextract","getehrextract.ehr-extract.all-compositions.content.entry.items.feeder-audit.id","getehrextract.ehr_extract.all_compositions.content.entry.items.feeder_audit.id","","","",0,1,"","","","string {[]} {[]}
","Unique id for inter-element referencing","Unique id for the element within a resource (for internal references). This may be any string value that does not contain spaces.","","","","","","","","","",,,,,"",,,,"Element.id",0,1,"",""
"getehrextract","getehrextract.ehr-extract.all-compositions.content.entry.items.feeder-audit.extension","getehrextract.ehr_extract.all_compositions.content.entry.items.feeder_audit.extension","","extensions
user content","",0,*,"","","","Extension {[]} {[]}
","Additional content defined by implementations","May be used to represent additional information that is not part of the basic definition of the element. To make the use of extensions safe and manageable, there is a strict set of governance  applied to the definition and use of extensions. Though any implementer can define an extension, there is a set of requirements that SHALL be met as part of the definition of the extension.","There can be no stigma associated with the use of extensions by any application, project, or standard - regardless of the institution or jurisdiction that uses or defines the extensions.  The use of extensions is what allows the FHIR specification to retain a core level of simplicity for everyone.","","","","","","","","",,,,,"","value:url}
","Extensions are always sliced by (at least) url",,"open","Element.extension",0,*,"","ele-1:All FHIR elements must have a @value or children {hasValue() or (children().count() > id.count())}
ext-1:Must have either extensions or value[x], not both {extension.exists() != value.exists()}"
"getehrextract","getehrextract.ehr-extract.all-compositions.content.entry.items.feeder-audit.modifierExtension","getehrextract.ehr_extract.all_compositions.content.entry.items.feeder_audit.modifierExtension","","extensions
user contentmodifiers","",0,*,"","Y","Y","Extension {[]} {[]}
","Extensions that cannot be ignored even if unrecognized","May be used to represent additional information that is not part of the basic definition of the element and that modifies the understanding of the element in which it is contained and/or the understanding of the containing element's descendants. Usually modifier elements provide negation or qualification. To make the use of extensions safe and manageable, there is a strict set of governance applied to the definition and use of extensions. Though any implementer can define an extension, there is a set of requirements that SHALL be met as part of the definition of the extension. Applications processing a resource are required to check for modifier extensions.

Modifier extensions SHALL NOT change the meaning of any elements on Resource or DomainResource (including cannot change the meaning of modifierExtension itself).","There can be no stigma associated with the use of extensions by any application, project, or standard - regardless of the institution or jurisdiction that uses or defines the extensions.  The use of extensions is what allows the FHIR specification to retain a core level of simplicity for everyone.","Modifier extensions allow for extensions that *cannot* be safely ignored to be clearly distinguished from the vast majority of extensions which can be safely ignored.  This promotes interoperability by eliminating the need for implementers to prohibit the presence of extensions. For further information, see the [definition of modifier extensions](http://hl7.org/fhir/R4/extensibility.html#modifierExtension).","","","","","","","",,,,,"",,,,"BackboneElement.modifierExtension",0,*,"","ele-1:All FHIR elements must have a @value or children {hasValue() or (children().count() > id.count())}
ext-1:Must have either extensions or value[x], not both {extension.exists() != value.exists()}"
"getehrextract","getehrextract.ehr-extract.all-compositions.content.entry.items.feeder-audit.committer","getehrextract.ehr_extract.all_compositions.content.entry.items.feeder_audit.committer","","","",1,1,"","","","Identifier {[]} {[]}
","committer","committer","","","","","","","","","",,,,,"",,,,"getehrextract.ehr_extract.all_compositions.content.entry.items.feeder_audit.committer",1,1,"",""
"getehrextract","getehrextract.ehr-extract.all-compositions.content.entry.items.feeder-audit.ehr-system","getehrextract.ehr_extract.all_compositions.content.entry.items.feeder_audit.ehr_system","","","",1,1,"","","","Identifier {[]} {[]}
","ehr_system","ehr_system","","","","","","","","","",,,,,"",,,,"getehrextract.ehr_extract.all_compositions.content.entry.items.feeder_audit.ehr_system",1,1,"",""
"getehrextract","getehrextract.ehr-extract.all-compositions.content.entry.items.feeder-audit.previous-version","getehrextract.ehr_extract.all_compositions.content.entry.items.feeder_audit.previous_version","","","",0,1,"","","","Identifier {[]} {[]}
","previous_version","previous_version","","","","","","","","","",,,,,"",,,,"getehrextract.ehr_extract.all_compositions.content.entry.items.feeder_audit.previous_version",0,1,"",""
"getehrextract","getehrextract.ehr-extract.all-compositions.content.entry.items.feeder-audit.reason-for-revision","getehrextract.ehr_extract.all_compositions.content.entry.items.feeder_audit.reason_for_revision","","","",0,1,"","","","CodeableConcept {[]} {[]}
","reason_for_revision","reason_for_revision","","","","","","","","","",,,,,"",,,,"getehrextract.ehr_extract.all_compositions.content.entry.items.feeder_audit.reason_for_revision",0,1,"",""
"getehrextract","getehrextract.ehr-extract.all-compositions.content.entry.items.feeder-audit.time-committed","getehrextract.ehr_extract.all_compositions.content.entry.items.feeder_audit.time_committed","","","",1,1,"","","","dateTime {[]} {[]}
","time_committed","time_committed","","","","","","","","","",,,,,"",,,,"getehrextract.ehr_extract.all_compositions.content.entry.items.feeder_audit.time_committed",1,1,"",""
"getehrextract","getehrextract.ehr-extract.all-compositions.content.entry.items.feeder-audit.version-set-id","getehrextract.ehr_extract.all_compositions.content.entry.items.feeder_audit.version_set_id","","","",0,1,"","","","Identifier {[]} {[]}
","version_set_id","version_set_id","","","","","","","","","",,,,,"",,,,"getehrextract.ehr_extract.all_compositions.content.entry.items.feeder_audit.version_set_id",0,1,"",""
"getehrextract","getehrextract.ehr-extract.all-compositions.content.entry.items.feeder-audit.version-status","getehrextract.ehr_extract.all_compositions.content.entry.items.feeder_audit.version_status","","","",0,1,"","","","code {[]} {[]}
","version_status","version_status","","","","","","","","","",,,,,"",,,,"getehrextract.ehr_extract.all_compositions.content.entry.items.feeder_audit.version_status",0,1,"",""
"getehrextract","getehrextract.ehr-extract.all-compositions.content.entry.items.emphasis","getehrextract.ehr_extract.all_compositions.content.entry.items.emphasis","","","",0,1,"","","","CodeableConcept {[]} {[]}
","emphasis","emphasis","","","","","","","","","",,,,,"",,,,"getehrextract.ehr_extract.all_compositions.content.entry.items.emphasis",0,1,"",""
"getehrextract","getehrextract.ehr-extract.all-compositions.content.entry.items.item-category","getehrextract.ehr_extract.all_compositions.content.entry.items.item_category","","","",0,1,"","","","code {[]} {[]}
","item_category","item_category","","","","","","","","","",,,,,"",,,,"getehrextract.ehr_extract.all_compositions.content.entry.items.item_category",0,1,"",""
"getehrextract","getehrextract.ehr-extract.all-compositions.content.entry.items.obs-time","getehrextract.ehr_extract.all_compositions.content.entry.items.obs_time","","","",0,1,"","","","Period {[]} {[]}
","obs_time","obs_time","","","","","","","","","",,,,,"",,,,"getehrextract.ehr_extract.all_compositions.content.entry.items.obs_time",0,1,"",""
"getehrextract","getehrextract.ehr-extract.all-compositions.content.entry.items.cluster","getehrextract.ehr_extract.all_compositions.content.entry.items.cluster","","","",0,1,"","","","BackboneElement {[]} {[]}
","cluster","Element som bara finns när instansen är av subtypen CLUSTER (xsi:type).","","","","","","","","","",,,,,"",,,,"getehrextract.ehr_extract.all_compositions.content.entry.items.cluster",0,1,"","ele-1:All FHIR elements must have a @value or children {hasValue() or (children().count() > id.count())}
"
"getehrextract","getehrextract.ehr-extract.all-compositions.content.entry.items.cluster.id","getehrextract.ehr_extract.all_compositions.content.entry.items.cluster.id","","","",0,1,"","","","string {[]} {[]}
","Unique id for inter-element referencing","Unique id for the element within a resource (for internal references). This may be any string value that does not contain spaces.","","","","","","","","","",,,,,"",,,,"Element.id",0,1,"",""
"getehrextract","getehrextract.ehr-extract.all-compositions.content.entry.items.cluster.extension","getehrextract.ehr_extract.all_compositions.content.entry.items.cluster.extension","","extensions
user content","",0,*,"","","","Extension {[]} {[]}
","Additional content defined by implementations","May be used to represent additional information that is not part of the basic definition of the element. To make the use of extensions safe and manageable, there is a strict set of governance  applied to the definition and use of extensions. Though any implementer can define an extension, there is a set of requirements that SHALL be met as part of the definition of the extension.","There can be no stigma associated with the use of extensions by any application, project, or standard - regardless of the institution or jurisdiction that uses or defines the extensions.  The use of extensions is what allows the FHIR specification to retain a core level of simplicity for everyone.","","","","","","","","",,,,,"","value:url}
","Extensions are always sliced by (at least) url",,"open","Element.extension",0,*,"","ele-1:All FHIR elements must have a @value or children {hasValue() or (children().count() > id.count())}
ext-1:Must have either extensions or value[x], not both {extension.exists() != value.exists()}"
"getehrextract","getehrextract.ehr-extract.all-compositions.content.entry.items.cluster.modifierExtension","getehrextract.ehr_extract.all_compositions.content.entry.items.cluster.modifierExtension","","extensions
user contentmodifiers","",0,*,"","Y","Y","Extension {[]} {[]}
","Extensions that cannot be ignored even if unrecognized","May be used to represent additional information that is not part of the basic definition of the element and that modifies the understanding of the element in which it is contained and/or the understanding of the containing element's descendants. Usually modifier elements provide negation or qualification. To make the use of extensions safe and manageable, there is a strict set of governance applied to the definition and use of extensions. Though any implementer can define an extension, there is a set of requirements that SHALL be met as part of the definition of the extension. Applications processing a resource are required to check for modifier extensions.

Modifier extensions SHALL NOT change the meaning of any elements on Resource or DomainResource (including cannot change the meaning of modifierExtension itself).","There can be no stigma associated with the use of extensions by any application, project, or standard - regardless of the institution or jurisdiction that uses or defines the extensions.  The use of extensions is what allows the FHIR specification to retain a core level of simplicity for everyone.","Modifier extensions allow for extensions that *cannot* be safely ignored to be clearly distinguished from the vast majority of extensions which can be safely ignored.  This promotes interoperability by eliminating the need for implementers to prohibit the presence of extensions. For further information, see the [definition of modifier extensions](http://hl7.org/fhir/R4/extensibility.html#modifierExtension).","","","","","","","",,,,,"",,,,"BackboneElement.modifierExtension",0,*,"","ele-1:All FHIR elements must have a @value or children {hasValue() or (children().count() > id.count())}
ext-1:Must have either extensions or value[x], not both {extension.exists() != value.exists()}"
"getehrextract","getehrextract.ehr-extract.all-compositions.content.entry.items.cluster.structure-type","getehrextract.ehr_extract.all_compositions.content.entry.items.cluster.structure_type","","","",1,1,"","","","code {[]} {[]}
","structure_type","structure_type","","","","","","","","","",,,,,"",,,,"getehrextract.ehr_extract.all_compositions.content.entry.items.cluster.structure_type",1,1,"",""
"getehrextract","getehrextract.ehr-extract.all-compositions.content.entry.items.cluster.parts","getehrextract.ehr_extract.all_compositions.content.entry.items.cluster.parts","","","",0,*,"","","","string {[]} {[]}
","parts"," (Rekursiv typ, ej utvecklad.)","","","","","","","","","",,,,,"",,,,"getehrextract.ehr_extract.all_compositions.content.entry.items.cluster.parts",0,*,"",""
"getehrextract","getehrextract.ehr-extract.all-compositions.content.entry.items.element","getehrextract.ehr_extract.all_compositions.content.entry.items.element","","","",0,1,"","","","BackboneElement {[]} {[]}
","element","Element som bara finns när instansen är av subtypen ELEMENT (xsi:type).","","","","","","","","","",,,,,"",,,,"getehrextract.ehr_extract.all_compositions.content.entry.items.element",0,1,"","ele-1:All FHIR elements must have a @value or children {hasValue() or (children().count() > id.count())}
"
"getehrextract","getehrextract.ehr-extract.all-compositions.content.entry.items.element.id","getehrextract.ehr_extract.all_compositions.content.entry.items.element.id","","","",0,1,"","","","string {[]} {[]}
","Unique id for inter-element referencing","Unique id for the element within a resource (for internal references). This may be any string value that does not contain spaces.","","","","","","","","","",,,,,"",,,,"Element.id",0,1,"",""
"getehrextract","getehrextract.ehr-extract.all-compositions.content.entry.items.element.extension","getehrextract.ehr_extract.all_compositions.content.entry.items.element.extension","","extensions
user content","",0,*,"","","","Extension {[]} {[]}
","Additional content defined by implementations","May be used to represent additional information that is not part of the basic definition of the element. To make the use of extensions safe and manageable, there is a strict set of governance  applied to the definition and use of extensions. Though any implementer can define an extension, there is a set of requirements that SHALL be met as part of the definition of the extension.","There can be no stigma associated with the use of extensions by any application, project, or standard - regardless of the institution or jurisdiction that uses or defines the extensions.  The use of extensions is what allows the FHIR specification to retain a core level of simplicity for everyone.","","","","","","","","",,,,,"","value:url}
","Extensions are always sliced by (at least) url",,"open","Element.extension",0,*,"","ele-1:All FHIR elements must have a @value or children {hasValue() or (children().count() > id.count())}
ext-1:Must have either extensions or value[x], not both {extension.exists() != value.exists()}"
"getehrextract","getehrextract.ehr-extract.all-compositions.content.entry.items.element.modifierExtension","getehrextract.ehr_extract.all_compositions.content.entry.items.element.modifierExtension","","extensions
user contentmodifiers","",0,*,"","Y","Y","Extension {[]} {[]}
","Extensions that cannot be ignored even if unrecognized","May be used to represent additional information that is not part of the basic definition of the element and that modifies the understanding of the element in which it is contained and/or the understanding of the containing element's descendants. Usually modifier elements provide negation or qualification. To make the use of extensions safe and manageable, there is a strict set of governance applied to the definition and use of extensions. Though any implementer can define an extension, there is a set of requirements that SHALL be met as part of the definition of the extension. Applications processing a resource are required to check for modifier extensions.

Modifier extensions SHALL NOT change the meaning of any elements on Resource or DomainResource (including cannot change the meaning of modifierExtension itself).","There can be no stigma associated with the use of extensions by any application, project, or standard - regardless of the institution or jurisdiction that uses or defines the extensions.  The use of extensions is what allows the FHIR specification to retain a core level of simplicity for everyone.","Modifier extensions allow for extensions that *cannot* be safely ignored to be clearly distinguished from the vast majority of extensions which can be safely ignored.  This promotes interoperability by eliminating the need for implementers to prohibit the presence of extensions. For further information, see the [definition of modifier extensions](http://hl7.org/fhir/R4/extensibility.html#modifierExtension).","","","","","","","",,,,,"",,,,"BackboneElement.modifierExtension",0,*,"","ele-1:All FHIR elements must have a @value or children {hasValue() or (children().count() > id.count())}
ext-1:Must have either extensions or value[x], not both {extension.exists() != value.exists()}"
"getehrextract","getehrextract.ehr-extract.all-compositions.content.entry.items.element.elementValue","getehrextract.ehr_extract.all_compositions.content.entry.items.element.elementValue","","","",0,1,"","","","string {[]} {[]}
","elementValue"," (ISO 21090 ANY, polymorft värde, modellerat som string.) Heter value i schemat.","","","","","","","","","",,,,,"",,,,"getehrextract.ehr_extract.all_compositions.content.entry.items.element.elementValue",0,1,"",""
"getehrextract","getehrextract.ehr-extract.all-compositions.content.entry.info-provider","getehrextract.ehr_extract.all_compositions.content.entry.info_provider","","","",0,1,"","","","BackboneElement {[]} {[]}
","info_provider","The participation of an entity in the EHR.","","","","","","","","","",,,,,"",,,,"getehrextract.ehr_extract.all_compositions.content.entry.info_provider",0,1,"","ele-1:All FHIR elements must have a @value or children {hasValue() or (children().count() > id.count())}
"
"getehrextract","getehrextract.ehr-extract.all-compositions.content.entry.info-provider.id","getehrextract.ehr_extract.all_compositions.content.entry.info_provider.id","","","",0,1,"","","","string {[]} {[]}
","Unique id for inter-element referencing","Unique id for the element within a resource (for internal references). This may be any string value that does not contain spaces.","","","","","","","","","",,,,,"",,,,"Element.id",0,1,"",""
"getehrextract","getehrextract.ehr-extract.all-compositions.content.entry.info-provider.extension","getehrextract.ehr_extract.all_compositions.content.entry.info_provider.extension","","extensions
user content","",0,*,"","","","Extension {[]} {[]}
","Additional content defined by implementations","May be used to represent additional information that is not part of the basic definition of the element. To make the use of extensions safe and manageable, there is a strict set of governance  applied to the definition and use of extensions. Though any implementer can define an extension, there is a set of requirements that SHALL be met as part of the definition of the extension.","There can be no stigma associated with the use of extensions by any application, project, or standard - regardless of the institution or jurisdiction that uses or defines the extensions.  The use of extensions is what allows the FHIR specification to retain a core level of simplicity for everyone.","","","","","","","","",,,,,"","value:url}
","Extensions are always sliced by (at least) url",,"open","Element.extension",0,*,"","ele-1:All FHIR elements must have a @value or children {hasValue() or (children().count() > id.count())}
ext-1:Must have either extensions or value[x], not both {extension.exists() != value.exists()}"
"getehrextract","getehrextract.ehr-extract.all-compositions.content.entry.info-provider.modifierExtension","getehrextract.ehr_extract.all_compositions.content.entry.info_provider.modifierExtension","","extensions
user contentmodifiers","",0,*,"","Y","Y","Extension {[]} {[]}
","Extensions that cannot be ignored even if unrecognized","May be used to represent additional information that is not part of the basic definition of the element and that modifies the understanding of the element in which it is contained and/or the understanding of the containing element's descendants. Usually modifier elements provide negation or qualification. To make the use of extensions safe and manageable, there is a strict set of governance applied to the definition and use of extensions. Though any implementer can define an extension, there is a set of requirements that SHALL be met as part of the definition of the extension. Applications processing a resource are required to check for modifier extensions.

Modifier extensions SHALL NOT change the meaning of any elements on Resource or DomainResource (including cannot change the meaning of modifierExtension itself).","There can be no stigma associated with the use of extensions by any application, project, or standard - regardless of the institution or jurisdiction that uses or defines the extensions.  The use of extensions is what allows the FHIR specification to retain a core level of simplicity for everyone.","Modifier extensions allow for extensions that *cannot* be safely ignored to be clearly distinguished from the vast majority of extensions which can be safely ignored.  This promotes interoperability by eliminating the need for implementers to prohibit the presence of extensions. For further information, see the [definition of modifier extensions](http://hl7.org/fhir/R4/extensibility.html#modifierExtension).","","","","","","","",,,,,"",,,,"BackboneElement.modifierExtension",0,*,"","ele-1:All FHIR elements must have a @value or children {hasValue() or (children().count() > id.count())}
ext-1:Must have either extensions or value[x], not both {extension.exists() != value.exists()}"
"getehrextract","getehrextract.ehr-extract.all-compositions.content.entry.info-provider.function","getehrextract.ehr_extract.all_compositions.content.entry.info_provider.function","","","",0,1,"","","","CodeableConcept {[]} {[]}
","function","function","","","","","","","","","",,,,,"",,,,"getehrextract.ehr_extract.all_compositions.content.entry.info_provider.function",0,1,"",""
"getehrextract","getehrextract.ehr-extract.all-compositions.content.entry.info-provider.healthcare-facility","getehrextract.ehr_extract.all_compositions.content.entry.info_provider.healthcare_facility","","","",0,1,"","","","Identifier {[]} {[]}
","healthcare_facility","healthcare_facility","","","","","","","","","",,,,,"",,,,"getehrextract.ehr_extract.all_compositions.content.entry.info_provider.healthcare_facility",0,1,"",""
"getehrextract","getehrextract.ehr-extract.all-compositions.content.entry.info-provider.mode","getehrextract.ehr_extract.all_compositions.content.entry.info_provider.mode","","","",0,1,"","","","code {[]} {[]}
","mode","mode","","","","","","","","","",,,,,"",,,,"getehrextract.ehr_extract.all_compositions.content.entry.info_provider.mode",0,1,"",""
"getehrextract","getehrextract.ehr-extract.all-compositions.content.entry.info-provider.performer","getehrextract.ehr_extract.all_compositions.content.entry.info_provider.performer","","","",1,1,"","","","Identifier {[]} {[]}
","performer","performer","","","","","","","","","",,,,,"",,,,"getehrextract.ehr_extract.all_compositions.content.entry.info_provider.performer",1,1,"",""
"getehrextract","getehrextract.ehr-extract.all-compositions.content.entry.info-provider.service-setting","getehrextract.ehr_extract.all_compositions.content.entry.info_provider.service_setting","","","",0,1,"","","","CodeableConcept {[]} {[]}
","service_setting","service_setting","","","","","","","","","",,,,,"",,,,"getehrextract.ehr_extract.all_compositions.content.entry.info_provider.service_setting",0,1,"",""
"getehrextract","getehrextract.ehr-extract.all-compositions.content.entry.other-participations","getehrextract.ehr_extract.all_compositions.content.entry.other_participations","","","",0,*,"","","","BackboneElement {[]} {[]}
","other_participations","The participation of an entity in the EHR.","","","","","","","","","",,,,,"",,,,"getehrextract.ehr_extract.all_compositions.content.entry.other_participations",0,*,"","ele-1:All FHIR elements must have a @value or children {hasValue() or (children().count() > id.count())}
"
"getehrextract","getehrextract.ehr-extract.all-compositions.content.entry.other-participations.id","getehrextract.ehr_extract.all_compositions.content.entry.other_participations.id","","","",0,1,"","","","string {[]} {[]}
","Unique id for inter-element referencing","Unique id for the element within a resource (for internal references). This may be any string value that does not contain spaces.","","","","","","","","","",,,,,"",,,,"Element.id",0,1,"",""
"getehrextract","getehrextract.ehr-extract.all-compositions.content.entry.other-participations.extension","getehrextract.ehr_extract.all_compositions.content.entry.other_participations.extension","","extensions
user content","",0,*,"","","","Extension {[]} {[]}
","Additional content defined by implementations","May be used to represent additional information that is not part of the basic definition of the element. To make the use of extensions safe and manageable, there is a strict set of governance  applied to the definition and use of extensions. Though any implementer can define an extension, there is a set of requirements that SHALL be met as part of the definition of the extension.","There can be no stigma associated with the use of extensions by any application, project, or standard - regardless of the institution or jurisdiction that uses or defines the extensions.  The use of extensions is what allows the FHIR specification to retain a core level of simplicity for everyone.","","","","","","","","",,,,,"","value:url}
","Extensions are always sliced by (at least) url",,"open","Element.extension",0,*,"","ele-1:All FHIR elements must have a @value or children {hasValue() or (children().count() > id.count())}
ext-1:Must have either extensions or value[x], not both {extension.exists() != value.exists()}"
"getehrextract","getehrextract.ehr-extract.all-compositions.content.entry.other-participations.modifierExtension","getehrextract.ehr_extract.all_compositions.content.entry.other_participations.modifierExtension","","extensions
user contentmodifiers","",0,*,"","Y","Y","Extension {[]} {[]}
","Extensions that cannot be ignored even if unrecognized","May be used to represent additional information that is not part of the basic definition of the element and that modifies the understanding of the element in which it is contained and/or the understanding of the containing element's descendants. Usually modifier elements provide negation or qualification. To make the use of extensions safe and manageable, there is a strict set of governance applied to the definition and use of extensions. Though any implementer can define an extension, there is a set of requirements that SHALL be met as part of the definition of the extension. Applications processing a resource are required to check for modifier extensions.

Modifier extensions SHALL NOT change the meaning of any elements on Resource or DomainResource (including cannot change the meaning of modifierExtension itself).","There can be no stigma associated with the use of extensions by any application, project, or standard - regardless of the institution or jurisdiction that uses or defines the extensions.  The use of extensions is what allows the FHIR specification to retain a core level of simplicity for everyone.","Modifier extensions allow for extensions that *cannot* be safely ignored to be clearly distinguished from the vast majority of extensions which can be safely ignored.  This promotes interoperability by eliminating the need for implementers to prohibit the presence of extensions. For further information, see the [definition of modifier extensions](http://hl7.org/fhir/R4/extensibility.html#modifierExtension).","","","","","","","",,,,,"",,,,"BackboneElement.modifierExtension",0,*,"","ele-1:All FHIR elements must have a @value or children {hasValue() or (children().count() > id.count())}
ext-1:Must have either extensions or value[x], not both {extension.exists() != value.exists()}"
"getehrextract","getehrextract.ehr-extract.all-compositions.content.entry.other-participations.function","getehrextract.ehr_extract.all_compositions.content.entry.other_participations.function","","","",0,1,"","","","CodeableConcept {[]} {[]}
","function","function","","","","","","","","","",,,,,"",,,,"getehrextract.ehr_extract.all_compositions.content.entry.other_participations.function",0,1,"",""
"getehrextract","getehrextract.ehr-extract.all-compositions.content.entry.other-participations.healthcare-facility","getehrextract.ehr_extract.all_compositions.content.entry.other_participations.healthcare_facility","","","",0,1,"","","","Identifier {[]} {[]}
","healthcare_facility","healthcare_facility","","","","","","","","","",,,,,"",,,,"getehrextract.ehr_extract.all_compositions.content.entry.other_participations.healthcare_facility",0,1,"",""
"getehrextract","getehrextract.ehr-extract.all-compositions.content.entry.other-participations.mode","getehrextract.ehr_extract.all_compositions.content.entry.other_participations.mode","","","",0,1,"","","","code {[]} {[]}
","mode","mode","","","","","","","","","",,,,,"",,,,"getehrextract.ehr_extract.all_compositions.content.entry.other_participations.mode",0,1,"",""
"getehrextract","getehrextract.ehr-extract.all-compositions.content.entry.other-participations.performer","getehrextract.ehr_extract.all_compositions.content.entry.other_participations.performer","","","",1,1,"","","","Identifier {[]} {[]}
","performer","performer","","","","","","","","","",,,,,"",,,,"getehrextract.ehr_extract.all_compositions.content.entry.other_participations.performer",1,1,"",""
"getehrextract","getehrextract.ehr-extract.all-compositions.content.entry.other-participations.service-setting","getehrextract.ehr_extract.all_compositions.content.entry.other_participations.service_setting","","","",0,1,"","","","CodeableConcept {[]} {[]}
","service_setting","service_setting","","","","","","","","","",,,,,"",,,,"getehrextract.ehr_extract.all_compositions.content.entry.other_participations.service_setting",0,1,"",""
"getehrextract","getehrextract.ehr-extract.all-compositions.content.entry.subject-of-information","getehrextract.ehr_extract.all_compositions.content.entry.subject_of_information","","","",0,1,"","","","BackboneElement {[]} {[]}
","subject_of_information","Identifies the relationship of a person to the subject of care. Specifically used in Entry.subject_of_information.","","","","","","","","","",,,,,"",,,,"getehrextract.ehr_extract.all_compositions.content.entry.subject_of_information",0,1,"","ele-1:All FHIR elements must have a @value or children {hasValue() or (children().count() > id.count())}
"
"getehrextract","getehrextract.ehr-extract.all-compositions.content.entry.subject-of-information.id","getehrextract.ehr_extract.all_compositions.content.entry.subject_of_information.id","","","",0,1,"","","","string {[]} {[]}
","Unique id for inter-element referencing","Unique id for the element within a resource (for internal references). This may be any string value that does not contain spaces.","","","","","","","","","",,,,,"",,,,"Element.id",0,1,"",""
"getehrextract","getehrextract.ehr-extract.all-compositions.content.entry.subject-of-information.extension","getehrextract.ehr_extract.all_compositions.content.entry.subject_of_information.extension","","extensions
user content","",0,*,"","","","Extension {[]} {[]}
","Additional content defined by implementations","May be used to represent additional information that is not part of the basic definition of the element. To make the use of extensions safe and manageable, there is a strict set of governance  applied to the definition and use of extensions. Though any implementer can define an extension, there is a set of requirements that SHALL be met as part of the definition of the extension.","There can be no stigma associated with the use of extensions by any application, project, or standard - regardless of the institution or jurisdiction that uses or defines the extensions.  The use of extensions is what allows the FHIR specification to retain a core level of simplicity for everyone.","","","","","","","","",,,,,"","value:url}
","Extensions are always sliced by (at least) url",,"open","Element.extension",0,*,"","ele-1:All FHIR elements must have a @value or children {hasValue() or (children().count() > id.count())}
ext-1:Must have either extensions or value[x], not both {extension.exists() != value.exists()}"
"getehrextract","getehrextract.ehr-extract.all-compositions.content.entry.subject-of-information.modifierExtension","getehrextract.ehr_extract.all_compositions.content.entry.subject_of_information.modifierExtension","","extensions
user contentmodifiers","",0,*,"","Y","Y","Extension {[]} {[]}
","Extensions that cannot be ignored even if unrecognized","May be used to represent additional information that is not part of the basic definition of the element and that modifies the understanding of the element in which it is contained and/or the understanding of the containing element's descendants. Usually modifier elements provide negation or qualification. To make the use of extensions safe and manageable, there is a strict set of governance applied to the definition and use of extensions. Though any implementer can define an extension, there is a set of requirements that SHALL be met as part of the definition of the extension. Applications processing a resource are required to check for modifier extensions.

Modifier extensions SHALL NOT change the meaning of any elements on Resource or DomainResource (including cannot change the meaning of modifierExtension itself).","There can be no stigma associated with the use of extensions by any application, project, or standard - regardless of the institution or jurisdiction that uses or defines the extensions.  The use of extensions is what allows the FHIR specification to retain a core level of simplicity for everyone.","Modifier extensions allow for extensions that *cannot* be safely ignored to be clearly distinguished from the vast majority of extensions which can be safely ignored.  This promotes interoperability by eliminating the need for implementers to prohibit the presence of extensions. For further information, see the [definition of modifier extensions](http://hl7.org/fhir/R4/extensibility.html#modifierExtension).","","","","","","","",,,,,"",,,,"BackboneElement.modifierExtension",0,*,"","ele-1:All FHIR elements must have a @value or children {hasValue() or (children().count() > id.count())}
ext-1:Must have either extensions or value[x], not both {extension.exists() != value.exists()}"
"getehrextract","getehrextract.ehr-extract.all-compositions.content.entry.subject-of-information.party","getehrextract.ehr_extract.all_compositions.content.entry.subject_of_information.party","","","",0,1,"","","","Identifier {[]} {[]}
","party","party","","","","","","","","","",,,,,"",,,,"getehrextract.ehr_extract.all_compositions.content.entry.subject_of_information.party",0,1,"",""
"getehrextract","getehrextract.ehr-extract.all-compositions.content.entry.subject-of-information.relationship","getehrextract.ehr_extract.all_compositions.content.entry.subject_of_information.relationship","","","",1,1,"","","","Attachment {[]} {[]}
","relationship","relationship","","","","","","","","","",,,,,"",,,,"getehrextract.ehr_extract.all_compositions.content.entry.subject_of_information.relationship",1,1,"",""
"getehrextract","getehrextract.ehr-extract.criteria","getehrextract.ehr_extract.criteria","","","",0,*,"","","","BackboneElement {[]} {[]}
","criteria","Restrictions or filters on the creation of the EHR Extract. The time_period should be a restriction on the data types of low and high to make them TS, but this restriction is not permissible in XML Schema and thus the IVL properties are simply copied here with the appropriate types.","","","","","","","","","",,,,,"",,,,"getehrextract.ehr_extract.criteria",0,*,"","ele-1:All FHIR elements must have a @value or children {hasValue() or (children().count() > id.count())}
"
"getehrextract","getehrextract.ehr-extract.criteria.id","getehrextract.ehr_extract.criteria.id","","","",0,1,"","","","string {[]} {[]}
","Unique id for inter-element referencing","Unique id for the element within a resource (for internal references). This may be any string value that does not contain spaces.","","","","","","","","","",,,,,"",,,,"Element.id",0,1,"",""
"getehrextract","getehrextract.ehr-extract.criteria.extension","getehrextract.ehr_extract.criteria.extension","","extensions
user content","",0,*,"","","","Extension {[]} {[]}
","Additional content defined by implementations","May be used to represent additional information that is not part of the basic definition of the element. To make the use of extensions safe and manageable, there is a strict set of governance  applied to the definition and use of extensions. Though any implementer can define an extension, there is a set of requirements that SHALL be met as part of the definition of the extension.","There can be no stigma associated with the use of extensions by any application, project, or standard - regardless of the institution or jurisdiction that uses or defines the extensions.  The use of extensions is what allows the FHIR specification to retain a core level of simplicity for everyone.","","","","","","","","",,,,,"","value:url}
","Extensions are always sliced by (at least) url",,"open","Element.extension",0,*,"","ele-1:All FHIR elements must have a @value or children {hasValue() or (children().count() > id.count())}
ext-1:Must have either extensions or value[x], not both {extension.exists() != value.exists()}"
"getehrextract","getehrextract.ehr-extract.criteria.modifierExtension","getehrextract.ehr_extract.criteria.modifierExtension","","extensions
user contentmodifiers","",0,*,"","Y","Y","Extension {[]} {[]}
","Extensions that cannot be ignored even if unrecognized","May be used to represent additional information that is not part of the basic definition of the element and that modifies the understanding of the element in which it is contained and/or the understanding of the containing element's descendants. Usually modifier elements provide negation or qualification. To make the use of extensions safe and manageable, there is a strict set of governance applied to the definition and use of extensions. Though any implementer can define an extension, there is a set of requirements that SHALL be met as part of the definition of the extension. Applications processing a resource are required to check for modifier extensions.

Modifier extensions SHALL NOT change the meaning of any elements on Resource or DomainResource (including cannot change the meaning of modifierExtension itself).","There can be no stigma associated with the use of extensions by any application, project, or standard - regardless of the institution or jurisdiction that uses or defines the extensions.  The use of extensions is what allows the FHIR specification to retain a core level of simplicity for everyone.","Modifier extensions allow for extensions that *cannot* be safely ignored to be clearly distinguished from the vast majority of extensions which can be safely ignored.  This promotes interoperability by eliminating the need for implementers to prohibit the presence of extensions. For further information, see the [definition of modifier extensions](http://hl7.org/fhir/R4/extensibility.html#modifierExtension).","","","","","","","",,,,,"",,,,"BackboneElement.modifierExtension",0,*,"","ele-1:All FHIR elements must have a @value or children {hasValue() or (children().count() > id.count())}
ext-1:Must have either extensions or value[x], not both {extension.exists() != value.exists()}"
"getehrextract","getehrextract.ehr-extract.criteria.all-versions","getehrextract.ehr_extract.criteria.all_versions","","","",0,1,"","","","boolean {[]} {[]}
","all_versions","all_versions","","","","","","","","","",,,,,"",,,,"getehrextract.ehr_extract.criteria.all_versions",0,1,"",""
"getehrextract","getehrextract.ehr-extract.criteria.archetype-ids","getehrextract.ehr_extract.criteria.archetype_ids","","","",0,*,"","","","Identifier {[]} {[]}
","archetype_ids","archetype_ids","","","","","","","","","",,,,,"",,,,"getehrextract.ehr_extract.criteria.archetype_ids",0,*,"",""
"getehrextract","getehrextract.ehr-extract.criteria.max-sensitivity","getehrextract.ehr_extract.criteria.max_sensitivity","","","",0,1,"","","","integer {[]} {[]}
","max_sensitivity","max_sensitivity","","","","","","","","","",,,,,"",,,,"getehrextract.ehr_extract.criteria.max_sensitivity",0,1,"",""
"getehrextract","getehrextract.ehr-extract.criteria.multimedia-included","getehrextract.ehr_extract.criteria.multimedia_included","","","",0,1,"","","","boolean {[]} {[]}
","multimedia_included","multimedia_included","","","","","","","","","",,,,,"",,,,"getehrextract.ehr_extract.criteria.multimedia_included",0,1,"",""
"getehrextract","getehrextract.ehr-extract.criteria.other-constraints","getehrextract.ehr_extract.criteria.other_constraints","","","",0,1,"","","","string {[]} {[]}
","other_constraints","other_constraints","","","","","","","","","",,,,,"",,,,"getehrextract.ehr_extract.criteria.other_constraints",0,1,"",""
"getehrextract","getehrextract.ehr-extract.criteria.time-period","getehrextract.ehr_extract.criteria.time_period","","","",0,1,"","","","Period {[]} {[]}
","time_period","time_period","","","","","","","","","",,,,,"",,,,"getehrextract.ehr_extract.criteria.time_period",0,1,"",""
"getehrextract","getehrextract.ehr-extract.folders","getehrextract.ehr_extract.folders","","","",0,*,"","","","BackboneElement {[]} {[]}
","folders","Organises and groups Compositions within an EHR Extract.","","","","","","","","","",,,,,"",,,,"getehrextract.ehr_extract.folders",0,*,"","ele-1:All FHIR elements must have a @value or children {hasValue() or (children().count() > id.count())}
"
"getehrextract","getehrextract.ehr-extract.folders.id","getehrextract.ehr_extract.folders.id","","","",0,1,"","","","string {[]} {[]}
","Unique id for inter-element referencing","Unique id for the element within a resource (for internal references). This may be any string value that does not contain spaces.","","","","","","","","","",,,,,"",,,,"Element.id",0,1,"",""
"getehrextract","getehrextract.ehr-extract.folders.extension","getehrextract.ehr_extract.folders.extension","","extensions
user content","",0,*,"","","","Extension {[]} {[]}
","Additional content defined by implementations","May be used to represent additional information that is not part of the basic definition of the element. To make the use of extensions safe and manageable, there is a strict set of governance  applied to the definition and use of extensions. Though any implementer can define an extension, there is a set of requirements that SHALL be met as part of the definition of the extension.","There can be no stigma associated with the use of extensions by any application, project, or standard - regardless of the institution or jurisdiction that uses or defines the extensions.  The use of extensions is what allows the FHIR specification to retain a core level of simplicity for everyone.","","","","","","","","",,,,,"","value:url}
","Extensions are always sliced by (at least) url",,"open","Element.extension",0,*,"","ele-1:All FHIR elements must have a @value or children {hasValue() or (children().count() > id.count())}
ext-1:Must have either extensions or value[x], not both {extension.exists() != value.exists()}"
"getehrextract","getehrextract.ehr-extract.folders.modifierExtension","getehrextract.ehr_extract.folders.modifierExtension","","extensions
user contentmodifiers","",0,*,"","Y","Y","Extension {[]} {[]}
","Extensions that cannot be ignored even if unrecognized","May be used to represent additional information that is not part of the basic definition of the element and that modifies the understanding of the element in which it is contained and/or the understanding of the containing element's descendants. Usually modifier elements provide negation or qualification. To make the use of extensions safe and manageable, there is a strict set of governance applied to the definition and use of extensions. Though any implementer can define an extension, there is a set of requirements that SHALL be met as part of the definition of the extension. Applications processing a resource are required to check for modifier extensions.

Modifier extensions SHALL NOT change the meaning of any elements on Resource or DomainResource (including cannot change the meaning of modifierExtension itself).","There can be no stigma associated with the use of extensions by any application, project, or standard - regardless of the institution or jurisdiction that uses or defines the extensions.  The use of extensions is what allows the FHIR specification to retain a core level of simplicity for everyone.","Modifier extensions allow for extensions that *cannot* be safely ignored to be clearly distinguished from the vast majority of extensions which can be safely ignored.  This promotes interoperability by eliminating the need for implementers to prohibit the presence of extensions. For further information, see the [definition of modifier extensions](http://hl7.org/fhir/R4/extensibility.html#modifierExtension).","","","","","","","",,,,,"",,,,"BackboneElement.modifierExtension",0,*,"","ele-1:All FHIR elements must have a @value or children {hasValue() or (children().count() > id.count())}
ext-1:Must have either extensions or value[x], not both {extension.exists() != value.exists()}"
"getehrextract","getehrextract.ehr-extract.folders.archetype-id","getehrextract.ehr_extract.folders.archetype_id","","","",0,1,"","","","string {[]} {[]}
","archetype_id","archetype_id","","","","","","","","","",,,,,"",,,,"getehrextract.ehr_extract.folders.archetype_id",0,1,"",""
"getehrextract","getehrextract.ehr-extract.folders.meaning","getehrextract.ehr_extract.folders.meaning","","","",0,1,"","","","CodeableConcept {[]} {[]}
","meaning","meaning","","","","","","","","","",,,,,"",,,,"getehrextract.ehr_extract.folders.meaning",0,1,"",""
"getehrextract","getehrextract.ehr-extract.folders.folderName","getehrextract.ehr_extract.folders.folderName","","","",1,1,"","","","string {[]} {[]}
","folderName","folderName Heter name i schemat.","","","","","","","","","",,,,,"",,,,"getehrextract.ehr_extract.folders.folderName",1,1,"",""
"getehrextract","getehrextract.ehr-extract.folders.orig-parent-ref","getehrextract.ehr_extract.folders.orig_parent_ref","","","",0,1,"","","","Identifier {[]} {[]}
","orig_parent_ref","orig_parent_ref","","","","","","","","","",,,,,"",,,,"getehrextract.ehr_extract.folders.orig_parent_ref",0,1,"",""
"getehrextract","getehrextract.ehr-extract.folders.policy-ids","getehrextract.ehr_extract.folders.policy_ids","","","",0,*,"","","","Identifier {[]} {[]}
","policy_ids","policy_ids","","","","","","","","","",,,,,"",,,,"getehrextract.ehr_extract.folders.policy_ids",0,*,"",""
"getehrextract","getehrextract.ehr-extract.folders.rc-id","getehrextract.ehr_extract.folders.rc_id","","","",1,1,"","","","Identifier {[]} {[]}
","rc_id","rc_id","","","","","","","","","",,,,,"",,,,"getehrextract.ehr_extract.folders.rc_id",1,1,"",""
"getehrextract","getehrextract.ehr-extract.folders.sensitivity","getehrextract.ehr_extract.folders.sensitivity","","","",0,1,"","","","integer {[]} {[]}
","sensitivity","sensitivity","","","","","","","","","",,,,,"",,,,"getehrextract.ehr_extract.folders.sensitivity",0,1,"",""
"getehrextract","getehrextract.ehr-extract.folders.synthesised","getehrextract.ehr_extract.folders.synthesised","","","",1,1,"","","","boolean {[]} {[]}
","synthesised","synthesised","","","","","","","","","",,,,,"",,,,"getehrextract.ehr_extract.folders.synthesised",1,1,"",""
"getehrextract","getehrextract.ehr-extract.folders.links","getehrextract.ehr_extract.folders.links","","","",0,*,"","","","BackboneElement {[]} {[]}
","links","Creates a relationship between two Record Components that is orthogonal to the common one of containment. Note that if a recipient is not permitted to see the component linked to, even revealing the link constitutes an inappropriate disclosure. Role is of type CD so that the displayName property of that class can be used in place of any specific coding scheme.","","","","","","","","","",,,,,"",,,,"getehrextract.ehr_extract.folders.links",0,*,"","ele-1:All FHIR elements must have a @value or children {hasValue() or (children().count() > id.count())}
"
"getehrextract","getehrextract.ehr-extract.folders.links.id","getehrextract.ehr_extract.folders.links.id","","","",0,1,"","","","string {[]} {[]}
","Unique id for inter-element referencing","Unique id for the element within a resource (for internal references). This may be any string value that does not contain spaces.","","","","","","","","","",,,,,"",,,,"Element.id",0,1,"",""
"getehrextract","getehrextract.ehr-extract.folders.links.extension","getehrextract.ehr_extract.folders.links.extension","","extensions
user content","",0,*,"","","","Extension {[]} {[]}
","Additional content defined by implementations","May be used to represent additional information that is not part of the basic definition of the element. To make the use of extensions safe and manageable, there is a strict set of governance  applied to the definition and use of extensions. Though any implementer can define an extension, there is a set of requirements that SHALL be met as part of the definition of the extension.","There can be no stigma associated with the use of extensions by any application, project, or standard - regardless of the institution or jurisdiction that uses or defines the extensions.  The use of extensions is what allows the FHIR specification to retain a core level of simplicity for everyone.","","","","","","","","",,,,,"","value:url}
","Extensions are always sliced by (at least) url",,"open","Element.extension",0,*,"","ele-1:All FHIR elements must have a @value or children {hasValue() or (children().count() > id.count())}
ext-1:Must have either extensions or value[x], not both {extension.exists() != value.exists()}"
"getehrextract","getehrextract.ehr-extract.folders.links.modifierExtension","getehrextract.ehr_extract.folders.links.modifierExtension","","extensions
user contentmodifiers","",0,*,"","Y","Y","Extension {[]} {[]}
","Extensions that cannot be ignored even if unrecognized","May be used to represent additional information that is not part of the basic definition of the element and that modifies the understanding of the element in which it is contained and/or the understanding of the containing element's descendants. Usually modifier elements provide negation or qualification. To make the use of extensions safe and manageable, there is a strict set of governance applied to the definition and use of extensions. Though any implementer can define an extension, there is a set of requirements that SHALL be met as part of the definition of the extension. Applications processing a resource are required to check for modifier extensions.

Modifier extensions SHALL NOT change the meaning of any elements on Resource or DomainResource (including cannot change the meaning of modifierExtension itself).","There can be no stigma associated with the use of extensions by any application, project, or standard - regardless of the institution or jurisdiction that uses or defines the extensions.  The use of extensions is what allows the FHIR specification to retain a core level of simplicity for everyone.","Modifier extensions allow for extensions that *cannot* be safely ignored to be clearly distinguished from the vast majority of extensions which can be safely ignored.  This promotes interoperability by eliminating the need for implementers to prohibit the presence of extensions. For further information, see the [definition of modifier extensions](http://hl7.org/fhir/R4/extensibility.html#modifierExtension).","","","","","","","",,,,,"",,,,"BackboneElement.modifierExtension",0,*,"","ele-1:All FHIR elements must have a @value or children {hasValue() or (children().count() > id.count())}
ext-1:Must have either extensions or value[x], not both {extension.exists() != value.exists()}"
"getehrextract","getehrextract.ehr-extract.folders.links.follow-link","getehrextract.ehr_extract.folders.links.follow_link","","","",1,1,"","","","boolean {[]} {[]}
","follow_link","follow_link","","","","","","","","","",,,,,"",,,,"getehrextract.ehr_extract.folders.links.follow_link",1,1,"",""
"getehrextract","getehrextract.ehr-extract.folders.links.nature","getehrextract.ehr_extract.folders.links.nature","","","",1,1,"","","","code {[]} {[]}
","nature","nature","","","","","","","","","",,,,,"",,,,"getehrextract.ehr_extract.folders.links.nature",1,1,"",""
"getehrextract","getehrextract.ehr-extract.folders.links.role","getehrextract.ehr_extract.folders.links.role","","","",0,1,"","","","CodeableConcept {[]} {[]}
","role","role","","","","","","","","","",,,,,"",,,,"getehrextract.ehr_extract.folders.links.role",0,1,"",""
"getehrextract","getehrextract.ehr-extract.folders.links.target-type","getehrextract.ehr_extract.folders.links.target_type","","","",0,1,"","","","CodeableConcept {[]} {[]}
","target_type","target_type","","","","","","","","","",,,,,"",,,,"getehrextract.ehr_extract.folders.links.target_type",0,1,"",""
"getehrextract","getehrextract.ehr-extract.folders.links.target-id","getehrextract.ehr_extract.folders.links.target_id","","","",1,*,"","","","Identifier {[]} {[]}
","target_id","target_id","","","","","","","","","",,,,,"",,,,"getehrextract.ehr_extract.folders.links.target_id",1,*,"",""
"getehrextract","getehrextract.ehr-extract.folders.feeder-audit","getehrextract.ehr_extract.folders.feeder_audit","","","",0,1,"","","","BackboneElement {[]} {[]}
","feeder_audit","The committal and revision data for a Record Component. Note that the invariant is incorrectly stated as constraining ""attribute_version_status.coding_scheme_name"" in the printed standard.","","","","","","","","","",,,,,"",,,,"getehrextract.ehr_extract.folders.feeder_audit",0,1,"","ele-1:All FHIR elements must have a @value or children {hasValue() or (children().count() > id.count())}
"
"getehrextract","getehrextract.ehr-extract.folders.feeder-audit.id","getehrextract.ehr_extract.folders.feeder_audit.id","","","",0,1,"","","","string {[]} {[]}
","Unique id for inter-element referencing","Unique id for the element within a resource (for internal references). This may be any string value that does not contain spaces.","","","","","","","","","",,,,,"",,,,"Element.id",0,1,"",""
"getehrextract","getehrextract.ehr-extract.folders.feeder-audit.extension","getehrextract.ehr_extract.folders.feeder_audit.extension","","extensions
user content","",0,*,"","","","Extension {[]} {[]}
","Additional content defined by implementations","May be used to represent additional information that is not part of the basic definition of the element. To make the use of extensions safe and manageable, there is a strict set of governance  applied to the definition and use of extensions. Though any implementer can define an extension, there is a set of requirements that SHALL be met as part of the definition of the extension.","There can be no stigma associated with the use of extensions by any application, project, or standard - regardless of the institution or jurisdiction that uses or defines the extensions.  The use of extensions is what allows the FHIR specification to retain a core level of simplicity for everyone.","","","","","","","","",,,,,"","value:url}
","Extensions are always sliced by (at least) url",,"open","Element.extension",0,*,"","ele-1:All FHIR elements must have a @value or children {hasValue() or (children().count() > id.count())}
ext-1:Must have either extensions or value[x], not both {extension.exists() != value.exists()}"
"getehrextract","getehrextract.ehr-extract.folders.feeder-audit.modifierExtension","getehrextract.ehr_extract.folders.feeder_audit.modifierExtension","","extensions
user contentmodifiers","",0,*,"","Y","Y","Extension {[]} {[]}
","Extensions that cannot be ignored even if unrecognized","May be used to represent additional information that is not part of the basic definition of the element and that modifies the understanding of the element in which it is contained and/or the understanding of the containing element's descendants. Usually modifier elements provide negation or qualification. To make the use of extensions safe and manageable, there is a strict set of governance applied to the definition and use of extensions. Though any implementer can define an extension, there is a set of requirements that SHALL be met as part of the definition of the extension. Applications processing a resource are required to check for modifier extensions.

Modifier extensions SHALL NOT change the meaning of any elements on Resource or DomainResource (including cannot change the meaning of modifierExtension itself).","There can be no stigma associated with the use of extensions by any application, project, or standard - regardless of the institution or jurisdiction that uses or defines the extensions.  The use of extensions is what allows the FHIR specification to retain a core level of simplicity for everyone.","Modifier extensions allow for extensions that *cannot* be safely ignored to be clearly distinguished from the vast majority of extensions which can be safely ignored.  This promotes interoperability by eliminating the need for implementers to prohibit the presence of extensions. For further information, see the [definition of modifier extensions](http://hl7.org/fhir/R4/extensibility.html#modifierExtension).","","","","","","","",,,,,"",,,,"BackboneElement.modifierExtension",0,*,"","ele-1:All FHIR elements must have a @value or children {hasValue() or (children().count() > id.count())}
ext-1:Must have either extensions or value[x], not both {extension.exists() != value.exists()}"
"getehrextract","getehrextract.ehr-extract.folders.feeder-audit.committer","getehrextract.ehr_extract.folders.feeder_audit.committer","","","",1,1,"","","","Identifier {[]} {[]}
","committer","committer","","","","","","","","","",,,,,"",,,,"getehrextract.ehr_extract.folders.feeder_audit.committer",1,1,"",""
"getehrextract","getehrextract.ehr-extract.folders.feeder-audit.ehr-system","getehrextract.ehr_extract.folders.feeder_audit.ehr_system","","","",1,1,"","","","Identifier {[]} {[]}
","ehr_system","ehr_system","","","","","","","","","",,,,,"",,,,"getehrextract.ehr_extract.folders.feeder_audit.ehr_system",1,1,"",""
"getehrextract","getehrextract.ehr-extract.folders.feeder-audit.previous-version","getehrextract.ehr_extract.folders.feeder_audit.previous_version","","","",0,1,"","","","Identifier {[]} {[]}
","previous_version","previous_version","","","","","","","","","",,,,,"",,,,"getehrextract.ehr_extract.folders.feeder_audit.previous_version",0,1,"",""
"getehrextract","getehrextract.ehr-extract.folders.feeder-audit.reason-for-revision","getehrextract.ehr_extract.folders.feeder_audit.reason_for_revision","","","",0,1,"","","","CodeableConcept {[]} {[]}
","reason_for_revision","reason_for_revision","","","","","","","","","",,,,,"",,,,"getehrextract.ehr_extract.folders.feeder_audit.reason_for_revision",0,1,"",""
"getehrextract","getehrextract.ehr-extract.folders.feeder-audit.time-committed","getehrextract.ehr_extract.folders.feeder_audit.time_committed","","","",1,1,"","","","dateTime {[]} {[]}
","time_committed","time_committed","","","","","","","","","",,,,,"",,,,"getehrextract.ehr_extract.folders.feeder_audit.time_committed",1,1,"",""
"getehrextract","getehrextract.ehr-extract.folders.feeder-audit.version-set-id","getehrextract.ehr_extract.folders.feeder_audit.version_set_id","","","",0,1,"","","","Identifier {[]} {[]}
","version_set_id","version_set_id","","","","","","","","","",,,,,"",,,,"getehrextract.ehr_extract.folders.feeder_audit.version_set_id",0,1,"",""
"getehrextract","getehrextract.ehr-extract.folders.feeder-audit.version-status","getehrextract.ehr_extract.folders.feeder_audit.version_status","","","",0,1,"","","","code {[]} {[]}
","version_status","version_status","","","","","","","","","",,,,,"",,,,"getehrextract.ehr_extract.folders.feeder_audit.version_status",0,1,"",""
"getehrextract","getehrextract.ehr-extract.folders.sub-folders","getehrextract.ehr_extract.folders.sub_folders","","","",0,*,"","","","string {[]} {[]}
","sub_folders"," (Rekursiv typ, ej utvecklad.)","","","","","","","","","",,,,,"",,,,"getehrextract.ehr_extract.folders.sub_folders",0,*,"",""
"getehrextract","getehrextract.ehr-extract.folders.attestations","getehrextract.ehr_extract.folders.attestations","","","",0,*,"","","","BackboneElement {[]} {[]}
","attestations","Any attestations for a Record Component. The proof field should be a cryptographic hash of the RECORD_COMPONENT it attests, but it is recognised that in many implementations the components will change to point to new components that revise them. In that case, the proof should sign the unchanging parts of the component only.","","","","","","","","","",,,,,"",,,,"getehrextract.ehr_extract.folders.attestations",0,*,"","ele-1:All FHIR elements must have a @value or children {hasValue() or (children().count() > id.count())}
"
"getehrextract","getehrextract.ehr-extract.folders.attestations.id","getehrextract.ehr_extract.folders.attestations.id","","","",0,1,"","","","string {[]} {[]}
","Unique id for inter-element referencing","Unique id for the element within a resource (for internal references). This may be any string value that does not contain spaces.","","","","","","","","","",,,,,"",,,,"Element.id",0,1,"",""
"getehrextract","getehrextract.ehr-extract.folders.attestations.extension","getehrextract.ehr_extract.folders.attestations.extension","","extensions
user content","",0,*,"","","","Extension {[]} {[]}
","Additional content defined by implementations","May be used to represent additional information that is not part of the basic definition of the element. To make the use of extensions safe and manageable, there is a strict set of governance  applied to the definition and use of extensions. Though any implementer can define an extension, there is a set of requirements that SHALL be met as part of the definition of the extension.","There can be no stigma associated with the use of extensions by any application, project, or standard - regardless of the institution or jurisdiction that uses or defines the extensions.  The use of extensions is what allows the FHIR specification to retain a core level of simplicity for everyone.","","","","","","","","",,,,,"","value:url}
","Extensions are always sliced by (at least) url",,"open","Element.extension",0,*,"","ele-1:All FHIR elements must have a @value or children {hasValue() or (children().count() > id.count())}
ext-1:Must have either extensions or value[x], not both {extension.exists() != value.exists()}"
"getehrextract","getehrextract.ehr-extract.folders.attestations.modifierExtension","getehrextract.ehr_extract.folders.attestations.modifierExtension","","extensions
user contentmodifiers","",0,*,"","Y","Y","Extension {[]} {[]}
","Extensions that cannot be ignored even if unrecognized","May be used to represent additional information that is not part of the basic definition of the element and that modifies the understanding of the element in which it is contained and/or the understanding of the containing element's descendants. Usually modifier elements provide negation or qualification. To make the use of extensions safe and manageable, there is a strict set of governance applied to the definition and use of extensions. Though any implementer can define an extension, there is a set of requirements that SHALL be met as part of the definition of the extension. Applications processing a resource are required to check for modifier extensions.

Modifier extensions SHALL NOT change the meaning of any elements on Resource or DomainResource (including cannot change the meaning of modifierExtension itself).","There can be no stigma associated with the use of extensions by any application, project, or standard - regardless of the institution or jurisdiction that uses or defines the extensions.  The use of extensions is what allows the FHIR specification to retain a core level of simplicity for everyone.","Modifier extensions allow for extensions that *cannot* be safely ignored to be clearly distinguished from the vast majority of extensions which can be safely ignored.  This promotes interoperability by eliminating the need for implementers to prohibit the presence of extensions. For further information, see the [definition of modifier extensions](http://hl7.org/fhir/R4/extensibility.html#modifierExtension).","","","","","","","",,,,,"",,,,"BackboneElement.modifierExtension",0,*,"","ele-1:All FHIR elements must have a @value or children {hasValue() or (children().count() > id.count())}
ext-1:Must have either extensions or value[x], not both {extension.exists() != value.exists()}"
"getehrextract","getehrextract.ehr-extract.folders.attestations.attested-view","getehrextract.ehr_extract.folders.attestations.attested_view","","","",0,1,"","","","Attachment {[]} {[]}
","attested_view","attested_view","","","","","","","","","",,,,,"",,,,"getehrextract.ehr_extract.folders.attestations.attested_view",0,1,"",""
"getehrextract","getehrextract.ehr-extract.folders.attestations.proof","getehrextract.ehr_extract.folders.attestations.proof","","","",0,1,"","","","Attachment {[]} {[]}
","proof","proof","","","","","","","","","",,,,,"",,,,"getehrextract.ehr_extract.folders.attestations.proof",0,1,"",""
"getehrextract","getehrextract.ehr-extract.folders.attestations.reason-for-attestation","getehrextract.ehr_extract.folders.attestations.reason_for_attestation","","","",1,1,"","","","CodeableConcept {[]} {[]}
","reason_for_attestation","reason_for_attestation","","","","","","","","","",,,,,"",,,,"getehrextract.ehr_extract.folders.attestations.reason_for_attestation",1,1,"",""
"getehrextract","getehrextract.ehr-extract.folders.attestations.time","getehrextract.ehr_extract.folders.attestations.time","","","",1,1,"","","","dateTime {[]} {[]}
","time","time","","","","","","","","","",,,,,"",,,,"getehrextract.ehr_extract.folders.attestations.time",1,1,"",""
"getehrextract","getehrextract.ehr-extract.folders.attestations.target-rc-id","getehrextract.ehr_extract.folders.attestations.target_rc_id","","","",1,*,"","","","Identifier {[]} {[]}
","target_rc_id","target_rc_id","","","","","","","","","",,,,,"",,,,"getehrextract.ehr_extract.folders.attestations.target_rc_id",1,*,"",""
"getehrextract","getehrextract.ehr-extract.folders.attestations.attester","getehrextract.ehr_extract.folders.attestations.attester","","","",1,1,"","","","BackboneElement {[]} {[]}
","attester","The participation of an entity in the EHR.","","","","","","","","","",,,,,"",,,,"getehrextract.ehr_extract.folders.attestations.attester",1,1,"","ele-1:All FHIR elements must have a @value or children {hasValue() or (children().count() > id.count())}
"
"getehrextract","getehrextract.ehr-extract.folders.attestations.attester.id","getehrextract.ehr_extract.folders.attestations.attester.id","","","",0,1,"","","","string {[]} {[]}
","Unique id for inter-element referencing","Unique id for the element within a resource (for internal references). This may be any string value that does not contain spaces.","","","","","","","","","",,,,,"",,,,"Element.id",0,1,"",""
"getehrextract","getehrextract.ehr-extract.folders.attestations.attester.extension","getehrextract.ehr_extract.folders.attestations.attester.extension","","extensions
user content","",0,*,"","","","Extension {[]} {[]}
","Additional content defined by implementations","May be used to represent additional information that is not part of the basic definition of the element. To make the use of extensions safe and manageable, there is a strict set of governance  applied to the definition and use of extensions. Though any implementer can define an extension, there is a set of requirements that SHALL be met as part of the definition of the extension.","There can be no stigma associated with the use of extensions by any application, project, or standard - regardless of the institution or jurisdiction that uses or defines the extensions.  The use of extensions is what allows the FHIR specification to retain a core level of simplicity for everyone.","","","","","","","","",,,,,"","value:url}
","Extensions are always sliced by (at least) url",,"open","Element.extension",0,*,"","ele-1:All FHIR elements must have a @value or children {hasValue() or (children().count() > id.count())}
ext-1:Must have either extensions or value[x], not both {extension.exists() != value.exists()}"
"getehrextract","getehrextract.ehr-extract.folders.attestations.attester.modifierExtension","getehrextract.ehr_extract.folders.attestations.attester.modifierExtension","","extensions
user contentmodifiers","",0,*,"","Y","Y","Extension {[]} {[]}
","Extensions that cannot be ignored even if unrecognized","May be used to represent additional information that is not part of the basic definition of the element and that modifies the understanding of the element in which it is contained and/or the understanding of the containing element's descendants. Usually modifier elements provide negation or qualification. To make the use of extensions safe and manageable, there is a strict set of governance applied to the definition and use of extensions. Though any implementer can define an extension, there is a set of requirements that SHALL be met as part of the definition of the extension. Applications processing a resource are required to check for modifier extensions.

Modifier extensions SHALL NOT change the meaning of any elements on Resource or DomainResource (including cannot change the meaning of modifierExtension itself).","There can be no stigma associated with the use of extensions by any application, project, or standard - regardless of the institution or jurisdiction that uses or defines the extensions.  The use of extensions is what allows the FHIR specification to retain a core level of simplicity for everyone.","Modifier extensions allow for extensions that *cannot* be safely ignored to be clearly distinguished from the vast majority of extensions which can be safely ignored.  This promotes interoperability by eliminating the need for implementers to prohibit the presence of extensions. For further information, see the [definition of modifier extensions](http://hl7.org/fhir/R4/extensibility.html#modifierExtension).","","","","","","","",,,,,"",,,,"BackboneElement.modifierExtension",0,*,"","ele-1:All FHIR elements must have a @value or children {hasValue() or (children().count() > id.count())}
ext-1:Must have either extensions or value[x], not both {extension.exists() != value.exists()}"
"getehrextract","getehrextract.ehr-extract.folders.attestations.attester.function","getehrextract.ehr_extract.folders.attestations.attester.function","","","",0,1,"","","","CodeableConcept {[]} {[]}
","function","function","","","","","","","","","",,,,,"",,,,"getehrextract.ehr_extract.folders.attestations.attester.function",0,1,"",""
"getehrextract","getehrextract.ehr-extract.folders.attestations.attester.healthcare-facility","getehrextract.ehr_extract.folders.attestations.attester.healthcare_facility","","","",0,1,"","","","Identifier {[]} {[]}
","healthcare_facility","healthcare_facility","","","","","","","","","",,,,,"",,,,"getehrextract.ehr_extract.folders.attestations.attester.healthcare_facility",0,1,"",""
"getehrextract","getehrextract.ehr-extract.folders.attestations.attester.mode","getehrextract.ehr_extract.folders.attestations.attester.mode","","","",0,1,"","","","code {[]} {[]}
","mode","mode","","","","","","","","","",,,,,"",,,,"getehrextract.ehr_extract.folders.attestations.attester.mode",0,1,"",""
"getehrextract","getehrextract.ehr-extract.folders.attestations.attester.performer","getehrextract.ehr_extract.folders.attestations.attester.performer","","","",1,1,"","","","Identifier {[]} {[]}
","performer","performer","","","","","","","","","",,,,,"",,,,"getehrextract.ehr_extract.folders.attestations.attester.performer",1,1,"",""
"getehrextract","getehrextract.ehr-extract.folders.attestations.attester.service-setting","getehrextract.ehr_extract.folders.attestations.attester.service_setting","","","",0,1,"","","","CodeableConcept {[]} {[]}
","service_setting","service_setting","","","","","","","","","",,,,,"",,,,"getehrextract.ehr_extract.folders.attestations.attester.service_setting",0,1,"",""
"getehrextract","getehrextract.ehr-extract.folders.composition-rc-ids","getehrextract.ehr_extract.folders.composition_rc_ids","","","",0,*,"","","","string {[]} {[]}
","composition_rc_ids","composition_rc_ids","","","","","","","","","",,,,,"",,,,"getehrextract.ehr_extract.folders.composition_rc_ids",0,*,"",""
"getehrextract","getehrextract.ehr-extract.demographic-extract","getehrextract.ehr_extract.demographic_extract","","","",0,*,"","","","BackboneElement {[]} {[]}
","demographic_extract","Superclass of all identified parties to the record. Note that the type of id is not given in the printed class description but is included in the class diagram on page 47 of the standard. Abstrakt typ; instansen anges med xsi:type som en av SOFTWARE_OR_DEVICE, ORGANISATION, PERSON.","","","","","","","","","",,,,,"",,,,"getehrextract.ehr_extract.demographic_extract",0,*,"","ele-1:All FHIR elements must have a @value or children {hasValue() or (children().count() > id.count())}
"
"getehrextract","getehrextract.ehr-extract.demographic-extract.id","getehrextract.ehr_extract.demographic_extract.id","","","",0,1,"","","","string {[]} {[]}
","Unique id for inter-element referencing","Unique id for the element within a resource (for internal references). This may be any string value that does not contain spaces.","","","","","","","","","",,,,,"",,,,"Element.id",0,1,"",""
"getehrextract","getehrextract.ehr-extract.demographic-extract.extension","getehrextract.ehr_extract.demographic_extract.extension","","extensions
user content","",0,*,"","","","Extension {[]} {[]}
","Additional content defined by implementations","May be used to represent additional information that is not part of the basic definition of the element. To make the use of extensions safe and manageable, there is a strict set of governance  applied to the definition and use of extensions. Though any implementer can define an extension, there is a set of requirements that SHALL be met as part of the definition of the extension.","There can be no stigma associated with the use of extensions by any application, project, or standard - regardless of the institution or jurisdiction that uses or defines the extensions.  The use of extensions is what allows the FHIR specification to retain a core level of simplicity for everyone.","","","","","","","","",,,,,"","value:url}
","Extensions are always sliced by (at least) url",,"open","Element.extension",0,*,"","ele-1:All FHIR elements must have a @value or children {hasValue() or (children().count() > id.count())}
ext-1:Must have either extensions or value[x], not both {extension.exists() != value.exists()}"
"getehrextract","getehrextract.ehr-extract.demographic-extract.modifierExtension","getehrextract.ehr_extract.demographic_extract.modifierExtension","","extensions
user contentmodifiers","",0,*,"","Y","Y","Extension {[]} {[]}
","Extensions that cannot be ignored even if unrecognized","May be used to represent additional information that is not part of the basic definition of the element and that modifies the understanding of the element in which it is contained and/or the understanding of the containing element's descendants. Usually modifier elements provide negation or qualification. To make the use of extensions safe and manageable, there is a strict set of governance applied to the definition and use of extensions. Though any implementer can define an extension, there is a set of requirements that SHALL be met as part of the definition of the extension. Applications processing a resource are required to check for modifier extensions.

Modifier extensions SHALL NOT change the meaning of any elements on Resource or DomainResource (including cannot change the meaning of modifierExtension itself).","There can be no stigma associated with the use of extensions by any application, project, or standard - regardless of the institution or jurisdiction that uses or defines the extensions.  The use of extensions is what allows the FHIR specification to retain a core level of simplicity for everyone.","Modifier extensions allow for extensions that *cannot* be safely ignored to be clearly distinguished from the vast majority of extensions which can be safely ignored.  This promotes interoperability by eliminating the need for implementers to prohibit the presence of extensions. For further information, see the [definition of modifier extensions](http://hl7.org/fhir/R4/extensibility.html#modifierExtension).","","","","","","","",,,,,"",,,,"BackboneElement.modifierExtension",0,*,"","ele-1:All FHIR elements must have a @value or children {hasValue() or (children().count() > id.count())}
ext-1:Must have either extensions or value[x], not both {extension.exists() != value.exists()}"
"getehrextract","getehrextract.ehr-extract.demographic-extract.extract-id","getehrextract.ehr_extract.demographic_extract.extract_id","","","",1,1,"","","","Identifier {[]} {[]}
","extract_id","extract_id","","","","","","","","","",,,,,"",,,,"getehrextract.ehr_extract.demographic_extract.extract_id",1,1,"",""
"getehrextract","getehrextract.ehr-extract.demographic-extract.identifiedEntityId","getehrextract.ehr_extract.demographic_extract.identifiedEntityId","","","",0,*,"","","","Identifier {[]} {[]}
","identifiedEntityId","identifiedEntityId Heter id i schemat.","","","","","","","","","",,,,,"",,,,"getehrextract.ehr_extract.demographic_extract.identifiedEntityId",0,*,"",""
"getehrextract","getehrextract.ehr-extract.demographic-extract.telecom","getehrextract.ehr_extract.demographic_extract.telecom","","","",0,*,"","","","ContactPoint {[]} {[]}
","telecom","telecom","","","","","","","","","",,,,,"",,,,"getehrextract.ehr_extract.demographic_extract.telecom",0,*,"",""
"getehrextract","getehrextract.ehr-extract.demographic-extract.softwareOrDevice","getehrextract.ehr_extract.demographic_extract.softwareOrDevice","","","",0,1,"","","","BackboneElement {[]} {[]}
","softwareOrDevice","Element som bara finns när instansen är av subtypen SOFTWARE_OR_DEVICE (xsi:type).","","","","","","","","","",,,,,"",,,,"getehrextract.ehr_extract.demographic_extract.softwareOrDevice",0,1,"","ele-1:All FHIR elements must have a @value or children {hasValue() or (children().count() > id.count())}
"
"getehrextract","getehrextract.ehr-extract.demographic-extract.softwareOrDevice.id","getehrextract.ehr_extract.demographic_extract.softwareOrDevice.id","","","",0,1,"","","","string {[]} {[]}
","Unique id for inter-element referencing","Unique id for the element within a resource (for internal references). This may be any string value that does not contain spaces.","","","","","","","","","",,,,,"",,,,"Element.id",0,1,"",""
"getehrextract","getehrextract.ehr-extract.demographic-extract.softwareOrDevice.extension","getehrextract.ehr_extract.demographic_extract.softwareOrDevice.extension","","extensions
user content","",0,*,"","","","Extension {[]} {[]}
","Additional content defined by implementations","May be used to represent additional information that is not part of the basic definition of the element. To make the use of extensions safe and manageable, there is a strict set of governance  applied to the definition and use of extensions. Though any implementer can define an extension, there is a set of requirements that SHALL be met as part of the definition of the extension.","There can be no stigma associated with the use of extensions by any application, project, or standard - regardless of the institution or jurisdiction that uses or defines the extensions.  The use of extensions is what allows the FHIR specification to retain a core level of simplicity for everyone.","","","","","","","","",,,,,"","value:url}
","Extensions are always sliced by (at least) url",,"open","Element.extension",0,*,"","ele-1:All FHIR elements must have a @value or children {hasValue() or (children().count() > id.count())}
ext-1:Must have either extensions or value[x], not both {extension.exists() != value.exists()}"
"getehrextract","getehrextract.ehr-extract.demographic-extract.softwareOrDevice.modifierExtension","getehrextract.ehr_extract.demographic_extract.softwareOrDevice.modifierExtension","","extensions
user contentmodifiers","",0,*,"","Y","Y","Extension {[]} {[]}
","Extensions that cannot be ignored even if unrecognized","May be used to represent additional information that is not part of the basic definition of the element and that modifies the understanding of the element in which it is contained and/or the understanding of the containing element's descendants. Usually modifier elements provide negation or qualification. To make the use of extensions safe and manageable, there is a strict set of governance applied to the definition and use of extensions. Though any implementer can define an extension, there is a set of requirements that SHALL be met as part of the definition of the extension. Applications processing a resource are required to check for modifier extensions.

Modifier extensions SHALL NOT change the meaning of any elements on Resource or DomainResource (including cannot change the meaning of modifierExtension itself).","There can be no stigma associated with the use of extensions by any application, project, or standard - regardless of the institution or jurisdiction that uses or defines the extensions.  The use of extensions is what allows the FHIR specification to retain a core level of simplicity for everyone.","Modifier extensions allow for extensions that *cannot* be safely ignored to be clearly distinguished from the vast majority of extensions which can be safely ignored.  This promotes interoperability by eliminating the need for implementers to prohibit the presence of extensions. For further information, see the [definition of modifier extensions](http://hl7.org/fhir/R4/extensibility.html#modifierExtension).","","","","","","","",,,,,"",,,,"BackboneElement.modifierExtension",0,*,"","ele-1:All FHIR elements must have a @value or children {hasValue() or (children().count() > id.count())}
ext-1:Must have either extensions or value[x], not both {extension.exists() != value.exists()}"
"getehrextract","getehrextract.ehr-extract.demographic-extract.softwareOrDevice.softwareOrDeviceCode","getehrextract.ehr_extract.demographic_extract.softwareOrDevice.softwareOrDeviceCode","","","",1,1,"","","","CodeableConcept {[]} {[]}
","softwareOrDeviceCode","softwareOrDeviceCode Heter code i schemat.","","","","","","","","","",,,,,"",,,,"getehrextract.ehr_extract.demographic_extract.softwareOrDevice.softwareOrDeviceCode",1,1,"",""
"getehrextract","getehrextract.ehr-extract.demographic-extract.softwareOrDevice.desc","getehrextract.ehr_extract.demographic_extract.softwareOrDevice.desc","","","",1,1,"","","","string {[]} {[]}
","desc","desc","","","","","","","","","",,,,,"",,,,"getehrextract.ehr_extract.demographic_extract.softwareOrDevice.desc",1,1,"",""
"getehrextract","getehrextract.ehr-extract.demographic-extract.softwareOrDevice.manufacturerModelName","getehrextract.ehr_extract.demographic_extract.softwareOrDevice.manufacturerModelName","","","",1,1,"","","","string {[]} {[]}
","manufacturerModelName","manufacturerModelName","","","","","","","","","",,,,,"",,,,"getehrextract.ehr_extract.demographic_extract.softwareOrDevice.manufacturerModelName",1,1,"",""
"getehrextract","getehrextract.ehr-extract.demographic-extract.softwareOrDevice.softwareOrDeviceVersion","getehrextract.ehr_extract.demographic_extract.softwareOrDevice.softwareOrDeviceVersion","","","",0,1,"","","","string {[]} {[]}
","softwareOrDeviceVersion","softwareOrDeviceVersion Heter version i schemat.","","","","","","","","","",,,,,"",,,,"getehrextract.ehr_extract.demographic_extract.softwareOrDevice.softwareOrDeviceVersion",0,1,"",""
"getehrextract","getehrextract.ehr-extract.demographic-extract.softwareOrDevice.owningOrganisation-id","getehrextract.ehr_extract.demographic_extract.softwareOrDevice.owningOrganisation_id","","","",0,1,"","","","string {[]} {[]}
","owningOrganisation_id","owningOrganisation_id","","","","","","","","","",,,,,"",,,,"getehrextract.ehr_extract.demographic_extract.softwareOrDevice.owningOrganisation_id",0,1,"",""
"getehrextract","getehrextract.ehr-extract.demographic-extract.organisation","getehrextract.ehr_extract.demographic_extract.organisation","","","",0,1,"","","","BackboneElement {[]} {[]}
","organisation","Element som bara finns när instansen är av subtypen ORGANISATION (xsi:type).","","","","","","","","","",,,,,"",,,,"getehrextract.ehr_extract.demographic_extract.organisation",0,1,"","ele-1:All FHIR elements must have a @value or children {hasValue() or (children().count() > id.count())}
"
"getehrextract","getehrextract.ehr-extract.demographic-extract.organisation.id","getehrextract.ehr_extract.demographic_extract.organisation.id","","","",0,1,"","","","string {[]} {[]}
","Unique id for inter-element referencing","Unique id for the element within a resource (for internal references). This may be any string value that does not contain spaces.","","","","","","","","","",,,,,"",,,,"Element.id",0,1,"",""
"getehrextract","getehrextract.ehr-extract.demographic-extract.organisation.extension","getehrextract.ehr_extract.demographic_extract.organisation.extension","","extensions
user content","",0,*,"","","","Extension {[]} {[]}
","Additional content defined by implementations","May be used to represent additional information that is not part of the basic definition of the element. To make the use of extensions safe and manageable, there is a strict set of governance  applied to the definition and use of extensions. Though any implementer can define an extension, there is a set of requirements that SHALL be met as part of the definition of the extension.","There can be no stigma associated with the use of extensions by any application, project, or standard - regardless of the institution or jurisdiction that uses or defines the extensions.  The use of extensions is what allows the FHIR specification to retain a core level of simplicity for everyone.","","","","","","","","",,,,,"","value:url}
","Extensions are always sliced by (at least) url",,"open","Element.extension",0,*,"","ele-1:All FHIR elements must have a @value or children {hasValue() or (children().count() > id.count())}
ext-1:Must have either extensions or value[x], not both {extension.exists() != value.exists()}"
"getehrextract","getehrextract.ehr-extract.demographic-extract.organisation.modifierExtension","getehrextract.ehr_extract.demographic_extract.organisation.modifierExtension","","extensions
user contentmodifiers","",0,*,"","Y","Y","Extension {[]} {[]}
","Extensions that cannot be ignored even if unrecognized","May be used to represent additional information that is not part of the basic definition of the element and that modifies the understanding of the element in which it is contained and/or the understanding of the containing element's descendants. Usually modifier elements provide negation or qualification. To make the use of extensions safe and manageable, there is a strict set of governance applied to the definition and use of extensions. Though any implementer can define an extension, there is a set of requirements that SHALL be met as part of the definition of the extension. Applications processing a resource are required to check for modifier extensions.

Modifier extensions SHALL NOT change the meaning of any elements on Resource or DomainResource (including cannot change the meaning of modifierExtension itself).","There can be no stigma associated with the use of extensions by any application, project, or standard - regardless of the institution or jurisdiction that uses or defines the extensions.  The use of extensions is what allows the FHIR specification to retain a core level of simplicity for everyone.","Modifier extensions allow for extensions that *cannot* be safely ignored to be clearly distinguished from the vast majority of extensions which can be safely ignored.  This promotes interoperability by eliminating the need for implementers to prohibit the presence of extensions. For further information, see the [definition of modifier extensions](http://hl7.org/fhir/R4/extensibility.html#modifierExtension).","","","","","","","",,,,,"",,,,"BackboneElement.modifierExtension",0,*,"","ele-1:All FHIR elements must have a @value or children {hasValue() or (children().count() > id.count())}
ext-1:Must have either extensions or value[x], not both {extension.exists() != value.exists()}"
"getehrextract","getehrextract.ehr-extract.demographic-extract.organisation.organisationCode","getehrextract.ehr_extract.demographic_extract.organisation.organisationCode","","","",1,1,"","","","CodeableConcept {[]} {[]}
","organisationCode","organisationCode Heter code i schemat.","","","","","","","","","",,,,,"",,,,"getehrextract.ehr_extract.demographic_extract.organisation.organisationCode",1,1,"",""
"getehrextract","getehrextract.ehr-extract.demographic-extract.organisation.desc","getehrextract.ehr_extract.demographic_extract.organisation.desc","","","",1,1,"","","","string {[]} {[]}
","desc","desc","","","","","","","","","",,,,,"",,,,"getehrextract.ehr_extract.demographic_extract.organisation.desc",1,1,"",""
"getehrextract","getehrextract.ehr-extract.demographic-extract.organisation.organisationName","getehrextract.ehr_extract.demographic_extract.organisation.organisationName","","","",1,1,"","","","string {[]} {[]}
","organisationName","organisationName Heter name i schemat.","","","","","","","","","",,,,,"",,,,"getehrextract.ehr_extract.demographic_extract.organisation.organisationName",1,1,"",""
"getehrextract","getehrextract.ehr-extract.demographic-extract.organisation.addr","getehrextract.ehr_extract.demographic_extract.organisation.addr","","","",0,*,"","","","Address {[]} {[]}
","addr","addr","","","","","","","","","",,,,,"",,,,"getehrextract.ehr_extract.demographic_extract.organisation.addr",0,*,"",""
"getehrextract","getehrextract.ehr-extract.demographic-extract.person","getehrextract.ehr_extract.demographic_extract.person","","","",0,1,"","","","BackboneElement {[]} {[]}
","person","Element som bara finns när instansen är av subtypen PERSON (xsi:type).","","","","","","","","","",,,,,"",,,,"getehrextract.ehr_extract.demographic_extract.person",0,1,"","ele-1:All FHIR elements must have a @value or children {hasValue() or (children().count() > id.count())}
"
"getehrextract","getehrextract.ehr-extract.demographic-extract.person.id","getehrextract.ehr_extract.demographic_extract.person.id","","","",0,1,"","","","string {[]} {[]}
","Unique id for inter-element referencing","Unique id for the element within a resource (for internal references). This may be any string value that does not contain spaces.","","","","","","","","","",,,,,"",,,,"Element.id",0,1,"",""
"getehrextract","getehrextract.ehr-extract.demographic-extract.person.extension","getehrextract.ehr_extract.demographic_extract.person.extension","","extensions
user content","",0,*,"","","","Extension {[]} {[]}
","Additional content defined by implementations","May be used to represent additional information that is not part of the basic definition of the element. To make the use of extensions safe and manageable, there is a strict set of governance  applied to the definition and use of extensions. Though any implementer can define an extension, there is a set of requirements that SHALL be met as part of the definition of the extension.","There can be no stigma associated with the use of extensions by any application, project, or standard - regardless of the institution or jurisdiction that uses or defines the extensions.  The use of extensions is what allows the FHIR specification to retain a core level of simplicity for everyone.","","","","","","","","",,,,,"","value:url}
","Extensions are always sliced by (at least) url",,"open","Element.extension",0,*,"","ele-1:All FHIR elements must have a @value or children {hasValue() or (children().count() > id.count())}
ext-1:Must have either extensions or value[x], not both {extension.exists() != value.exists()}"
"getehrextract","getehrextract.ehr-extract.demographic-extract.person.modifierExtension","getehrextract.ehr_extract.demographic_extract.person.modifierExtension","","extensions
user contentmodifiers","",0,*,"","Y","Y","Extension {[]} {[]}
","Extensions that cannot be ignored even if unrecognized","May be used to represent additional information that is not part of the basic definition of the element and that modifies the understanding of the element in which it is contained and/or the understanding of the containing element's descendants. Usually modifier elements provide negation or qualification. To make the use of extensions safe and manageable, there is a strict set of governance applied to the definition and use of extensions. Though any implementer can define an extension, there is a set of requirements that SHALL be met as part of the definition of the extension. Applications processing a resource are required to check for modifier extensions.

Modifier extensions SHALL NOT change the meaning of any elements on Resource or DomainResource (including cannot change the meaning of modifierExtension itself).","There can be no stigma associated with the use of extensions by any application, project, or standard - regardless of the institution or jurisdiction that uses or defines the extensions.  The use of extensions is what allows the FHIR specification to retain a core level of simplicity for everyone.","Modifier extensions allow for extensions that *cannot* be safely ignored to be clearly distinguished from the vast majority of extensions which can be safely ignored.  This promotes interoperability by eliminating the need for implementers to prohibit the presence of extensions. For further information, see the [definition of modifier extensions](http://hl7.org/fhir/R4/extensibility.html#modifierExtension).","","","","","","","",,,,,"",,,,"BackboneElement.modifierExtension",0,*,"","ele-1:All FHIR elements must have a @value or children {hasValue() or (children().count() > id.count())}
ext-1:Must have either extensions or value[x], not both {extension.exists() != value.exists()}"
"getehrextract","getehrextract.ehr-extract.demographic-extract.person.personName","getehrextract.ehr_extract.demographic_extract.person.personName","","","",0,*,"","","","HumanName {[]} {[]}
","personName","personName Heter name i schemat.","","","","","","","","","",,,,,"",,,,"getehrextract.ehr_extract.demographic_extract.person.personName",0,*,"",""
"getehrextract","getehrextract.ehr-extract.demographic-extract.person.addr","getehrextract.ehr_extract.demographic_extract.person.addr","","","",0,*,"","","","Address {[]} {[]}
","addr","addr","","","","","","","","","",,,,,"",,,,"getehrextract.ehr_extract.demographic_extract.person.addr",0,*,"",""
"getehrextract","getehrextract.continuation-token","getehrextract.continuation_token","","","",0,1,"","","","string {[]} {[]}
","continuation_token","continuation_token","","","","","","","","","",,,,,"",,,,"getehrextract.continuation_token",0,1,"",""
"getehrextract","getehrextract.response-detail","getehrextract.response_detail","","","",0,*,"","","","BackboneElement {[]} {[]}
","response_detail","response_detail","","","","","","","","","",,,,,"",,,,"getehrextract.response_detail",0,*,"","ele-1:All FHIR elements must have a @value or children {hasValue() or (children().count() > id.count())}
"
"getehrextract","getehrextract.response-detail.id","getehrextract.response_detail.id","","","",0,1,"","","","string {[]} {[]}
","Unique id for inter-element referencing","Unique id for the element within a resource (for internal references). This may be any string value that does not contain spaces.","","","","","","","","","",,,,,"",,,,"Element.id",0,1,"",""
"getehrextract","getehrextract.response-detail.extension","getehrextract.response_detail.extension","","extensions
user content","",0,*,"","","","Extension {[]} {[]}
","Additional content defined by implementations","May be used to represent additional information that is not part of the basic definition of the element. To make the use of extensions safe and manageable, there is a strict set of governance  applied to the definition and use of extensions. Though any implementer can define an extension, there is a set of requirements that SHALL be met as part of the definition of the extension.","There can be no stigma associated with the use of extensions by any application, project, or standard - regardless of the institution or jurisdiction that uses or defines the extensions.  The use of extensions is what allows the FHIR specification to retain a core level of simplicity for everyone.","","","","","","","","",,,,,"","value:url}
","Extensions are always sliced by (at least) url",,"open","Element.extension",0,*,"","ele-1:All FHIR elements must have a @value or children {hasValue() or (children().count() > id.count())}
ext-1:Must have either extensions or value[x], not both {extension.exists() != value.exists()}"
"getehrextract","getehrextract.response-detail.modifierExtension","getehrextract.response_detail.modifierExtension","","extensions
user contentmodifiers","",0,*,"","Y","Y","Extension {[]} {[]}
","Extensions that cannot be ignored even if unrecognized","May be used to represent additional information that is not part of the basic definition of the element and that modifies the understanding of the element in which it is contained and/or the understanding of the containing element's descendants. Usually modifier elements provide negation or qualification. To make the use of extensions safe and manageable, there is a strict set of governance applied to the definition and use of extensions. Though any implementer can define an extension, there is a set of requirements that SHALL be met as part of the definition of the extension. Applications processing a resource are required to check for modifier extensions.

Modifier extensions SHALL NOT change the meaning of any elements on Resource or DomainResource (including cannot change the meaning of modifierExtension itself).","There can be no stigma associated with the use of extensions by any application, project, or standard - regardless of the institution or jurisdiction that uses or defines the extensions.  The use of extensions is what allows the FHIR specification to retain a core level of simplicity for everyone.","Modifier extensions allow for extensions that *cannot* be safely ignored to be clearly distinguished from the vast majority of extensions which can be safely ignored.  This promotes interoperability by eliminating the need for implementers to prohibit the presence of extensions. For further information, see the [definition of modifier extensions](http://hl7.org/fhir/R4/extensibility.html#modifierExtension).","","","","","","","",,,,,"",,,,"BackboneElement.modifierExtension",0,*,"","ele-1:All FHIR elements must have a @value or children {hasValue() or (children().count() > id.count())}
ext-1:Must have either extensions or value[x], not both {extension.exists() != value.exists()}"
"getehrextract","getehrextract.response-detail.responseDetailCode","getehrextract.response_detail.responseDetailCode","","","",0,1,"","","","CodeableConcept {[]} {[]}
","responseDetailCode","responseDetailCode Heter code i schemat.","","","","","","","","","",,,,,"",,,,"getehrextract.response_detail.responseDetailCode",0,1,"",""
"getehrextract","getehrextract.response-detail.responseDetailText","getehrextract.response_detail.responseDetailText","","","",1,1,"","","","string {[]} {[]}
","responseDetailText","responseDetailText Heter text i schemat.","","","","","","","","","",,,,,"",,,,"getehrextract.response_detail.responseDetailText",1,1,"",""
"getehrextract","getehrextract.response-detail.type-code","getehrextract.response_detail.type_code","","","",0,1,"","","","code {[]} {[]}
","type_code","(XML-attribut.)","","","","","","","","","",,"required","","https://fhir.inera.se/ig/ehr-patientsummary/ValueSet/patientsummary-responsedetailtypecodes-vs","",,,,"getehrextract.response_detail.type_code",0,1,"",""
"receiveehrextract-request","receiveehrextract-request","receiveehrextract-request","","","",0,*,"","","","null {[]} {[]}
","ReceiveEhrExtract — Request","Logisk modell för begäran i ReceiveEhrExtract
(urn:riv:ehr:patientsummary:ReceiveEhrExtractResponder:1, ReceiveEhrExtractType), inklusive SOAP-huvuden enligt WSDL.","","","","","","","","","",,,,,"",,,,"Base",0,*,"",""
"receiveehrextract-request","receiveehrextract-request.logicalAddress","receiveehrextract-request.logicalAddress","","","",1,1,"","","","string {[]} {[]}
","logicalAddress","SOAP-huvud LogicalAddress. the HSA-id of the service producer","","","","","","","","","",,,,,"",,,,"receiveehrextract-request.logicalAddress",1,1,"",""
"receiveehrextract-request","receiveehrextract-request.ehr-extract","receiveehrextract-request.ehr_extract","","","",0,*,"","","","BackboneElement {[]} {[]}
","ehr_extract","The root node of an EHR Extract.","","","","","","","","","",,,,,"",,,,"receiveehrextract-request.ehr_extract",0,*,"","ele-1:All FHIR elements must have a @value or children {hasValue() or (children().count() > id.count())}
"
"receiveehrextract-request","receiveehrextract-request.ehr-extract.id","receiveehrextract-request.ehr_extract.id","","","",0,1,"","","","string {[]} {[]}
","Unique id for inter-element referencing","Unique id for the element within a resource (for internal references). This may be any string value that does not contain spaces.","","","","","","","","","",,,,,"",,,,"Element.id",0,1,"",""
"receiveehrextract-request","receiveehrextract-request.ehr-extract.extension","receiveehrextract-request.ehr_extract.extension","","extensions
user content","",0,*,"","","","Extension {[]} {[]}
","Additional content defined by implementations","May be used to represent additional information that is not part of the basic definition of the element. To make the use of extensions safe and manageable, there is a strict set of governance  applied to the definition and use of extensions. Though any implementer can define an extension, there is a set of requirements that SHALL be met as part of the definition of the extension.","There can be no stigma associated with the use of extensions by any application, project, or standard - regardless of the institution or jurisdiction that uses or defines the extensions.  The use of extensions is what allows the FHIR specification to retain a core level of simplicity for everyone.","","","","","","","","",,,,,"","value:url}
","Extensions are always sliced by (at least) url",,"open","Element.extension",0,*,"","ele-1:All FHIR elements must have a @value or children {hasValue() or (children().count() > id.count())}
ext-1:Must have either extensions or value[x], not both {extension.exists() != value.exists()}"
"receiveehrextract-request","receiveehrextract-request.ehr-extract.modifierExtension","receiveehrextract-request.ehr_extract.modifierExtension","","extensions
user contentmodifiers","",0,*,"","Y","Y","Extension {[]} {[]}
","Extensions that cannot be ignored even if unrecognized","May be used to represent additional information that is not part of the basic definition of the element and that modifies the understanding of the element in which it is contained and/or the understanding of the containing element's descendants. Usually modifier elements provide negation or qualification. To make the use of extensions safe and manageable, there is a strict set of governance applied to the definition and use of extensions. Though any implementer can define an extension, there is a set of requirements that SHALL be met as part of the definition of the extension. Applications processing a resource are required to check for modifier extensions.

Modifier extensions SHALL NOT change the meaning of any elements on Resource or DomainResource (including cannot change the meaning of modifierExtension itself).","There can be no stigma associated with the use of extensions by any application, project, or standard - regardless of the institution or jurisdiction that uses or defines the extensions.  The use of extensions is what allows the FHIR specification to retain a core level of simplicity for everyone.","Modifier extensions allow for extensions that *cannot* be safely ignored to be clearly distinguished from the vast majority of extensions which can be safely ignored.  This promotes interoperability by eliminating the need for implementers to prohibit the presence of extensions. For further information, see the [definition of modifier extensions](http://hl7.org/fhir/R4/extensibility.html#modifierExtension).","","","","","","","",,,,,"",,,,"BackboneElement.modifierExtension",0,*,"","ele-1:All FHIR elements must have a @value or children {hasValue() or (children().count() > id.count())}
ext-1:Must have either extensions or value[x], not both {extension.exists() != value.exists()}"
"receiveehrextract-request","receiveehrextract-request.ehr-extract.authorising-party","receiveehrextract-request.ehr_extract.authorising_party","","","",0,1,"","","","Identifier {[]} {[]}
","authorising_party","authorising_party","","","","","","","","","",,,,,"",,,,"receiveehrextract-request.ehr_extract.authorising_party",0,1,"",""
"receiveehrextract-request","receiveehrextract-request.ehr-extract.ehr-id","receiveehrextract-request.ehr_extract.ehr_id","","","",1,1,"","","","Identifier {[]} {[]}
","ehr_id","ehr_id","","","","","","","","","",,,,,"",,,,"receiveehrextract-request.ehr_extract.ehr_id",1,1,"",""
"receiveehrextract-request","receiveehrextract-request.ehr-extract.ehr-system","receiveehrextract-request.ehr_extract.ehr_system","","","",1,1,"","","","Identifier {[]} {[]}
","ehr_system","ehr_system","","","","","","","","","",,,,,"",,,,"receiveehrextract-request.ehr_extract.ehr_system",1,1,"",""
"receiveehrextract-request","receiveehrextract-request.ehr-extract.subject-of-care","receiveehrextract-request.ehr_extract.subject_of_care","","","",1,1,"","","","Identifier {[]} {[]}
","subject_of_care","subject_of_care","","","","","","","","","",,,,,"",,,,"receiveehrextract-request.ehr_extract.subject_of_care",1,1,"",""
"receiveehrextract-request","receiveehrextract-request.ehr-extract.time-created","receiveehrextract-request.ehr_extract.time_created","","","",1,1,"","","","dateTime {[]} {[]}
","time_created","time_created","","","","","","","","","",,,,,"",,,,"receiveehrextract-request.ehr_extract.time_created",1,1,"",""
"receiveehrextract-request","receiveehrextract-request.ehr-extract.all-compositions","receiveehrextract-request.ehr_extract.all_compositions","","","",0,*,"","","","BackboneElement {[]} {[]}
","all_compositions","Key aggregation class representing the set of Record Components authored and committed during a single clinical encounter. Note the values for territory will indicate the legal framework under which the data was committed. The session_time should be a restriction on the data types of low and high to make them TS, but this restriction is not permissible in XML Schema and thus the IVL properties are simply copied here with the appropriate types.","","","","","","","","","",,,,,"",,,,"receiveehrextract-request.ehr_extract.all_compositions",0,*,"","ele-1:All FHIR elements must have a @value or children {hasValue() or (children().count() > id.count())}
"
"receiveehrextract-request","receiveehrextract-request.ehr-extract.all-compositions.id","receiveehrextract-request.ehr_extract.all_compositions.id","","","",0,1,"","","","string {[]} {[]}
","Unique id for inter-element referencing","Unique id for the element within a resource (for internal references). This may be any string value that does not contain spaces.","","","","","","","","","",,,,,"",,,,"Element.id",0,1,"",""
"receiveehrextract-request","receiveehrextract-request.ehr-extract.all-compositions.extension","receiveehrextract-request.ehr_extract.all_compositions.extension","","extensions
user content","",0,*,"","","","Extension {[]} {[]}
","Additional content defined by implementations","May be used to represent additional information that is not part of the basic definition of the element. To make the use of extensions safe and manageable, there is a strict set of governance  applied to the definition and use of extensions. Though any implementer can define an extension, there is a set of requirements that SHALL be met as part of the definition of the extension.","There can be no stigma associated with the use of extensions by any application, project, or standard - regardless of the institution or jurisdiction that uses or defines the extensions.  The use of extensions is what allows the FHIR specification to retain a core level of simplicity for everyone.","","","","","","","","",,,,,"","value:url}
","Extensions are always sliced by (at least) url",,"open","Element.extension",0,*,"","ele-1:All FHIR elements must have a @value or children {hasValue() or (children().count() > id.count())}
ext-1:Must have either extensions or value[x], not both {extension.exists() != value.exists()}"
"receiveehrextract-request","receiveehrextract-request.ehr-extract.all-compositions.modifierExtension","receiveehrextract-request.ehr_extract.all_compositions.modifierExtension","","extensions
user contentmodifiers","",0,*,"","Y","Y","Extension {[]} {[]}
","Extensions that cannot be ignored even if unrecognized","May be used to represent additional information that is not part of the basic definition of the element and that modifies the understanding of the element in which it is contained and/or the understanding of the containing element's descendants. Usually modifier elements provide negation or qualification. To make the use of extensions safe and manageable, there is a strict set of governance applied to the definition and use of extensions. Though any implementer can define an extension, there is a set of requirements that SHALL be met as part of the definition of the extension. Applications processing a resource are required to check for modifier extensions.

Modifier extensions SHALL NOT change the meaning of any elements on Resource or DomainResource (including cannot change the meaning of modifierExtension itself).","There can be no stigma associated with the use of extensions by any application, project, or standard - regardless of the institution or jurisdiction that uses or defines the extensions.  The use of extensions is what allows the FHIR specification to retain a core level of simplicity for everyone.","Modifier extensions allow for extensions that *cannot* be safely ignored to be clearly distinguished from the vast majority of extensions which can be safely ignored.  This promotes interoperability by eliminating the need for implementers to prohibit the presence of extensions. For further information, see the [definition of modifier extensions](http://hl7.org/fhir/R4/extensibility.html#modifierExtension).","","","","","","","",,,,,"",,,,"BackboneElement.modifierExtension",0,*,"","ele-1:All FHIR elements must have a @value or children {hasValue() or (children().count() > id.count())}
ext-1:Must have either extensions or value[x], not both {extension.exists() != value.exists()}"
"receiveehrextract-request","receiveehrextract-request.ehr-extract.all-compositions.archetype-id","receiveehrextract-request.ehr_extract.all_compositions.archetype_id","","","",0,1,"","","","string {[]} {[]}
","archetype_id","archetype_id","","","","","","","","","",,,,,"",,,,"receiveehrextract-request.ehr_extract.all_compositions.archetype_id",0,1,"",""
"receiveehrextract-request","receiveehrextract-request.ehr-extract.all-compositions.meaning","receiveehrextract-request.ehr_extract.all_compositions.meaning","","","",0,1,"","","","CodeableConcept {[]} {[]}
","meaning","meaning","","","","","","","","","",,,,,"",,,,"receiveehrextract-request.ehr_extract.all_compositions.meaning",0,1,"",""
"receiveehrextract-request","receiveehrextract-request.ehr-extract.all-compositions.compositionName","receiveehrextract-request.ehr_extract.all_compositions.compositionName","","","",1,1,"","","","string {[]} {[]}
","compositionName","compositionName Heter name i schemat.","","","","","","","","","",,,,,"",,,,"receiveehrextract-request.ehr_extract.all_compositions.compositionName",1,1,"",""
"receiveehrextract-request","receiveehrextract-request.ehr-extract.all-compositions.orig-parent-ref","receiveehrextract-request.ehr_extract.all_compositions.orig_parent_ref","","","",0,1,"","","","Identifier {[]} {[]}
","orig_parent_ref","orig_parent_ref","","","","","","","","","",,,,,"",,,,"receiveehrextract-request.ehr_extract.all_compositions.orig_parent_ref",0,1,"",""
"receiveehrextract-request","receiveehrextract-request.ehr-extract.all-compositions.policy-ids","receiveehrextract-request.ehr_extract.all_compositions.policy_ids","","","",0,*,"","","","Identifier {[]} {[]}
","policy_ids","policy_ids","","","","","","","","","",,,,,"",,,,"receiveehrextract-request.ehr_extract.all_compositions.policy_ids",0,*,"",""
"receiveehrextract-request","receiveehrextract-request.ehr-extract.all-compositions.rc-id","receiveehrextract-request.ehr_extract.all_compositions.rc_id","","","",1,1,"","","","Identifier {[]} {[]}
","rc_id","rc_id","","","","","","","","","",,,,,"",,,,"receiveehrextract-request.ehr_extract.all_compositions.rc_id",1,1,"",""
"receiveehrextract-request","receiveehrextract-request.ehr-extract.all-compositions.sensitivity","receiveehrextract-request.ehr_extract.all_compositions.sensitivity","","","",0,1,"","","","integer {[]} {[]}
","sensitivity","sensitivity","","","","","","","","","",,,,,"",,,,"receiveehrextract-request.ehr_extract.all_compositions.sensitivity",0,1,"",""
"receiveehrextract-request","receiveehrextract-request.ehr-extract.all-compositions.synthesised","receiveehrextract-request.ehr_extract.all_compositions.synthesised","","","",1,1,"","","","boolean {[]} {[]}
","synthesised","synthesised","","","","","","","","","",,,,,"",,,,"receiveehrextract-request.ehr_extract.all_compositions.synthesised",1,1,"",""
"receiveehrextract-request","receiveehrextract-request.ehr-extract.all-compositions.links","receiveehrextract-request.ehr_extract.all_compositions.links","","","",0,*,"","","","BackboneElement {[]} {[]}
","links","Creates a relationship between two Record Components that is orthogonal to the common one of containment. Note that if a recipient is not permitted to see the component linked to, even revealing the link constitutes an inappropriate disclosure. Role is of type CD so that the displayName property of that class can be used in place of any specific coding scheme.","","","","","","","","","",,,,,"",,,,"receiveehrextract-request.ehr_extract.all_compositions.links",0,*,"","ele-1:All FHIR elements must have a @value or children {hasValue() or (children().count() > id.count())}
"
"receiveehrextract-request","receiveehrextract-request.ehr-extract.all-compositions.links.id","receiveehrextract-request.ehr_extract.all_compositions.links.id","","","",0,1,"","","","string {[]} {[]}
","Unique id for inter-element referencing","Unique id for the element within a resource (for internal references). This may be any string value that does not contain spaces.","","","","","","","","","",,,,,"",,,,"Element.id",0,1,"",""
"receiveehrextract-request","receiveehrextract-request.ehr-extract.all-compositions.links.extension","receiveehrextract-request.ehr_extract.all_compositions.links.extension","","extensions
user content","",0,*,"","","","Extension {[]} {[]}
","Additional content defined by implementations","May be used to represent additional information that is not part of the basic definition of the element. To make the use of extensions safe and manageable, there is a strict set of governance  applied to the definition and use of extensions. Though any implementer can define an extension, there is a set of requirements that SHALL be met as part of the definition of the extension.","There can be no stigma associated with the use of extensions by any application, project, or standard - regardless of the institution or jurisdiction that uses or defines the extensions.  The use of extensions is what allows the FHIR specification to retain a core level of simplicity for everyone.","","","","","","","","",,,,,"","value:url}
","Extensions are always sliced by (at least) url",,"open","Element.extension",0,*,"","ele-1:All FHIR elements must have a @value or children {hasValue() or (children().count() > id.count())}
ext-1:Must have either extensions or value[x], not both {extension.exists() != value.exists()}"
"receiveehrextract-request","receiveehrextract-request.ehr-extract.all-compositions.links.modifierExtension","receiveehrextract-request.ehr_extract.all_compositions.links.modifierExtension","","extensions
user contentmodifiers","",0,*,"","Y","Y","Extension {[]} {[]}
","Extensions that cannot be ignored even if unrecognized","May be used to represent additional information that is not part of the basic definition of the element and that modifies the understanding of the element in which it is contained and/or the understanding of the containing element's descendants. Usually modifier elements provide negation or qualification. To make the use of extensions safe and manageable, there is a strict set of governance applied to the definition and use of extensions. Though any implementer can define an extension, there is a set of requirements that SHALL be met as part of the definition of the extension. Applications processing a resource are required to check for modifier extensions.

Modifier extensions SHALL NOT change the meaning of any elements on Resource or DomainResource (including cannot change the meaning of modifierExtension itself).","There can be no stigma associated with the use of extensions by any application, project, or standard - regardless of the institution or jurisdiction that uses or defines the extensions.  The use of extensions is what allows the FHIR specification to retain a core level of simplicity for everyone.","Modifier extensions allow for extensions that *cannot* be safely ignored to be clearly distinguished from the vast majority of extensions which can be safely ignored.  This promotes interoperability by eliminating the need for implementers to prohibit the presence of extensions. For further information, see the [definition of modifier extensions](http://hl7.org/fhir/R4/extensibility.html#modifierExtension).","","","","","","","",,,,,"",,,,"BackboneElement.modifierExtension",0,*,"","ele-1:All FHIR elements must have a @value or children {hasValue() or (children().count() > id.count())}
ext-1:Must have either extensions or value[x], not both {extension.exists() != value.exists()}"
"receiveehrextract-request","receiveehrextract-request.ehr-extract.all-compositions.links.follow-link","receiveehrextract-request.ehr_extract.all_compositions.links.follow_link","","","",1,1,"","","","boolean {[]} {[]}
","follow_link","follow_link","","","","","","","","","",,,,,"",,,,"receiveehrextract-request.ehr_extract.all_compositions.links.follow_link",1,1,"",""
"receiveehrextract-request","receiveehrextract-request.ehr-extract.all-compositions.links.nature","receiveehrextract-request.ehr_extract.all_compositions.links.nature","","","",1,1,"","","","code {[]} {[]}
","nature","nature","","","","","","","","","",,,,,"",,,,"receiveehrextract-request.ehr_extract.all_compositions.links.nature",1,1,"",""
"receiveehrextract-request","receiveehrextract-request.ehr-extract.all-compositions.links.role","receiveehrextract-request.ehr_extract.all_compositions.links.role","","","",0,1,"","","","CodeableConcept {[]} {[]}
","role","role","","","","","","","","","",,,,,"",,,,"receiveehrextract-request.ehr_extract.all_compositions.links.role",0,1,"",""
"receiveehrextract-request","receiveehrextract-request.ehr-extract.all-compositions.links.target-type","receiveehrextract-request.ehr_extract.all_compositions.links.target_type","","","",0,1,"","","","CodeableConcept {[]} {[]}
","target_type","target_type","","","","","","","","","",,,,,"",,,,"receiveehrextract-request.ehr_extract.all_compositions.links.target_type",0,1,"",""
"receiveehrextract-request","receiveehrextract-request.ehr-extract.all-compositions.links.target-id","receiveehrextract-request.ehr_extract.all_compositions.links.target_id","","","",1,*,"","","","Identifier {[]} {[]}
","target_id","target_id","","","","","","","","","",,,,,"",,,,"receiveehrextract-request.ehr_extract.all_compositions.links.target_id",1,*,"",""
"receiveehrextract-request","receiveehrextract-request.ehr-extract.all-compositions.feeder-audit","receiveehrextract-request.ehr_extract.all_compositions.feeder_audit","","","",0,1,"","","","BackboneElement {[]} {[]}
","feeder_audit","The committal and revision data for a Record Component. Note that the invariant is incorrectly stated as constraining ""attribute_version_status.coding_scheme_name"" in the printed standard.","","","","","","","","","",,,,,"",,,,"receiveehrextract-request.ehr_extract.all_compositions.feeder_audit",0,1,"","ele-1:All FHIR elements must have a @value or children {hasValue() or (children().count() > id.count())}
"
"receiveehrextract-request","receiveehrextract-request.ehr-extract.all-compositions.feeder-audit.id","receiveehrextract-request.ehr_extract.all_compositions.feeder_audit.id","","","",0,1,"","","","string {[]} {[]}
","Unique id for inter-element referencing","Unique id for the element within a resource (for internal references). This may be any string value that does not contain spaces.","","","","","","","","","",,,,,"",,,,"Element.id",0,1,"",""
"receiveehrextract-request","receiveehrextract-request.ehr-extract.all-compositions.feeder-audit.extension","receiveehrextract-request.ehr_extract.all_compositions.feeder_audit.extension","","extensions
user content","",0,*,"","","","Extension {[]} {[]}
","Additional content defined by implementations","May be used to represent additional information that is not part of the basic definition of the element. To make the use of extensions safe and manageable, there is a strict set of governance  applied to the definition and use of extensions. Though any implementer can define an extension, there is a set of requirements that SHALL be met as part of the definition of the extension.","There can be no stigma associated with the use of extensions by any application, project, or standard - regardless of the institution or jurisdiction that uses or defines the extensions.  The use of extensions is what allows the FHIR specification to retain a core level of simplicity for everyone.","","","","","","","","",,,,,"","value:url}
","Extensions are always sliced by (at least) url",,"open","Element.extension",0,*,"","ele-1:All FHIR elements must have a @value or children {hasValue() or (children().count() > id.count())}
ext-1:Must have either extensions or value[x], not both {extension.exists() != value.exists()}"
"receiveehrextract-request","receiveehrextract-request.ehr-extract.all-compositions.feeder-audit.modifierExtension","receiveehrextract-request.ehr_extract.all_compositions.feeder_audit.modifierExtension","","extensions
user contentmodifiers","",0,*,"","Y","Y","Extension {[]} {[]}
","Extensions that cannot be ignored even if unrecognized","May be used to represent additional information that is not part of the basic definition of the element and that modifies the understanding of the element in which it is contained and/or the understanding of the containing element's descendants. Usually modifier elements provide negation or qualification. To make the use of extensions safe and manageable, there is a strict set of governance applied to the definition and use of extensions. Though any implementer can define an extension, there is a set of requirements that SHALL be met as part of the definition of the extension. Applications processing a resource are required to check for modifier extensions.

Modifier extensions SHALL NOT change the meaning of any elements on Resource or DomainResource (including cannot change the meaning of modifierExtension itself).","There can be no stigma associated with the use of extensions by any application, project, or standard - regardless of the institution or jurisdiction that uses or defines the extensions.  The use of extensions is what allows the FHIR specification to retain a core level of simplicity for everyone.","Modifier extensions allow for extensions that *cannot* be safely ignored to be clearly distinguished from the vast majority of extensions which can be safely ignored.  This promotes interoperability by eliminating the need for implementers to prohibit the presence of extensions. For further information, see the [definition of modifier extensions](http://hl7.org/fhir/R4/extensibility.html#modifierExtension).","","","","","","","",,,,,"",,,,"BackboneElement.modifierExtension",0,*,"","ele-1:All FHIR elements must have a @value or children {hasValue() or (children().count() > id.count())}
ext-1:Must have either extensions or value[x], not both {extension.exists() != value.exists()}"
"receiveehrextract-request","receiveehrextract-request.ehr-extract.all-compositions.feeder-audit.committer","receiveehrextract-request.ehr_extract.all_compositions.feeder_audit.committer","","","",1,1,"","","","Identifier {[]} {[]}
","committer","committer","","","","","","","","","",,,,,"",,,,"receiveehrextract-request.ehr_extract.all_compositions.feeder_audit.committer",1,1,"",""
"receiveehrextract-request","receiveehrextract-request.ehr-extract.all-compositions.feeder-audit.ehr-system","receiveehrextract-request.ehr_extract.all_compositions.feeder_audit.ehr_system","","","",1,1,"","","","Identifier {[]} {[]}
","ehr_system","ehr_system","","","","","","","","","",,,,,"",,,,"receiveehrextract-request.ehr_extract.all_compositions.feeder_audit.ehr_system",1,1,"",""
"receiveehrextract-request","receiveehrextract-request.ehr-extract.all-compositions.feeder-audit.previous-version","receiveehrextract-request.ehr_extract.all_compositions.feeder_audit.previous_version","","","",0,1,"","","","Identifier {[]} {[]}
","previous_version","previous_version","","","","","","","","","",,,,,"",,,,"receiveehrextract-request.ehr_extract.all_compositions.feeder_audit.previous_version",0,1,"",""
"receiveehrextract-request","receiveehrextract-request.ehr-extract.all-compositions.feeder-audit.reason-for-revision","receiveehrextract-request.ehr_extract.all_compositions.feeder_audit.reason_for_revision","","","",0,1,"","","","CodeableConcept {[]} {[]}
","reason_for_revision","reason_for_revision","","","","","","","","","",,,,,"",,,,"receiveehrextract-request.ehr_extract.all_compositions.feeder_audit.reason_for_revision",0,1,"",""
"receiveehrextract-request","receiveehrextract-request.ehr-extract.all-compositions.feeder-audit.time-committed","receiveehrextract-request.ehr_extract.all_compositions.feeder_audit.time_committed","","","",1,1,"","","","dateTime {[]} {[]}
","time_committed","time_committed","","","","","","","","","",,,,,"",,,,"receiveehrextract-request.ehr_extract.all_compositions.feeder_audit.time_committed",1,1,"",""
"receiveehrextract-request","receiveehrextract-request.ehr-extract.all-compositions.feeder-audit.version-set-id","receiveehrextract-request.ehr_extract.all_compositions.feeder_audit.version_set_id","","","",0,1,"","","","Identifier {[]} {[]}
","version_set_id","version_set_id","","","","","","","","","",,,,,"",,,,"receiveehrextract-request.ehr_extract.all_compositions.feeder_audit.version_set_id",0,1,"",""
"receiveehrextract-request","receiveehrextract-request.ehr-extract.all-compositions.feeder-audit.version-status","receiveehrextract-request.ehr_extract.all_compositions.feeder_audit.version_status","","","",0,1,"","","","code {[]} {[]}
","version_status","version_status","","","","","","","","","",,,,,"",,,,"receiveehrextract-request.ehr_extract.all_compositions.feeder_audit.version_status",0,1,"",""
"receiveehrextract-request","receiveehrextract-request.ehr-extract.all-compositions.contribution-id","receiveehrextract-request.ehr_extract.all_compositions.contribution_id","","","",0,1,"","","","Identifier {[]} {[]}
","contribution_id","contribution_id","","","","","","","","","",,,,,"",,,,"receiveehrextract-request.ehr_extract.all_compositions.contribution_id",0,1,"",""
"receiveehrextract-request","receiveehrextract-request.ehr-extract.all-compositions.session-time","receiveehrextract-request.ehr_extract.all_compositions.session_time","","","",0,1,"","","","Period {[]} {[]}
","session_time","session_time","","","","","","","","","",,,,,"",,,,"receiveehrextract-request.ehr_extract.all_compositions.session_time",0,1,"",""
"receiveehrextract-request","receiveehrextract-request.ehr-extract.all-compositions.territory","receiveehrextract-request.ehr_extract.all_compositions.territory","","","",0,1,"","","","code {[]} {[]}
","territory","territory","","","","","","","","","",,,,,"",,,,"receiveehrextract-request.ehr_extract.all_compositions.territory",0,1,"",""
"receiveehrextract-request","receiveehrextract-request.ehr-extract.all-compositions.attestations","receiveehrextract-request.ehr_extract.all_compositions.attestations","","","",0,*,"","","","BackboneElement {[]} {[]}
","attestations","Any attestations for a Record Component. The proof field should be a cryptographic hash of the RECORD_COMPONENT it attests, but it is recognised that in many implementations the components will change to point to new components that revise them. In that case, the proof should sign the unchanging parts of the component only.","","","","","","","","","",,,,,"",,,,"receiveehrextract-request.ehr_extract.all_compositions.attestations",0,*,"","ele-1:All FHIR elements must have a @value or children {hasValue() or (children().count() > id.count())}
"
"receiveehrextract-request","receiveehrextract-request.ehr-extract.all-compositions.attestations.id","receiveehrextract-request.ehr_extract.all_compositions.attestations.id","","","",0,1,"","","","string {[]} {[]}
","Unique id for inter-element referencing","Unique id for the element within a resource (for internal references). This may be any string value that does not contain spaces.","","","","","","","","","",,,,,"",,,,"Element.id",0,1,"",""
"receiveehrextract-request","receiveehrextract-request.ehr-extract.all-compositions.attestations.extension","receiveehrextract-request.ehr_extract.all_compositions.attestations.extension","","extensions
user content","",0,*,"","","","Extension {[]} {[]}
","Additional content defined by implementations","May be used to represent additional information that is not part of the basic definition of the element. To make the use of extensions safe and manageable, there is a strict set of governance  applied to the definition and use of extensions. Though any implementer can define an extension, there is a set of requirements that SHALL be met as part of the definition of the extension.","There can be no stigma associated with the use of extensions by any application, project, or standard - regardless of the institution or jurisdiction that uses or defines the extensions.  The use of extensions is what allows the FHIR specification to retain a core level of simplicity for everyone.","","","","","","","","",,,,,"","value:url}
","Extensions are always sliced by (at least) url",,"open","Element.extension",0,*,"","ele-1:All FHIR elements must have a @value or children {hasValue() or (children().count() > id.count())}
ext-1:Must have either extensions or value[x], not both {extension.exists() != value.exists()}"
"receiveehrextract-request","receiveehrextract-request.ehr-extract.all-compositions.attestations.modifierExtension","receiveehrextract-request.ehr_extract.all_compositions.attestations.modifierExtension","","extensions
user contentmodifiers","",0,*,"","Y","Y","Extension {[]} {[]}
","Extensions that cannot be ignored even if unrecognized","May be used to represent additional information that is not part of the basic definition of the element and that modifies the understanding of the element in which it is contained and/or the understanding of the containing element's descendants. Usually modifier elements provide negation or qualification. To make the use of extensions safe and manageable, there is a strict set of governance applied to the definition and use of extensions. Though any implementer can define an extension, there is a set of requirements that SHALL be met as part of the definition of the extension. Applications processing a resource are required to check for modifier extensions.

Modifier extensions SHALL NOT change the meaning of any elements on Resource or DomainResource (including cannot change the meaning of modifierExtension itself).","There can be no stigma associated with the use of extensions by any application, project, or standard - regardless of the institution or jurisdiction that uses or defines the extensions.  The use of extensions is what allows the FHIR specification to retain a core level of simplicity for everyone.","Modifier extensions allow for extensions that *cannot* be safely ignored to be clearly distinguished from the vast majority of extensions which can be safely ignored.  This promotes interoperability by eliminating the need for implementers to prohibit the presence of extensions. For further information, see the [definition of modifier extensions](http://hl7.org/fhir/R4/extensibility.html#modifierExtension).","","","","","","","",,,,,"",,,,"BackboneElement.modifierExtension",0,*,"","ele-1:All FHIR elements must have a @value or children {hasValue() or (children().count() > id.count())}
ext-1:Must have either extensions or value[x], not both {extension.exists() != value.exists()}"
"receiveehrextract-request","receiveehrextract-request.ehr-extract.all-compositions.attestations.attested-view","receiveehrextract-request.ehr_extract.all_compositions.attestations.attested_view","","","",0,1,"","","","Attachment {[]} {[]}
","attested_view","attested_view","","","","","","","","","",,,,,"",,,,"receiveehrextract-request.ehr_extract.all_compositions.attestations.attested_view",0,1,"",""
"receiveehrextract-request","receiveehrextract-request.ehr-extract.all-compositions.attestations.proof","receiveehrextract-request.ehr_extract.all_compositions.attestations.proof","","","",0,1,"","","","Attachment {[]} {[]}
","proof","proof","","","","","","","","","",,,,,"",,,,"receiveehrextract-request.ehr_extract.all_compositions.attestations.proof",0,1,"",""
"receiveehrextract-request","receiveehrextract-request.ehr-extract.all-compositions.attestations.reason-for-attestation","receiveehrextract-request.ehr_extract.all_compositions.attestations.reason_for_attestation","","","",1,1,"","","","CodeableConcept {[]} {[]}
","reason_for_attestation","reason_for_attestation","","","","","","","","","",,,,,"",,,,"receiveehrextract-request.ehr_extract.all_compositions.attestations.reason_for_attestation",1,1,"",""
"receiveehrextract-request","receiveehrextract-request.ehr-extract.all-compositions.attestations.time","receiveehrextract-request.ehr_extract.all_compositions.attestations.time","","","",1,1,"","","","dateTime {[]} {[]}
","time","time","","","","","","","","","",,,,,"",,,,"receiveehrextract-request.ehr_extract.all_compositions.attestations.time",1,1,"",""
"receiveehrextract-request","receiveehrextract-request.ehr-extract.all-compositions.attestations.target-rc-id","receiveehrextract-request.ehr_extract.all_compositions.attestations.target_rc_id","","","",1,*,"","","","Identifier {[]} {[]}
","target_rc_id","target_rc_id","","","","","","","","","",,,,,"",,,,"receiveehrextract-request.ehr_extract.all_compositions.attestations.target_rc_id",1,*,"",""
"receiveehrextract-request","receiveehrextract-request.ehr-extract.all-compositions.attestations.attester","receiveehrextract-request.ehr_extract.all_compositions.attestations.attester","","","",1,1,"","","","BackboneElement {[]} {[]}
","attester","The participation of an entity in the EHR.","","","","","","","","","",,,,,"",,,,"receiveehrextract-request.ehr_extract.all_compositions.attestations.attester",1,1,"","ele-1:All FHIR elements must have a @value or children {hasValue() or (children().count() > id.count())}
"
"receiveehrextract-request","receiveehrextract-request.ehr-extract.all-compositions.attestations.attester.id","receiveehrextract-request.ehr_extract.all_compositions.attestations.attester.id","","","",0,1,"","","","string {[]} {[]}
","Unique id for inter-element referencing","Unique id for the element within a resource (for internal references). This may be any string value that does not contain spaces.","","","","","","","","","",,,,,"",,,,"Element.id",0,1,"",""
"receiveehrextract-request","receiveehrextract-request.ehr-extract.all-compositions.attestations.attester.extension","receiveehrextract-request.ehr_extract.all_compositions.attestations.attester.extension","","extensions
user content","",0,*,"","","","Extension {[]} {[]}
","Additional content defined by implementations","May be used to represent additional information that is not part of the basic definition of the element. To make the use of extensions safe and manageable, there is a strict set of governance  applied to the definition and use of extensions. Though any implementer can define an extension, there is a set of requirements that SHALL be met as part of the definition of the extension.","There can be no stigma associated with the use of extensions by any application, project, or standard - regardless of the institution or jurisdiction that uses or defines the extensions.  The use of extensions is what allows the FHIR specification to retain a core level of simplicity for everyone.","","","","","","","","",,,,,"","value:url}
","Extensions are always sliced by (at least) url",,"open","Element.extension",0,*,"","ele-1:All FHIR elements must have a @value or children {hasValue() or (children().count() > id.count())}
ext-1:Must have either extensions or value[x], not both {extension.exists() != value.exists()}"
"receiveehrextract-request","receiveehrextract-request.ehr-extract.all-compositions.attestations.attester.modifierExtension","receiveehrextract-request.ehr_extract.all_compositions.attestations.attester.modifierExtension","","extensions
user contentmodifiers","",0,*,"","Y","Y","Extension {[]} {[]}
","Extensions that cannot be ignored even if unrecognized","May be used to represent additional information that is not part of the basic definition of the element and that modifies the understanding of the element in which it is contained and/or the understanding of the containing element's descendants. Usually modifier elements provide negation or qualification. To make the use of extensions safe and manageable, there is a strict set of governance applied to the definition and use of extensions. Though any implementer can define an extension, there is a set of requirements that SHALL be met as part of the definition of the extension. Applications processing a resource are required to check for modifier extensions.

Modifier extensions SHALL NOT change the meaning of any elements on Resource or DomainResource (including cannot change the meaning of modifierExtension itself).","There can be no stigma associated with the use of extensions by any application, project, or standard - regardless of the institution or jurisdiction that uses or defines the extensions.  The use of extensions is what allows the FHIR specification to retain a core level of simplicity for everyone.","Modifier extensions allow for extensions that *cannot* be safely ignored to be clearly distinguished from the vast majority of extensions which can be safely ignored.  This promotes interoperability by eliminating the need for implementers to prohibit the presence of extensions. For further information, see the [definition of modifier extensions](http://hl7.org/fhir/R4/extensibility.html#modifierExtension).","","","","","","","",,,,,"",,,,"BackboneElement.modifierExtension",0,*,"","ele-1:All FHIR elements must have a @value or children {hasValue() or (children().count() > id.count())}
ext-1:Must have either extensions or value[x], not both {extension.exists() != value.exists()}"
"receiveehrextract-request","receiveehrextract-request.ehr-extract.all-compositions.attestations.attester.function","receiveehrextract-request.ehr_extract.all_compositions.attestations.attester.function","","","",0,1,"","","","CodeableConcept {[]} {[]}
","function","function","","","","","","","","","",,,,,"",,,,"receiveehrextract-request.ehr_extract.all_compositions.attestations.attester.function",0,1,"",""
"receiveehrextract-request","receiveehrextract-request.ehr-extract.all-compositions.attestations.attester.healthcare-facility","receiveehrextract-request.ehr_extract.all_compositions.attestations.attester.healthcare_facility","","","",0,1,"","","","Identifier {[]} {[]}
","healthcare_facility","healthcare_facility","","","","","","","","","",,,,,"",,,,"receiveehrextract-request.ehr_extract.all_compositions.attestations.attester.healthcare_facility",0,1,"",""
"receiveehrextract-request","receiveehrextract-request.ehr-extract.all-compositions.attestations.attester.mode","receiveehrextract-request.ehr_extract.all_compositions.attestations.attester.mode","","","",0,1,"","","","code {[]} {[]}
","mode","mode","","","","","","","","","",,,,,"",,,,"receiveehrextract-request.ehr_extract.all_compositions.attestations.attester.mode",0,1,"",""
"receiveehrextract-request","receiveehrextract-request.ehr-extract.all-compositions.attestations.attester.performer","receiveehrextract-request.ehr_extract.all_compositions.attestations.attester.performer","","","",1,1,"","","","Identifier {[]} {[]}
","performer","performer","","","","","","","","","",,,,,"",,,,"receiveehrextract-request.ehr_extract.all_compositions.attestations.attester.performer",1,1,"",""
"receiveehrextract-request","receiveehrextract-request.ehr-extract.all-compositions.attestations.attester.service-setting","receiveehrextract-request.ehr_extract.all_compositions.attestations.attester.service_setting","","","",0,1,"","","","CodeableConcept {[]} {[]}
","service_setting","service_setting","","","","","","","","","",,,,,"",,,,"receiveehrextract-request.ehr_extract.all_compositions.attestations.attester.service_setting",0,1,"",""
"receiveehrextract-request","receiveehrextract-request.ehr-extract.all-compositions.other-participations","receiveehrextract-request.ehr_extract.all_compositions.other_participations","","","",0,*,"","","","BackboneElement {[]} {[]}
","other_participations","The participation of an entity in the EHR.","","","","","","","","","",,,,,"",,,,"receiveehrextract-request.ehr_extract.all_compositions.other_participations",0,*,"","ele-1:All FHIR elements must have a @value or children {hasValue() or (children().count() > id.count())}
"
"receiveehrextract-request","receiveehrextract-request.ehr-extract.all-compositions.other-participations.id","receiveehrextract-request.ehr_extract.all_compositions.other_participations.id","","","",0,1,"","","","string {[]} {[]}
","Unique id for inter-element referencing","Unique id for the element within a resource (for internal references). This may be any string value that does not contain spaces.","","","","","","","","","",,,,,"",,,,"Element.id",0,1,"",""
"receiveehrextract-request","receiveehrextract-request.ehr-extract.all-compositions.other-participations.extension","receiveehrextract-request.ehr_extract.all_compositions.other_participations.extension","","extensions
user content","",0,*,"","","","Extension {[]} {[]}
","Additional content defined by implementations","May be used to represent additional information that is not part of the basic definition of the element. To make the use of extensions safe and manageable, there is a strict set of governance  applied to the definition and use of extensions. Though any implementer can define an extension, there is a set of requirements that SHALL be met as part of the definition of the extension.","There can be no stigma associated with the use of extensions by any application, project, or standard - regardless of the institution or jurisdiction that uses or defines the extensions.  The use of extensions is what allows the FHIR specification to retain a core level of simplicity for everyone.","","","","","","","","",,,,,"","value:url}
","Extensions are always sliced by (at least) url",,"open","Element.extension",0,*,"","ele-1:All FHIR elements must have a @value or children {hasValue() or (children().count() > id.count())}
ext-1:Must have either extensions or value[x], not both {extension.exists() != value.exists()}"
"receiveehrextract-request","receiveehrextract-request.ehr-extract.all-compositions.other-participations.modifierExtension","receiveehrextract-request.ehr_extract.all_compositions.other_participations.modifierExtension","","extensions
user contentmodifiers","",0,*,"","Y","Y","Extension {[]} {[]}
","Extensions that cannot be ignored even if unrecognized","May be used to represent additional information that is not part of the basic definition of the element and that modifies the understanding of the element in which it is contained and/or the understanding of the containing element's descendants. Usually modifier elements provide negation or qualification. To make the use of extensions safe and manageable, there is a strict set of governance applied to the definition and use of extensions. Though any implementer can define an extension, there is a set of requirements that SHALL be met as part of the definition of the extension. Applications processing a resource are required to check for modifier extensions.

Modifier extensions SHALL NOT change the meaning of any elements on Resource or DomainResource (including cannot change the meaning of modifierExtension itself).","There can be no stigma associated with the use of extensions by any application, project, or standard - regardless of the institution or jurisdiction that uses or defines the extensions.  The use of extensions is what allows the FHIR specification to retain a core level of simplicity for everyone.","Modifier extensions allow for extensions that *cannot* be safely ignored to be clearly distinguished from the vast majority of extensions which can be safely ignored.  This promotes interoperability by eliminating the need for implementers to prohibit the presence of extensions. For further information, see the [definition of modifier extensions](http://hl7.org/fhir/R4/extensibility.html#modifierExtension).","","","","","","","",,,,,"",,,,"BackboneElement.modifierExtension",0,*,"","ele-1:All FHIR elements must have a @value or children {hasValue() or (children().count() > id.count())}
ext-1:Must have either extensions or value[x], not both {extension.exists() != value.exists()}"
"receiveehrextract-request","receiveehrextract-request.ehr-extract.all-compositions.other-participations.function","receiveehrextract-request.ehr_extract.all_compositions.other_participations.function","","","",0,1,"","","","CodeableConcept {[]} {[]}
","function","function","","","","","","","","","",,,,,"",,,,"receiveehrextract-request.ehr_extract.all_compositions.other_participations.function",0,1,"",""
"receiveehrextract-request","receiveehrextract-request.ehr-extract.all-compositions.other-participations.healthcare-facility","receiveehrextract-request.ehr_extract.all_compositions.other_participations.healthcare_facility","","","",0,1,"","","","Identifier {[]} {[]}
","healthcare_facility","healthcare_facility","","","","","","","","","",,,,,"",,,,"receiveehrextract-request.ehr_extract.all_compositions.other_participations.healthcare_facility",0,1,"",""
"receiveehrextract-request","receiveehrextract-request.ehr-extract.all-compositions.other-participations.mode","receiveehrextract-request.ehr_extract.all_compositions.other_participations.mode","","","",0,1,"","","","code {[]} {[]}
","mode","mode","","","","","","","","","",,,,,"",,,,"receiveehrextract-request.ehr_extract.all_compositions.other_participations.mode",0,1,"",""
"receiveehrextract-request","receiveehrextract-request.ehr-extract.all-compositions.other-participations.performer","receiveehrextract-request.ehr_extract.all_compositions.other_participations.performer","","","",1,1,"","","","Identifier {[]} {[]}
","performer","performer","","","","","","","","","",,,,,"",,,,"receiveehrextract-request.ehr_extract.all_compositions.other_participations.performer",1,1,"",""
"receiveehrextract-request","receiveehrextract-request.ehr-extract.all-compositions.other-participations.service-setting","receiveehrextract-request.ehr_extract.all_compositions.other_participations.service_setting","","","",0,1,"","","","CodeableConcept {[]} {[]}
","service_setting","service_setting","","","","","","","","","",,,,,"",,,,"receiveehrextract-request.ehr_extract.all_compositions.other_participations.service_setting",0,1,"",""
"receiveehrextract-request","receiveehrextract-request.ehr-extract.all-compositions.committal","receiveehrextract-request.ehr_extract.all_compositions.committal","","","",1,1,"","","","BackboneElement {[]} {[]}
","committal","The committal and revision data for a Record Component. Note that the invariant is incorrectly stated as constraining ""attribute_version_status.coding_scheme_name"" in the printed standard.","","","","","","","","","",,,,,"",,,,"receiveehrextract-request.ehr_extract.all_compositions.committal",1,1,"","ele-1:All FHIR elements must have a @value or children {hasValue() or (children().count() > id.count())}
"
"receiveehrextract-request","receiveehrextract-request.ehr-extract.all-compositions.committal.id","receiveehrextract-request.ehr_extract.all_compositions.committal.id","","","",0,1,"","","","string {[]} {[]}
","Unique id for inter-element referencing","Unique id for the element within a resource (for internal references). This may be any string value that does not contain spaces.","","","","","","","","","",,,,,"",,,,"Element.id",0,1,"",""
"receiveehrextract-request","receiveehrextract-request.ehr-extract.all-compositions.committal.extension","receiveehrextract-request.ehr_extract.all_compositions.committal.extension","","extensions
user content","",0,*,"","","","Extension {[]} {[]}
","Additional content defined by implementations","May be used to represent additional information that is not part of the basic definition of the element. To make the use of extensions safe and manageable, there is a strict set of governance  applied to the definition and use of extensions. Though any implementer can define an extension, there is a set of requirements that SHALL be met as part of the definition of the extension.","There can be no stigma associated with the use of extensions by any application, project, or standard - regardless of the institution or jurisdiction that uses or defines the extensions.  The use of extensions is what allows the FHIR specification to retain a core level of simplicity for everyone.","","","","","","","","",,,,,"","value:url}
","Extensions are always sliced by (at least) url",,"open","Element.extension",0,*,"","ele-1:All FHIR elements must have a @value or children {hasValue() or (children().count() > id.count())}
ext-1:Must have either extensions or value[x], not both {extension.exists() != value.exists()}"
"receiveehrextract-request","receiveehrextract-request.ehr-extract.all-compositions.committal.modifierExtension","receiveehrextract-request.ehr_extract.all_compositions.committal.modifierExtension","","extensions
user contentmodifiers","",0,*,"","Y","Y","Extension {[]} {[]}
","Extensions that cannot be ignored even if unrecognized","May be used to represent additional information that is not part of the basic definition of the element and that modifies the understanding of the element in which it is contained and/or the understanding of the containing element's descendants. Usually modifier elements provide negation or qualification. To make the use of extensions safe and manageable, there is a strict set of governance applied to the definition and use of extensions. Though any implementer can define an extension, there is a set of requirements that SHALL be met as part of the definition of the extension. Applications processing a resource are required to check for modifier extensions.

Modifier extensions SHALL NOT change the meaning of any elements on Resource or DomainResource (including cannot change the meaning of modifierExtension itself).","There can be no stigma associated with the use of extensions by any application, project, or standard - regardless of the institution or jurisdiction that uses or defines the extensions.  The use of extensions is what allows the FHIR specification to retain a core level of simplicity for everyone.","Modifier extensions allow for extensions that *cannot* be safely ignored to be clearly distinguished from the vast majority of extensions which can be safely ignored.  This promotes interoperability by eliminating the need for implementers to prohibit the presence of extensions. For further information, see the [definition of modifier extensions](http://hl7.org/fhir/R4/extensibility.html#modifierExtension).","","","","","","","",,,,,"",,,,"BackboneElement.modifierExtension",0,*,"","ele-1:All FHIR elements must have a @value or children {hasValue() or (children().count() > id.count())}
ext-1:Must have either extensions or value[x], not both {extension.exists() != value.exists()}"
"receiveehrextract-request","receiveehrextract-request.ehr-extract.all-compositions.committal.committer","receiveehrextract-request.ehr_extract.all_compositions.committal.committer","","","",1,1,"","","","Identifier {[]} {[]}
","committer","committer","","","","","","","","","",,,,,"",,,,"receiveehrextract-request.ehr_extract.all_compositions.committal.committer",1,1,"",""
"receiveehrextract-request","receiveehrextract-request.ehr-extract.all-compositions.committal.ehr-system","receiveehrextract-request.ehr_extract.all_compositions.committal.ehr_system","","","",1,1,"","","","Identifier {[]} {[]}
","ehr_system","ehr_system","","","","","","","","","",,,,,"",,,,"receiveehrextract-request.ehr_extract.all_compositions.committal.ehr_system",1,1,"",""
"receiveehrextract-request","receiveehrextract-request.ehr-extract.all-compositions.committal.previous-version","receiveehrextract-request.ehr_extract.all_compositions.committal.previous_version","","","",0,1,"","","","Identifier {[]} {[]}
","previous_version","previous_version","","","","","","","","","",,,,,"",,,,"receiveehrextract-request.ehr_extract.all_compositions.committal.previous_version",0,1,"",""
"receiveehrextract-request","receiveehrextract-request.ehr-extract.all-compositions.committal.reason-for-revision","receiveehrextract-request.ehr_extract.all_compositions.committal.reason_for_revision","","","",0,1,"","","","CodeableConcept {[]} {[]}
","reason_for_revision","reason_for_revision","","","","","","","","","",,,,,"",,,,"receiveehrextract-request.ehr_extract.all_compositions.committal.reason_for_revision",0,1,"",""
"receiveehrextract-request","receiveehrextract-request.ehr-extract.all-compositions.committal.time-committed","receiveehrextract-request.ehr_extract.all_compositions.committal.time_committed","","","",1,1,"","","","dateTime {[]} {[]}
","time_committed","time_committed","","","","","","","","","",,,,,"",,,,"receiveehrextract-request.ehr_extract.all_compositions.committal.time_committed",1,1,"",""
"receiveehrextract-request","receiveehrextract-request.ehr-extract.all-compositions.committal.version-set-id","receiveehrextract-request.ehr_extract.all_compositions.committal.version_set_id","","","",0,1,"","","","Identifier {[]} {[]}
","version_set_id","version_set_id","","","","","","","","","",,,,,"",,,,"receiveehrextract-request.ehr_extract.all_compositions.committal.version_set_id",0,1,"",""
"receiveehrextract-request","receiveehrextract-request.ehr-extract.all-compositions.committal.version-status","receiveehrextract-request.ehr_extract.all_compositions.committal.version_status","","","",0,1,"","","","code {[]} {[]}
","version_status","version_status","","","","","","","","","",,,,,"",,,,"receiveehrextract-request.ehr_extract.all_compositions.committal.version_status",0,1,"",""
"receiveehrextract-request","receiveehrextract-request.ehr-extract.all-compositions.composer","receiveehrextract-request.ehr_extract.all_compositions.composer","","","",0,1,"","","","BackboneElement {[]} {[]}
","composer","The participation of an entity in the EHR.","","","","","","","","","",,,,,"",,,,"receiveehrextract-request.ehr_extract.all_compositions.composer",0,1,"","ele-1:All FHIR elements must have a @value or children {hasValue() or (children().count() > id.count())}
"
"receiveehrextract-request","receiveehrextract-request.ehr-extract.all-compositions.composer.id","receiveehrextract-request.ehr_extract.all_compositions.composer.id","","","",0,1,"","","","string {[]} {[]}
","Unique id for inter-element referencing","Unique id for the element within a resource (for internal references). This may be any string value that does not contain spaces.","","","","","","","","","",,,,,"",,,,"Element.id",0,1,"",""
"receiveehrextract-request","receiveehrextract-request.ehr-extract.all-compositions.composer.extension","receiveehrextract-request.ehr_extract.all_compositions.composer.extension","","extensions
user content","",0,*,"","","","Extension {[]} {[]}
","Additional content defined by implementations","May be used to represent additional information that is not part of the basic definition of the element. To make the use of extensions safe and manageable, there is a strict set of governance  applied to the definition and use of extensions. Though any implementer can define an extension, there is a set of requirements that SHALL be met as part of the definition of the extension.","There can be no stigma associated with the use of extensions by any application, project, or standard - regardless of the institution or jurisdiction that uses or defines the extensions.  The use of extensions is what allows the FHIR specification to retain a core level of simplicity for everyone.","","","","","","","","",,,,,"","value:url}
","Extensions are always sliced by (at least) url",,"open","Element.extension",0,*,"","ele-1:All FHIR elements must have a @value or children {hasValue() or (children().count() > id.count())}
ext-1:Must have either extensions or value[x], not both {extension.exists() != value.exists()}"
"receiveehrextract-request","receiveehrextract-request.ehr-extract.all-compositions.composer.modifierExtension","receiveehrextract-request.ehr_extract.all_compositions.composer.modifierExtension","","extensions
user contentmodifiers","",0,*,"","Y","Y","Extension {[]} {[]}
","Extensions that cannot be ignored even if unrecognized","May be used to represent additional information that is not part of the basic definition of the element and that modifies the understanding of the element in which it is contained and/or the understanding of the containing element's descendants. Usually modifier elements provide negation or qualification. To make the use of extensions safe and manageable, there is a strict set of governance applied to the definition and use of extensions. Though any implementer can define an extension, there is a set of requirements that SHALL be met as part of the definition of the extension. Applications processing a resource are required to check for modifier extensions.

Modifier extensions SHALL NOT change the meaning of any elements on Resource or DomainResource (including cannot change the meaning of modifierExtension itself).","There can be no stigma associated with the use of extensions by any application, project, or standard - regardless of the institution or jurisdiction that uses or defines the extensions.  The use of extensions is what allows the FHIR specification to retain a core level of simplicity for everyone.","Modifier extensions allow for extensions that *cannot* be safely ignored to be clearly distinguished from the vast majority of extensions which can be safely ignored.  This promotes interoperability by eliminating the need for implementers to prohibit the presence of extensions. For further information, see the [definition of modifier extensions](http://hl7.org/fhir/R4/extensibility.html#modifierExtension).","","","","","","","",,,,,"",,,,"BackboneElement.modifierExtension",0,*,"","ele-1:All FHIR elements must have a @value or children {hasValue() or (children().count() > id.count())}
ext-1:Must have either extensions or value[x], not both {extension.exists() != value.exists()}"
"receiveehrextract-request","receiveehrextract-request.ehr-extract.all-compositions.composer.function","receiveehrextract-request.ehr_extract.all_compositions.composer.function","","","",0,1,"","","","CodeableConcept {[]} {[]}
","function","function","","","","","","","","","",,,,,"",,,,"receiveehrextract-request.ehr_extract.all_compositions.composer.function",0,1,"",""
"receiveehrextract-request","receiveehrextract-request.ehr-extract.all-compositions.composer.healthcare-facility","receiveehrextract-request.ehr_extract.all_compositions.composer.healthcare_facility","","","",0,1,"","","","Identifier {[]} {[]}
","healthcare_facility","healthcare_facility","","","","","","","","","",,,,,"",,,,"receiveehrextract-request.ehr_extract.all_compositions.composer.healthcare_facility",0,1,"",""
"receiveehrextract-request","receiveehrextract-request.ehr-extract.all-compositions.composer.mode","receiveehrextract-request.ehr_extract.all_compositions.composer.mode","","","",0,1,"","","","code {[]} {[]}
","mode","mode","","","","","","","","","",,,,,"",,,,"receiveehrextract-request.ehr_extract.all_compositions.composer.mode",0,1,"",""
"receiveehrextract-request","receiveehrextract-request.ehr-extract.all-compositions.composer.performer","receiveehrextract-request.ehr_extract.all_compositions.composer.performer","","","",1,1,"","","","Identifier {[]} {[]}
","performer","performer","","","","","","","","","",,,,,"",,,,"receiveehrextract-request.ehr_extract.all_compositions.composer.performer",1,1,"",""
"receiveehrextract-request","receiveehrextract-request.ehr-extract.all-compositions.composer.service-setting","receiveehrextract-request.ehr_extract.all_compositions.composer.service_setting","","","",0,1,"","","","CodeableConcept {[]} {[]}
","service_setting","service_setting","","","","","","","","","",,,,,"",,,,"receiveehrextract-request.ehr_extract.all_compositions.composer.service_setting",0,1,"",""
"receiveehrextract-request","receiveehrextract-request.ehr-extract.all-compositions.content","receiveehrextract-request.ehr_extract.all_compositions.content","","","",0,*,"","","","BackboneElement {[]} {[]}
","content","Superclass of Section and Entry that enables the former to include instances of itself. Abstrakt typ; instansen anges med xsi:type som en av SECTION, ENTRY.","","","","","","","","","",,,,,"",,,,"receiveehrextract-request.ehr_extract.all_compositions.content",0,*,"","ele-1:All FHIR elements must have a @value or children {hasValue() or (children().count() > id.count())}
"
"receiveehrextract-request","receiveehrextract-request.ehr-extract.all-compositions.content.id","receiveehrextract-request.ehr_extract.all_compositions.content.id","","","",0,1,"","","","string {[]} {[]}
","Unique id for inter-element referencing","Unique id for the element within a resource (for internal references). This may be any string value that does not contain spaces.","","","","","","","","","",,,,,"",,,,"Element.id",0,1,"",""
"receiveehrextract-request","receiveehrextract-request.ehr-extract.all-compositions.content.extension","receiveehrextract-request.ehr_extract.all_compositions.content.extension","","extensions
user content","",0,*,"","","","Extension {[]} {[]}
","Additional content defined by implementations","May be used to represent additional information that is not part of the basic definition of the element. To make the use of extensions safe and manageable, there is a strict set of governance  applied to the definition and use of extensions. Though any implementer can define an extension, there is a set of requirements that SHALL be met as part of the definition of the extension.","There can be no stigma associated with the use of extensions by any application, project, or standard - regardless of the institution or jurisdiction that uses or defines the extensions.  The use of extensions is what allows the FHIR specification to retain a core level of simplicity for everyone.","","","","","","","","",,,,,"","value:url}
","Extensions are always sliced by (at least) url",,"open","Element.extension",0,*,"","ele-1:All FHIR elements must have a @value or children {hasValue() or (children().count() > id.count())}
ext-1:Must have either extensions or value[x], not both {extension.exists() != value.exists()}"
"receiveehrextract-request","receiveehrextract-request.ehr-extract.all-compositions.content.modifierExtension","receiveehrextract-request.ehr_extract.all_compositions.content.modifierExtension","","extensions
user contentmodifiers","",0,*,"","Y","Y","Extension {[]} {[]}
","Extensions that cannot be ignored even if unrecognized","May be used to represent additional information that is not part of the basic definition of the element and that modifies the understanding of the element in which it is contained and/or the understanding of the containing element's descendants. Usually modifier elements provide negation or qualification. To make the use of extensions safe and manageable, there is a strict set of governance applied to the definition and use of extensions. Though any implementer can define an extension, there is a set of requirements that SHALL be met as part of the definition of the extension. Applications processing a resource are required to check for modifier extensions.

Modifier extensions SHALL NOT change the meaning of any elements on Resource or DomainResource (including cannot change the meaning of modifierExtension itself).","There can be no stigma associated with the use of extensions by any application, project, or standard - regardless of the institution or jurisdiction that uses or defines the extensions.  The use of extensions is what allows the FHIR specification to retain a core level of simplicity for everyone.","Modifier extensions allow for extensions that *cannot* be safely ignored to be clearly distinguished from the vast majority of extensions which can be safely ignored.  This promotes interoperability by eliminating the need for implementers to prohibit the presence of extensions. For further information, see the [definition of modifier extensions](http://hl7.org/fhir/R4/extensibility.html#modifierExtension).","","","","","","","",,,,,"",,,,"BackboneElement.modifierExtension",0,*,"","ele-1:All FHIR elements must have a @value or children {hasValue() or (children().count() > id.count())}
ext-1:Must have either extensions or value[x], not both {extension.exists() != value.exists()}"
"receiveehrextract-request","receiveehrextract-request.ehr-extract.all-compositions.content.archetype-id","receiveehrextract-request.ehr_extract.all_compositions.content.archetype_id","","","",0,1,"","","","string {[]} {[]}
","archetype_id","archetype_id","","","","","","","","","",,,,,"",,,,"receiveehrextract-request.ehr_extract.all_compositions.content.archetype_id",0,1,"",""
"receiveehrextract-request","receiveehrextract-request.ehr-extract.all-compositions.content.meaning","receiveehrextract-request.ehr_extract.all_compositions.content.meaning","","","",0,1,"","","","CodeableConcept {[]} {[]}
","meaning","meaning","","","","","","","","","",,,,,"",,,,"receiveehrextract-request.ehr_extract.all_compositions.content.meaning",0,1,"",""
"receiveehrextract-request","receiveehrextract-request.ehr-extract.all-compositions.content.contentName","receiveehrextract-request.ehr_extract.all_compositions.content.contentName","","","",1,1,"","","","string {[]} {[]}
","contentName","contentName Heter name i schemat.","","","","","","","","","",,,,,"",,,,"receiveehrextract-request.ehr_extract.all_compositions.content.contentName",1,1,"",""
"receiveehrextract-request","receiveehrextract-request.ehr-extract.all-compositions.content.orig-parent-ref","receiveehrextract-request.ehr_extract.all_compositions.content.orig_parent_ref","","","",0,1,"","","","Identifier {[]} {[]}
","orig_parent_ref","orig_parent_ref","","","","","","","","","",,,,,"",,,,"receiveehrextract-request.ehr_extract.all_compositions.content.orig_parent_ref",0,1,"",""
"receiveehrextract-request","receiveehrextract-request.ehr-extract.all-compositions.content.policy-ids","receiveehrextract-request.ehr_extract.all_compositions.content.policy_ids","","","",0,*,"","","","Identifier {[]} {[]}
","policy_ids","policy_ids","","","","","","","","","",,,,,"",,,,"receiveehrextract-request.ehr_extract.all_compositions.content.policy_ids",0,*,"",""
"receiveehrextract-request","receiveehrextract-request.ehr-extract.all-compositions.content.rc-id","receiveehrextract-request.ehr_extract.all_compositions.content.rc_id","","","",1,1,"","","","Identifier {[]} {[]}
","rc_id","rc_id","","","","","","","","","",,,,,"",,,,"receiveehrextract-request.ehr_extract.all_compositions.content.rc_id",1,1,"",""
"receiveehrextract-request","receiveehrextract-request.ehr-extract.all-compositions.content.sensitivity","receiveehrextract-request.ehr_extract.all_compositions.content.sensitivity","","","",0,1,"","","","integer {[]} {[]}
","sensitivity","sensitivity","","","","","","","","","",,,,,"",,,,"receiveehrextract-request.ehr_extract.all_compositions.content.sensitivity",0,1,"",""
"receiveehrextract-request","receiveehrextract-request.ehr-extract.all-compositions.content.synthesised","receiveehrextract-request.ehr_extract.all_compositions.content.synthesised","","","",1,1,"","","","boolean {[]} {[]}
","synthesised","synthesised","","","","","","","","","",,,,,"",,,,"receiveehrextract-request.ehr_extract.all_compositions.content.synthesised",1,1,"",""
"receiveehrextract-request","receiveehrextract-request.ehr-extract.all-compositions.content.links","receiveehrextract-request.ehr_extract.all_compositions.content.links","","","",0,*,"","","","BackboneElement {[]} {[]}
","links","Creates a relationship between two Record Components that is orthogonal to the common one of containment. Note that if a recipient is not permitted to see the component linked to, even revealing the link constitutes an inappropriate disclosure. Role is of type CD so that the displayName property of that class can be used in place of any specific coding scheme.","","","","","","","","","",,,,,"",,,,"receiveehrextract-request.ehr_extract.all_compositions.content.links",0,*,"","ele-1:All FHIR elements must have a @value or children {hasValue() or (children().count() > id.count())}
"
"receiveehrextract-request","receiveehrextract-request.ehr-extract.all-compositions.content.links.id","receiveehrextract-request.ehr_extract.all_compositions.content.links.id","","","",0,1,"","","","string {[]} {[]}
","Unique id for inter-element referencing","Unique id for the element within a resource (for internal references). This may be any string value that does not contain spaces.","","","","","","","","","",,,,,"",,,,"Element.id",0,1,"",""
"receiveehrextract-request","receiveehrextract-request.ehr-extract.all-compositions.content.links.extension","receiveehrextract-request.ehr_extract.all_compositions.content.links.extension","","extensions
user content","",0,*,"","","","Extension {[]} {[]}
","Additional content defined by implementations","May be used to represent additional information that is not part of the basic definition of the element. To make the use of extensions safe and manageable, there is a strict set of governance  applied to the definition and use of extensions. Though any implementer can define an extension, there is a set of requirements that SHALL be met as part of the definition of the extension.","There can be no stigma associated with the use of extensions by any application, project, or standard - regardless of the institution or jurisdiction that uses or defines the extensions.  The use of extensions is what allows the FHIR specification to retain a core level of simplicity for everyone.","","","","","","","","",,,,,"","value:url}
","Extensions are always sliced by (at least) url",,"open","Element.extension",0,*,"","ele-1:All FHIR elements must have a @value or children {hasValue() or (children().count() > id.count())}
ext-1:Must have either extensions or value[x], not both {extension.exists() != value.exists()}"
"receiveehrextract-request","receiveehrextract-request.ehr-extract.all-compositions.content.links.modifierExtension","receiveehrextract-request.ehr_extract.all_compositions.content.links.modifierExtension","","extensions
user contentmodifiers","",0,*,"","Y","Y","Extension {[]} {[]}
","Extensions that cannot be ignored even if unrecognized","May be used to represent additional information that is not part of the basic definition of the element and that modifies the understanding of the element in which it is contained and/or the understanding of the containing element's descendants. Usually modifier elements provide negation or qualification. To make the use of extensions safe and manageable, there is a strict set of governance applied to the definition and use of extensions. Though any implementer can define an extension, there is a set of requirements that SHALL be met as part of the definition of the extension. Applications processing a resource are required to check for modifier extensions.

Modifier extensions SHALL NOT change the meaning of any elements on Resource or DomainResource (including cannot change the meaning of modifierExtension itself).","There can be no stigma associated with the use of extensions by any application, project, or standard - regardless of the institution or jurisdiction that uses or defines the extensions.  The use of extensions is what allows the FHIR specification to retain a core level of simplicity for everyone.","Modifier extensions allow for extensions that *cannot* be safely ignored to be clearly distinguished from the vast majority of extensions which can be safely ignored.  This promotes interoperability by eliminating the need for implementers to prohibit the presence of extensions. For further information, see the [definition of modifier extensions](http://hl7.org/fhir/R4/extensibility.html#modifierExtension).","","","","","","","",,,,,"",,,,"BackboneElement.modifierExtension",0,*,"","ele-1:All FHIR elements must have a @value or children {hasValue() or (children().count() > id.count())}
ext-1:Must have either extensions or value[x], not both {extension.exists() != value.exists()}"
"receiveehrextract-request","receiveehrextract-request.ehr-extract.all-compositions.content.links.follow-link","receiveehrextract-request.ehr_extract.all_compositions.content.links.follow_link","","","",1,1,"","","","boolean {[]} {[]}
","follow_link","follow_link","","","","","","","","","",,,,,"",,,,"receiveehrextract-request.ehr_extract.all_compositions.content.links.follow_link",1,1,"",""
"receiveehrextract-request","receiveehrextract-request.ehr-extract.all-compositions.content.links.nature","receiveehrextract-request.ehr_extract.all_compositions.content.links.nature","","","",1,1,"","","","code {[]} {[]}
","nature","nature","","","","","","","","","",,,,,"",,,,"receiveehrextract-request.ehr_extract.all_compositions.content.links.nature",1,1,"",""
"receiveehrextract-request","receiveehrextract-request.ehr-extract.all-compositions.content.links.role","receiveehrextract-request.ehr_extract.all_compositions.content.links.role","","","",0,1,"","","","CodeableConcept {[]} {[]}
","role","role","","","","","","","","","",,,,,"",,,,"receiveehrextract-request.ehr_extract.all_compositions.content.links.role",0,1,"",""
"receiveehrextract-request","receiveehrextract-request.ehr-extract.all-compositions.content.links.target-type","receiveehrextract-request.ehr_extract.all_compositions.content.links.target_type","","","",0,1,"","","","CodeableConcept {[]} {[]}
","target_type","target_type","","","","","","","","","",,,,,"",,,,"receiveehrextract-request.ehr_extract.all_compositions.content.links.target_type",0,1,"",""
"receiveehrextract-request","receiveehrextract-request.ehr-extract.all-compositions.content.links.target-id","receiveehrextract-request.ehr_extract.all_compositions.content.links.target_id","","","",1,*,"","","","Identifier {[]} {[]}
","target_id","target_id","","","","","","","","","",,,,,"",,,,"receiveehrextract-request.ehr_extract.all_compositions.content.links.target_id",1,*,"",""
"receiveehrextract-request","receiveehrextract-request.ehr-extract.all-compositions.content.feeder-audit","receiveehrextract-request.ehr_extract.all_compositions.content.feeder_audit","","","",0,1,"","","","BackboneElement {[]} {[]}
","feeder_audit","The committal and revision data for a Record Component. Note that the invariant is incorrectly stated as constraining ""attribute_version_status.coding_scheme_name"" in the printed standard.","","","","","","","","","",,,,,"",,,,"receiveehrextract-request.ehr_extract.all_compositions.content.feeder_audit",0,1,"","ele-1:All FHIR elements must have a @value or children {hasValue() or (children().count() > id.count())}
"
"receiveehrextract-request","receiveehrextract-request.ehr-extract.all-compositions.content.feeder-audit.id","receiveehrextract-request.ehr_extract.all_compositions.content.feeder_audit.id","","","",0,1,"","","","string {[]} {[]}
","Unique id for inter-element referencing","Unique id for the element within a resource (for internal references). This may be any string value that does not contain spaces.","","","","","","","","","",,,,,"",,,,"Element.id",0,1,"",""
"receiveehrextract-request","receiveehrextract-request.ehr-extract.all-compositions.content.feeder-audit.extension","receiveehrextract-request.ehr_extract.all_compositions.content.feeder_audit.extension","","extensions
user content","",0,*,"","","","Extension {[]} {[]}
","Additional content defined by implementations","May be used to represent additional information that is not part of the basic definition of the element. To make the use of extensions safe and manageable, there is a strict set of governance  applied to the definition and use of extensions. Though any implementer can define an extension, there is a set of requirements that SHALL be met as part of the definition of the extension.","There can be no stigma associated with the use of extensions by any application, project, or standard - regardless of the institution or jurisdiction that uses or defines the extensions.  The use of extensions is what allows the FHIR specification to retain a core level of simplicity for everyone.","","","","","","","","",,,,,"","value:url}
","Extensions are always sliced by (at least) url",,"open","Element.extension",0,*,"","ele-1:All FHIR elements must have a @value or children {hasValue() or (children().count() > id.count())}
ext-1:Must have either extensions or value[x], not both {extension.exists() != value.exists()}"
"receiveehrextract-request","receiveehrextract-request.ehr-extract.all-compositions.content.feeder-audit.modifierExtension","receiveehrextract-request.ehr_extract.all_compositions.content.feeder_audit.modifierExtension","","extensions
user contentmodifiers","",0,*,"","Y","Y","Extension {[]} {[]}
","Extensions that cannot be ignored even if unrecognized","May be used to represent additional information that is not part of the basic definition of the element and that modifies the understanding of the element in which it is contained and/or the understanding of the containing element's descendants. Usually modifier elements provide negation or qualification. To make the use of extensions safe and manageable, there is a strict set of governance applied to the definition and use of extensions. Though any implementer can define an extension, there is a set of requirements that SHALL be met as part of the definition of the extension. Applications processing a resource are required to check for modifier extensions.

Modifier extensions SHALL NOT change the meaning of any elements on Resource or DomainResource (including cannot change the meaning of modifierExtension itself).","There can be no stigma associated with the use of extensions by any application, project, or standard - regardless of the institution or jurisdiction that uses or defines the extensions.  The use of extensions is what allows the FHIR specification to retain a core level of simplicity for everyone.","Modifier extensions allow for extensions that *cannot* be safely ignored to be clearly distinguished from the vast majority of extensions which can be safely ignored.  This promotes interoperability by eliminating the need for implementers to prohibit the presence of extensions. For further information, see the [definition of modifier extensions](http://hl7.org/fhir/R4/extensibility.html#modifierExtension).","","","","","","","",,,,,"",,,,"BackboneElement.modifierExtension",0,*,"","ele-1:All FHIR elements must have a @value or children {hasValue() or (children().count() > id.count())}
ext-1:Must have either extensions or value[x], not both {extension.exists() != value.exists()}"
"receiveehrextract-request","receiveehrextract-request.ehr-extract.all-compositions.content.feeder-audit.committer","receiveehrextract-request.ehr_extract.all_compositions.content.feeder_audit.committer","","","",1,1,"","","","Identifier {[]} {[]}
","committer","committer","","","","","","","","","",,,,,"",,,,"receiveehrextract-request.ehr_extract.all_compositions.content.feeder_audit.committer",1,1,"",""
"receiveehrextract-request","receiveehrextract-request.ehr-extract.all-compositions.content.feeder-audit.ehr-system","receiveehrextract-request.ehr_extract.all_compositions.content.feeder_audit.ehr_system","","","",1,1,"","","","Identifier {[]} {[]}
","ehr_system","ehr_system","","","","","","","","","",,,,,"",,,,"receiveehrextract-request.ehr_extract.all_compositions.content.feeder_audit.ehr_system",1,1,"",""
"receiveehrextract-request","receiveehrextract-request.ehr-extract.all-compositions.content.feeder-audit.previous-version","receiveehrextract-request.ehr_extract.all_compositions.content.feeder_audit.previous_version","","","",0,1,"","","","Identifier {[]} {[]}
","previous_version","previous_version","","","","","","","","","",,,,,"",,,,"receiveehrextract-request.ehr_extract.all_compositions.content.feeder_audit.previous_version",0,1,"",""
"receiveehrextract-request","receiveehrextract-request.ehr-extract.all-compositions.content.feeder-audit.reason-for-revision","receiveehrextract-request.ehr_extract.all_compositions.content.feeder_audit.reason_for_revision","","","",0,1,"","","","CodeableConcept {[]} {[]}
","reason_for_revision","reason_for_revision","","","","","","","","","",,,,,"",,,,"receiveehrextract-request.ehr_extract.all_compositions.content.feeder_audit.reason_for_revision",0,1,"",""
"receiveehrextract-request","receiveehrextract-request.ehr-extract.all-compositions.content.feeder-audit.time-committed","receiveehrextract-request.ehr_extract.all_compositions.content.feeder_audit.time_committed","","","",1,1,"","","","dateTime {[]} {[]}
","time_committed","time_committed","","","","","","","","","",,,,,"",,,,"receiveehrextract-request.ehr_extract.all_compositions.content.feeder_audit.time_committed",1,1,"",""
"receiveehrextract-request","receiveehrextract-request.ehr-extract.all-compositions.content.feeder-audit.version-set-id","receiveehrextract-request.ehr_extract.all_compositions.content.feeder_audit.version_set_id","","","",0,1,"","","","Identifier {[]} {[]}
","version_set_id","version_set_id","","","","","","","","","",,,,,"",,,,"receiveehrextract-request.ehr_extract.all_compositions.content.feeder_audit.version_set_id",0,1,"",""
"receiveehrextract-request","receiveehrextract-request.ehr-extract.all-compositions.content.feeder-audit.version-status","receiveehrextract-request.ehr_extract.all_compositions.content.feeder_audit.version_status","","","",0,1,"","","","code {[]} {[]}
","version_status","version_status","","","","","","","","","",,,,,"",,,,"receiveehrextract-request.ehr_extract.all_compositions.content.feeder_audit.version_status",0,1,"",""
"receiveehrextract-request","receiveehrextract-request.ehr-extract.all-compositions.content.section","receiveehrextract-request.ehr_extract.all_compositions.content.section","","","",0,1,"","","","BackboneElement {[]} {[]}
","section","Element som bara finns när instansen är av subtypen SECTION (xsi:type).","","","","","","","","","",,,,,"",,,,"receiveehrextract-request.ehr_extract.all_compositions.content.section",0,1,"","ele-1:All FHIR elements must have a @value or children {hasValue() or (children().count() > id.count())}
"
"receiveehrextract-request","receiveehrextract-request.ehr-extract.all-compositions.content.section.id","receiveehrextract-request.ehr_extract.all_compositions.content.section.id","","","",0,1,"","","","string {[]} {[]}
","Unique id for inter-element referencing","Unique id for the element within a resource (for internal references). This may be any string value that does not contain spaces.","","","","","","","","","",,,,,"",,,,"Element.id",0,1,"",""
"receiveehrextract-request","receiveehrextract-request.ehr-extract.all-compositions.content.section.extension","receiveehrextract-request.ehr_extract.all_compositions.content.section.extension","","extensions
user content","",0,*,"","","","Extension {[]} {[]}
","Additional content defined by implementations","May be used to represent additional information that is not part of the basic definition of the element. To make the use of extensions safe and manageable, there is a strict set of governance  applied to the definition and use of extensions. Though any implementer can define an extension, there is a set of requirements that SHALL be met as part of the definition of the extension.","There can be no stigma associated with the use of extensions by any application, project, or standard - regardless of the institution or jurisdiction that uses or defines the extensions.  The use of extensions is what allows the FHIR specification to retain a core level of simplicity for everyone.","","","","","","","","",,,,,"","value:url}
","Extensions are always sliced by (at least) url",,"open","Element.extension",0,*,"","ele-1:All FHIR elements must have a @value or children {hasValue() or (children().count() > id.count())}
ext-1:Must have either extensions or value[x], not both {extension.exists() != value.exists()}"
"receiveehrextract-request","receiveehrextract-request.ehr-extract.all-compositions.content.section.modifierExtension","receiveehrextract-request.ehr_extract.all_compositions.content.section.modifierExtension","","extensions
user contentmodifiers","",0,*,"","Y","Y","Extension {[]} {[]}
","Extensions that cannot be ignored even if unrecognized","May be used to represent additional information that is not part of the basic definition of the element and that modifies the understanding of the element in which it is contained and/or the understanding of the containing element's descendants. Usually modifier elements provide negation or qualification. To make the use of extensions safe and manageable, there is a strict set of governance applied to the definition and use of extensions. Though any implementer can define an extension, there is a set of requirements that SHALL be met as part of the definition of the extension. Applications processing a resource are required to check for modifier extensions.

Modifier extensions SHALL NOT change the meaning of any elements on Resource or DomainResource (including cannot change the meaning of modifierExtension itself).","There can be no stigma associated with the use of extensions by any application, project, or standard - regardless of the institution or jurisdiction that uses or defines the extensions.  The use of extensions is what allows the FHIR specification to retain a core level of simplicity for everyone.","Modifier extensions allow for extensions that *cannot* be safely ignored to be clearly distinguished from the vast majority of extensions which can be safely ignored.  This promotes interoperability by eliminating the need for implementers to prohibit the presence of extensions. For further information, see the [definition of modifier extensions](http://hl7.org/fhir/R4/extensibility.html#modifierExtension).","","","","","","","",,,,,"",,,,"BackboneElement.modifierExtension",0,*,"","ele-1:All FHIR elements must have a @value or children {hasValue() or (children().count() > id.count())}
ext-1:Must have either extensions or value[x], not both {extension.exists() != value.exists()}"
"receiveehrextract-request","receiveehrextract-request.ehr-extract.all-compositions.content.section.members","receiveehrextract-request.ehr_extract.all_compositions.content.section.members","","","",0,*,"","","","string {[]} {[]}
","members"," (Rekursiv typ, ej utvecklad.)","","","","","","","","","",,,,,"",,,,"receiveehrextract-request.ehr_extract.all_compositions.content.section.members",0,*,"",""
"receiveehrextract-request","receiveehrextract-request.ehr-extract.all-compositions.content.entry","receiveehrextract-request.ehr_extract.all_compositions.content.entry","","","",0,1,"","","","BackboneElement {[]} {[]}
","entry","Element som bara finns när instansen är av subtypen ENTRY (xsi:type).","","","","","","","","","",,,,,"",,,,"receiveehrextract-request.ehr_extract.all_compositions.content.entry",0,1,"","ele-1:All FHIR elements must have a @value or children {hasValue() or (children().count() > id.count())}
"
"receiveehrextract-request","receiveehrextract-request.ehr-extract.all-compositions.content.entry.id","receiveehrextract-request.ehr_extract.all_compositions.content.entry.id","","","",0,1,"","","","string {[]} {[]}
","Unique id for inter-element referencing","Unique id for the element within a resource (for internal references). This may be any string value that does not contain spaces.","","","","","","","","","",,,,,"",,,,"Element.id",0,1,"",""
"receiveehrextract-request","receiveehrextract-request.ehr-extract.all-compositions.content.entry.extension","receiveehrextract-request.ehr_extract.all_compositions.content.entry.extension","","extensions
user content","",0,*,"","","","Extension {[]} {[]}
","Additional content defined by implementations","May be used to represent additional information that is not part of the basic definition of the element. To make the use of extensions safe and manageable, there is a strict set of governance  applied to the definition and use of extensions. Though any implementer can define an extension, there is a set of requirements that SHALL be met as part of the definition of the extension.","There can be no stigma associated with the use of extensions by any application, project, or standard - regardless of the institution or jurisdiction that uses or defines the extensions.  The use of extensions is what allows the FHIR specification to retain a core level of simplicity for everyone.","","","","","","","","",,,,,"","value:url}
","Extensions are always sliced by (at least) url",,"open","Element.extension",0,*,"","ele-1:All FHIR elements must have a @value or children {hasValue() or (children().count() > id.count())}
ext-1:Must have either extensions or value[x], not both {extension.exists() != value.exists()}"
"receiveehrextract-request","receiveehrextract-request.ehr-extract.all-compositions.content.entry.modifierExtension","receiveehrextract-request.ehr_extract.all_compositions.content.entry.modifierExtension","","extensions
user contentmodifiers","",0,*,"","Y","Y","Extension {[]} {[]}
","Extensions that cannot be ignored even if unrecognized","May be used to represent additional information that is not part of the basic definition of the element and that modifies the understanding of the element in which it is contained and/or the understanding of the containing element's descendants. Usually modifier elements provide negation or qualification. To make the use of extensions safe and manageable, there is a strict set of governance applied to the definition and use of extensions. Though any implementer can define an extension, there is a set of requirements that SHALL be met as part of the definition of the extension. Applications processing a resource are required to check for modifier extensions.

Modifier extensions SHALL NOT change the meaning of any elements on Resource or DomainResource (including cannot change the meaning of modifierExtension itself).","There can be no stigma associated with the use of extensions by any application, project, or standard - regardless of the institution or jurisdiction that uses or defines the extensions.  The use of extensions is what allows the FHIR specification to retain a core level of simplicity for everyone.","Modifier extensions allow for extensions that *cannot* be safely ignored to be clearly distinguished from the vast majority of extensions which can be safely ignored.  This promotes interoperability by eliminating the need for implementers to prohibit the presence of extensions. For further information, see the [definition of modifier extensions](http://hl7.org/fhir/R4/extensibility.html#modifierExtension).","","","","","","","",,,,,"",,,,"BackboneElement.modifierExtension",0,*,"","ele-1:All FHIR elements must have a @value or children {hasValue() or (children().count() > id.count())}
ext-1:Must have either extensions or value[x], not both {extension.exists() != value.exists()}"
"receiveehrextract-request","receiveehrextract-request.ehr-extract.all-compositions.content.entry.act-id","receiveehrextract-request.ehr_extract.all_compositions.content.entry.act_id","","","",0,1,"","","","string {[]} {[]}
","act_id","act_id","","","","","","","","","",,,,,"",,,,"receiveehrextract-request.ehr_extract.all_compositions.content.entry.act_id",0,1,"",""
"receiveehrextract-request","receiveehrextract-request.ehr-extract.all-compositions.content.entry.act-status","receiveehrextract-request.ehr_extract.all_compositions.content.entry.act_status","","","",0,1,"","","","code {[]} {[]}
","act_status","act_status","","","","","","","","","",,,,,"",,,,"receiveehrextract-request.ehr_extract.all_compositions.content.entry.act_status",0,1,"",""
"receiveehrextract-request","receiveehrextract-request.ehr-extract.all-compositions.content.entry.subject-of-information-category","receiveehrextract-request.ehr_extract.all_compositions.content.entry.subject_of_information_category","","","",0,1,"","","","code {[]} {[]}
","subject_of_information_category","subject_of_information_category","","","","","","","","","",,,,,"",,,,"receiveehrextract-request.ehr_extract.all_compositions.content.entry.subject_of_information_category",0,1,"",""
"receiveehrextract-request","receiveehrextract-request.ehr-extract.all-compositions.content.entry.uncertainty-expressed","receiveehrextract-request.ehr_extract.all_compositions.content.entry.uncertainty_expressed","","","",1,1,"","","","boolean {[]} {[]}
","uncertainty_expressed","uncertainty_expressed","","","","","","","","","",,,,,"",,,,"receiveehrextract-request.ehr_extract.all_compositions.content.entry.uncertainty_expressed",1,1,"",""
"receiveehrextract-request","receiveehrextract-request.ehr-extract.all-compositions.content.entry.items","receiveehrextract-request.ehr_extract.all_compositions.content.entry.items","","","",0,*,"","","","BackboneElement {[]} {[]}
","items","Superclass of Cluster and Element that enables the former to include instances of itself. The obs_time should be a restriction on the data types of low and high to make them TS, but this restriction is not permissible in XML Schema and thus the IVL properties are simply copied here with the appropriate types. Abstrakt typ; instansen anges med xsi:type som en av CLUSTER, ELEMENT.","","","","","","","","","",,,,,"",,,,"receiveehrextract-request.ehr_extract.all_compositions.content.entry.items",0,*,"","ele-1:All FHIR elements must have a @value or children {hasValue() or (children().count() > id.count())}
"
"receiveehrextract-request","receiveehrextract-request.ehr-extract.all-compositions.content.entry.items.id","receiveehrextract-request.ehr_extract.all_compositions.content.entry.items.id","","","",0,1,"","","","string {[]} {[]}
","Unique id for inter-element referencing","Unique id for the element within a resource (for internal references). This may be any string value that does not contain spaces.","","","","","","","","","",,,,,"",,,,"Element.id",0,1,"",""
"receiveehrextract-request","receiveehrextract-request.ehr-extract.all-compositions.content.entry.items.extension","receiveehrextract-request.ehr_extract.all_compositions.content.entry.items.extension","","extensions
user content","",0,*,"","","","Extension {[]} {[]}
","Additional content defined by implementations","May be used to represent additional information that is not part of the basic definition of the element. To make the use of extensions safe and manageable, there is a strict set of governance  applied to the definition and use of extensions. Though any implementer can define an extension, there is a set of requirements that SHALL be met as part of the definition of the extension.","There can be no stigma associated with the use of extensions by any application, project, or standard - regardless of the institution or jurisdiction that uses or defines the extensions.  The use of extensions is what allows the FHIR specification to retain a core level of simplicity for everyone.","","","","","","","","",,,,,"","value:url}
","Extensions are always sliced by (at least) url",,"open","Element.extension",0,*,"","ele-1:All FHIR elements must have a @value or children {hasValue() or (children().count() > id.count())}
ext-1:Must have either extensions or value[x], not both {extension.exists() != value.exists()}"
"receiveehrextract-request","receiveehrextract-request.ehr-extract.all-compositions.content.entry.items.modifierExtension","receiveehrextract-request.ehr_extract.all_compositions.content.entry.items.modifierExtension","","extensions
user contentmodifiers","",0,*,"","Y","Y","Extension {[]} {[]}
","Extensions that cannot be ignored even if unrecognized","May be used to represent additional information that is not part of the basic definition of the element and that modifies the understanding of the element in which it is contained and/or the understanding of the containing element's descendants. Usually modifier elements provide negation or qualification. To make the use of extensions safe and manageable, there is a strict set of governance applied to the definition and use of extensions. Though any implementer can define an extension, there is a set of requirements that SHALL be met as part of the definition of the extension. Applications processing a resource are required to check for modifier extensions.

Modifier extensions SHALL NOT change the meaning of any elements on Resource or DomainResource (including cannot change the meaning of modifierExtension itself).","There can be no stigma associated with the use of extensions by any application, project, or standard - regardless of the institution or jurisdiction that uses or defines the extensions.  The use of extensions is what allows the FHIR specification to retain a core level of simplicity for everyone.","Modifier extensions allow for extensions that *cannot* be safely ignored to be clearly distinguished from the vast majority of extensions which can be safely ignored.  This promotes interoperability by eliminating the need for implementers to prohibit the presence of extensions. For further information, see the [definition of modifier extensions](http://hl7.org/fhir/R4/extensibility.html#modifierExtension).","","","","","","","",,,,,"",,,,"BackboneElement.modifierExtension",0,*,"","ele-1:All FHIR elements must have a @value or children {hasValue() or (children().count() > id.count())}
ext-1:Must have either extensions or value[x], not both {extension.exists() != value.exists()}"
"receiveehrextract-request","receiveehrextract-request.ehr-extract.all-compositions.content.entry.items.archetype-id","receiveehrextract-request.ehr_extract.all_compositions.content.entry.items.archetype_id","","","",0,1,"","","","string {[]} {[]}
","archetype_id","archetype_id","","","","","","","","","",,,,,"",,,,"receiveehrextract-request.ehr_extract.all_compositions.content.entry.items.archetype_id",0,1,"",""
"receiveehrextract-request","receiveehrextract-request.ehr-extract.all-compositions.content.entry.items.meaning","receiveehrextract-request.ehr_extract.all_compositions.content.entry.items.meaning","","","",0,1,"","","","CodeableConcept {[]} {[]}
","meaning","meaning","","","","","","","","","",,,,,"",,,,"receiveehrextract-request.ehr_extract.all_compositions.content.entry.items.meaning",0,1,"",""
"receiveehrextract-request","receiveehrextract-request.ehr-extract.all-compositions.content.entry.items.itemName","receiveehrextract-request.ehr_extract.all_compositions.content.entry.items.itemName","","","",1,1,"","","","string {[]} {[]}
","itemName","itemName Heter name i schemat.","","","","","","","","","",,,,,"",,,,"receiveehrextract-request.ehr_extract.all_compositions.content.entry.items.itemName",1,1,"",""
"receiveehrextract-request","receiveehrextract-request.ehr-extract.all-compositions.content.entry.items.orig-parent-ref","receiveehrextract-request.ehr_extract.all_compositions.content.entry.items.orig_parent_ref","","","",0,1,"","","","Identifier {[]} {[]}
","orig_parent_ref","orig_parent_ref","","","","","","","","","",,,,,"",,,,"receiveehrextract-request.ehr_extract.all_compositions.content.entry.items.orig_parent_ref",0,1,"",""
"receiveehrextract-request","receiveehrextract-request.ehr-extract.all-compositions.content.entry.items.policy-ids","receiveehrextract-request.ehr_extract.all_compositions.content.entry.items.policy_ids","","","",0,*,"","","","Identifier {[]} {[]}
","policy_ids","policy_ids","","","","","","","","","",,,,,"",,,,"receiveehrextract-request.ehr_extract.all_compositions.content.entry.items.policy_ids",0,*,"",""
"receiveehrextract-request","receiveehrextract-request.ehr-extract.all-compositions.content.entry.items.rc-id","receiveehrextract-request.ehr_extract.all_compositions.content.entry.items.rc_id","","","",1,1,"","","","Identifier {[]} {[]}
","rc_id","rc_id","","","","","","","","","",,,,,"",,,,"receiveehrextract-request.ehr_extract.all_compositions.content.entry.items.rc_id",1,1,"",""
"receiveehrextract-request","receiveehrextract-request.ehr-extract.all-compositions.content.entry.items.sensitivity","receiveehrextract-request.ehr_extract.all_compositions.content.entry.items.sensitivity","","","",0,1,"","","","integer {[]} {[]}
","sensitivity","sensitivity","","","","","","","","","",,,,,"",,,,"receiveehrextract-request.ehr_extract.all_compositions.content.entry.items.sensitivity",0,1,"",""
"receiveehrextract-request","receiveehrextract-request.ehr-extract.all-compositions.content.entry.items.synthesised","receiveehrextract-request.ehr_extract.all_compositions.content.entry.items.synthesised","","","",1,1,"","","","boolean {[]} {[]}
","synthesised","synthesised","","","","","","","","","",,,,,"",,,,"receiveehrextract-request.ehr_extract.all_compositions.content.entry.items.synthesised",1,1,"",""
"receiveehrextract-request","receiveehrextract-request.ehr-extract.all-compositions.content.entry.items.links","receiveehrextract-request.ehr_extract.all_compositions.content.entry.items.links","","","",0,*,"","","","BackboneElement {[]} {[]}
","links","Creates a relationship between two Record Components that is orthogonal to the common one of containment. Note that if a recipient is not permitted to see the component linked to, even revealing the link constitutes an inappropriate disclosure. Role is of type CD so that the displayName property of that class can be used in place of any specific coding scheme.","","","","","","","","","",,,,,"",,,,"receiveehrextract-request.ehr_extract.all_compositions.content.entry.items.links",0,*,"","ele-1:All FHIR elements must have a @value or children {hasValue() or (children().count() > id.count())}
"
"receiveehrextract-request","receiveehrextract-request.ehr-extract.all-compositions.content.entry.items.links.id","receiveehrextract-request.ehr_extract.all_compositions.content.entry.items.links.id","","","",0,1,"","","","string {[]} {[]}
","Unique id for inter-element referencing","Unique id for the element within a resource (for internal references). This may be any string value that does not contain spaces.","","","","","","","","","",,,,,"",,,,"Element.id",0,1,"",""
"receiveehrextract-request","receiveehrextract-request.ehr-extract.all-compositions.content.entry.items.links.extension","receiveehrextract-request.ehr_extract.all_compositions.content.entry.items.links.extension","","extensions
user content","",0,*,"","","","Extension {[]} {[]}
","Additional content defined by implementations","May be used to represent additional information that is not part of the basic definition of the element. To make the use of extensions safe and manageable, there is a strict set of governance  applied to the definition and use of extensions. Though any implementer can define an extension, there is a set of requirements that SHALL be met as part of the definition of the extension.","There can be no stigma associated with the use of extensions by any application, project, or standard - regardless of the institution or jurisdiction that uses or defines the extensions.  The use of extensions is what allows the FHIR specification to retain a core level of simplicity for everyone.","","","","","","","","",,,,,"","value:url}
","Extensions are always sliced by (at least) url",,"open","Element.extension",0,*,"","ele-1:All FHIR elements must have a @value or children {hasValue() or (children().count() > id.count())}
ext-1:Must have either extensions or value[x], not both {extension.exists() != value.exists()}"
"receiveehrextract-request","receiveehrextract-request.ehr-extract.all-compositions.content.entry.items.links.modifierExtension","receiveehrextract-request.ehr_extract.all_compositions.content.entry.items.links.modifierExtension","","extensions
user contentmodifiers","",0,*,"","Y","Y","Extension {[]} {[]}
","Extensions that cannot be ignored even if unrecognized","May be used to represent additional information that is not part of the basic definition of the element and that modifies the understanding of the element in which it is contained and/or the understanding of the containing element's descendants. Usually modifier elements provide negation or qualification. To make the use of extensions safe and manageable, there is a strict set of governance applied to the definition and use of extensions. Though any implementer can define an extension, there is a set of requirements that SHALL be met as part of the definition of the extension. Applications processing a resource are required to check for modifier extensions.

Modifier extensions SHALL NOT change the meaning of any elements on Resource or DomainResource (including cannot change the meaning of modifierExtension itself).","There can be no stigma associated with the use of extensions by any application, project, or standard - regardless of the institution or jurisdiction that uses or defines the extensions.  The use of extensions is what allows the FHIR specification to retain a core level of simplicity for everyone.","Modifier extensions allow for extensions that *cannot* be safely ignored to be clearly distinguished from the vast majority of extensions which can be safely ignored.  This promotes interoperability by eliminating the need for implementers to prohibit the presence of extensions. For further information, see the [definition of modifier extensions](http://hl7.org/fhir/R4/extensibility.html#modifierExtension).","","","","","","","",,,,,"",,,,"BackboneElement.modifierExtension",0,*,"","ele-1:All FHIR elements must have a @value or children {hasValue() or (children().count() > id.count())}
ext-1:Must have either extensions or value[x], not both {extension.exists() != value.exists()}"
"receiveehrextract-request","receiveehrextract-request.ehr-extract.all-compositions.content.entry.items.links.follow-link","receiveehrextract-request.ehr_extract.all_compositions.content.entry.items.links.follow_link","","","",1,1,"","","","boolean {[]} {[]}
","follow_link","follow_link","","","","","","","","","",,,,,"",,,,"receiveehrextract-request.ehr_extract.all_compositions.content.entry.items.links.follow_link",1,1,"",""
"receiveehrextract-request","receiveehrextract-request.ehr-extract.all-compositions.content.entry.items.links.nature","receiveehrextract-request.ehr_extract.all_compositions.content.entry.items.links.nature","","","",1,1,"","","","code {[]} {[]}
","nature","nature","","","","","","","","","",,,,,"",,,,"receiveehrextract-request.ehr_extract.all_compositions.content.entry.items.links.nature",1,1,"",""
"receiveehrextract-request","receiveehrextract-request.ehr-extract.all-compositions.content.entry.items.links.role","receiveehrextract-request.ehr_extract.all_compositions.content.entry.items.links.role","","","",0,1,"","","","CodeableConcept {[]} {[]}
","role","role","","","","","","","","","",,,,,"",,,,"receiveehrextract-request.ehr_extract.all_compositions.content.entry.items.links.role",0,1,"",""
"receiveehrextract-request","receiveehrextract-request.ehr-extract.all-compositions.content.entry.items.links.target-type","receiveehrextract-request.ehr_extract.all_compositions.content.entry.items.links.target_type","","","",0,1,"","","","CodeableConcept {[]} {[]}
","target_type","target_type","","","","","","","","","",,,,,"",,,,"receiveehrextract-request.ehr_extract.all_compositions.content.entry.items.links.target_type",0,1,"",""
"receiveehrextract-request","receiveehrextract-request.ehr-extract.all-compositions.content.entry.items.links.target-id","receiveehrextract-request.ehr_extract.all_compositions.content.entry.items.links.target_id","","","",1,*,"","","","Identifier {[]} {[]}
","target_id","target_id","","","","","","","","","",,,,,"",,,,"receiveehrextract-request.ehr_extract.all_compositions.content.entry.items.links.target_id",1,*,"",""
"receiveehrextract-request","receiveehrextract-request.ehr-extract.all-compositions.content.entry.items.feeder-audit","receiveehrextract-request.ehr_extract.all_compositions.content.entry.items.feeder_audit","","","",0,1,"","","","BackboneElement {[]} {[]}
","feeder_audit","The committal and revision data for a Record Component. Note that the invariant is incorrectly stated as constraining ""attribute_version_status.coding_scheme_name"" in the printed standard.","","","","","","","","","",,,,,"",,,,"receiveehrextract-request.ehr_extract.all_compositions.content.entry.items.feeder_audit",0,1,"","ele-1:All FHIR elements must have a @value or children {hasValue() or (children().count() > id.count())}
"
"receiveehrextract-request","receiveehrextract-request.ehr-extract.all-compositions.content.entry.items.feeder-audit.id","receiveehrextract-request.ehr_extract.all_compositions.content.entry.items.feeder_audit.id","","","",0,1,"","","","string {[]} {[]}
","Unique id for inter-element referencing","Unique id for the element within a resource (for internal references). This may be any string value that does not contain spaces.","","","","","","","","","",,,,,"",,,,"Element.id",0,1,"",""
"receiveehrextract-request","receiveehrextract-request.ehr-extract.all-compositions.content.entry.items.feeder-audit.extension","receiveehrextract-request.ehr_extract.all_compositions.content.entry.items.feeder_audit.extension","","extensions
user content","",0,*,"","","","Extension {[]} {[]}
","Additional content defined by implementations","May be used to represent additional information that is not part of the basic definition of the element. To make the use of extensions safe and manageable, there is a strict set of governance  applied to the definition and use of extensions. Though any implementer can define an extension, there is a set of requirements that SHALL be met as part of the definition of the extension.","There can be no stigma associated with the use of extensions by any application, project, or standard - regardless of the institution or jurisdiction that uses or defines the extensions.  The use of extensions is what allows the FHIR specification to retain a core level of simplicity for everyone.","","","","","","","","",,,,,"","value:url}
","Extensions are always sliced by (at least) url",,"open","Element.extension",0,*,"","ele-1:All FHIR elements must have a @value or children {hasValue() or (children().count() > id.count())}
ext-1:Must have either extensions or value[x], not both {extension.exists() != value.exists()}"
"receiveehrextract-request","receiveehrextract-request.ehr-extract.all-compositions.content.entry.items.feeder-audit.modifierExtension","receiveehrextract-request.ehr_extract.all_compositions.content.entry.items.feeder_audit.modifierExtension","","extensions
user contentmodifiers","",0,*,"","Y","Y","Extension {[]} {[]}
","Extensions that cannot be ignored even if unrecognized","May be used to represent additional information that is not part of the basic definition of the element and that modifies the understanding of the element in which it is contained and/or the understanding of the containing element's descendants. Usually modifier elements provide negation or qualification. To make the use of extensions safe and manageable, there is a strict set of governance applied to the definition and use of extensions. Though any implementer can define an extension, there is a set of requirements that SHALL be met as part of the definition of the extension. Applications processing a resource are required to check for modifier extensions.

Modifier extensions SHALL NOT change the meaning of any elements on Resource or DomainResource (including cannot change the meaning of modifierExtension itself).","There can be no stigma associated with the use of extensions by any application, project, or standard - regardless of the institution or jurisdiction that uses or defines the extensions.  The use of extensions is what allows the FHIR specification to retain a core level of simplicity for everyone.","Modifier extensions allow for extensions that *cannot* be safely ignored to be clearly distinguished from the vast majority of extensions which can be safely ignored.  This promotes interoperability by eliminating the need for implementers to prohibit the presence of extensions. For further information, see the [definition of modifier extensions](http://hl7.org/fhir/R4/extensibility.html#modifierExtension).","","","","","","","",,,,,"",,,,"BackboneElement.modifierExtension",0,*,"","ele-1:All FHIR elements must have a @value or children {hasValue() or (children().count() > id.count())}
ext-1:Must have either extensions or value[x], not both {extension.exists() != value.exists()}"
"receiveehrextract-request","receiveehrextract-request.ehr-extract.all-compositions.content.entry.items.feeder-audit.committer","receiveehrextract-request.ehr_extract.all_compositions.content.entry.items.feeder_audit.committer","","","",1,1,"","","","Identifier {[]} {[]}
","committer","committer","","","","","","","","","",,,,,"",,,,"receiveehrextract-request.ehr_extract.all_compositions.content.entry.items.feeder_audit.committer",1,1,"",""
"receiveehrextract-request","receiveehrextract-request.ehr-extract.all-compositions.content.entry.items.feeder-audit.ehr-system","receiveehrextract-request.ehr_extract.all_compositions.content.entry.items.feeder_audit.ehr_system","","","",1,1,"","","","Identifier {[]} {[]}
","ehr_system","ehr_system","","","","","","","","","",,,,,"",,,,"receiveehrextract-request.ehr_extract.all_compositions.content.entry.items.feeder_audit.ehr_system",1,1,"",""
"receiveehrextract-request","receiveehrextract-request.ehr-extract.all-compositions.content.entry.items.feeder-audit.previous-version","receiveehrextract-request.ehr_extract.all_compositions.content.entry.items.feeder_audit.previous_version","","","",0,1,"","","","Identifier {[]} {[]}
","previous_version","previous_version","","","","","","","","","",,,,,"",,,,"receiveehrextract-request.ehr_extract.all_compositions.content.entry.items.feeder_audit.previous_version",0,1,"",""
"receiveehrextract-request","receiveehrextract-request.ehr-extract.all-compositions.content.entry.items.feeder-audit.reason-for-revision","receiveehrextract-request.ehr_extract.all_compositions.content.entry.items.feeder_audit.reason_for_revision","","","",0,1,"","","","CodeableConcept {[]} {[]}
","reason_for_revision","reason_for_revision","","","","","","","","","",,,,,"",,,,"receiveehrextract-request.ehr_extract.all_compositions.content.entry.items.feeder_audit.reason_for_revision",0,1,"",""
"receiveehrextract-request","receiveehrextract-request.ehr-extract.all-compositions.content.entry.items.feeder-audit.time-committed","receiveehrextract-request.ehr_extract.all_compositions.content.entry.items.feeder_audit.time_committed","","","",1,1,"","","","dateTime {[]} {[]}
","time_committed","time_committed","","","","","","","","","",,,,,"",,,,"receiveehrextract-request.ehr_extract.all_compositions.content.entry.items.feeder_audit.time_committed",1,1,"",""
"receiveehrextract-request","receiveehrextract-request.ehr-extract.all-compositions.content.entry.items.feeder-audit.version-set-id","receiveehrextract-request.ehr_extract.all_compositions.content.entry.items.feeder_audit.version_set_id","","","",0,1,"","","","Identifier {[]} {[]}
","version_set_id","version_set_id","","","","","","","","","",,,,,"",,,,"receiveehrextract-request.ehr_extract.all_compositions.content.entry.items.feeder_audit.version_set_id",0,1,"",""
"receiveehrextract-request","receiveehrextract-request.ehr-extract.all-compositions.content.entry.items.feeder-audit.version-status","receiveehrextract-request.ehr_extract.all_compositions.content.entry.items.feeder_audit.version_status","","","",0,1,"","","","code {[]} {[]}
","version_status","version_status","","","","","","","","","",,,,,"",,,,"receiveehrextract-request.ehr_extract.all_compositions.content.entry.items.feeder_audit.version_status",0,1,"",""
"receiveehrextract-request","receiveehrextract-request.ehr-extract.all-compositions.content.entry.items.emphasis","receiveehrextract-request.ehr_extract.all_compositions.content.entry.items.emphasis","","","",0,1,"","","","CodeableConcept {[]} {[]}
","emphasis","emphasis","","","","","","","","","",,,,,"",,,,"receiveehrextract-request.ehr_extract.all_compositions.content.entry.items.emphasis",0,1,"",""
"receiveehrextract-request","receiveehrextract-request.ehr-extract.all-compositions.content.entry.items.item-category","receiveehrextract-request.ehr_extract.all_compositions.content.entry.items.item_category","","","",0,1,"","","","code {[]} {[]}
","item_category","item_category","","","","","","","","","",,,,,"",,,,"receiveehrextract-request.ehr_extract.all_compositions.content.entry.items.item_category",0,1,"",""
"receiveehrextract-request","receiveehrextract-request.ehr-extract.all-compositions.content.entry.items.obs-time","receiveehrextract-request.ehr_extract.all_compositions.content.entry.items.obs_time","","","",0,1,"","","","Period {[]} {[]}
","obs_time","obs_time","","","","","","","","","",,,,,"",,,,"receiveehrextract-request.ehr_extract.all_compositions.content.entry.items.obs_time",0,1,"",""
"receiveehrextract-request","receiveehrextract-request.ehr-extract.all-compositions.content.entry.items.cluster","receiveehrextract-request.ehr_extract.all_compositions.content.entry.items.cluster","","","",0,1,"","","","BackboneElement {[]} {[]}
","cluster","Element som bara finns när instansen är av subtypen CLUSTER (xsi:type).","","","","","","","","","",,,,,"",,,,"receiveehrextract-request.ehr_extract.all_compositions.content.entry.items.cluster",0,1,"","ele-1:All FHIR elements must have a @value or children {hasValue() or (children().count() > id.count())}
"
"receiveehrextract-request","receiveehrextract-request.ehr-extract.all-compositions.content.entry.items.cluster.id","receiveehrextract-request.ehr_extract.all_compositions.content.entry.items.cluster.id","","","",0,1,"","","","string {[]} {[]}
","Unique id for inter-element referencing","Unique id for the element within a resource (for internal references). This may be any string value that does not contain spaces.","","","","","","","","","",,,,,"",,,,"Element.id",0,1,"",""
"receiveehrextract-request","receiveehrextract-request.ehr-extract.all-compositions.content.entry.items.cluster.extension","receiveehrextract-request.ehr_extract.all_compositions.content.entry.items.cluster.extension","","extensions
user content","",0,*,"","","","Extension {[]} {[]}
","Additional content defined by implementations","May be used to represent additional information that is not part of the basic definition of the element. To make the use of extensions safe and manageable, there is a strict set of governance  applied to the definition and use of extensions. Though any implementer can define an extension, there is a set of requirements that SHALL be met as part of the definition of the extension.","There can be no stigma associated with the use of extensions by any application, project, or standard - regardless of the institution or jurisdiction that uses or defines the extensions.  The use of extensions is what allows the FHIR specification to retain a core level of simplicity for everyone.","","","","","","","","",,,,,"","value:url}
","Extensions are always sliced by (at least) url",,"open","Element.extension",0,*,"","ele-1:All FHIR elements must have a @value or children {hasValue() or (children().count() > id.count())}
ext-1:Must have either extensions or value[x], not both {extension.exists() != value.exists()}"
"receiveehrextract-request","receiveehrextract-request.ehr-extract.all-compositions.content.entry.items.cluster.modifierExtension","receiveehrextract-request.ehr_extract.all_compositions.content.entry.items.cluster.modifierExtension","","extensions
user contentmodifiers","",0,*,"","Y","Y","Extension {[]} {[]}
","Extensions that cannot be ignored even if unrecognized","May be used to represent additional information that is not part of the basic definition of the element and that modifies the understanding of the element in which it is contained and/or the understanding of the containing element's descendants. Usually modifier elements provide negation or qualification. To make the use of extensions safe and manageable, there is a strict set of governance applied to the definition and use of extensions. Though any implementer can define an extension, there is a set of requirements that SHALL be met as part of the definition of the extension. Applications processing a resource are required to check for modifier extensions.

Modifier extensions SHALL NOT change the meaning of any elements on Resource or DomainResource (including cannot change the meaning of modifierExtension itself).","There can be no stigma associated with the use of extensions by any application, project, or standard - regardless of the institution or jurisdiction that uses or defines the extensions.  The use of extensions is what allows the FHIR specification to retain a core level of simplicity for everyone.","Modifier extensions allow for extensions that *cannot* be safely ignored to be clearly distinguished from the vast majority of extensions which can be safely ignored.  This promotes interoperability by eliminating the need for implementers to prohibit the presence of extensions. For further information, see the [definition of modifier extensions](http://hl7.org/fhir/R4/extensibility.html#modifierExtension).","","","","","","","",,,,,"",,,,"BackboneElement.modifierExtension",0,*,"","ele-1:All FHIR elements must have a @value or children {hasValue() or (children().count() > id.count())}
ext-1:Must have either extensions or value[x], not both {extension.exists() != value.exists()}"
"receiveehrextract-request","receiveehrextract-request.ehr-extract.all-compositions.content.entry.items.cluster.structure-type","receiveehrextract-request.ehr_extract.all_compositions.content.entry.items.cluster.structure_type","","","",1,1,"","","","code {[]} {[]}
","structure_type","structure_type","","","","","","","","","",,,,,"",,,,"receiveehrextract-request.ehr_extract.all_compositions.content.entry.items.cluster.structure_type",1,1,"",""
"receiveehrextract-request","receiveehrextract-request.ehr-extract.all-compositions.content.entry.items.cluster.parts","receiveehrextract-request.ehr_extract.all_compositions.content.entry.items.cluster.parts","","","",0,*,"","","","string {[]} {[]}
","parts"," (Rekursiv typ, ej utvecklad.)","","","","","","","","","",,,,,"",,,,"receiveehrextract-request.ehr_extract.all_compositions.content.entry.items.cluster.parts",0,*,"",""
"receiveehrextract-request","receiveehrextract-request.ehr-extract.all-compositions.content.entry.items.element","receiveehrextract-request.ehr_extract.all_compositions.content.entry.items.element","","","",0,1,"","","","BackboneElement {[]} {[]}
","element","Element som bara finns när instansen är av subtypen ELEMENT (xsi:type).","","","","","","","","","",,,,,"",,,,"receiveehrextract-request.ehr_extract.all_compositions.content.entry.items.element",0,1,"","ele-1:All FHIR elements must have a @value or children {hasValue() or (children().count() > id.count())}
"
"receiveehrextract-request","receiveehrextract-request.ehr-extract.all-compositions.content.entry.items.element.id","receiveehrextract-request.ehr_extract.all_compositions.content.entry.items.element.id","","","",0,1,"","","","string {[]} {[]}
","Unique id for inter-element referencing","Unique id for the element within a resource (for internal references). This may be any string value that does not contain spaces.","","","","","","","","","",,,,,"",,,,"Element.id",0,1,"",""
"receiveehrextract-request","receiveehrextract-request.ehr-extract.all-compositions.content.entry.items.element.extension","receiveehrextract-request.ehr_extract.all_compositions.content.entry.items.element.extension","","extensions
user content","",0,*,"","","","Extension {[]} {[]}
","Additional content defined by implementations","May be used to represent additional information that is not part of the basic definition of the element. To make the use of extensions safe and manageable, there is a strict set of governance  applied to the definition and use of extensions. Though any implementer can define an extension, there is a set of requirements that SHALL be met as part of the definition of the extension.","There can be no stigma associated with the use of extensions by any application, project, or standard - regardless of the institution or jurisdiction that uses or defines the extensions.  The use of extensions is what allows the FHIR specification to retain a core level of simplicity for everyone.","","","","","","","","",,,,,"","value:url}
","Extensions are always sliced by (at least) url",,"open","Element.extension",0,*,"","ele-1:All FHIR elements must have a @value or children {hasValue() or (children().count() > id.count())}
ext-1:Must have either extensions or value[x], not both {extension.exists() != value.exists()}"
"receiveehrextract-request","receiveehrextract-request.ehr-extract.all-compositions.content.entry.items.element.modifierExtension","receiveehrextract-request.ehr_extract.all_compositions.content.entry.items.element.modifierExtension","","extensions
user contentmodifiers","",0,*,"","Y","Y","Extension {[]} {[]}
","Extensions that cannot be ignored even if unrecognized","May be used to represent additional information that is not part of the basic definition of the element and that modifies the understanding of the element in which it is contained and/or the understanding of the containing element's descendants. Usually modifier elements provide negation or qualification. To make the use of extensions safe and manageable, there is a strict set of governance applied to the definition and use of extensions. Though any implementer can define an extension, there is a set of requirements that SHALL be met as part of the definition of the extension. Applications processing a resource are required to check for modifier extensions.

Modifier extensions SHALL NOT change the meaning of any elements on Resource or DomainResource (including cannot change the meaning of modifierExtension itself).","There can be no stigma associated with the use of extensions by any application, project, or standard - regardless of the institution or jurisdiction that uses or defines the extensions.  The use of extensions is what allows the FHIR specification to retain a core level of simplicity for everyone.","Modifier extensions allow for extensions that *cannot* be safely ignored to be clearly distinguished from the vast majority of extensions which can be safely ignored.  This promotes interoperability by eliminating the need for implementers to prohibit the presence of extensions. For further information, see the [definition of modifier extensions](http://hl7.org/fhir/R4/extensibility.html#modifierExtension).","","","","","","","",,,,,"",,,,"BackboneElement.modifierExtension",0,*,"","ele-1:All FHIR elements must have a @value or children {hasValue() or (children().count() > id.count())}
ext-1:Must have either extensions or value[x], not both {extension.exists() != value.exists()}"
"receiveehrextract-request","receiveehrextract-request.ehr-extract.all-compositions.content.entry.items.element.elementValue","receiveehrextract-request.ehr_extract.all_compositions.content.entry.items.element.elementValue","","","",0,1,"","","","string {[]} {[]}
","elementValue"," (ISO 21090 ANY, polymorft värde, modellerat som string.) Heter value i schemat.","","","","","","","","","",,,,,"",,,,"receiveehrextract-request.ehr_extract.all_compositions.content.entry.items.element.elementValue",0,1,"",""
"receiveehrextract-request","receiveehrextract-request.ehr-extract.all-compositions.content.entry.info-provider","receiveehrextract-request.ehr_extract.all_compositions.content.entry.info_provider","","","",0,1,"","","","BackboneElement {[]} {[]}
","info_provider","The participation of an entity in the EHR.","","","","","","","","","",,,,,"",,,,"receiveehrextract-request.ehr_extract.all_compositions.content.entry.info_provider",0,1,"","ele-1:All FHIR elements must have a @value or children {hasValue() or (children().count() > id.count())}
"
"receiveehrextract-request","receiveehrextract-request.ehr-extract.all-compositions.content.entry.info-provider.id","receiveehrextract-request.ehr_extract.all_compositions.content.entry.info_provider.id","","","",0,1,"","","","string {[]} {[]}
","Unique id for inter-element referencing","Unique id for the element within a resource (for internal references). This may be any string value that does not contain spaces.","","","","","","","","","",,,,,"",,,,"Element.id",0,1,"",""
"receiveehrextract-request","receiveehrextract-request.ehr-extract.all-compositions.content.entry.info-provider.extension","receiveehrextract-request.ehr_extract.all_compositions.content.entry.info_provider.extension","","extensions
user content","",0,*,"","","","Extension {[]} {[]}
","Additional content defined by implementations","May be used to represent additional information that is not part of the basic definition of the element. To make the use of extensions safe and manageable, there is a strict set of governance  applied to the definition and use of extensions. Though any implementer can define an extension, there is a set of requirements that SHALL be met as part of the definition of the extension.","There can be no stigma associated with the use of extensions by any application, project, or standard - regardless of the institution or jurisdiction that uses or defines the extensions.  The use of extensions is what allows the FHIR specification to retain a core level of simplicity for everyone.","","","","","","","","",,,,,"","value:url}
","Extensions are always sliced by (at least) url",,"open","Element.extension",0,*,"","ele-1:All FHIR elements must have a @value or children {hasValue() or (children().count() > id.count())}
ext-1:Must have either extensions or value[x], not both {extension.exists() != value.exists()}"
"receiveehrextract-request","receiveehrextract-request.ehr-extract.all-compositions.content.entry.info-provider.modifierExtension","receiveehrextract-request.ehr_extract.all_compositions.content.entry.info_provider.modifierExtension","","extensions
user contentmodifiers","",0,*,"","Y","Y","Extension {[]} {[]}
","Extensions that cannot be ignored even if unrecognized","May be used to represent additional information that is not part of the basic definition of the element and that modifies the understanding of the element in which it is contained and/or the understanding of the containing element's descendants. Usually modifier elements provide negation or qualification. To make the use of extensions safe and manageable, there is a strict set of governance applied to the definition and use of extensions. Though any implementer can define an extension, there is a set of requirements that SHALL be met as part of the definition of the extension. Applications processing a resource are required to check for modifier extensions.

Modifier extensions SHALL NOT change the meaning of any elements on Resource or DomainResource (including cannot change the meaning of modifierExtension itself).","There can be no stigma associated with the use of extensions by any application, project, or standard - regardless of the institution or jurisdiction that uses or defines the extensions.  The use of extensions is what allows the FHIR specification to retain a core level of simplicity for everyone.","Modifier extensions allow for extensions that *cannot* be safely ignored to be clearly distinguished from the vast majority of extensions which can be safely ignored.  This promotes interoperability by eliminating the need for implementers to prohibit the presence of extensions. For further information, see the [definition of modifier extensions](http://hl7.org/fhir/R4/extensibility.html#modifierExtension).","","","","","","","",,,,,"",,,,"BackboneElement.modifierExtension",0,*,"","ele-1:All FHIR elements must have a @value or children {hasValue() or (children().count() > id.count())}
ext-1:Must have either extensions or value[x], not both {extension.exists() != value.exists()}"
"receiveehrextract-request","receiveehrextract-request.ehr-extract.all-compositions.content.entry.info-provider.function","receiveehrextract-request.ehr_extract.all_compositions.content.entry.info_provider.function","","","",0,1,"","","","CodeableConcept {[]} {[]}
","function","function","","","","","","","","","",,,,,"",,,,"receiveehrextract-request.ehr_extract.all_compositions.content.entry.info_provider.function",0,1,"",""
"receiveehrextract-request","receiveehrextract-request.ehr-extract.all-compositions.content.entry.info-provider.healthcare-facility","receiveehrextract-request.ehr_extract.all_compositions.content.entry.info_provider.healthcare_facility","","","",0,1,"","","","Identifier {[]} {[]}
","healthcare_facility","healthcare_facility","","","","","","","","","",,,,,"",,,,"receiveehrextract-request.ehr_extract.all_compositions.content.entry.info_provider.healthcare_facility",0,1,"",""
"receiveehrextract-request","receiveehrextract-request.ehr-extract.all-compositions.content.entry.info-provider.mode","receiveehrextract-request.ehr_extract.all_compositions.content.entry.info_provider.mode","","","",0,1,"","","","code {[]} {[]}
","mode","mode","","","","","","","","","",,,,,"",,,,"receiveehrextract-request.ehr_extract.all_compositions.content.entry.info_provider.mode",0,1,"",""
"receiveehrextract-request","receiveehrextract-request.ehr-extract.all-compositions.content.entry.info-provider.performer","receiveehrextract-request.ehr_extract.all_compositions.content.entry.info_provider.performer","","","",1,1,"","","","Identifier {[]} {[]}
","performer","performer","","","","","","","","","",,,,,"",,,,"receiveehrextract-request.ehr_extract.all_compositions.content.entry.info_provider.performer",1,1,"",""
"receiveehrextract-request","receiveehrextract-request.ehr-extract.all-compositions.content.entry.info-provider.service-setting","receiveehrextract-request.ehr_extract.all_compositions.content.entry.info_provider.service_setting","","","",0,1,"","","","CodeableConcept {[]} {[]}
","service_setting","service_setting","","","","","","","","","",,,,,"",,,,"receiveehrextract-request.ehr_extract.all_compositions.content.entry.info_provider.service_setting",0,1,"",""
"receiveehrextract-request","receiveehrextract-request.ehr-extract.all-compositions.content.entry.other-participations","receiveehrextract-request.ehr_extract.all_compositions.content.entry.other_participations","","","",0,*,"","","","BackboneElement {[]} {[]}
","other_participations","The participation of an entity in the EHR.","","","","","","","","","",,,,,"",,,,"receiveehrextract-request.ehr_extract.all_compositions.content.entry.other_participations",0,*,"","ele-1:All FHIR elements must have a @value or children {hasValue() or (children().count() > id.count())}
"
"receiveehrextract-request","receiveehrextract-request.ehr-extract.all-compositions.content.entry.other-participations.id","receiveehrextract-request.ehr_extract.all_compositions.content.entry.other_participations.id","","","",0,1,"","","","string {[]} {[]}
","Unique id for inter-element referencing","Unique id for the element within a resource (for internal references). This may be any string value that does not contain spaces.","","","","","","","","","",,,,,"",,,,"Element.id",0,1,"",""
"receiveehrextract-request","receiveehrextract-request.ehr-extract.all-compositions.content.entry.other-participations.extension","receiveehrextract-request.ehr_extract.all_compositions.content.entry.other_participations.extension","","extensions
user content","",0,*,"","","","Extension {[]} {[]}
","Additional content defined by implementations","May be used to represent additional information that is not part of the basic definition of the element. To make the use of extensions safe and manageable, there is a strict set of governance  applied to the definition and use of extensions. Though any implementer can define an extension, there is a set of requirements that SHALL be met as part of the definition of the extension.","There can be no stigma associated with the use of extensions by any application, project, or standard - regardless of the institution or jurisdiction that uses or defines the extensions.  The use of extensions is what allows the FHIR specification to retain a core level of simplicity for everyone.","","","","","","","","",,,,,"","value:url}
","Extensions are always sliced by (at least) url",,"open","Element.extension",0,*,"","ele-1:All FHIR elements must have a @value or children {hasValue() or (children().count() > id.count())}
ext-1:Must have either extensions or value[x], not both {extension.exists() != value.exists()}"
"receiveehrextract-request","receiveehrextract-request.ehr-extract.all-compositions.content.entry.other-participations.modifierExtension","receiveehrextract-request.ehr_extract.all_compositions.content.entry.other_participations.modifierExtension","","extensions
user contentmodifiers","",0,*,"","Y","Y","Extension {[]} {[]}
","Extensions that cannot be ignored even if unrecognized","May be used to represent additional information that is not part of the basic definition of the element and that modifies the understanding of the element in which it is contained and/or the understanding of the containing element's descendants. Usually modifier elements provide negation or qualification. To make the use of extensions safe and manageable, there is a strict set of governance applied to the definition and use of extensions. Though any implementer can define an extension, there is a set of requirements that SHALL be met as part of the definition of the extension. Applications processing a resource are required to check for modifier extensions.

Modifier extensions SHALL NOT change the meaning of any elements on Resource or DomainResource (including cannot change the meaning of modifierExtension itself).","There can be no stigma associated with the use of extensions by any application, project, or standard - regardless of the institution or jurisdiction that uses or defines the extensions.  The use of extensions is what allows the FHIR specification to retain a core level of simplicity for everyone.","Modifier extensions allow for extensions that *cannot* be safely ignored to be clearly distinguished from the vast majority of extensions which can be safely ignored.  This promotes interoperability by eliminating the need for implementers to prohibit the presence of extensions. For further information, see the [definition of modifier extensions](http://hl7.org/fhir/R4/extensibility.html#modifierExtension).","","","","","","","",,,,,"",,,,"BackboneElement.modifierExtension",0,*,"","ele-1:All FHIR elements must have a @value or children {hasValue() or (children().count() > id.count())}
ext-1:Must have either extensions or value[x], not both {extension.exists() != value.exists()}"
"receiveehrextract-request","receiveehrextract-request.ehr-extract.all-compositions.content.entry.other-participations.function","receiveehrextract-request.ehr_extract.all_compositions.content.entry.other_participations.function","","","",0,1,"","","","CodeableConcept {[]} {[]}
","function","function","","","","","","","","","",,,,,"",,,,"receiveehrextract-request.ehr_extract.all_compositions.content.entry.other_participations.function",0,1,"",""
"receiveehrextract-request","receiveehrextract-request.ehr-extract.all-compositions.content.entry.other-participations.healthcare-facility","receiveehrextract-request.ehr_extract.all_compositions.content.entry.other_participations.healthcare_facility","","","",0,1,"","","","Identifier {[]} {[]}
","healthcare_facility","healthcare_facility","","","","","","","","","",,,,,"",,,,"receiveehrextract-request.ehr_extract.all_compositions.content.entry.other_participations.healthcare_facility",0,1,"",""
"receiveehrextract-request","receiveehrextract-request.ehr-extract.all-compositions.content.entry.other-participations.mode","receiveehrextract-request.ehr_extract.all_compositions.content.entry.other_participations.mode","","","",0,1,"","","","code {[]} {[]}
","mode","mode","","","","","","","","","",,,,,"",,,,"receiveehrextract-request.ehr_extract.all_compositions.content.entry.other_participations.mode",0,1,"",""
"receiveehrextract-request","receiveehrextract-request.ehr-extract.all-compositions.content.entry.other-participations.performer","receiveehrextract-request.ehr_extract.all_compositions.content.entry.other_participations.performer","","","",1,1,"","","","Identifier {[]} {[]}
","performer","performer","","","","","","","","","",,,,,"",,,,"receiveehrextract-request.ehr_extract.all_compositions.content.entry.other_participations.performer",1,1,"",""
"receiveehrextract-request","receiveehrextract-request.ehr-extract.all-compositions.content.entry.other-participations.service-setting","receiveehrextract-request.ehr_extract.all_compositions.content.entry.other_participations.service_setting","","","",0,1,"","","","CodeableConcept {[]} {[]}
","service_setting","service_setting","","","","","","","","","",,,,,"",,,,"receiveehrextract-request.ehr_extract.all_compositions.content.entry.other_participations.service_setting",0,1,"",""
"receiveehrextract-request","receiveehrextract-request.ehr-extract.all-compositions.content.entry.subject-of-information","receiveehrextract-request.ehr_extract.all_compositions.content.entry.subject_of_information","","","",0,1,"","","","BackboneElement {[]} {[]}
","subject_of_information","Identifies the relationship of a person to the subject of care. Specifically used in Entry.subject_of_information.","","","","","","","","","",,,,,"",,,,"receiveehrextract-request.ehr_extract.all_compositions.content.entry.subject_of_information",0,1,"","ele-1:All FHIR elements must have a @value or children {hasValue() or (children().count() > id.count())}
"
"receiveehrextract-request","receiveehrextract-request.ehr-extract.all-compositions.content.entry.subject-of-information.id","receiveehrextract-request.ehr_extract.all_compositions.content.entry.subject_of_information.id","","","",0,1,"","","","string {[]} {[]}
","Unique id for inter-element referencing","Unique id for the element within a resource (for internal references). This may be any string value that does not contain spaces.","","","","","","","","","",,,,,"",,,,"Element.id",0,1,"",""
"receiveehrextract-request","receiveehrextract-request.ehr-extract.all-compositions.content.entry.subject-of-information.extension","receiveehrextract-request.ehr_extract.all_compositions.content.entry.subject_of_information.extension","","extensions
user content","",0,*,"","","","Extension {[]} {[]}
","Additional content defined by implementations","May be used to represent additional information that is not part of the basic definition of the element. To make the use of extensions safe and manageable, there is a strict set of governance  applied to the definition and use of extensions. Though any implementer can define an extension, there is a set of requirements that SHALL be met as part of the definition of the extension.","There can be no stigma associated with the use of extensions by any application, project, or standard - regardless of the institution or jurisdiction that uses or defines the extensions.  The use of extensions is what allows the FHIR specification to retain a core level of simplicity for everyone.","","","","","","","","",,,,,"","value:url}
","Extensions are always sliced by (at least) url",,"open","Element.extension",0,*,"","ele-1:All FHIR elements must have a @value or children {hasValue() or (children().count() > id.count())}
ext-1:Must have either extensions or value[x], not both {extension.exists() != value.exists()}"
"receiveehrextract-request","receiveehrextract-request.ehr-extract.all-compositions.content.entry.subject-of-information.modifierExtension","receiveehrextract-request.ehr_extract.all_compositions.content.entry.subject_of_information.modifierExtension","","extensions
user contentmodifiers","",0,*,"","Y","Y","Extension {[]} {[]}
","Extensions that cannot be ignored even if unrecognized","May be used to represent additional information that is not part of the basic definition of the element and that modifies the understanding of the element in which it is contained and/or the understanding of the containing element's descendants. Usually modifier elements provide negation or qualification. To make the use of extensions safe and manageable, there is a strict set of governance applied to the definition and use of extensions. Though any implementer can define an extension, there is a set of requirements that SHALL be met as part of the definition of the extension. Applications processing a resource are required to check for modifier extensions.

Modifier extensions SHALL NOT change the meaning of any elements on Resource or DomainResource (including cannot change the meaning of modifierExtension itself).","There can be no stigma associated with the use of extensions by any application, project, or standard - regardless of the institution or jurisdiction that uses or defines the extensions.  The use of extensions is what allows the FHIR specification to retain a core level of simplicity for everyone.","Modifier extensions allow for extensions that *cannot* be safely ignored to be clearly distinguished from the vast majority of extensions which can be safely ignored.  This promotes interoperability by eliminating the need for implementers to prohibit the presence of extensions. For further information, see the [definition of modifier extensions](http://hl7.org/fhir/R4/extensibility.html#modifierExtension).","","","","","","","",,,,,"",,,,"BackboneElement.modifierExtension",0,*,"","ele-1:All FHIR elements must have a @value or children {hasValue() or (children().count() > id.count())}
ext-1:Must have either extensions or value[x], not both {extension.exists() != value.exists()}"
"receiveehrextract-request","receiveehrextract-request.ehr-extract.all-compositions.content.entry.subject-of-information.party","receiveehrextract-request.ehr_extract.all_compositions.content.entry.subject_of_information.party","","","",0,1,"","","","Identifier {[]} {[]}
","party","party","","","","","","","","","",,,,,"",,,,"receiveehrextract-request.ehr_extract.all_compositions.content.entry.subject_of_information.party",0,1,"",""
"receiveehrextract-request","receiveehrextract-request.ehr-extract.all-compositions.content.entry.subject-of-information.relationship","receiveehrextract-request.ehr_extract.all_compositions.content.entry.subject_of_information.relationship","","","",1,1,"","","","Attachment {[]} {[]}
","relationship","relationship","","","","","","","","","",,,,,"",,,,"receiveehrextract-request.ehr_extract.all_compositions.content.entry.subject_of_information.relationship",1,1,"",""
"receiveehrextract-request","receiveehrextract-request.ehr-extract.criteria","receiveehrextract-request.ehr_extract.criteria","","","",0,*,"","","","BackboneElement {[]} {[]}
","criteria","Restrictions or filters on the creation of the EHR Extract. The time_period should be a restriction on the data types of low and high to make them TS, but this restriction is not permissible in XML Schema and thus the IVL properties are simply copied here with the appropriate types.","","","","","","","","","",,,,,"",,,,"receiveehrextract-request.ehr_extract.criteria",0,*,"","ele-1:All FHIR elements must have a @value or children {hasValue() or (children().count() > id.count())}
"
"receiveehrextract-request","receiveehrextract-request.ehr-extract.criteria.id","receiveehrextract-request.ehr_extract.criteria.id","","","",0,1,"","","","string {[]} {[]}
","Unique id for inter-element referencing","Unique id for the element within a resource (for internal references). This may be any string value that does not contain spaces.","","","","","","","","","",,,,,"",,,,"Element.id",0,1,"",""
"receiveehrextract-request","receiveehrextract-request.ehr-extract.criteria.extension","receiveehrextract-request.ehr_extract.criteria.extension","","extensions
user content","",0,*,"","","","Extension {[]} {[]}
","Additional content defined by implementations","May be used to represent additional information that is not part of the basic definition of the element. To make the use of extensions safe and manageable, there is a strict set of governance  applied to the definition and use of extensions. Though any implementer can define an extension, there is a set of requirements that SHALL be met as part of the definition of the extension.","There can be no stigma associated with the use of extensions by any application, project, or standard - regardless of the institution or jurisdiction that uses or defines the extensions.  The use of extensions is what allows the FHIR specification to retain a core level of simplicity for everyone.","","","","","","","","",,,,,"","value:url}
","Extensions are always sliced by (at least) url",,"open","Element.extension",0,*,"","ele-1:All FHIR elements must have a @value or children {hasValue() or (children().count() > id.count())}
ext-1:Must have either extensions or value[x], not both {extension.exists() != value.exists()}"
"receiveehrextract-request","receiveehrextract-request.ehr-extract.criteria.modifierExtension","receiveehrextract-request.ehr_extract.criteria.modifierExtension","","extensions
user contentmodifiers","",0,*,"","Y","Y","Extension {[]} {[]}
","Extensions that cannot be ignored even if unrecognized","May be used to represent additional information that is not part of the basic definition of the element and that modifies the understanding of the element in which it is contained and/or the understanding of the containing element's descendants. Usually modifier elements provide negation or qualification. To make the use of extensions safe and manageable, there is a strict set of governance applied to the definition and use of extensions. Though any implementer can define an extension, there is a set of requirements that SHALL be met as part of the definition of the extension. Applications processing a resource are required to check for modifier extensions.

Modifier extensions SHALL NOT change the meaning of any elements on Resource or DomainResource (including cannot change the meaning of modifierExtension itself).","There can be no stigma associated with the use of extensions by any application, project, or standard - regardless of the institution or jurisdiction that uses or defines the extensions.  The use of extensions is what allows the FHIR specification to retain a core level of simplicity for everyone.","Modifier extensions allow for extensions that *cannot* be safely ignored to be clearly distinguished from the vast majority of extensions which can be safely ignored.  This promotes interoperability by eliminating the need for implementers to prohibit the presence of extensions. For further information, see the [definition of modifier extensions](http://hl7.org/fhir/R4/extensibility.html#modifierExtension).","","","","","","","",,,,,"",,,,"BackboneElement.modifierExtension",0,*,"","ele-1:All FHIR elements must have a @value or children {hasValue() or (children().count() > id.count())}
ext-1:Must have either extensions or value[x], not both {extension.exists() != value.exists()}"
"receiveehrextract-request","receiveehrextract-request.ehr-extract.criteria.all-versions","receiveehrextract-request.ehr_extract.criteria.all_versions","","","",0,1,"","","","boolean {[]} {[]}
","all_versions","all_versions","","","","","","","","","",,,,,"",,,,"receiveehrextract-request.ehr_extract.criteria.all_versions",0,1,"",""
"receiveehrextract-request","receiveehrextract-request.ehr-extract.criteria.archetype-ids","receiveehrextract-request.ehr_extract.criteria.archetype_ids","","","",0,*,"","","","Identifier {[]} {[]}
","archetype_ids","archetype_ids","","","","","","","","","",,,,,"",,,,"receiveehrextract-request.ehr_extract.criteria.archetype_ids",0,*,"",""
"receiveehrextract-request","receiveehrextract-request.ehr-extract.criteria.max-sensitivity","receiveehrextract-request.ehr_extract.criteria.max_sensitivity","","","",0,1,"","","","integer {[]} {[]}
","max_sensitivity","max_sensitivity","","","","","","","","","",,,,,"",,,,"receiveehrextract-request.ehr_extract.criteria.max_sensitivity",0,1,"",""
"receiveehrextract-request","receiveehrextract-request.ehr-extract.criteria.multimedia-included","receiveehrextract-request.ehr_extract.criteria.multimedia_included","","","",0,1,"","","","boolean {[]} {[]}
","multimedia_included","multimedia_included","","","","","","","","","",,,,,"",,,,"receiveehrextract-request.ehr_extract.criteria.multimedia_included",0,1,"",""
"receiveehrextract-request","receiveehrextract-request.ehr-extract.criteria.other-constraints","receiveehrextract-request.ehr_extract.criteria.other_constraints","","","",0,1,"","","","string {[]} {[]}
","other_constraints","other_constraints","","","","","","","","","",,,,,"",,,,"receiveehrextract-request.ehr_extract.criteria.other_constraints",0,1,"",""
"receiveehrextract-request","receiveehrextract-request.ehr-extract.criteria.time-period","receiveehrextract-request.ehr_extract.criteria.time_period","","","",0,1,"","","","Period {[]} {[]}
","time_period","time_period","","","","","","","","","",,,,,"",,,,"receiveehrextract-request.ehr_extract.criteria.time_period",0,1,"",""
"receiveehrextract-request","receiveehrextract-request.ehr-extract.folders","receiveehrextract-request.ehr_extract.folders","","","",0,*,"","","","BackboneElement {[]} {[]}
","folders","Organises and groups Compositions within an EHR Extract.","","","","","","","","","",,,,,"",,,,"receiveehrextract-request.ehr_extract.folders",0,*,"","ele-1:All FHIR elements must have a @value or children {hasValue() or (children().count() > id.count())}
"
"receiveehrextract-request","receiveehrextract-request.ehr-extract.folders.id","receiveehrextract-request.ehr_extract.folders.id","","","",0,1,"","","","string {[]} {[]}
","Unique id for inter-element referencing","Unique id for the element within a resource (for internal references). This may be any string value that does not contain spaces.","","","","","","","","","",,,,,"",,,,"Element.id",0,1,"",""
"receiveehrextract-request","receiveehrextract-request.ehr-extract.folders.extension","receiveehrextract-request.ehr_extract.folders.extension","","extensions
user content","",0,*,"","","","Extension {[]} {[]}
","Additional content defined by implementations","May be used to represent additional information that is not part of the basic definition of the element. To make the use of extensions safe and manageable, there is a strict set of governance  applied to the definition and use of extensions. Though any implementer can define an extension, there is a set of requirements that SHALL be met as part of the definition of the extension.","There can be no stigma associated with the use of extensions by any application, project, or standard - regardless of the institution or jurisdiction that uses or defines the extensions.  The use of extensions is what allows the FHIR specification to retain a core level of simplicity for everyone.","","","","","","","","",,,,,"","value:url}
","Extensions are always sliced by (at least) url",,"open","Element.extension",0,*,"","ele-1:All FHIR elements must have a @value or children {hasValue() or (children().count() > id.count())}
ext-1:Must have either extensions or value[x], not both {extension.exists() != value.exists()}"
"receiveehrextract-request","receiveehrextract-request.ehr-extract.folders.modifierExtension","receiveehrextract-request.ehr_extract.folders.modifierExtension","","extensions
user contentmodifiers","",0,*,"","Y","Y","Extension {[]} {[]}
","Extensions that cannot be ignored even if unrecognized","May be used to represent additional information that is not part of the basic definition of the element and that modifies the understanding of the element in which it is contained and/or the understanding of the containing element's descendants. Usually modifier elements provide negation or qualification. To make the use of extensions safe and manageable, there is a strict set of governance applied to the definition and use of extensions. Though any implementer can define an extension, there is a set of requirements that SHALL be met as part of the definition of the extension. Applications processing a resource are required to check for modifier extensions.

Modifier extensions SHALL NOT change the meaning of any elements on Resource or DomainResource (including cannot change the meaning of modifierExtension itself).","There can be no stigma associated with the use of extensions by any application, project, or standard - regardless of the institution or jurisdiction that uses or defines the extensions.  The use of extensions is what allows the FHIR specification to retain a core level of simplicity for everyone.","Modifier extensions allow for extensions that *cannot* be safely ignored to be clearly distinguished from the vast majority of extensions which can be safely ignored.  This promotes interoperability by eliminating the need for implementers to prohibit the presence of extensions. For further information, see the [definition of modifier extensions](http://hl7.org/fhir/R4/extensibility.html#modifierExtension).","","","","","","","",,,,,"",,,,"BackboneElement.modifierExtension",0,*,"","ele-1:All FHIR elements must have a @value or children {hasValue() or (children().count() > id.count())}
ext-1:Must have either extensions or value[x], not both {extension.exists() != value.exists()}"
"receiveehrextract-request","receiveehrextract-request.ehr-extract.folders.archetype-id","receiveehrextract-request.ehr_extract.folders.archetype_id","","","",0,1,"","","","string {[]} {[]}
","archetype_id","archetype_id","","","","","","","","","",,,,,"",,,,"receiveehrextract-request.ehr_extract.folders.archetype_id",0,1,"",""
"receiveehrextract-request","receiveehrextract-request.ehr-extract.folders.meaning","receiveehrextract-request.ehr_extract.folders.meaning","","","",0,1,"","","","CodeableConcept {[]} {[]}
","meaning","meaning","","","","","","","","","",,,,,"",,,,"receiveehrextract-request.ehr_extract.folders.meaning",0,1,"",""
"receiveehrextract-request","receiveehrextract-request.ehr-extract.folders.folderName","receiveehrextract-request.ehr_extract.folders.folderName","","","",1,1,"","","","string {[]} {[]}
","folderName","folderName Heter name i schemat.","","","","","","","","","",,,,,"",,,,"receiveehrextract-request.ehr_extract.folders.folderName",1,1,"",""
"receiveehrextract-request","receiveehrextract-request.ehr-extract.folders.orig-parent-ref","receiveehrextract-request.ehr_extract.folders.orig_parent_ref","","","",0,1,"","","","Identifier {[]} {[]}
","orig_parent_ref","orig_parent_ref","","","","","","","","","",,,,,"",,,,"receiveehrextract-request.ehr_extract.folders.orig_parent_ref",0,1,"",""
"receiveehrextract-request","receiveehrextract-request.ehr-extract.folders.policy-ids","receiveehrextract-request.ehr_extract.folders.policy_ids","","","",0,*,"","","","Identifier {[]} {[]}
","policy_ids","policy_ids","","","","","","","","","",,,,,"",,,,"receiveehrextract-request.ehr_extract.folders.policy_ids",0,*,"",""
"receiveehrextract-request","receiveehrextract-request.ehr-extract.folders.rc-id","receiveehrextract-request.ehr_extract.folders.rc_id","","","",1,1,"","","","Identifier {[]} {[]}
","rc_id","rc_id","","","","","","","","","",,,,,"",,,,"receiveehrextract-request.ehr_extract.folders.rc_id",1,1,"",""
"receiveehrextract-request","receiveehrextract-request.ehr-extract.folders.sensitivity","receiveehrextract-request.ehr_extract.folders.sensitivity","","","",0,1,"","","","integer {[]} {[]}
","sensitivity","sensitivity","","","","","","","","","",,,,,"",,,,"receiveehrextract-request.ehr_extract.folders.sensitivity",0,1,"",""
"receiveehrextract-request","receiveehrextract-request.ehr-extract.folders.synthesised","receiveehrextract-request.ehr_extract.folders.synthesised","","","",1,1,"","","","boolean {[]} {[]}
","synthesised","synthesised","","","","","","","","","",,,,,"",,,,"receiveehrextract-request.ehr_extract.folders.synthesised",1,1,"",""
"receiveehrextract-request","receiveehrextract-request.ehr-extract.folders.links","receiveehrextract-request.ehr_extract.folders.links","","","",0,*,"","","","BackboneElement {[]} {[]}
","links","Creates a relationship between two Record Components that is orthogonal to the common one of containment. Note that if a recipient is not permitted to see the component linked to, even revealing the link constitutes an inappropriate disclosure. Role is of type CD so that the displayName property of that class can be used in place of any specific coding scheme.","","","","","","","","","",,,,,"",,,,"receiveehrextract-request.ehr_extract.folders.links",0,*,"","ele-1:All FHIR elements must have a @value or children {hasValue() or (children().count() > id.count())}
"
"receiveehrextract-request","receiveehrextract-request.ehr-extract.folders.links.id","receiveehrextract-request.ehr_extract.folders.links.id","","","",0,1,"","","","string {[]} {[]}
","Unique id for inter-element referencing","Unique id for the element within a resource (for internal references). This may be any string value that does not contain spaces.","","","","","","","","","",,,,,"",,,,"Element.id",0,1,"",""
"receiveehrextract-request","receiveehrextract-request.ehr-extract.folders.links.extension","receiveehrextract-request.ehr_extract.folders.links.extension","","extensions
user content","",0,*,"","","","Extension {[]} {[]}
","Additional content defined by implementations","May be used to represent additional information that is not part of the basic definition of the element. To make the use of extensions safe and manageable, there is a strict set of governance  applied to the definition and use of extensions. Though any implementer can define an extension, there is a set of requirements that SHALL be met as part of the definition of the extension.","There can be no stigma associated with the use of extensions by any application, project, or standard - regardless of the institution or jurisdiction that uses or defines the extensions.  The use of extensions is what allows the FHIR specification to retain a core level of simplicity for everyone.","","","","","","","","",,,,,"","value:url}
","Extensions are always sliced by (at least) url",,"open","Element.extension",0,*,"","ele-1:All FHIR elements must have a @value or children {hasValue() or (children().count() > id.count())}
ext-1:Must have either extensions or value[x], not both {extension.exists() != value.exists()}"
"receiveehrextract-request","receiveehrextract-request.ehr-extract.folders.links.modifierExtension","receiveehrextract-request.ehr_extract.folders.links.modifierExtension","","extensions
user contentmodifiers","",0,*,"","Y","Y","Extension {[]} {[]}
","Extensions that cannot be ignored even if unrecognized","May be used to represent additional information that is not part of the basic definition of the element and that modifies the understanding of the element in which it is contained and/or the understanding of the containing element's descendants. Usually modifier elements provide negation or qualification. To make the use of extensions safe and manageable, there is a strict set of governance applied to the definition and use of extensions. Though any implementer can define an extension, there is a set of requirements that SHALL be met as part of the definition of the extension. Applications processing a resource are required to check for modifier extensions.

Modifier extensions SHALL NOT change the meaning of any elements on Resource or DomainResource (including cannot change the meaning of modifierExtension itself).","There can be no stigma associated with the use of extensions by any application, project, or standard - regardless of the institution or jurisdiction that uses or defines the extensions.  The use of extensions is what allows the FHIR specification to retain a core level of simplicity for everyone.","Modifier extensions allow for extensions that *cannot* be safely ignored to be clearly distinguished from the vast majority of extensions which can be safely ignored.  This promotes interoperability by eliminating the need for implementers to prohibit the presence of extensions. For further information, see the [definition of modifier extensions](http://hl7.org/fhir/R4/extensibility.html#modifierExtension).","","","","","","","",,,,,"",,,,"BackboneElement.modifierExtension",0,*,"","ele-1:All FHIR elements must have a @value or children {hasValue() or (children().count() > id.count())}
ext-1:Must have either extensions or value[x], not both {extension.exists() != value.exists()}"
"receiveehrextract-request","receiveehrextract-request.ehr-extract.folders.links.follow-link","receiveehrextract-request.ehr_extract.folders.links.follow_link","","","",1,1,"","","","boolean {[]} {[]}
","follow_link","follow_link","","","","","","","","","",,,,,"",,,,"receiveehrextract-request.ehr_extract.folders.links.follow_link",1,1,"",""
"receiveehrextract-request","receiveehrextract-request.ehr-extract.folders.links.nature","receiveehrextract-request.ehr_extract.folders.links.nature","","","",1,1,"","","","code {[]} {[]}
","nature","nature","","","","","","","","","",,,,,"",,,,"receiveehrextract-request.ehr_extract.folders.links.nature",1,1,"",""
"receiveehrextract-request","receiveehrextract-request.ehr-extract.folders.links.role","receiveehrextract-request.ehr_extract.folders.links.role","","","",0,1,"","","","CodeableConcept {[]} {[]}
","role","role","","","","","","","","","",,,,,"",,,,"receiveehrextract-request.ehr_extract.folders.links.role",0,1,"",""
"receiveehrextract-request","receiveehrextract-request.ehr-extract.folders.links.target-type","receiveehrextract-request.ehr_extract.folders.links.target_type","","","",0,1,"","","","CodeableConcept {[]} {[]}
","target_type","target_type","","","","","","","","","",,,,,"",,,,"receiveehrextract-request.ehr_extract.folders.links.target_type",0,1,"",""
"receiveehrextract-request","receiveehrextract-request.ehr-extract.folders.links.target-id","receiveehrextract-request.ehr_extract.folders.links.target_id","","","",1,*,"","","","Identifier {[]} {[]}
","target_id","target_id","","","","","","","","","",,,,,"",,,,"receiveehrextract-request.ehr_extract.folders.links.target_id",1,*,"",""
"receiveehrextract-request","receiveehrextract-request.ehr-extract.folders.feeder-audit","receiveehrextract-request.ehr_extract.folders.feeder_audit","","","",0,1,"","","","BackboneElement {[]} {[]}
","feeder_audit","The committal and revision data for a Record Component. Note that the invariant is incorrectly stated as constraining ""attribute_version_status.coding_scheme_name"" in the printed standard.","","","","","","","","","",,,,,"",,,,"receiveehrextract-request.ehr_extract.folders.feeder_audit",0,1,"","ele-1:All FHIR elements must have a @value or children {hasValue() or (children().count() > id.count())}
"
"receiveehrextract-request","receiveehrextract-request.ehr-extract.folders.feeder-audit.id","receiveehrextract-request.ehr_extract.folders.feeder_audit.id","","","",0,1,"","","","string {[]} {[]}
","Unique id for inter-element referencing","Unique id for the element within a resource (for internal references). This may be any string value that does not contain spaces.","","","","","","","","","",,,,,"",,,,"Element.id",0,1,"",""
"receiveehrextract-request","receiveehrextract-request.ehr-extract.folders.feeder-audit.extension","receiveehrextract-request.ehr_extract.folders.feeder_audit.extension","","extensions
user content","",0,*,"","","","Extension {[]} {[]}
","Additional content defined by implementations","May be used to represent additional information that is not part of the basic definition of the element. To make the use of extensions safe and manageable, there is a strict set of governance  applied to the definition and use of extensions. Though any implementer can define an extension, there is a set of requirements that SHALL be met as part of the definition of the extension.","There can be no stigma associated with the use of extensions by any application, project, or standard - regardless of the institution or jurisdiction that uses or defines the extensions.  The use of extensions is what allows the FHIR specification to retain a core level of simplicity for everyone.","","","","","","","","",,,,,"","value:url}
","Extensions are always sliced by (at least) url",,"open","Element.extension",0,*,"","ele-1:All FHIR elements must have a @value or children {hasValue() or (children().count() > id.count())}
ext-1:Must have either extensions or value[x], not both {extension.exists() != value.exists()}"
"receiveehrextract-request","receiveehrextract-request.ehr-extract.folders.feeder-audit.modifierExtension","receiveehrextract-request.ehr_extract.folders.feeder_audit.modifierExtension","","extensions
user contentmodifiers","",0,*,"","Y","Y","Extension {[]} {[]}
","Extensions that cannot be ignored even if unrecognized","May be used to represent additional information that is not part of the basic definition of the element and that modifies the understanding of the element in which it is contained and/or the understanding of the containing element's descendants. Usually modifier elements provide negation or qualification. To make the use of extensions safe and manageable, there is a strict set of governance applied to the definition and use of extensions. Though any implementer can define an extension, there is a set of requirements that SHALL be met as part of the definition of the extension. Applications processing a resource are required to check for modifier extensions.

Modifier extensions SHALL NOT change the meaning of any elements on Resource or DomainResource (including cannot change the meaning of modifierExtension itself).","There can be no stigma associated with the use of extensions by any application, project, or standard - regardless of the institution or jurisdiction that uses or defines the extensions.  The use of extensions is what allows the FHIR specification to retain a core level of simplicity for everyone.","Modifier extensions allow for extensions that *cannot* be safely ignored to be clearly distinguished from the vast majority of extensions which can be safely ignored.  This promotes interoperability by eliminating the need for implementers to prohibit the presence of extensions. For further information, see the [definition of modifier extensions](http://hl7.org/fhir/R4/extensibility.html#modifierExtension).","","","","","","","",,,,,"",,,,"BackboneElement.modifierExtension",0,*,"","ele-1:All FHIR elements must have a @value or children {hasValue() or (children().count() > id.count())}
ext-1:Must have either extensions or value[x], not both {extension.exists() != value.exists()}"
"receiveehrextract-request","receiveehrextract-request.ehr-extract.folders.feeder-audit.committer","receiveehrextract-request.ehr_extract.folders.feeder_audit.committer","","","",1,1,"","","","Identifier {[]} {[]}
","committer","committer","","","","","","","","","",,,,,"",,,,"receiveehrextract-request.ehr_extract.folders.feeder_audit.committer",1,1,"",""
"receiveehrextract-request","receiveehrextract-request.ehr-extract.folders.feeder-audit.ehr-system","receiveehrextract-request.ehr_extract.folders.feeder_audit.ehr_system","","","",1,1,"","","","Identifier {[]} {[]}
","ehr_system","ehr_system","","","","","","","","","",,,,,"",,,,"receiveehrextract-request.ehr_extract.folders.feeder_audit.ehr_system",1,1,"",""
"receiveehrextract-request","receiveehrextract-request.ehr-extract.folders.feeder-audit.previous-version","receiveehrextract-request.ehr_extract.folders.feeder_audit.previous_version","","","",0,1,"","","","Identifier {[]} {[]}
","previous_version","previous_version","","","","","","","","","",,,,,"",,,,"receiveehrextract-request.ehr_extract.folders.feeder_audit.previous_version",0,1,"",""
"receiveehrextract-request","receiveehrextract-request.ehr-extract.folders.feeder-audit.reason-for-revision","receiveehrextract-request.ehr_extract.folders.feeder_audit.reason_for_revision","","","",0,1,"","","","CodeableConcept {[]} {[]}
","reason_for_revision","reason_for_revision","","","","","","","","","",,,,,"",,,,"receiveehrextract-request.ehr_extract.folders.feeder_audit.reason_for_revision",0,1,"",""
"receiveehrextract-request","receiveehrextract-request.ehr-extract.folders.feeder-audit.time-committed","receiveehrextract-request.ehr_extract.folders.feeder_audit.time_committed","","","",1,1,"","","","dateTime {[]} {[]}
","time_committed","time_committed","","","","","","","","","",,,,,"",,,,"receiveehrextract-request.ehr_extract.folders.feeder_audit.time_committed",1,1,"",""
"receiveehrextract-request","receiveehrextract-request.ehr-extract.folders.feeder-audit.version-set-id","receiveehrextract-request.ehr_extract.folders.feeder_audit.version_set_id","","","",0,1,"","","","Identifier {[]} {[]}
","version_set_id","version_set_id","","","","","","","","","",,,,,"",,,,"receiveehrextract-request.ehr_extract.folders.feeder_audit.version_set_id",0,1,"",""
"receiveehrextract-request","receiveehrextract-request.ehr-extract.folders.feeder-audit.version-status","receiveehrextract-request.ehr_extract.folders.feeder_audit.version_status","","","",0,1,"","","","code {[]} {[]}
","version_status","version_status","","","","","","","","","",,,,,"",,,,"receiveehrextract-request.ehr_extract.folders.feeder_audit.version_status",0,1,"",""
"receiveehrextract-request","receiveehrextract-request.ehr-extract.folders.sub-folders","receiveehrextract-request.ehr_extract.folders.sub_folders","","","",0,*,"","","","string {[]} {[]}
","sub_folders"," (Rekursiv typ, ej utvecklad.)","","","","","","","","","",,,,,"",,,,"receiveehrextract-request.ehr_extract.folders.sub_folders",0,*,"",""
"receiveehrextract-request","receiveehrextract-request.ehr-extract.folders.attestations","receiveehrextract-request.ehr_extract.folders.attestations","","","",0,*,"","","","BackboneElement {[]} {[]}
","attestations","Any attestations for a Record Component. The proof field should be a cryptographic hash of the RECORD_COMPONENT it attests, but it is recognised that in many implementations the components will change to point to new components that revise them. In that case, the proof should sign the unchanging parts of the component only.","","","","","","","","","",,,,,"",,,,"receiveehrextract-request.ehr_extract.folders.attestations",0,*,"","ele-1:All FHIR elements must have a @value or children {hasValue() or (children().count() > id.count())}
"
"receiveehrextract-request","receiveehrextract-request.ehr-extract.folders.attestations.id","receiveehrextract-request.ehr_extract.folders.attestations.id","","","",0,1,"","","","string {[]} {[]}
","Unique id for inter-element referencing","Unique id for the element within a resource (for internal references). This may be any string value that does not contain spaces.","","","","","","","","","",,,,,"",,,,"Element.id",0,1,"",""
"receiveehrextract-request","receiveehrextract-request.ehr-extract.folders.attestations.extension","receiveehrextract-request.ehr_extract.folders.attestations.extension","","extensions
user content","",0,*,"","","","Extension {[]} {[]}
","Additional content defined by implementations","May be used to represent additional information that is not part of the basic definition of the element. To make the use of extensions safe and manageable, there is a strict set of governance  applied to the definition and use of extensions. Though any implementer can define an extension, there is a set of requirements that SHALL be met as part of the definition of the extension.","There can be no stigma associated with the use of extensions by any application, project, or standard - regardless of the institution or jurisdiction that uses or defines the extensions.  The use of extensions is what allows the FHIR specification to retain a core level of simplicity for everyone.","","","","","","","","",,,,,"","value:url}
","Extensions are always sliced by (at least) url",,"open","Element.extension",0,*,"","ele-1:All FHIR elements must have a @value or children {hasValue() or (children().count() > id.count())}
ext-1:Must have either extensions or value[x], not both {extension.exists() != value.exists()}"
"receiveehrextract-request","receiveehrextract-request.ehr-extract.folders.attestations.modifierExtension","receiveehrextract-request.ehr_extract.folders.attestations.modifierExtension","","extensions
user contentmodifiers","",0,*,"","Y","Y","Extension {[]} {[]}
","Extensions that cannot be ignored even if unrecognized","May be used to represent additional information that is not part of the basic definition of the element and that modifies the understanding of the element in which it is contained and/or the understanding of the containing element's descendants. Usually modifier elements provide negation or qualification. To make the use of extensions safe and manageable, there is a strict set of governance applied to the definition and use of extensions. Though any implementer can define an extension, there is a set of requirements that SHALL be met as part of the definition of the extension. Applications processing a resource are required to check for modifier extensions.

Modifier extensions SHALL NOT change the meaning of any elements on Resource or DomainResource (including cannot change the meaning of modifierExtension itself).","There can be no stigma associated with the use of extensions by any application, project, or standard - regardless of the institution or jurisdiction that uses or defines the extensions.  The use of extensions is what allows the FHIR specification to retain a core level of simplicity for everyone.","Modifier extensions allow for extensions that *cannot* be safely ignored to be clearly distinguished from the vast majority of extensions which can be safely ignored.  This promotes interoperability by eliminating the need for implementers to prohibit the presence of extensions. For further information, see the [definition of modifier extensions](http://hl7.org/fhir/R4/extensibility.html#modifierExtension).","","","","","","","",,,,,"",,,,"BackboneElement.modifierExtension",0,*,"","ele-1:All FHIR elements must have a @value or children {hasValue() or (children().count() > id.count())}
ext-1:Must have either extensions or value[x], not both {extension.exists() != value.exists()}"
"receiveehrextract-request","receiveehrextract-request.ehr-extract.folders.attestations.attested-view","receiveehrextract-request.ehr_extract.folders.attestations.attested_view","","","",0,1,"","","","Attachment {[]} {[]}
","attested_view","attested_view","","","","","","","","","",,,,,"",,,,"receiveehrextract-request.ehr_extract.folders.attestations.attested_view",0,1,"",""
"receiveehrextract-request","receiveehrextract-request.ehr-extract.folders.attestations.proof","receiveehrextract-request.ehr_extract.folders.attestations.proof","","","",0,1,"","","","Attachment {[]} {[]}
","proof","proof","","","","","","","","","",,,,,"",,,,"receiveehrextract-request.ehr_extract.folders.attestations.proof",0,1,"",""
"receiveehrextract-request","receiveehrextract-request.ehr-extract.folders.attestations.reason-for-attestation","receiveehrextract-request.ehr_extract.folders.attestations.reason_for_attestation","","","",1,1,"","","","CodeableConcept {[]} {[]}
","reason_for_attestation","reason_for_attestation","","","","","","","","","",,,,,"",,,,"receiveehrextract-request.ehr_extract.folders.attestations.reason_for_attestation",1,1,"",""
"receiveehrextract-request","receiveehrextract-request.ehr-extract.folders.attestations.time","receiveehrextract-request.ehr_extract.folders.attestations.time","","","",1,1,"","","","dateTime {[]} {[]}
","time","time","","","","","","","","","",,,,,"",,,,"receiveehrextract-request.ehr_extract.folders.attestations.time",1,1,"",""
"receiveehrextract-request","receiveehrextract-request.ehr-extract.folders.attestations.target-rc-id","receiveehrextract-request.ehr_extract.folders.attestations.target_rc_id","","","",1,*,"","","","Identifier {[]} {[]}
","target_rc_id","target_rc_id","","","","","","","","","",,,,,"",,,,"receiveehrextract-request.ehr_extract.folders.attestations.target_rc_id",1,*,"",""
"receiveehrextract-request","receiveehrextract-request.ehr-extract.folders.attestations.attester","receiveehrextract-request.ehr_extract.folders.attestations.attester","","","",1,1,"","","","BackboneElement {[]} {[]}
","attester","The participation of an entity in the EHR.","","","","","","","","","",,,,,"",,,,"receiveehrextract-request.ehr_extract.folders.attestations.attester",1,1,"","ele-1:All FHIR elements must have a @value or children {hasValue() or (children().count() > id.count())}
"
"receiveehrextract-request","receiveehrextract-request.ehr-extract.folders.attestations.attester.id","receiveehrextract-request.ehr_extract.folders.attestations.attester.id","","","",0,1,"","","","string {[]} {[]}
","Unique id for inter-element referencing","Unique id for the element within a resource (for internal references). This may be any string value that does not contain spaces.","","","","","","","","","",,,,,"",,,,"Element.id",0,1,"",""
"receiveehrextract-request","receiveehrextract-request.ehr-extract.folders.attestations.attester.extension","receiveehrextract-request.ehr_extract.folders.attestations.attester.extension","","extensions
user content","",0,*,"","","","Extension {[]} {[]}
","Additional content defined by implementations","May be used to represent additional information that is not part of the basic definition of the element. To make the use of extensions safe and manageable, there is a strict set of governance  applied to the definition and use of extensions. Though any implementer can define an extension, there is a set of requirements that SHALL be met as part of the definition of the extension.","There can be no stigma associated with the use of extensions by any application, project, or standard - regardless of the institution or jurisdiction that uses or defines the extensions.  The use of extensions is what allows the FHIR specification to retain a core level of simplicity for everyone.","","","","","","","","",,,,,"","value:url}
","Extensions are always sliced by (at least) url",,"open","Element.extension",0,*,"","ele-1:All FHIR elements must have a @value or children {hasValue() or (children().count() > id.count())}
ext-1:Must have either extensions or value[x], not both {extension.exists() != value.exists()}"
"receiveehrextract-request","receiveehrextract-request.ehr-extract.folders.attestations.attester.modifierExtension","receiveehrextract-request.ehr_extract.folders.attestations.attester.modifierExtension","","extensions
user contentmodifiers","",0,*,"","Y","Y","Extension {[]} {[]}
","Extensions that cannot be ignored even if unrecognized","May be used to represent additional information that is not part of the basic definition of the element and that modifies the understanding of the element in which it is contained and/or the understanding of the containing element's descendants. Usually modifier elements provide negation or qualification. To make the use of extensions safe and manageable, there is a strict set of governance applied to the definition and use of extensions. Though any implementer can define an extension, there is a set of requirements that SHALL be met as part of the definition of the extension. Applications processing a resource are required to check for modifier extensions.

Modifier extensions SHALL NOT change the meaning of any elements on Resource or DomainResource (including cannot change the meaning of modifierExtension itself).","There can be no stigma associated with the use of extensions by any application, project, or standard - regardless of the institution or jurisdiction that uses or defines the extensions.  The use of extensions is what allows the FHIR specification to retain a core level of simplicity for everyone.","Modifier extensions allow for extensions that *cannot* be safely ignored to be clearly distinguished from the vast majority of extensions which can be safely ignored.  This promotes interoperability by eliminating the need for implementers to prohibit the presence of extensions. For further information, see the [definition of modifier extensions](http://hl7.org/fhir/R4/extensibility.html#modifierExtension).","","","","","","","",,,,,"",,,,"BackboneElement.modifierExtension",0,*,"","ele-1:All FHIR elements must have a @value or children {hasValue() or (children().count() > id.count())}
ext-1:Must have either extensions or value[x], not both {extension.exists() != value.exists()}"
"receiveehrextract-request","receiveehrextract-request.ehr-extract.folders.attestations.attester.function","receiveehrextract-request.ehr_extract.folders.attestations.attester.function","","","",0,1,"","","","CodeableConcept {[]} {[]}
","function","function","","","","","","","","","",,,,,"",,,,"receiveehrextract-request.ehr_extract.folders.attestations.attester.function",0,1,"",""
"receiveehrextract-request","receiveehrextract-request.ehr-extract.folders.attestations.attester.healthcare-facility","receiveehrextract-request.ehr_extract.folders.attestations.attester.healthcare_facility","","","",0,1,"","","","Identifier {[]} {[]}
","healthcare_facility","healthcare_facility","","","","","","","","","",,,,,"",,,,"receiveehrextract-request.ehr_extract.folders.attestations.attester.healthcare_facility",0,1,"",""
"receiveehrextract-request","receiveehrextract-request.ehr-extract.folders.attestations.attester.mode","receiveehrextract-request.ehr_extract.folders.attestations.attester.mode","","","",0,1,"","","","code {[]} {[]}
","mode","mode","","","","","","","","","",,,,,"",,,,"receiveehrextract-request.ehr_extract.folders.attestations.attester.mode",0,1,"",""
"receiveehrextract-request","receiveehrextract-request.ehr-extract.folders.attestations.attester.performer","receiveehrextract-request.ehr_extract.folders.attestations.attester.performer","","","",1,1,"","","","Identifier {[]} {[]}
","performer","performer","","","","","","","","","",,,,,"",,,,"receiveehrextract-request.ehr_extract.folders.attestations.attester.performer",1,1,"",""
"receiveehrextract-request","receiveehrextract-request.ehr-extract.folders.attestations.attester.service-setting","receiveehrextract-request.ehr_extract.folders.attestations.attester.service_setting","","","",0,1,"","","","CodeableConcept {[]} {[]}
","service_setting","service_setting","","","","","","","","","",,,,,"",,,,"receiveehrextract-request.ehr_extract.folders.attestations.attester.service_setting",0,1,"",""
"receiveehrextract-request","receiveehrextract-request.ehr-extract.folders.composition-rc-ids","receiveehrextract-request.ehr_extract.folders.composition_rc_ids","","","",0,*,"","","","string {[]} {[]}
","composition_rc_ids","composition_rc_ids","","","","","","","","","",,,,,"",,,,"receiveehrextract-request.ehr_extract.folders.composition_rc_ids",0,*,"",""
"receiveehrextract-request","receiveehrextract-request.ehr-extract.demographic-extract","receiveehrextract-request.ehr_extract.demographic_extract","","","",0,*,"","","","BackboneElement {[]} {[]}
","demographic_extract","Superclass of all identified parties to the record. Note that the type of id is not given in the printed class description but is included in the class diagram on page 47 of the standard. Abstrakt typ; instansen anges med xsi:type som en av SOFTWARE_OR_DEVICE, ORGANISATION, PERSON.","","","","","","","","","",,,,,"",,,,"receiveehrextract-request.ehr_extract.demographic_extract",0,*,"","ele-1:All FHIR elements must have a @value or children {hasValue() or (children().count() > id.count())}
"
"receiveehrextract-request","receiveehrextract-request.ehr-extract.demographic-extract.id","receiveehrextract-request.ehr_extract.demographic_extract.id","","","",0,1,"","","","string {[]} {[]}
","Unique id for inter-element referencing","Unique id for the element within a resource (for internal references). This may be any string value that does not contain spaces.","","","","","","","","","",,,,,"",,,,"Element.id",0,1,"",""
"receiveehrextract-request","receiveehrextract-request.ehr-extract.demographic-extract.extension","receiveehrextract-request.ehr_extract.demographic_extract.extension","","extensions
user content","",0,*,"","","","Extension {[]} {[]}
","Additional content defined by implementations","May be used to represent additional information that is not part of the basic definition of the element. To make the use of extensions safe and manageable, there is a strict set of governance  applied to the definition and use of extensions. Though any implementer can define an extension, there is a set of requirements that SHALL be met as part of the definition of the extension.","There can be no stigma associated with the use of extensions by any application, project, or standard - regardless of the institution or jurisdiction that uses or defines the extensions.  The use of extensions is what allows the FHIR specification to retain a core level of simplicity for everyone.","","","","","","","","",,,,,"","value:url}
","Extensions are always sliced by (at least) url",,"open","Element.extension",0,*,"","ele-1:All FHIR elements must have a @value or children {hasValue() or (children().count() > id.count())}
ext-1:Must have either extensions or value[x], not both {extension.exists() != value.exists()}"
"receiveehrextract-request","receiveehrextract-request.ehr-extract.demographic-extract.modifierExtension","receiveehrextract-request.ehr_extract.demographic_extract.modifierExtension","","extensions
user contentmodifiers","",0,*,"","Y","Y","Extension {[]} {[]}
","Extensions that cannot be ignored even if unrecognized","May be used to represent additional information that is not part of the basic definition of the element and that modifies the understanding of the element in which it is contained and/or the understanding of the containing element's descendants. Usually modifier elements provide negation or qualification. To make the use of extensions safe and manageable, there is a strict set of governance applied to the definition and use of extensions. Though any implementer can define an extension, there is a set of requirements that SHALL be met as part of the definition of the extension. Applications processing a resource are required to check for modifier extensions.

Modifier extensions SHALL NOT change the meaning of any elements on Resource or DomainResource (including cannot change the meaning of modifierExtension itself).","There can be no stigma associated with the use of extensions by any application, project, or standard - regardless of the institution or jurisdiction that uses or defines the extensions.  The use of extensions is what allows the FHIR specification to retain a core level of simplicity for everyone.","Modifier extensions allow for extensions that *cannot* be safely ignored to be clearly distinguished from the vast majority of extensions which can be safely ignored.  This promotes interoperability by eliminating the need for implementers to prohibit the presence of extensions. For further information, see the [definition of modifier extensions](http://hl7.org/fhir/R4/extensibility.html#modifierExtension).","","","","","","","",,,,,"",,,,"BackboneElement.modifierExtension",0,*,"","ele-1:All FHIR elements must have a @value or children {hasValue() or (children().count() > id.count())}
ext-1:Must have either extensions or value[x], not both {extension.exists() != value.exists()}"
"receiveehrextract-request","receiveehrextract-request.ehr-extract.demographic-extract.extract-id","receiveehrextract-request.ehr_extract.demographic_extract.extract_id","","","",1,1,"","","","Identifier {[]} {[]}
","extract_id","extract_id","","","","","","","","","",,,,,"",,,,"receiveehrextract-request.ehr_extract.demographic_extract.extract_id",1,1,"",""
"receiveehrextract-request","receiveehrextract-request.ehr-extract.demographic-extract.identifiedEntityId","receiveehrextract-request.ehr_extract.demographic_extract.identifiedEntityId","","","",0,*,"","","","Identifier {[]} {[]}
","identifiedEntityId","identifiedEntityId Heter id i schemat.","","","","","","","","","",,,,,"",,,,"receiveehrextract-request.ehr_extract.demographic_extract.identifiedEntityId",0,*,"",""
"receiveehrextract-request","receiveehrextract-request.ehr-extract.demographic-extract.telecom","receiveehrextract-request.ehr_extract.demographic_extract.telecom","","","",0,*,"","","","ContactPoint {[]} {[]}
","telecom","telecom","","","","","","","","","",,,,,"",,,,"receiveehrextract-request.ehr_extract.demographic_extract.telecom",0,*,"",""
"receiveehrextract-request","receiveehrextract-request.ehr-extract.demographic-extract.softwareOrDevice","receiveehrextract-request.ehr_extract.demographic_extract.softwareOrDevice","","","",0,1,"","","","BackboneElement {[]} {[]}
","softwareOrDevice","Element som bara finns när instansen är av subtypen SOFTWARE_OR_DEVICE (xsi:type).","","","","","","","","","",,,,,"",,,,"receiveehrextract-request.ehr_extract.demographic_extract.softwareOrDevice",0,1,"","ele-1:All FHIR elements must have a @value or children {hasValue() or (children().count() > id.count())}
"
"receiveehrextract-request","receiveehrextract-request.ehr-extract.demographic-extract.softwareOrDevice.id","receiveehrextract-request.ehr_extract.demographic_extract.softwareOrDevice.id","","","",0,1,"","","","string {[]} {[]}
","Unique id for inter-element referencing","Unique id for the element within a resource (for internal references). This may be any string value that does not contain spaces.","","","","","","","","","",,,,,"",,,,"Element.id",0,1,"",""
"receiveehrextract-request","receiveehrextract-request.ehr-extract.demographic-extract.softwareOrDevice.extension","receiveehrextract-request.ehr_extract.demographic_extract.softwareOrDevice.extension","","extensions
user content","",0,*,"","","","Extension {[]} {[]}
","Additional content defined by implementations","May be used to represent additional information that is not part of the basic definition of the element. To make the use of extensions safe and manageable, there is a strict set of governance  applied to the definition and use of extensions. Though any implementer can define an extension, there is a set of requirements that SHALL be met as part of the definition of the extension.","There can be no stigma associated with the use of extensions by any application, project, or standard - regardless of the institution or jurisdiction that uses or defines the extensions.  The use of extensions is what allows the FHIR specification to retain a core level of simplicity for everyone.","","","","","","","","",,,,,"","value:url}
","Extensions are always sliced by (at least) url",,"open","Element.extension",0,*,"","ele-1:All FHIR elements must have a @value or children {hasValue() or (children().count() > id.count())}
ext-1:Must have either extensions or value[x], not both {extension.exists() != value.exists()}"
"receiveehrextract-request","receiveehrextract-request.ehr-extract.demographic-extract.softwareOrDevice.modifierExtension","receiveehrextract-request.ehr_extract.demographic_extract.softwareOrDevice.modifierExtension","","extensions
user contentmodifiers","",0,*,"","Y","Y","Extension {[]} {[]}
","Extensions that cannot be ignored even if unrecognized","May be used to represent additional information that is not part of the basic definition of the element and that modifies the understanding of the element in which it is contained and/or the understanding of the containing element's descendants. Usually modifier elements provide negation or qualification. To make the use of extensions safe and manageable, there is a strict set of governance applied to the definition and use of extensions. Though any implementer can define an extension, there is a set of requirements that SHALL be met as part of the definition of the extension. Applications processing a resource are required to check for modifier extensions.

Modifier extensions SHALL NOT change the meaning of any elements on Resource or DomainResource (including cannot change the meaning of modifierExtension itself).","There can be no stigma associated with the use of extensions by any application, project, or standard - regardless of the institution or jurisdiction that uses or defines the extensions.  The use of extensions is what allows the FHIR specification to retain a core level of simplicity for everyone.","Modifier extensions allow for extensions that *cannot* be safely ignored to be clearly distinguished from the vast majority of extensions which can be safely ignored.  This promotes interoperability by eliminating the need for implementers to prohibit the presence of extensions. For further information, see the [definition of modifier extensions](http://hl7.org/fhir/R4/extensibility.html#modifierExtension).","","","","","","","",,,,,"",,,,"BackboneElement.modifierExtension",0,*,"","ele-1:All FHIR elements must have a @value or children {hasValue() or (children().count() > id.count())}
ext-1:Must have either extensions or value[x], not both {extension.exists() != value.exists()}"
"receiveehrextract-request","receiveehrextract-request.ehr-extract.demographic-extract.softwareOrDevice.softwareOrDeviceCode","receiveehrextract-request.ehr_extract.demographic_extract.softwareOrDevice.softwareOrDeviceCode","","","",1,1,"","","","CodeableConcept {[]} {[]}
","softwareOrDeviceCode","softwareOrDeviceCode Heter code i schemat.","","","","","","","","","",,,,,"",,,,"receiveehrextract-request.ehr_extract.demographic_extract.softwareOrDevice.softwareOrDeviceCode",1,1,"",""
"receiveehrextract-request","receiveehrextract-request.ehr-extract.demographic-extract.softwareOrDevice.desc","receiveehrextract-request.ehr_extract.demographic_extract.softwareOrDevice.desc","","","",1,1,"","","","string {[]} {[]}
","desc","desc","","","","","","","","","",,,,,"",,,,"receiveehrextract-request.ehr_extract.demographic_extract.softwareOrDevice.desc",1,1,"",""
"receiveehrextract-request","receiveehrextract-request.ehr-extract.demographic-extract.softwareOrDevice.manufacturerModelName","receiveehrextract-request.ehr_extract.demographic_extract.softwareOrDevice.manufacturerModelName","","","",1,1,"","","","string {[]} {[]}
","manufacturerModelName","manufacturerModelName","","","","","","","","","",,,,,"",,,,"receiveehrextract-request.ehr_extract.demographic_extract.softwareOrDevice.manufacturerModelName",1,1,"",""
"receiveehrextract-request","receiveehrextract-request.ehr-extract.demographic-extract.softwareOrDevice.softwareOrDeviceVersion","receiveehrextract-request.ehr_extract.demographic_extract.softwareOrDevice.softwareOrDeviceVersion","","","",0,1,"","","","string {[]} {[]}
","softwareOrDeviceVersion","softwareOrDeviceVersion Heter version i schemat.","","","","","","","","","",,,,,"",,,,"receiveehrextract-request.ehr_extract.demographic_extract.softwareOrDevice.softwareOrDeviceVersion",0,1,"",""
"receiveehrextract-request","receiveehrextract-request.ehr-extract.demographic-extract.softwareOrDevice.owningOrganisation-id","receiveehrextract-request.ehr_extract.demographic_extract.softwareOrDevice.owningOrganisation_id","","","",0,1,"","","","string {[]} {[]}
","owningOrganisation_id","owningOrganisation_id","","","","","","","","","",,,,,"",,,,"receiveehrextract-request.ehr_extract.demographic_extract.softwareOrDevice.owningOrganisation_id",0,1,"",""
"receiveehrextract-request","receiveehrextract-request.ehr-extract.demographic-extract.organisation","receiveehrextract-request.ehr_extract.demographic_extract.organisation","","","",0,1,"","","","BackboneElement {[]} {[]}
","organisation","Element som bara finns när instansen är av subtypen ORGANISATION (xsi:type).","","","","","","","","","",,,,,"",,,,"receiveehrextract-request.ehr_extract.demographic_extract.organisation",0,1,"","ele-1:All FHIR elements must have a @value or children {hasValue() or (children().count() > id.count())}
"
"receiveehrextract-request","receiveehrextract-request.ehr-extract.demographic-extract.organisation.id","receiveehrextract-request.ehr_extract.demographic_extract.organisation.id","","","",0,1,"","","","string {[]} {[]}
","Unique id for inter-element referencing","Unique id for the element within a resource (for internal references). This may be any string value that does not contain spaces.","","","","","","","","","",,,,,"",,,,"Element.id",0,1,"",""
"receiveehrextract-request","receiveehrextract-request.ehr-extract.demographic-extract.organisation.extension","receiveehrextract-request.ehr_extract.demographic_extract.organisation.extension","","extensions
user content","",0,*,"","","","Extension {[]} {[]}
","Additional content defined by implementations","May be used to represent additional information that is not part of the basic definition of the element. To make the use of extensions safe and manageable, there is a strict set of governance  applied to the definition and use of extensions. Though any implementer can define an extension, there is a set of requirements that SHALL be met as part of the definition of the extension.","There can be no stigma associated with the use of extensions by any application, project, or standard - regardless of the institution or jurisdiction that uses or defines the extensions.  The use of extensions is what allows the FHIR specification to retain a core level of simplicity for everyone.","","","","","","","","",,,,,"","value:url}
","Extensions are always sliced by (at least) url",,"open","Element.extension",0,*,"","ele-1:All FHIR elements must have a @value or children {hasValue() or (children().count() > id.count())}
ext-1:Must have either extensions or value[x], not both {extension.exists() != value.exists()}"
"receiveehrextract-request","receiveehrextract-request.ehr-extract.demographic-extract.organisation.modifierExtension","receiveehrextract-request.ehr_extract.demographic_extract.organisation.modifierExtension","","extensions
user contentmodifiers","",0,*,"","Y","Y","Extension {[]} {[]}
","Extensions that cannot be ignored even if unrecognized","May be used to represent additional information that is not part of the basic definition of the element and that modifies the understanding of the element in which it is contained and/or the understanding of the containing element's descendants. Usually modifier elements provide negation or qualification. To make the use of extensions safe and manageable, there is a strict set of governance applied to the definition and use of extensions. Though any implementer can define an extension, there is a set of requirements that SHALL be met as part of the definition of the extension. Applications processing a resource are required to check for modifier extensions.

Modifier extensions SHALL NOT change the meaning of any elements on Resource or DomainResource (including cannot change the meaning of modifierExtension itself).","There can be no stigma associated with the use of extensions by any application, project, or standard - regardless of the institution or jurisdiction that uses or defines the extensions.  The use of extensions is what allows the FHIR specification to retain a core level of simplicity for everyone.","Modifier extensions allow for extensions that *cannot* be safely ignored to be clearly distinguished from the vast majority of extensions which can be safely ignored.  This promotes interoperability by eliminating the need for implementers to prohibit the presence of extensions. For further information, see the [definition of modifier extensions](http://hl7.org/fhir/R4/extensibility.html#modifierExtension).","","","","","","","",,,,,"",,,,"BackboneElement.modifierExtension",0,*,"","ele-1:All FHIR elements must have a @value or children {hasValue() or (children().count() > id.count())}
ext-1:Must have either extensions or value[x], not both {extension.exists() != value.exists()}"
"receiveehrextract-request","receiveehrextract-request.ehr-extract.demographic-extract.organisation.organisationCode","receiveehrextract-request.ehr_extract.demographic_extract.organisation.organisationCode","","","",1,1,"","","","CodeableConcept {[]} {[]}
","organisationCode","organisationCode Heter code i schemat.","","","","","","","","","",,,,,"",,,,"receiveehrextract-request.ehr_extract.demographic_extract.organisation.organisationCode",1,1,"",""
"receiveehrextract-request","receiveehrextract-request.ehr-extract.demographic-extract.organisation.desc","receiveehrextract-request.ehr_extract.demographic_extract.organisation.desc","","","",1,1,"","","","string {[]} {[]}
","desc","desc","","","","","","","","","",,,,,"",,,,"receiveehrextract-request.ehr_extract.demographic_extract.organisation.desc",1,1,"",""
"receiveehrextract-request","receiveehrextract-request.ehr-extract.demographic-extract.organisation.organisationName","receiveehrextract-request.ehr_extract.demographic_extract.organisation.organisationName","","","",1,1,"","","","string {[]} {[]}
","organisationName","organisationName Heter name i schemat.","","","","","","","","","",,,,,"",,,,"receiveehrextract-request.ehr_extract.demographic_extract.organisation.organisationName",1,1,"",""
"receiveehrextract-request","receiveehrextract-request.ehr-extract.demographic-extract.organisation.addr","receiveehrextract-request.ehr_extract.demographic_extract.organisation.addr","","","",0,*,"","","","Address {[]} {[]}
","addr","addr","","","","","","","","","",,,,,"",,,,"receiveehrextract-request.ehr_extract.demographic_extract.organisation.addr",0,*,"",""
"receiveehrextract-request","receiveehrextract-request.ehr-extract.demographic-extract.person","receiveehrextract-request.ehr_extract.demographic_extract.person","","","",0,1,"","","","BackboneElement {[]} {[]}
","person","Element som bara finns när instansen är av subtypen PERSON (xsi:type).","","","","","","","","","",,,,,"",,,,"receiveehrextract-request.ehr_extract.demographic_extract.person",0,1,"","ele-1:All FHIR elements must have a @value or children {hasValue() or (children().count() > id.count())}
"
"receiveehrextract-request","receiveehrextract-request.ehr-extract.demographic-extract.person.id","receiveehrextract-request.ehr_extract.demographic_extract.person.id","","","",0,1,"","","","string {[]} {[]}
","Unique id for inter-element referencing","Unique id for the element within a resource (for internal references). This may be any string value that does not contain spaces.","","","","","","","","","",,,,,"",,,,"Element.id",0,1,"",""
"receiveehrextract-request","receiveehrextract-request.ehr-extract.demographic-extract.person.extension","receiveehrextract-request.ehr_extract.demographic_extract.person.extension","","extensions
user content","",0,*,"","","","Extension {[]} {[]}
","Additional content defined by implementations","May be used to represent additional information that is not part of the basic definition of the element. To make the use of extensions safe and manageable, there is a strict set of governance  applied to the definition and use of extensions. Though any implementer can define an extension, there is a set of requirements that SHALL be met as part of the definition of the extension.","There can be no stigma associated with the use of extensions by any application, project, or standard - regardless of the institution or jurisdiction that uses or defines the extensions.  The use of extensions is what allows the FHIR specification to retain a core level of simplicity for everyone.","","","","","","","","",,,,,"","value:url}
","Extensions are always sliced by (at least) url",,"open","Element.extension",0,*,"","ele-1:All FHIR elements must have a @value or children {hasValue() or (children().count() > id.count())}
ext-1:Must have either extensions or value[x], not both {extension.exists() != value.exists()}"
"receiveehrextract-request","receiveehrextract-request.ehr-extract.demographic-extract.person.modifierExtension","receiveehrextract-request.ehr_extract.demographic_extract.person.modifierExtension","","extensions
user contentmodifiers","",0,*,"","Y","Y","Extension {[]} {[]}
","Extensions that cannot be ignored even if unrecognized","May be used to represent additional information that is not part of the basic definition of the element and that modifies the understanding of the element in which it is contained and/or the understanding of the containing element's descendants. Usually modifier elements provide negation or qualification. To make the use of extensions safe and manageable, there is a strict set of governance applied to the definition and use of extensions. Though any implementer can define an extension, there is a set of requirements that SHALL be met as part of the definition of the extension. Applications processing a resource are required to check for modifier extensions.

Modifier extensions SHALL NOT change the meaning of any elements on Resource or DomainResource (including cannot change the meaning of modifierExtension itself).","There can be no stigma associated with the use of extensions by any application, project, or standard - regardless of the institution or jurisdiction that uses or defines the extensions.  The use of extensions is what allows the FHIR specification to retain a core level of simplicity for everyone.","Modifier extensions allow for extensions that *cannot* be safely ignored to be clearly distinguished from the vast majority of extensions which can be safely ignored.  This promotes interoperability by eliminating the need for implementers to prohibit the presence of extensions. For further information, see the [definition of modifier extensions](http://hl7.org/fhir/R4/extensibility.html#modifierExtension).","","","","","","","",,,,,"",,,,"BackboneElement.modifierExtension",0,*,"","ele-1:All FHIR elements must have a @value or children {hasValue() or (children().count() > id.count())}
ext-1:Must have either extensions or value[x], not both {extension.exists() != value.exists()}"
"receiveehrextract-request","receiveehrextract-request.ehr-extract.demographic-extract.person.personName","receiveehrextract-request.ehr_extract.demographic_extract.person.personName","","","",0,*,"","","","HumanName {[]} {[]}
","personName","personName Heter name i schemat.","","","","","","","","","",,,,,"",,,,"receiveehrextract-request.ehr_extract.demographic_extract.person.personName",0,*,"",""
"receiveehrextract-request","receiveehrextract-request.ehr-extract.demographic-extract.person.addr","receiveehrextract-request.ehr_extract.demographic_extract.person.addr","","","",0,*,"","","","Address {[]} {[]}
","addr","addr","","","","","","","","","",,,,,"",,,,"receiveehrextract-request.ehr_extract.demographic_extract.person.addr",0,*,"",""
"receiveehrextract-request","receiveehrextract-request.parameters","receiveehrextract-request.parameters","","","",0,*,"","","","BackboneElement {[]} {[]}
","parameters","parameters","","","","","","","","","",,,,,"",,,,"receiveehrextract-request.parameters",0,*,"","ele-1:All FHIR elements must have a @value or children {hasValue() or (children().count() > id.count())}
"
"receiveehrextract-request","receiveehrextract-request.parameters.id","receiveehrextract-request.parameters.id","","","",0,1,"","","","string {[]} {[]}
","Unique id for inter-element referencing","Unique id for the element within a resource (for internal references). This may be any string value that does not contain spaces.","","","","","","","","","",,,,,"",,,,"Element.id",0,1,"",""
"receiveehrextract-request","receiveehrextract-request.parameters.extension","receiveehrextract-request.parameters.extension","","extensions
user content","",0,*,"","","","Extension {[]} {[]}
","Additional content defined by implementations","May be used to represent additional information that is not part of the basic definition of the element. To make the use of extensions safe and manageable, there is a strict set of governance  applied to the definition and use of extensions. Though any implementer can define an extension, there is a set of requirements that SHALL be met as part of the definition of the extension.","There can be no stigma associated with the use of extensions by any application, project, or standard - regardless of the institution or jurisdiction that uses or defines the extensions.  The use of extensions is what allows the FHIR specification to retain a core level of simplicity for everyone.","","","","","","","","",,,,,"","value:url}
","Extensions are always sliced by (at least) url",,"open","Element.extension",0,*,"","ele-1:All FHIR elements must have a @value or children {hasValue() or (children().count() > id.count())}
ext-1:Must have either extensions or value[x], not both {extension.exists() != value.exists()}"
"receiveehrextract-request","receiveehrextract-request.parameters.modifierExtension","receiveehrextract-request.parameters.modifierExtension","","extensions
user contentmodifiers","",0,*,"","Y","Y","Extension {[]} {[]}
","Extensions that cannot be ignored even if unrecognized","May be used to represent additional information that is not part of the basic definition of the element and that modifies the understanding of the element in which it is contained and/or the understanding of the containing element's descendants. Usually modifier elements provide negation or qualification. To make the use of extensions safe and manageable, there is a strict set of governance applied to the definition and use of extensions. Though any implementer can define an extension, there is a set of requirements that SHALL be met as part of the definition of the extension. Applications processing a resource are required to check for modifier extensions.

Modifier extensions SHALL NOT change the meaning of any elements on Resource or DomainResource (including cannot change the meaning of modifierExtension itself).","There can be no stigma associated with the use of extensions by any application, project, or standard - regardless of the institution or jurisdiction that uses or defines the extensions.  The use of extensions is what allows the FHIR specification to retain a core level of simplicity for everyone.","Modifier extensions allow for extensions that *cannot* be safely ignored to be clearly distinguished from the vast majority of extensions which can be safely ignored.  This promotes interoperability by eliminating the need for implementers to prohibit the presence of extensions. For further information, see the [definition of modifier extensions](http://hl7.org/fhir/R4/extensibility.html#modifierExtension).","","","","","","","",,,,,"",,,,"BackboneElement.modifierExtension",0,*,"","ele-1:All FHIR elements must have a @value or children {hasValue() or (children().count() > id.count())}
ext-1:Must have either extensions or value[x], not both {extension.exists() != value.exists()}"
"receiveehrextract-request","receiveehrextract-request.parameters.parameterCode","receiveehrextract-request.parameters.parameterCode","","","",0,1,"","","","CodeableConcept {[]} {[]}
","parameterCode","parameterCode Heter code i schemat.","","","","","","","","","",,,,,"",,,,"receiveehrextract-request.parameters.parameterCode",0,1,"",""
"receiveehrextract-request","receiveehrextract-request.parameters.parameterName","receiveehrextract-request.parameters.parameterName","","","",1,1,"","","","string {[]} {[]}
","parameterName","parameterName Heter name i schemat.","","","","","","","","","",,,,,"",,,,"receiveehrextract-request.parameters.parameterName",1,1,"",""
"receiveehrextract-request","receiveehrextract-request.parameters.parameterValue","receiveehrextract-request.parameters.parameterValue","","","",1,1,"","","","string {[]} {[]}
","parameterValue","parameterValue Heter value i schemat.","","","","","","","","","",,,,,"",,,,"receiveehrextract-request.parameters.parameterValue",1,1,"",""
"receiveehrextract","receiveehrextract","receiveehrextract","","","",0,*,"","","","null {[]} {[]}
","ReceiveEhrExtract — Response","Logisk modell för svaret i ReceiveEhrExtract
(urn:riv:ehr:patientsummary:ReceiveEhrExtractResponder:1, ReceiveEhrExtractResponseType).","","","","","","","","","",,,,,"",,,,"Base",0,*,"",""
"receiveehrextract","receiveehrextract.success","receiveehrextract.success","","","",1,1,"","","","boolean {[]} {[]}
","success","success","","","","","","","","","",,,,,"",,,,"receiveehrextract.success",1,1,"",""
"receiveehrextractstatus-request","receiveehrextractstatus-request","receiveehrextractstatus-request","","","",0,*,"","","","null {[]} {[]}
","ReceiveEhrExtractStatus — Request","Logisk modell för begäran i ReceiveEhrExtractStatus
(urn:riv:ehr:patientsummary:ReceiveEhrExtractInitiator:1, ReceiveEhrExtractStatusType), inklusive SOAP-huvuden enligt WSDL.","","","","","","","","","",,,,,"",,,,"Base",0,*,"",""
"receiveehrextractstatus-request","receiveehrextractstatus-request.logicalAddress","receiveehrextractstatus-request.logicalAddress","","","",1,1,"","","","string {[]} {[]}
","logicalAddress","SOAP-huvud LogicalAddress. the HSA-id of the service producer","","","","","","","","","",,,,,"",,,,"receiveehrextractstatus-request.logicalAddress",1,1,"",""
"receiveehrextractstatus-request","receiveehrextractstatus-request.parameters","receiveehrextractstatus-request.parameters","","","",0,*,"","","","BackboneElement {[]} {[]}
","parameters","parameters","","","","","","","","","",,,,,"",,,,"receiveehrextractstatus-request.parameters",0,*,"","ele-1:All FHIR elements must have a @value or children {hasValue() or (children().count() > id.count())}
"
"receiveehrextractstatus-request","receiveehrextractstatus-request.parameters.id","receiveehrextractstatus-request.parameters.id","","","",0,1,"","","","string {[]} {[]}
","Unique id for inter-element referencing","Unique id for the element within a resource (for internal references). This may be any string value that does not contain spaces.","","","","","","","","","",,,,,"",,,,"Element.id",0,1,"",""
"receiveehrextractstatus-request","receiveehrextractstatus-request.parameters.extension","receiveehrextractstatus-request.parameters.extension","","extensions
user content","",0,*,"","","","Extension {[]} {[]}
","Additional content defined by implementations","May be used to represent additional information that is not part of the basic definition of the element. To make the use of extensions safe and manageable, there is a strict set of governance  applied to the definition and use of extensions. Though any implementer can define an extension, there is a set of requirements that SHALL be met as part of the definition of the extension.","There can be no stigma associated with the use of extensions by any application, project, or standard - regardless of the institution or jurisdiction that uses or defines the extensions.  The use of extensions is what allows the FHIR specification to retain a core level of simplicity for everyone.","","","","","","","","",,,,,"","value:url}
","Extensions are always sliced by (at least) url",,"open","Element.extension",0,*,"","ele-1:All FHIR elements must have a @value or children {hasValue() or (children().count() > id.count())}
ext-1:Must have either extensions or value[x], not both {extension.exists() != value.exists()}"
"receiveehrextractstatus-request","receiveehrextractstatus-request.parameters.modifierExtension","receiveehrextractstatus-request.parameters.modifierExtension","","extensions
user contentmodifiers","",0,*,"","Y","Y","Extension {[]} {[]}
","Extensions that cannot be ignored even if unrecognized","May be used to represent additional information that is not part of the basic definition of the element and that modifies the understanding of the element in which it is contained and/or the understanding of the containing element's descendants. Usually modifier elements provide negation or qualification. To make the use of extensions safe and manageable, there is a strict set of governance applied to the definition and use of extensions. Though any implementer can define an extension, there is a set of requirements that SHALL be met as part of the definition of the extension. Applications processing a resource are required to check for modifier extensions.

Modifier extensions SHALL NOT change the meaning of any elements on Resource or DomainResource (including cannot change the meaning of modifierExtension itself).","There can be no stigma associated with the use of extensions by any application, project, or standard - regardless of the institution or jurisdiction that uses or defines the extensions.  The use of extensions is what allows the FHIR specification to retain a core level of simplicity for everyone.","Modifier extensions allow for extensions that *cannot* be safely ignored to be clearly distinguished from the vast majority of extensions which can be safely ignored.  This promotes interoperability by eliminating the need for implementers to prohibit the presence of extensions. For further information, see the [definition of modifier extensions](http://hl7.org/fhir/R4/extensibility.html#modifierExtension).","","","","","","","",,,,,"",,,,"BackboneElement.modifierExtension",0,*,"","ele-1:All FHIR elements must have a @value or children {hasValue() or (children().count() > id.count())}
ext-1:Must have either extensions or value[x], not both {extension.exists() != value.exists()}"
"receiveehrextractstatus-request","receiveehrextractstatus-request.parameters.parameterCode","receiveehrextractstatus-request.parameters.parameterCode","","","",0,1,"","","","CodeableConcept {[]} {[]}
","parameterCode","parameterCode Heter code i schemat.","","","","","","","","","",,,,,"",,,,"receiveehrextractstatus-request.parameters.parameterCode",0,1,"",""
"receiveehrextractstatus-request","receiveehrextractstatus-request.parameters.parameterName","receiveehrextractstatus-request.parameters.parameterName","","","",1,1,"","","","string {[]} {[]}
","parameterName","parameterName Heter name i schemat.","","","","","","","","","",,,,,"",,,,"receiveehrextractstatus-request.parameters.parameterName",1,1,"",""
"receiveehrextractstatus-request","receiveehrextractstatus-request.parameters.parameterValue","receiveehrextractstatus-request.parameters.parameterValue","","","",1,1,"","","","string {[]} {[]}
","parameterValue","parameterValue Heter value i schemat.","","","","","","","","","",,,,,"",,,,"receiveehrextractstatus-request.parameters.parameterValue",1,1,"",""
"receiveehrextractstatus-request","receiveehrextractstatus-request.response-detail","receiveehrextractstatus-request.response_detail","","","",0,*,"","","","BackboneElement {[]} {[]}
","response_detail","response_detail","","","","","","","","","",,,,,"",,,,"receiveehrextractstatus-request.response_detail",0,*,"","ele-1:All FHIR elements must have a @value or children {hasValue() or (children().count() > id.count())}
"
"receiveehrextractstatus-request","receiveehrextractstatus-request.response-detail.id","receiveehrextractstatus-request.response_detail.id","","","",0,1,"","","","string {[]} {[]}
","Unique id for inter-element referencing","Unique id for the element within a resource (for internal references). This may be any string value that does not contain spaces.","","","","","","","","","",,,,,"",,,,"Element.id",0,1,"",""
"receiveehrextractstatus-request","receiveehrextractstatus-request.response-detail.extension","receiveehrextractstatus-request.response_detail.extension","","extensions
user content","",0,*,"","","","Extension {[]} {[]}
","Additional content defined by implementations","May be used to represent additional information that is not part of the basic definition of the element. To make the use of extensions safe and manageable, there is a strict set of governance  applied to the definition and use of extensions. Though any implementer can define an extension, there is a set of requirements that SHALL be met as part of the definition of the extension.","There can be no stigma associated with the use of extensions by any application, project, or standard - regardless of the institution or jurisdiction that uses or defines the extensions.  The use of extensions is what allows the FHIR specification to retain a core level of simplicity for everyone.","","","","","","","","",,,,,"","value:url}
","Extensions are always sliced by (at least) url",,"open","Element.extension",0,*,"","ele-1:All FHIR elements must have a @value or children {hasValue() or (children().count() > id.count())}
ext-1:Must have either extensions or value[x], not both {extension.exists() != value.exists()}"
"receiveehrextractstatus-request","receiveehrextractstatus-request.response-detail.modifierExtension","receiveehrextractstatus-request.response_detail.modifierExtension","","extensions
user contentmodifiers","",0,*,"","Y","Y","Extension {[]} {[]}
","Extensions that cannot be ignored even if unrecognized","May be used to represent additional information that is not part of the basic definition of the element and that modifies the understanding of the element in which it is contained and/or the understanding of the containing element's descendants. Usually modifier elements provide negation or qualification. To make the use of extensions safe and manageable, there is a strict set of governance applied to the definition and use of extensions. Though any implementer can define an extension, there is a set of requirements that SHALL be met as part of the definition of the extension. Applications processing a resource are required to check for modifier extensions.

Modifier extensions SHALL NOT change the meaning of any elements on Resource or DomainResource (including cannot change the meaning of modifierExtension itself).","There can be no stigma associated with the use of extensions by any application, project, or standard - regardless of the institution or jurisdiction that uses or defines the extensions.  The use of extensions is what allows the FHIR specification to retain a core level of simplicity for everyone.","Modifier extensions allow for extensions that *cannot* be safely ignored to be clearly distinguished from the vast majority of extensions which can be safely ignored.  This promotes interoperability by eliminating the need for implementers to prohibit the presence of extensions. For further information, see the [definition of modifier extensions](http://hl7.org/fhir/R4/extensibility.html#modifierExtension).","","","","","","","",,,,,"",,,,"BackboneElement.modifierExtension",0,*,"","ele-1:All FHIR elements must have a @value or children {hasValue() or (children().count() > id.count())}
ext-1:Must have either extensions or value[x], not both {extension.exists() != value.exists()}"
"receiveehrextractstatus-request","receiveehrextractstatus-request.response-detail.responseDetailCode","receiveehrextractstatus-request.response_detail.responseDetailCode","","","",0,1,"","","","CodeableConcept {[]} {[]}
","responseDetailCode","responseDetailCode Heter code i schemat.","","","","","","","","","",,,,,"",,,,"receiveehrextractstatus-request.response_detail.responseDetailCode",0,1,"",""
"receiveehrextractstatus-request","receiveehrextractstatus-request.response-detail.responseDetailText","receiveehrextractstatus-request.response_detail.responseDetailText","","","",1,1,"","","","string {[]} {[]}
","responseDetailText","responseDetailText Heter text i schemat.","","","","","","","","","",,,,,"",,,,"receiveehrextractstatus-request.response_detail.responseDetailText",1,1,"",""
"receiveehrextractstatus-request","receiveehrextractstatus-request.response-detail.type-code","receiveehrextractstatus-request.response_detail.type_code","","","",0,1,"","","","code {[]} {[]}
","type_code","(XML-attribut.)","","","","","","","","","",,"required","","https://fhir.inera.se/ig/ehr-patientsummary/ValueSet/patientsummary-responsedetailtypecodes-vs","",,,,"receiveehrextractstatus-request.response_detail.type_code",0,1,"",""
"receiveehrextractstatus","receiveehrextractstatus","receiveehrextractstatus","","","",0,*,"","","","null {[]} {[]}
","ReceiveEhrExtractStatus — Response","Logisk modell för svaret i ReceiveEhrExtractStatus
(urn:riv:ehr:patientsummary:ReceiveEhrExtractInitiator:1, ReceiveEhrExtractStatusResponseType).","","","","","","","","","",,,,,"",,,,"Base",0,*,"",""
"receiveehrextractstatus","receiveehrextractstatus.success","receiveehrextractstatus.success","","","",1,1,"","","","boolean {[]} {[]}
","success","success","","","","","","","","","",,,,,"",,,,"receiveehrextractstatus.success",1,1,"",""
